--
-- PostgreSQL database dump
--

SET statement_timeout = 0;
SET lock_timeout = 0;
SET client_encoding = 'UTF8';
SET standard_conforming_strings = on;
SET check_function_bodies = false;
SET client_min_messages = warning;

SET search_path = public, pg_catalog;

DROP INDEX public.signersaccount;
DROP INDEX public.sellingissuerindex;
DROP INDEX public.priceindex;
DROP INDEX public.ledgersbyseq;
DROP INDEX public.histfeebyseq;
DROP INDEX public.histbyseq;
DROP INDEX public.buyingissuerindex;
DROP INDEX public.accountlines;
DROP INDEX public.accountbalances;
ALTER TABLE ONLY public.txhistory DROP CONSTRAINT txhistory_pkey;
ALTER TABLE ONLY public.txfeehistory DROP CONSTRAINT txfeehistory_pkey;
ALTER TABLE ONLY public.trustlines DROP CONSTRAINT trustlines_pkey;
ALTER TABLE ONLY public.storestate DROP CONSTRAINT storestate_pkey;
ALTER TABLE ONLY public.signers DROP CONSTRAINT signers_pkey;
ALTER TABLE ONLY public.pubsub DROP CONSTRAINT pubsub_pkey;
ALTER TABLE ONLY public.peers DROP CONSTRAINT peers_pkey;
ALTER TABLE ONLY public.offers DROP CONSTRAINT offers_pkey;
ALTER TABLE ONLY public.ledgerheaders DROP CONSTRAINT ledgerheaders_pkey;
ALTER TABLE ONLY public.ledgerheaders DROP CONSTRAINT ledgerheaders_ledgerseq_key;
ALTER TABLE ONLY public.accounts DROP CONSTRAINT accounts_pkey;
DROP TABLE public.txhistory;
DROP TABLE public.txfeehistory;
DROP TABLE public.trustlines;
DROP TABLE public.storestate;
DROP TABLE public.signers;
DROP TABLE public.pubsub;
DROP TABLE public.peers;
DROP TABLE public.offers;
DROP TABLE public.ledgerheaders;
DROP TABLE public.accounts;
DROP EXTENSION plpgsql;
DROP SCHEMA public;
--
-- Name: public; Type: SCHEMA; Schema: -; Owner: -
--

CREATE SCHEMA public;


--
-- Name: SCHEMA public; Type: COMMENT; Schema: -; Owner: -
--

COMMENT ON SCHEMA public IS 'standard public schema';


--
-- Name: plpgsql; Type: EXTENSION; Schema: -; Owner: -
--

CREATE EXTENSION IF NOT EXISTS plpgsql WITH SCHEMA pg_catalog;


--
-- Name: EXTENSION plpgsql; Type: COMMENT; Schema: -; Owner: -
--

COMMENT ON EXTENSION plpgsql IS 'PL/pgSQL procedural language';


SET search_path = public, pg_catalog;

SET default_tablespace = '';

SET default_with_oids = false;

--
-- Name: accounts; Type: TABLE; Schema: public; Owner: -; Tablespace: 
--

CREATE TABLE accounts (
    accountid character varying(56) NOT NULL,
    balance bigint NOT NULL,
    seqnum bigint NOT NULL,
    numsubentries integer NOT NULL,
    inflationdest character varying(56),
    homedomain character varying(32) NOT NULL,
    thresholds text NOT NULL,
    flags integer NOT NULL,
    lastmodified integer NOT NULL,
    CONSTRAINT accounts_balance_check CHECK ((balance >= 0)),
    CONSTRAINT accounts_numsubentries_check CHECK ((numsubentries >= 0))
);


--
-- Name: ledgerheaders; Type: TABLE; Schema: public; Owner: -; Tablespace: 
--

CREATE TABLE ledgerheaders (
    ledgerhash character(64) NOT NULL,
    prevhash character(64) NOT NULL,
    bucketlisthash character(64) NOT NULL,
    ledgerseq integer,
    closetime bigint NOT NULL,
    data text NOT NULL,
    CONSTRAINT ledgerheaders_closetime_check CHECK ((closetime >= 0)),
    CONSTRAINT ledgerheaders_ledgerseq_check CHECK ((ledgerseq >= 0))
);


--
-- Name: offers; Type: TABLE; Schema: public; Owner: -; Tablespace: 
--

CREATE TABLE offers (
    sellerid character varying(56) NOT NULL,
    offerid bigint NOT NULL,
    sellingassettype integer NOT NULL,
    sellingassetcode character varying(12),
    sellingissuer character varying(56),
    buyingassettype integer NOT NULL,
    buyingassetcode character varying(12),
    buyingissuer character varying(56),
    amount bigint NOT NULL,
    pricen integer NOT NULL,
    priced integer NOT NULL,
    price double precision NOT NULL,
    flags integer NOT NULL,
    lastmodified integer NOT NULL,
    CONSTRAINT offers_amount_check CHECK ((amount >= 0)),
    CONSTRAINT offers_offerid_check CHECK ((offerid >= 0))
);


--
-- Name: peers; Type: TABLE; Schema: public; Owner: -; Tablespace: 
--

CREATE TABLE peers (
    ip character varying(15) NOT NULL,
    port integer DEFAULT 0 NOT NULL,
    nextattempt timestamp without time zone NOT NULL,
    numfailures integer DEFAULT 0 NOT NULL,
    CONSTRAINT peers_numfailures_check CHECK ((numfailures >= 0)),
    CONSTRAINT peers_port_check CHECK (((port > 0) AND (port <= 65535)))
);


--
-- Name: pubsub; Type: TABLE; Schema: public; Owner: -; Tablespace: 
--

CREATE TABLE pubsub (
    resid character(32) NOT NULL,
    lastread integer
);


--
-- Name: signers; Type: TABLE; Schema: public; Owner: -; Tablespace: 
--

CREATE TABLE signers (
    accountid character varying(56) NOT NULL,
    publickey character varying(56) NOT NULL,
    weight integer NOT NULL
);


--
-- Name: storestate; Type: TABLE; Schema: public; Owner: -; Tablespace: 
--

CREATE TABLE storestate (
    statename character(32) NOT NULL,
    state text
);


--
-- Name: trustlines; Type: TABLE; Schema: public; Owner: -; Tablespace: 
--

CREATE TABLE trustlines (
    accountid character varying(56) NOT NULL,
    assettype integer NOT NULL,
    issuer character varying(56) NOT NULL,
    assetcode character varying(12) NOT NULL,
    tlimit bigint DEFAULT 0 NOT NULL,
    balance bigint DEFAULT 0 NOT NULL,
    flags integer NOT NULL,
    lastmodified integer NOT NULL,
    CONSTRAINT trustlines_balance_check CHECK ((balance >= 0)),
    CONSTRAINT trustlines_tlimit_check CHECK ((tlimit >= 0))
);


--
-- Name: txfeehistory; Type: TABLE; Schema: public; Owner: -; Tablespace: 
--

CREATE TABLE txfeehistory (
    txid character(64) NOT NULL,
    ledgerseq integer NOT NULL,
    txindex integer NOT NULL,
    txchanges text NOT NULL,
    CONSTRAINT txfeehistory_ledgerseq_check CHECK ((ledgerseq >= 0))
);


--
-- Name: txhistory; Type: TABLE; Schema: public; Owner: -; Tablespace: 
--

CREATE TABLE txhistory (
    txid character(64) NOT NULL,
    ledgerseq integer NOT NULL,
    txindex integer NOT NULL,
    txbody text NOT NULL,
    txresult text NOT NULL,
    txmeta text NOT NULL,
    CONSTRAINT txhistory_ledgerseq_check CHECK ((ledgerseq >= 0))
);


--
-- Data for Name: accounts; Type: TABLE DATA; Schema: public; Owner: -
--

COPY accounts (accountid, balance, seqnum, numsubentries, inflationdest, homedomain, thresholds, flags, lastmodified) FROM stdin;
GBRPYHIL2CI3FNQ4BXLFMNDLFJUNPU2HY3ZMFSHONUCEOASW7QC7OX2H	99999969999999970	3	0	\N		AQAAAA==	0	2
GCXKG6RN4ONIEPCMNFB732A436Z5PNDSRLGWK7GBLCMQLIFO4S7EYWVU	9999999990	8589934593	1	\N		AQAAAA==	0	4
GBXGQJWVLWOYHFLVTKWV5FGHA3LNYY2JQKM7OAJAUEQFU6LPCSEFVXON	9999999990	8589934593	1	\N		AQAAAA==	0	5
GC23QF2HUE52AMXUFUH3AYJAXXGXXV2VHXYYR6EYXETPKDXZSAW67XO4	9999999950	8589934597	0	\N		AQAAAA==	3	8
\.


--
-- Data for Name: ledgerheaders; Type: TABLE DATA; Schema: public; Owner: -
--

COPY ledgerheaders (ledgerhash, prevhash, bucketlisthash, ledgerseq, closetime, data) FROM stdin;
5ade5048fb66795219cbb45a55bf5e2710f739610d10e6875bf7f85d85900669	0000000000000000000000000000000000000000000000000000000000000000	759f642a94be58e4118ef79bd7f343832a82db2fc4f98f41ee7d22b61df716ed	1	0	AAAAAAAAAAAAAAAAAAAAAAAAAAAAAAAAAAAAAAAAAAAAAAAAAAAAAAAAAAAAAAAAAAAAAAAAAAAAAAAAAAAAAAAAAAAAAAAAAAAAAAAAAAAAAAAAAAAAAAAAAAAAAAAAAAAAAAAAAAAAAAAAAAAAAAAAAAB1n2QqlL5Y5BGO95vX80ODKoLbL8T5j0HufSK2HfcW7QAAAAEBY0V4XYoAAAAAAAAAAAAAAAAAAAAAAAAAAAAAAAAACgCYloAAAAAAAAAAAAAAAAAAAAAAAAAAAAAAAAAAAAAAAAAAAAAAAAAAAAAAAAAAAAAAAAAAAAAAAAAAAAAAAAAAAAAAAAAAAAAAAAAAAAAAAAAAAAAAAAAAAAAAAAAAAAAAAAAAAAAAAAAAAAAAAAAAAAAAAAAAAAAAAAAAAAAAAAAAAAAAAAA=
557017efdda43d9253d39c3ae7f925e59dc133b356eb19d37550da4ea76be9f9	5ade5048fb66795219cbb45a55bf5e2710f739610d10e6875bf7f85d85900669	8816bc9421463b3e09533b859eca91b52875c84555b1afb9d5548b68e5a868f3	2	1442522470	AAAAAVreUEj7ZnlSGcu0WlW/XicQ9zlhDRDmh1v3+F2FkAZpzCXQyBqKG1St9s9GI2uTDjV+xatlLzHpKhADCRW532IAAAAAVfslZgAAAAEAAAAIAAAAAQAAAAEAAAAAkUfjgjPThVgsHCN+G0Sf3g+YmAQOX5Tthw9xvjaPNmuIFryUIUY7PglTO4WeypG1KHXIRVWxr7nVVIto5aho8wAAAAIBY0V4XYoAAAAAAAAAAAAeAAAAAAAAAAAAAAAAAAAACgCYloAAAAAAAAAAAAAAAAAAAAAAAAAAAAAAAAAAAAAAAAAAAAAAAAAAAAAAAAAAAAAAAAAAAAAAAAAAAAAAAAAAAAAAAAAAAAAAAAAAAAAAAAAAAAAAAAAAAAAAAAAAAAAAAAAAAAAAAAAAAAAAAAAAAAAAAAAAAAAAAAAAAAAAAAAAAAAAAAA=
a0a424946e041da8a73485ce332cd27fe5bf7081c0300d70332007444ab3ebb2	557017efdda43d9253d39c3ae7f925e59dc133b356eb19d37550da4ea76be9f9	75102a538dc9e7ad33a51db0c186c734f81520ce40c39031926a03baac9412d0	3	1442522471	AAAAAVVwF+/dpD2SU9OcOuf5JeWdwTOzVusZ03VQ2k6na+n5sm44wWhqqFRztcZ4b8XdiVjjhnNE2+cbgnhxRRdbn30AAAAAVfslZwAAAAAAAAAApD7gsR4GOCKulb5ZsTL7BD9ROc3q551jOoQZZdq0JiB1ECpTjcnnrTOlHbDBhsc0+BUgzkDDkDGSagO6rJQS0AAAAAMBY0V4XYoAAAAAAAAAAAAyAAAAAAAAAAAAAAAAAAAACgCYloAAAAAAAAAAAAAAAAAAAAAAAAAAAAAAAAAAAAAAAAAAAAAAAAAAAAAAAAAAAAAAAAAAAAAAAAAAAAAAAAAAAAAAAAAAAAAAAAAAAAAAAAAAAAAAAAAAAAAAAAAAAAAAAAAAAAAAAAAAAAAAAAAAAAAAAAAAAAAAAAAAAAAAAAAAAAAAAAA=
ab160cf7b2588eb636dfa6cfa5445cfbe7ec92eddbf3ab57a8575d3e7ebb0ced	a0a424946e041da8a73485ce332cd27fe5bf7081c0300d70332007444ab3ebb2	6b266be8580b04bc5cb14491c1e08c0e80d89397398f0f669f3637731982eb11	4	1442522472	AAAAAaCkJJRuBB2opzSFzjMs0n/lv3CBwDANcDMgB0RKs+uy7R69qPJlU752laI6I9gFTMi+Zlc+Ui9QGuwwUOyJaUgAAAAAVfslaAAAAAAAAAAALmU6GoxhCKiNQmzl1ANaNYXxTXxiL9BUJ4Qn/ox5B21rJmvoWAsEvFyxRJHB4IwOgNiTlzmPD2afNjdzGYLrEQAAAAQBY0V4XYoAAAAAAAAAAAA8AAAAAAAAAAAAAAAAAAAACgCYloAAAAAAAAAAAAAAAAAAAAAAAAAAAAAAAAAAAAAAAAAAAAAAAAAAAAAAAAAAAAAAAAAAAAAAAAAAAAAAAAAAAAAAAAAAAAAAAAAAAAAAAAAAAAAAAAAAAAAAAAAAAAAAAAAAAAAAAAAAAAAAAAAAAAAAAAAAAAAAAAAAAAAAAAAAAAAAAAA=
19036cfe9f32bf2882f58ea6f32f91ee760bdf2f4d464c534ad523a4b57f2698	ab160cf7b2588eb636dfa6cfa5445cfbe7ec92eddbf3ab57a8575d3e7ebb0ced	f44123b80281ebc5c67967573349a3b39e8d01d66224ea388ae111c2b081e410	5	1442522473	AAAAAasWDPeyWI62Nt+mz6VEXPvn7JLt2/OrV6hXXT5+uwzt98ERR7n+UKxdA6YMZQYO9ihLzaNiugAOXnET7fpo6gcAAAAAVfslaQAAAAAAAAAAJTL7wDJkoIontnsDueRInuSkHVM6viRitC6mGzXTJKb0QSO4AoHrxcZ5Z1czSaOzno0B1mIk6jiK4RHCsIHkEAAAAAUBY0V4XYoAAAAAAAAAAABGAAAAAAAAAAAAAAAAAAAACgCYloAAAAAAAAAAAAAAAAAAAAAAAAAAAAAAAAAAAAAAAAAAAAAAAAAAAAAAAAAAAAAAAAAAAAAAAAAAAAAAAAAAAAAAAAAAAAAAAAAAAAAAAAAAAAAAAAAAAAAAAAAAAAAAAAAAAAAAAAAAAAAAAAAAAAAAAAAAAAAAAAAAAAAAAAAAAAAAAAA=
5ba980b967fa7cc6054c1c10afa64c0647636e08ca6759ff05c7336a22609ebe	19036cfe9f32bf2882f58ea6f32f91ee760bdf2f4d464c534ad523a4b57f2698	fa5708f44d7b1f41fab8efc577db212c7bc2d6efc004268f8d2a8fe617ff95b3	6	1442522474	AAAAARkDbP6fMr8ogvWOpvMvke52C98vTUZMU0rVI6S1fyaYhnJHbzPmwwTf0O+Ze9xwiQ0xm1jgeGNQ0eg2V0szblMAAAAAVfslagAAAAAAAAAAbD8hWlyFiVYnyVqB2fNmcdE5HQga/OeMp9Wu0qIb/GH6Vwj0TXsfQfq478V32yEse8LW78AEJo+NKo/mF/+VswAAAAYBY0V4XYoAAAAAAAAAAABQAAAAAAAAAAAAAAAAAAAACgCYloAAAAAAAAAAAAAAAAAAAAAAAAAAAAAAAAAAAAAAAAAAAAAAAAAAAAAAAAAAAAAAAAAAAAAAAAAAAAAAAAAAAAAAAAAAAAAAAAAAAAAAAAAAAAAAAAAAAAAAAAAAAAAAAAAAAAAAAAAAAAAAAAAAAAAAAAAAAAAAAAAAAAAAAAAAAAAAAAA=
66b87de60544c32d3d081bd86effc65527b240ebd3d494c396d71bf374703577	5ba980b967fa7cc6054c1c10afa64c0647636e08ca6759ff05c7336a22609ebe	ca1ea041fd0d033d24f7ce451a9557e842e860d2c1b000eef46bd81fb49273e9	7	1442522475	AAAAAVupgLln+nzGBUwcEK+mTAZHY24IymdZ/wXHM2oiYJ6+XmZvCdvsUtyFEGum/4W2a2dd6+4U2wkz7nxnrpFUTpYAAAAAVfslawAAAAAAAAAA+YaVb+plobJk3B/lbmSfPEbmQmHK4fGoOYgIPOpZznjKHqBB/Q0DPST3zkUalVfoQuhg0sGwAO70a9gftJJz6QAAAAcBY0V4XYoAAAAAAAAAAABaAAAAAAAAAAAAAAAAAAAACgCYloAAAAAAAAAAAAAAAAAAAAAAAAAAAAAAAAAAAAAAAAAAAAAAAAAAAAAAAAAAAAAAAAAAAAAAAAAAAAAAAAAAAAAAAAAAAAAAAAAAAAAAAAAAAAAAAAAAAAAAAAAAAAAAAAAAAAAAAAAAAAAAAAAAAAAAAAAAAAAAAAAAAAAAAAAAAAAAAAA=
424a6d1976ee71821336eef7bc66fd5c93797ce62847b19bc9736db305a244f0	66b87de60544c32d3d081bd86effc65527b240ebd3d494c396d71bf374703577	ab5b98c5268010cbdbcc4a684f191b877fd35cea216a50dec8e519a8bfd00160	8	1442522476	AAAAAWa4feYFRMMtPQgb2G7/xlUnskDr09SUw5bXG/N0cDV3Z/+ftmvo9jQqZZZpYT6fYoPUY/FcFljfya0Oycq9QqgAAAAAVfslbAAAAAAAAAAA+kYr9lqaWMJwRQN+3c/F0dyR/cUBTNDoEvojQFzBeTSrW5jFJoAQy9vMSmhPGRuHf9Nc6iFqUN7I5Rmov9ABYAAAAAgBY0V4XYoAAAAAAAAAAABkAAAAAAAAAAAAAAAAAAAACgCYloAAAAAAAAAAAAAAAAAAAAAAAAAAAAAAAAAAAAAAAAAAAAAAAAAAAAAAAAAAAAAAAAAAAAAAAAAAAAAAAAAAAAAAAAAAAAAAAAAAAAAAAAAAAAAAAAAAAAAAAAAAAAAAAAAAAAAAAAAAAAAAAAAAAAAAAAAAAAAAAAAAAAAAAAAAAAAAAAA=
ac511561632119feec18a232ab2b14337df28da1f5ea9cf42fa962e43b8c66f0	424a6d1976ee71821336eef7bc66fd5c93797ce62847b19bc9736db305a244f0	ab5b98c5268010cbdbcc4a684f191b877fd35cea216a50dec8e519a8bfd00160	9	1442522477	AAAAAUJKbRl27nGCEzbu97xm/VyTeXzmKEexm8lzbbMFokTwI2EWSNgX5Nl3h2vO2oXZBLQfRwThEe1TgK7OL4UyNfEAAAAAVfslbQAAAAAAAAAA3z9hmASpL9tAVxktxD3XSOp3itxSvEmM6AUkwBS4ERmrW5jFJoAQy9vMSmhPGRuHf9Nc6iFqUN7I5Rmov9ABYAAAAAkBY0V4XYoAAAAAAAAAAABkAAAAAAAAAAAAAAAAAAAACgCYloAAAAAAAAAAAAAAAAAAAAAAAAAAAAAAAAAAAAAAAAAAAAAAAAAAAAAAAAAAAAAAAAAAAAAAAAAAAAAAAAAAAAAAAAAAAAAAAAAAAAAAAAAAAAAAAAAAAAAAAAAAAAAAAAAAAAAAAAAAAAAAAAAAAAAAAAAAAAAAAAAAAAAAAAAAAAAAAAA=
\.


--
-- Data for Name: offers; Type: TABLE DATA; Schema: public; Owner: -
--

COPY offers (sellerid, offerid, sellingassettype, sellingassetcode, sellingissuer, buyingassettype, buyingassetcode, buyingissuer, amount, pricen, priced, price, flags, lastmodified) FROM stdin;
\.


--
-- Data for Name: peers; Type: TABLE DATA; Schema: public; Owner: -
--

COPY peers (ip, port, nextattempt, numfailures) FROM stdin;
\.


--
-- Data for Name: pubsub; Type: TABLE DATA; Schema: public; Owner: -
--

COPY pubsub (resid, lastread) FROM stdin;
\.


--
-- Data for Name: signers; Type: TABLE DATA; Schema: public; Owner: -
--

COPY signers (accountid, publickey, weight) FROM stdin;
\.


--
-- Data for Name: storestate; Type: TABLE DATA; Schema: public; Owner: -
--

COPY storestate (statename, state) FROM stdin;
databaseinitialized             	true
forcescponnextlaunch            	false
lastclosedledger                	ac511561632119feec18a232ab2b14337df28da1f5ea9cf42fa962e43b8c66f0
historyarchivestate             	{\n    "version": 1,\n    "server": "85472c7",\n    "currentLedger": 9,\n    "currentBuckets": [\n        {\n            "curr": "1f484d67887c7c01f5e3e1acac12b09006bd6573e9bd088f1bf64533cdfe3780",\n            "next": {\n                "state": 0\n            },\n            "snap": "6d17155a4311788c4919995adb5334b233be5a8be9e721a4dc28209bf3b5032e"\n        },\n        {\n            "curr": "0b25f8621e22bf9f1a09851a9b8cd740e57d0f2bbc63dcb462b1e3a8e49c41c8",\n            "next": {\n                "state": 1,\n                "output": "0925d52c6c5eeb09f1c3e2c026875046032e99a7c839f96913f2f9278afe8c9e"\n            },\n            "snap": "9757647b514b2fd215d30ae343fc8f50df7159a1654ee866b34e02c3ceeaf29a"\n        },\n        {\n            "curr": "0000000000000000000000000000000000000000000000000000000000000000",\n            "next": {\n                "state": 1,\n                "output": "4c794dda40fba043464d8bf0b89214af3e2ed9d265f27a4cf8c5059cc03e4200"\n            },\n            "snap": "0000000000000000000000000000000000000000000000000000000000000000"\n        },\n        {\n            "curr": "0000000000000000000000000000000000000000000000000000000000000000",\n            "next": {\n                "state": 0\n            },\n            "snap": "0000000000000000000000000000000000000000000000000000000000000000"\n        },\n        {\n            "curr": "0000000000000000000000000000000000000000000000000000000000000000",\n            "next": {\n                "state": 0\n            },\n            "snap": "0000000000000000000000000000000000000000000000000000000000000000"\n        },\n        {\n            "curr": "0000000000000000000000000000000000000000000000000000000000000000",\n            "next": {\n                "state": 0\n            },\n            "snap": "0000000000000000000000000000000000000000000000000000000000000000"\n        },\n        {\n            "curr": "0000000000000000000000000000000000000000000000000000000000000000",\n            "next": {\n                "state": 0\n            },\n            "snap": "0000000000000000000000000000000000000000000000000000000000000000"\n        },\n        {\n            "curr": "0000000000000000000000000000000000000000000000000000000000000000",\n            "next": {\n                "state": 0\n            },\n            "snap": "0000000000000000000000000000000000000000000000000000000000000000"\n        },\n        {\n            "curr": "0000000000000000000000000000000000000000000000000000000000000000",\n            "next": {\n                "state": 0\n            },\n            "snap": "0000000000000000000000000000000000000000000000000000000000000000"\n        },\n        {\n            "curr": "0000000000000000000000000000000000000000000000000000000000000000",\n            "next": {\n                "state": 0\n            },\n            "snap": "0000000000000000000000000000000000000000000000000000000000000000"\n        },\n        {\n            "curr": "0000000000000000000000000000000000000000000000000000000000000000",\n            "next": {\n                "state": 0\n            },\n            "snap": "0000000000000000000000000000000000000000000000000000000000000000"\n        }\n    ]\n}
\.


--
-- Data for Name: trustlines; Type: TABLE DATA; Schema: public; Owner: -
--

COPY trustlines (accountid, assettype, issuer, assetcode, tlimit, balance, flags, lastmodified) FROM stdin;
GCXKG6RN4ONIEPCMNFB732A436Z5PNDSRLGWK7GBLCMQLIFO4S7EYWVU	1	GC23QF2HUE52AMXUFUH3AYJAXXGXXV2VHXYYR6EYXETPKDXZSAW67XO4	USD	9223372036854775807	0	1	6
GBXGQJWVLWOYHFLVTKWV5FGHA3LNYY2JQKM7OAJAUEQFU6LPCSEFVXON	1	GC23QF2HUE52AMXUFUH3AYJAXXGXXV2VHXYYR6EYXETPKDXZSAW67XO4	USD	40000000000	0	0	8
\.


--
-- Data for Name: txfeehistory; Type: TABLE DATA; Schema: public; Owner: -
--

COPY txfeehistory (txid, ledgerseq, txindex, txchanges) FROM stdin;
613cf1045ea75a142e4d289d73ad8d72cd919a0b955ed056793f9c97cb676eb7	2	1	AAAAAQAAAAEAAAACAAAAAAAAAABi/B0L0JGythwN1lY0aypo19NHxvLCyO5tBEcCVvwF9wFjRXhdif/2AAAAAAAAAAEAAAAAAAAAAAAAAAAAAAAAAQAAAAAAAAAAAAAAAAAAAA==
f9a81883373ad48a8a00e347e97e0afc8d6bb8cb4adf1633293821aca0f355cf	2	2	AAAAAQAAAAEAAAACAAAAAAAAAABi/B0L0JGythwN1lY0aypo19NHxvLCyO5tBEcCVvwF9wFjRXhdif/sAAAAAAAAAAIAAAAAAAAAAAAAAAAAAAAAAQAAAAAAAAAAAAAAAAAAAA==
be40509b657bfe22db933a60fb3c8e23159e8a5a7686e5aee08f506c686f4403	2	3	AAAAAQAAAAEAAAACAAAAAAAAAABi/B0L0JGythwN1lY0aypo19NHxvLCyO5tBEcCVvwF9wFjRXhdif/iAAAAAAAAAAMAAAAAAAAAAAAAAAAAAAAAAQAAAAAAAAAAAAAAAAAAAA==
65230af66d974eeaa7f30c8da0febcd8956ffa4e01a72ec4a000e0cfb24de1a8	3	1	AAAAAQAAAAEAAAADAAAAAAAAAAC1uBdHoTugMvQtD7BhIL3Ne9dVPfGI+Ji5JvUO+ZAt7wAAAAJUC+P2AAAAAgAAAAEAAAAAAAAAAAAAAAAAAAAAAQAAAAAAAAAAAAAAAAAAAA==
39de3f1a19521ac137fb2668107aa7807e31fa8debfd60728a1d3f6a6ef169f2	3	2	AAAAAQAAAAEAAAADAAAAAAAAAAC1uBdHoTugMvQtD7BhIL3Ne9dVPfGI+Ji5JvUO+ZAt7wAAAAJUC+PsAAAAAgAAAAIAAAAAAAAAAAAAAAAAAAAAAQAAAAAAAAAAAAAAAAAAAA==
a8db03f213fe5ebd47f5e3b86923a384212405ad406dfb3499f5aa3e56862256	4	1	AAAAAQAAAAEAAAAEAAAAAAAAAACuo3ot45qCPExpQ/3oHN+z17Ryis1lfMFYmQWgruS+TAAAAAJUC+P2AAAAAgAAAAEAAAAAAAAAAAAAAAAAAAAAAQAAAAAAAAAAAAAAAAAAAA==
bec355272b3f8de1afb8a9ef1e655f98e6e8b1ab487bf7fb08e2511113b24121	5	1	AAAAAQAAAAEAAAAFAAAAAAAAAABuaCbVXZ2DlXWarV6UxwbW3GNJgpn3ASChIFp5bxSIWgAAAAJUC+P2AAAAAgAAAAEAAAAAAAAAAAAAAAAAAAAAAQAAAAAAAAAAAAAAAAAAAA==
1b27ce36bca21a8f4c663815aa9e8e9f907ecd24dc5c3e12078e372e24ecee0f	6	1	AAAAAQAAAAEAAAAGAAAAAAAAAAC1uBdHoTugMvQtD7BhIL3Ne9dVPfGI+Ji5JvUO+ZAt7wAAAAJUC+PiAAAAAgAAAAMAAAAAAAAAAAAAAAMAAAAAAQAAAAAAAAAAAAAAAAAAAA==
9fbc1005dbff7ee9e60f8573045fde964274d3471fb17b2897962c8e393f17a6	7	1	AAAAAQAAAAEAAAAHAAAAAAAAAAC1uBdHoTugMvQtD7BhIL3Ne9dVPfGI+Ji5JvUO+ZAt7wAAAAJUC+PYAAAAAgAAAAQAAAAAAAAAAAAAAAMAAAAAAQAAAAAAAAAAAAAAAAAAAA==
54577e9e0b548592656d547c210a5b340e78ed991bfb5f780be0367c3f3e10bd	8	1	AAAAAQAAAAEAAAAIAAAAAAAAAAC1uBdHoTugMvQtD7BhIL3Ne9dVPfGI+Ji5JvUO+ZAt7wAAAAJUC+POAAAAAgAAAAUAAAAAAAAAAAAAAAMAAAAAAQAAAAAAAAAAAAAAAAAAAA==
\.


--
-- Data for Name: txhistory; Type: TABLE DATA; Schema: public; Owner: -
--

COPY txhistory (txid, ledgerseq, txindex, txbody, txresult, txmeta) FROM stdin;
613cf1045ea75a142e4d289d73ad8d72cd919a0b955ed056793f9c97cb676eb7	2	1	AAAAAGL8HQvQkbK2HA3WVjRrKmjX00fG8sLI7m0ERwJW/AX3AAAACgAAAAAAAAABAAAAAAAAAAAAAAABAAAAAAAAAAAAAAAAtbgXR6E7oDL0LQ+wYSC9zXvXVT3xiPiYuSb1DvmQLe8AAAACVAvkAAAAAAAAAAABVvwF9wAAAEBjfZBNlq8+84b7VgwIqfTWE4GMBs3CQV4+BkD6y9dYOXfo4nRst1WiLiffiEgYHl/flmY+aZP7rKozDZ4adfUP	YTzxBF6nWhQuTSidc62Ncs2RmguVXtBWeT+cl8tnbrcAAAAAAAAACgAAAAAAAAABAAAAAAAAAAAAAAAAAAAAAA==	AAAAAAAAAAEAAAACAAAAAAAAAAIAAAAAAAAAALW4F0ehO6Ay9C0PsGEgvc1711U98Yj4mLkm9Q75kC3vAAAAAlQL5AAAAAACAAAAAAAAAAAAAAAAAAAAAAAAAAABAAAAAAAAAAAAAAAAAAAAAAAAAQAAAAIAAAAAAAAAAGL8HQvQkbK2HA3WVjRrKmjX00fG8sLI7m0ERwJW/AX3AWNFdgl+G+IAAAAAAAAAAwAAAAAAAAAAAAAAAAAAAAABAAAAAAAAAAAAAAAAAAAA
f9a81883373ad48a8a00e347e97e0afc8d6bb8cb4adf1633293821aca0f355cf	2	2	AAAAAGL8HQvQkbK2HA3WVjRrKmjX00fG8sLI7m0ERwJW/AX3AAAACgAAAAAAAAACAAAAAAAAAAAAAAABAAAAAAAAAAAAAAAArqN6LeOagjxMaUP96Bzfs9e0corNZXzBWJkFoK7kvkwAAAACVAvkAAAAAAAAAAABVvwF9wAAAEC4725QQI1lrOTP0xA4xZL7VQRZYxrTLIM/YHQ1QOBa0+s6oBFdpWlks8IgzlulnvTQ84uekpsFScUwJaR9J30L	+agYgzc61IqKAONH6X4K/I1ruMtK3xYzKTghrKDzVc8AAAAAAAAACgAAAAAAAAABAAAAAAAAAAAAAAAAAAAAAA==	AAAAAAAAAAEAAAACAAAAAAAAAAIAAAAAAAAAAK6jei3jmoI8TGlD/egc37PXtHKKzWV8wViZBaCu5L5MAAAAAlQL5AAAAAACAAAAAAAAAAAAAAAAAAAAAAAAAAABAAAAAAAAAAAAAAAAAAAAAAAAAQAAAAIAAAAAAAAAAGL8HQvQkbK2HA3WVjRrKmjX00fG8sLI7m0ERwJW/AX3AWNFc7VyN+IAAAAAAAAAAwAAAAAAAAAAAAAAAAAAAAABAAAAAAAAAAAAAAAAAAAA
be40509b657bfe22db933a60fb3c8e23159e8a5a7686e5aee08f506c686f4403	2	3	AAAAAGL8HQvQkbK2HA3WVjRrKmjX00fG8sLI7m0ERwJW/AX3AAAACgAAAAAAAAADAAAAAAAAAAAAAAABAAAAAAAAAAAAAAAAbmgm1V2dg5V1mq1elMcG1txjSYKZ9wEgoSBaeW8UiFoAAAACVAvkAAAAAAAAAAABVvwF9wAAAEDjBxAycvuCHFDEJtkDjvmh+OUd/6Fa4vYcblHlAmvGHb796sOfh0LITtUu7A8pOsF54E1Yi/4+hCBbalAIc/oK	vkBQm2V7/iLbkzpg+zyOIxWeilp2huWu4I9QbGhvRAMAAAAAAAAACgAAAAAAAAABAAAAAAAAAAAAAAAAAAAAAA==	AAAAAAAAAAEAAAACAAAAAAAAAAIAAAAAAAAAAG5oJtVdnYOVdZqtXpTHBtbcY0mCmfcBIKEgWnlvFIhaAAAAAlQL5AAAAAACAAAAAAAAAAAAAAAAAAAAAAAAAAABAAAAAAAAAAAAAAAAAAAAAAAAAQAAAAIAAAAAAAAAAGL8HQvQkbK2HA3WVjRrKmjX00fG8sLI7m0ERwJW/AX3AWNFcWFmU+IAAAAAAAAAAwAAAAAAAAAAAAAAAAAAAAABAAAAAAAAAAAAAAAAAAAA
65230af66d974eeaa7f30c8da0febcd8956ffa4e01a72ec4a000e0cfb24de1a8	3	1	AAAAALW4F0ehO6Ay9C0PsGEgvc1711U98Yj4mLkm9Q75kC3vAAAACgAAAAIAAAABAAAAAAAAAAAAAAABAAAAAAAAAAUAAAAAAAAAAQAAAAAAAAABAAAAAQAAAAAAAAAAAAAAAAAAAAAAAAAAAAAAAAAAAAAAAAAB+ZAt7wAAAECBrOWj56s2J69XbD9+MRNDlnewZULPbQ19Jctok3iwCiUZKCkIWjgxv2PKDqwOiIn/TNqwnchZbtfTAcA73pIE	ZSMK9m2XTuqn8wyNoP682JVv+k4Bpy7EoADgz7JN4agAAAAAAAAACgAAAAAAAAABAAAAAAAAAAUAAAAAAAAAAA==	AAAAAAAAAAEAAAABAAAAAQAAAAMAAAAAAAAAALW4F0ehO6Ay9C0PsGEgvc1711U98Yj4mLkm9Q75kC3vAAAAAlQL4+wAAAACAAAAAgAAAAAAAAAAAAAAAQAAAAABAAAAAAAAAAAAAAAAAAAA
39de3f1a19521ac137fb2668107aa7807e31fa8debfd60728a1d3f6a6ef169f2	3	2	AAAAALW4F0ehO6Ay9C0PsGEgvc1711U98Yj4mLkm9Q75kC3vAAAACgAAAAIAAAACAAAAAAAAAAAAAAABAAAAAAAAAAUAAAAAAAAAAQAAAAAAAAABAAAAAgAAAAAAAAAAAAAAAAAAAAAAAAAAAAAAAAAAAAAAAAAB+ZAt7wAAAEB2ix3dYa2vZPi8u4bH3IE8g5CA+qknhluBkK5NNAPXVYPpzDzFBfZuleQZ2angZDw0lh+D/smipReCVukqbQwA	Od4/GhlSGsE3+yZoEHqngH4x+o3r/WByih0/am7xafIAAAAAAAAACgAAAAAAAAABAAAAAAAAAAUAAAAAAAAAAA==	AAAAAAAAAAEAAAABAAAAAQAAAAMAAAAAAAAAALW4F0ehO6Ay9C0PsGEgvc1711U98Yj4mLkm9Q75kC3vAAAAAlQL4+wAAAACAAAAAgAAAAAAAAAAAAAAAwAAAAABAAAAAAAAAAAAAAAAAAAA
a8db03f213fe5ebd47f5e3b86923a384212405ad406dfb3499f5aa3e56862256	4	1	AAAAAK6jei3jmoI8TGlD/egc37PXtHKKzWV8wViZBaCu5L5MAAAACgAAAAIAAAABAAAAAAAAAAAAAAABAAAAAAAAAAYAAAABVVNEAAAAAAC1uBdHoTugMvQtD7BhIL3Ne9dVPfGI+Ji5JvUO+ZAt73//////////AAAAAAAAAAGu5L5MAAAAQC5fAydW9AJqKcCilC1Vo2f+LuWEaui1lHdb5q7HkAFU4dkMUIlgpibkGYlZqcypf4MCmw/Hu2c7BXuAEq4zbQk=	qNsD8hP+Xr1H9eO4aSOjhCEkBa1Abfs0mfWqPlaGIlYAAAAAAAAACgAAAAAAAAABAAAAAAAAAAYAAAAAAAAAAA==	AAAAAAAAAAEAAAACAAAAAAAAAAQAAAABAAAAAK6jei3jmoI8TGlD/egc37PXtHKKzWV8wViZBaCu5L5MAAAAAVVTRAAAAAAAtbgXR6E7oDL0LQ+wYSC9zXvXVT3xiPiYuSb1DvmQLe8AAAAAAAAAAH//////////AAAAAAAAAAAAAAAAAAAAAQAAAAQAAAAAAAAAAK6jei3jmoI8TGlD/egc37PXtHKKzWV8wViZBaCu5L5MAAAAAlQL4/YAAAACAAAAAQAAAAEAAAAAAAAAAAAAAAABAAAAAAAAAAAAAAAAAAAA
bec355272b3f8de1afb8a9ef1e655f98e6e8b1ab487bf7fb08e2511113b24121	5	1	AAAAAG5oJtVdnYOVdZqtXpTHBtbcY0mCmfcBIKEgWnlvFIhaAAAACgAAAAIAAAABAAAAAAAAAAAAAAABAAAAAAAAAAYAAAABVVNEAAAAAAC1uBdHoTugMvQtD7BhIL3Ne9dVPfGI+Ji5JvUO+ZAt7wAAAAlQL5AAAAAAAAAAAAFvFIhaAAAAQIb+ASCBLYpTHE+O6xDay4ARMHvet3ZJMlwJpYFvYroauBILFPYFFAhA80DE4+F2wuu5j4yWrNN56XS7O6Rxxg4=	vsNVJys/jeGvuKnvHmVfmObosatIe/f7COJREROyQSEAAAAAAAAACgAAAAAAAAABAAAAAAAAAAYAAAAAAAAAAA==	AAAAAAAAAAEAAAACAAAAAAAAAAUAAAABAAAAAG5oJtVdnYOVdZqtXpTHBtbcY0mCmfcBIKEgWnlvFIhaAAAAAVVTRAAAAAAAtbgXR6E7oDL0LQ+wYSC9zXvXVT3xiPiYuSb1DvmQLe8AAAAAAAAAAAAAAAlQL5AAAAAAAAAAAAAAAAAAAAAAAQAAAAUAAAAAAAAAAG5oJtVdnYOVdZqtXpTHBtbcY0mCmfcBIKEgWnlvFIhaAAAAAlQL4/YAAAACAAAAAQAAAAEAAAAAAAAAAAAAAAABAAAAAAAAAAAAAAAAAAAA
1b27ce36bca21a8f4c663815aa9e8e9f907ecd24dc5c3e12078e372e24ecee0f	6	1	AAAAALW4F0ehO6Ay9C0PsGEgvc1711U98Yj4mLkm9Q75kC3vAAAACgAAAAIAAAADAAAAAAAAAAAAAAABAAAAAAAAAAcAAAAArqN6LeOagjxMaUP96Bzfs9e0corNZXzBWJkFoK7kvkwAAAABVVNEAAAAAAEAAAAAAAAAAfmQLe8AAABAHimsq1EpIxzjuxUM7+sTmtR6eFPuQ6GpQ5Yx4l0B82/QS2WP3YvuOg5m1WYrcQrR40DqIUFX5eUI3VAifQkGBw==	GyfONryiGo9MZjgVqp6On5B+zSTcXD4SB443LiTs7g8AAAAAAAAACgAAAAAAAAABAAAAAAAAAAcAAAAAAAAAAA==	AAAAAAAAAAEAAAABAAAAAQAAAAYAAAABAAAAAK6jei3jmoI8TGlD/egc37PXtHKKzWV8wViZBaCu5L5MAAAAAVVTRAAAAAAAtbgXR6E7oDL0LQ+wYSC9zXvXVT3xiPiYuSb1DvmQLe8AAAAAAAAAAH//////////AAAAAQAAAAAAAAAA
9fbc1005dbff7ee9e60f8573045fde964274d3471fb17b2897962c8e393f17a6	7	1	AAAAALW4F0ehO6Ay9C0PsGEgvc1711U98Yj4mLkm9Q75kC3vAAAACgAAAAIAAAAEAAAAAAAAAAAAAAABAAAAAAAAAAcAAAAAbmgm1V2dg5V1mq1elMcG1txjSYKZ9wEgoSBaeW8UiFoAAAABVVNEAAAAAAEAAAAAAAAAAfmQLe8AAABAKSEokckelgUnbqdboMEOaqfgnxInyWdwblB3dnIsWL/V4pdstWUizm7ojRzGGJd2oXPr1xeOXUx6iK+UP5fIAg==	n7wQBdv/funmD4VzBF/elkJ000cfsXsol5Ysjjk/F6YAAAAAAAAACgAAAAAAAAABAAAAAAAAAAcAAAAAAAAAAA==	AAAAAAAAAAEAAAABAAAAAQAAAAcAAAABAAAAAG5oJtVdnYOVdZqtXpTHBtbcY0mCmfcBIKEgWnlvFIhaAAAAAVVTRAAAAAAAtbgXR6E7oDL0LQ+wYSC9zXvXVT3xiPiYuSb1DvmQLe8AAAAAAAAAAAAAAAlQL5AAAAAAAQAAAAAAAAAA
54577e9e0b548592656d547c210a5b340e78ed991bfb5f780be0367c3f3e10bd	8	1	AAAAALW4F0ehO6Ay9C0PsGEgvc1711U98Yj4mLkm9Q75kC3vAAAACgAAAAIAAAAFAAAAAAAAAAAAAAABAAAAAAAAAAcAAAAAbmgm1V2dg5V1mq1elMcG1txjSYKZ9wEgoSBaeW8UiFoAAAABVVNEAAAAAAAAAAAAAAAAAfmQLe8AAABARqyyBIqInK2jTZ4l6cncDohxNnUoMf0/owhTTlC6a/JsCoiRzEZ4HnpSyU598HM9zAHW/fx0AXy2OVUXwtYOAg==	VFd+ngtUhZJlbVR8IQpbNA547Zkb+194C+A2fD8+EL0AAAAAAAAACgAAAAAAAAABAAAAAAAAAAcAAAAAAAAAAA==	AAAAAAAAAAEAAAABAAAAAQAAAAgAAAABAAAAAG5oJtVdnYOVdZqtXpTHBtbcY0mCmfcBIKEgWnlvFIhaAAAAAVVTRAAAAAAAtbgXR6E7oDL0LQ+wYSC9zXvXVT3xiPiYuSb1DvmQLe8AAAAAAAAAAAAAAAlQL5AAAAAAAAAAAAAAAAAA
\.


--
-- Name: accounts_pkey; Type: CONSTRAINT; Schema: public; Owner: -; Tablespace: 
--

ALTER TABLE ONLY accounts
    ADD CONSTRAINT accounts_pkey PRIMARY KEY (accountid);


--
-- Name: ledgerheaders_ledgerseq_key; Type: CONSTRAINT; Schema: public; Owner: -; Tablespace: 
--

ALTER TABLE ONLY ledgerheaders
    ADD CONSTRAINT ledgerheaders_ledgerseq_key UNIQUE (ledgerseq);


--
-- Name: ledgerheaders_pkey; Type: CONSTRAINT; Schema: public; Owner: -; Tablespace: 
--

ALTER TABLE ONLY ledgerheaders
    ADD CONSTRAINT ledgerheaders_pkey PRIMARY KEY (ledgerhash);


--
-- Name: offers_pkey; Type: CONSTRAINT; Schema: public; Owner: -; Tablespace: 
--

ALTER TABLE ONLY offers
    ADD CONSTRAINT offers_pkey PRIMARY KEY (offerid);


--
-- Name: peers_pkey; Type: CONSTRAINT; Schema: public; Owner: -; Tablespace: 
--

ALTER TABLE ONLY peers
    ADD CONSTRAINT peers_pkey PRIMARY KEY (ip, port);


--
-- Name: pubsub_pkey; Type: CONSTRAINT; Schema: public; Owner: -; Tablespace: 
--

ALTER TABLE ONLY pubsub
    ADD CONSTRAINT pubsub_pkey PRIMARY KEY (resid);


--
-- Name: signers_pkey; Type: CONSTRAINT; Schema: public; Owner: -; Tablespace: 
--

ALTER TABLE ONLY signers
    ADD CONSTRAINT signers_pkey PRIMARY KEY (accountid, publickey);


--
-- Name: storestate_pkey; Type: CONSTRAINT; Schema: public; Owner: -; Tablespace: 
--

ALTER TABLE ONLY storestate
    ADD CONSTRAINT storestate_pkey PRIMARY KEY (statename);


--
-- Name: trustlines_pkey; Type: CONSTRAINT; Schema: public; Owner: -; Tablespace: 
--

ALTER TABLE ONLY trustlines
    ADD CONSTRAINT trustlines_pkey PRIMARY KEY (accountid, issuer, assetcode);


--
-- Name: txfeehistory_pkey; Type: CONSTRAINT; Schema: public; Owner: -; Tablespace: 
--

ALTER TABLE ONLY txfeehistory
    ADD CONSTRAINT txfeehistory_pkey PRIMARY KEY (ledgerseq, txindex);


--
-- Name: txhistory_pkey; Type: CONSTRAINT; Schema: public; Owner: -; Tablespace: 
--

ALTER TABLE ONLY txhistory
    ADD CONSTRAINT txhistory_pkey PRIMARY KEY (ledgerseq, txindex);


--
-- Name: accountbalances; Type: INDEX; Schema: public; Owner: -; Tablespace: 
--

CREATE INDEX accountbalances ON accounts USING btree (balance) WHERE (balance >= 1000000000);


--
-- Name: accountlines; Type: INDEX; Schema: public; Owner: -; Tablespace: 
--

CREATE INDEX accountlines ON trustlines USING btree (accountid);


--
-- Name: buyingissuerindex; Type: INDEX; Schema: public; Owner: -; Tablespace: 
--

CREATE INDEX buyingissuerindex ON offers USING btree (buyingissuer);


--
-- Name: histbyseq; Type: INDEX; Schema: public; Owner: -; Tablespace: 
--

CREATE INDEX histbyseq ON txhistory USING btree (ledgerseq);


--
-- Name: histfeebyseq; Type: INDEX; Schema: public; Owner: -; Tablespace: 
--

CREATE INDEX histfeebyseq ON txfeehistory USING btree (ledgerseq);


--
-- Name: ledgersbyseq; Type: INDEX; Schema: public; Owner: -; Tablespace: 
--

CREATE INDEX ledgersbyseq ON ledgerheaders USING btree (ledgerseq);


--
-- Name: priceindex; Type: INDEX; Schema: public; Owner: -; Tablespace: 
--

CREATE INDEX priceindex ON offers USING btree (price);


--
-- Name: sellingissuerindex; Type: INDEX; Schema: public; Owner: -; Tablespace: 
--

CREATE INDEX sellingissuerindex ON offers USING btree (sellingissuer);


--
-- Name: signersaccount; Type: INDEX; Schema: public; Owner: -; Tablespace: 
--

CREATE INDEX signersaccount ON signers USING btree (accountid);


--
-- PostgreSQL database dump complete
--

