--
-- PostgreSQL database dump
--

SET statement_timeout = 0;
SET lock_timeout = 0;
SET client_encoding = 'UTF8';
SET standard_conforming_strings = on;
SET check_function_bodies = false;
SET client_min_messages = warning;

SET search_path = public, pg_catalog;

DROP INDEX public.unique_schema_migrations;
DROP INDEX public.index_history_transactions_on_id;
DROP INDEX public.index_history_transaction_statuses_lc_on_all;
DROP INDEX public.index_history_transaction_participants_on_transaction_hash;
DROP INDEX public.index_history_transaction_participants_on_account;
DROP INDEX public.index_history_operations_on_type;
DROP INDEX public.index_history_operations_on_transaction_id;
DROP INDEX public.index_history_operations_on_id;
DROP INDEX public.index_history_ledgers_on_sequence;
DROP INDEX public.index_history_ledgers_on_previous_ledger_hash;
DROP INDEX public.index_history_ledgers_on_ledger_hash;
DROP INDEX public.index_history_ledgers_on_importer_version;
DROP INDEX public.index_history_ledgers_on_id;
DROP INDEX public.index_history_ledgers_on_closed_at;
DROP INDEX public.index_history_effects_on_type;
DROP INDEX public.index_history_accounts_on_id;
DROP INDEX public.hs_transaction_by_id;
DROP INDEX public.hs_ledger_by_id;
DROP INDEX public.hist_op_p_id;
DROP INDEX public.hist_e_id;
DROP INDEX public.hist_e_by_order;
DROP INDEX public.by_status;
DROP INDEX public.by_ledger;
DROP INDEX public.by_hash;
DROP INDEX public.by_account;
ALTER TABLE ONLY public.history_transaction_statuses DROP CONSTRAINT history_transaction_statuses_pkey;
ALTER TABLE ONLY public.history_transaction_participants DROP CONSTRAINT history_transaction_participants_pkey;
ALTER TABLE ONLY public.history_operation_participants DROP CONSTRAINT history_operation_participants_pkey;
ALTER TABLE public.history_transaction_statuses ALTER COLUMN id DROP DEFAULT;
ALTER TABLE public.history_transaction_participants ALTER COLUMN id DROP DEFAULT;
ALTER TABLE public.history_operation_participants ALTER COLUMN id DROP DEFAULT;
DROP TABLE public.schema_migrations;
DROP TABLE public.history_transactions;
DROP SEQUENCE public.history_transaction_statuses_id_seq;
DROP TABLE public.history_transaction_statuses;
DROP SEQUENCE public.history_transaction_participants_id_seq;
DROP TABLE public.history_transaction_participants;
DROP TABLE public.history_operations;
DROP SEQUENCE public.history_operation_participants_id_seq;
DROP TABLE public.history_operation_participants;
DROP TABLE public.history_ledgers;
DROP TABLE public.history_effects;
DROP TABLE public.history_accounts;
DROP EXTENSION hstore;
DROP EXTENSION plpgsql;
DROP SCHEMA public;
--
-- Name: public; Type: SCHEMA; Schema: -; Owner: -
--

CREATE SCHEMA public;


--
-- Name: SCHEMA public; Type: COMMENT; Schema: -; Owner: -
--

COMMENT ON SCHEMA public IS 'standard public schema';


--
-- Name: plpgsql; Type: EXTENSION; Schema: -; Owner: -
--

CREATE EXTENSION IF NOT EXISTS plpgsql WITH SCHEMA pg_catalog;


--
-- Name: EXTENSION plpgsql; Type: COMMENT; Schema: -; Owner: -
--

COMMENT ON EXTENSION plpgsql IS 'PL/pgSQL procedural language';


--
-- Name: hstore; Type: EXTENSION; Schema: -; Owner: -
--

CREATE EXTENSION IF NOT EXISTS hstore WITH SCHEMA public;


--
-- Name: EXTENSION hstore; Type: COMMENT; Schema: -; Owner: -
--

COMMENT ON EXTENSION hstore IS 'data type for storing sets of (key, value) pairs';


SET search_path = public, pg_catalog;

SET default_tablespace = '';

SET default_with_oids = false;

--
-- Name: history_accounts; Type: TABLE; Schema: public; Owner: -; Tablespace: 
--

CREATE TABLE history_accounts (
    id bigint NOT NULL,
    address character varying(64)
);


--
-- Name: history_effects; Type: TABLE; Schema: public; Owner: -; Tablespace: 
--

CREATE TABLE history_effects (
    history_account_id bigint NOT NULL,
    history_operation_id bigint NOT NULL,
    "order" integer NOT NULL,
    type integer NOT NULL,
    details jsonb
);


--
-- Name: history_ledgers; Type: TABLE; Schema: public; Owner: -; Tablespace: 
--

CREATE TABLE history_ledgers (
    sequence integer NOT NULL,
    ledger_hash character varying(64) NOT NULL,
    previous_ledger_hash character varying(64),
    transaction_count integer DEFAULT 0 NOT NULL,
    operation_count integer DEFAULT 0 NOT NULL,
    closed_at timestamp without time zone NOT NULL,
    created_at timestamp without time zone,
    updated_at timestamp without time zone,
    id bigint,
    importer_version integer DEFAULT 1 NOT NULL
);


--
-- Name: history_operation_participants; Type: TABLE; Schema: public; Owner: -; Tablespace: 
--

CREATE TABLE history_operation_participants (
    id integer NOT NULL,
    history_operation_id bigint NOT NULL,
    history_account_id bigint NOT NULL
);


--
-- Name: history_operation_participants_id_seq; Type: SEQUENCE; Schema: public; Owner: -
--

CREATE SEQUENCE history_operation_participants_id_seq
    START WITH 1
    INCREMENT BY 1
    NO MINVALUE
    NO MAXVALUE
    CACHE 1;


--
-- Name: history_operation_participants_id_seq; Type: SEQUENCE OWNED BY; Schema: public; Owner: -
--

ALTER SEQUENCE history_operation_participants_id_seq OWNED BY history_operation_participants.id;


--
-- Name: history_operations; Type: TABLE; Schema: public; Owner: -; Tablespace: 
--

CREATE TABLE history_operations (
    id bigint NOT NULL,
    transaction_id bigint NOT NULL,
    application_order integer NOT NULL,
    type integer NOT NULL,
    details jsonb
);


--
-- Name: history_transaction_participants; Type: TABLE; Schema: public; Owner: -; Tablespace: 
--

CREATE TABLE history_transaction_participants (
    id integer NOT NULL,
    transaction_hash character varying(64) NOT NULL,
    account character varying(64) NOT NULL,
    created_at timestamp without time zone,
    updated_at timestamp without time zone
);


--
-- Name: history_transaction_participants_id_seq; Type: SEQUENCE; Schema: public; Owner: -
--

CREATE SEQUENCE history_transaction_participants_id_seq
    START WITH 1
    INCREMENT BY 1
    NO MINVALUE
    NO MAXVALUE
    CACHE 1;


--
-- Name: history_transaction_participants_id_seq; Type: SEQUENCE OWNED BY; Schema: public; Owner: -
--

ALTER SEQUENCE history_transaction_participants_id_seq OWNED BY history_transaction_participants.id;


--
-- Name: history_transaction_statuses; Type: TABLE; Schema: public; Owner: -; Tablespace: 
--

CREATE TABLE history_transaction_statuses (
    id integer NOT NULL,
    result_code_s character varying NOT NULL,
    result_code integer NOT NULL
);


--
-- Name: history_transaction_statuses_id_seq; Type: SEQUENCE; Schema: public; Owner: -
--

CREATE SEQUENCE history_transaction_statuses_id_seq
    START WITH 1
    INCREMENT BY 1
    NO MINVALUE
    NO MAXVALUE
    CACHE 1;


--
-- Name: history_transaction_statuses_id_seq; Type: SEQUENCE OWNED BY; Schema: public; Owner: -
--

ALTER SEQUENCE history_transaction_statuses_id_seq OWNED BY history_transaction_statuses.id;


--
-- Name: history_transactions; Type: TABLE; Schema: public; Owner: -; Tablespace: 
--

CREATE TABLE history_transactions (
    transaction_hash character varying(64) NOT NULL,
    ledger_sequence integer NOT NULL,
    application_order integer NOT NULL,
    account character varying(64) NOT NULL,
    account_sequence bigint NOT NULL,
    max_fee integer NOT NULL,
    fee_paid integer NOT NULL,
    operation_count integer NOT NULL,
    transaction_status_id integer NOT NULL,
    created_at timestamp without time zone,
    updated_at timestamp without time zone,
    id bigint,
    tx_envelope text,
    tx_result text,
    tx_meta text
);


--
-- Name: schema_migrations; Type: TABLE; Schema: public; Owner: -; Tablespace: 
--

CREATE TABLE schema_migrations (
    version character varying(255) NOT NULL
);


--
-- Name: id; Type: DEFAULT; Schema: public; Owner: -
--

ALTER TABLE ONLY history_operation_participants ALTER COLUMN id SET DEFAULT nextval('history_operation_participants_id_seq'::regclass);


--
-- Name: id; Type: DEFAULT; Schema: public; Owner: -
--

ALTER TABLE ONLY history_transaction_participants ALTER COLUMN id SET DEFAULT nextval('history_transaction_participants_id_seq'::regclass);


--
-- Name: id; Type: DEFAULT; Schema: public; Owner: -
--

ALTER TABLE ONLY history_transaction_statuses ALTER COLUMN id SET DEFAULT nextval('history_transaction_statuses_id_seq'::regclass);


--
-- Data for Name: history_accounts; Type: TABLE DATA; Schema: public; Owner: -
--

COPY history_accounts (id, address) FROM stdin;
0	GCEZWKCA5VLDNRLN3RPRJMRZOX3Z6G5CHCGSNFHEYVXM3XOJMDS674JZ
8589938688	GCXKG6RN4ONIEPCMNFB732A436Z5PNDSRLGWK7GBLCMQLIFO4S7EYWVU
8589942784	GC23QF2HUE52AMXUFUH3AYJAXXGXXV2VHXYYR6EYXETPKDXZSAW67XO4
8589946880	GBXGQJWVLWOYHFLVTKWV5FGHA3LNYY2JQKM7OAJAUEQFU6LPCSEFVXON
\.


--
-- Data for Name: history_effects; Type: TABLE DATA; Schema: public; Owner: -
--

COPY history_effects (history_account_id, history_operation_id, "order", type, details) FROM stdin;
8589938688	8589938688	0	0	{"starting_balance": 1000000000}
0	8589938688	1	3	{"amount": 1000000000, "asset_type": "native"}
0	8589938688	2	10	{"weight": 1, "public_key": "GCXKG6RN4ONIEPCMNFB732A436Z5PNDSRLGWK7GBLCMQLIFO4S7EYWVU"}
8589942784	8589942784	0	0	{"starting_balance": 1000000000}
0	8589942784	1	3	{"amount": 1000000000, "asset_type": "native"}
0	8589942784	2	10	{"weight": 1, "public_key": "GC23QF2HUE52AMXUFUH3AYJAXXGXXV2VHXYYR6EYXETPKDXZSAW67XO4"}
8589946880	8589946880	0	0	{"starting_balance": 1000000000}
0	8589946880	1	3	{"amount": 1000000000, "asset_type": "native"}
0	8589946880	2	10	{"weight": 1, "public_key": "GBXGQJWVLWOYHFLVTKWV5FGHA3LNYY2JQKM7OAJAUEQFU6LPCSEFVXON"}
8589946880	12884905984	0	20	{"limit": 9223372036854775807, "asset_code": "USD", "asset_type": "credit_alphanum4", "asset_issuer": "GC23QF2HUE52AMXUFUH3AYJAXXGXXV2VHXYYR6EYXETPKDXZSAW67XO4"}
8589938688	12884910080	0	20	{"limit": 9223372036854775807, "asset_code": "USD", "asset_type": "credit_alphanum4", "asset_issuer": "GC23QF2HUE52AMXUFUH3AYJAXXGXXV2VHXYYR6EYXETPKDXZSAW67XO4"}
8589938688	17179873280	0	2	{"amount": 1000000000, "asset_code": "USD", "asset_type": "credit_alphanum4", "asset_issuer": "GC23QF2HUE52AMXUFUH3AYJAXXGXXV2VHXYYR6EYXETPKDXZSAW67XO4"}
8589942784	17179873280	1	3	{"amount": 1000000000, "asset_code": "USD", "asset_type": "credit_alphanum4", "asset_issuer": "GC23QF2HUE52AMXUFUH3AYJAXXGXXV2VHXYYR6EYXETPKDXZSAW67XO4"}
8589946880	21474840576	0	2	{"amount": 500000000, "asset_code": "USD", "asset_type": "credit_alphanum4", "asset_issuer": "GC23QF2HUE52AMXUFUH3AYJAXXGXXV2VHXYYR6EYXETPKDXZSAW67XO4"}
8589938688	21474840576	1	3	{"amount": 500000000, "asset_code": "USD", "asset_type": "credit_alphanum4", "asset_issuer": "GC23QF2HUE52AMXUFUH3AYJAXXGXXV2VHXYYR6EYXETPKDXZSAW67XO4"}
\.


--
-- Data for Name: history_ledgers; Type: TABLE DATA; Schema: public; Owner: -
--

COPY history_ledgers (sequence, ledger_hash, previous_ledger_hash, transaction_count, operation_count, closed_at, created_at, updated_at, id, importer_version) FROM stdin;
1	e8e10918f9c000c73119abe54cf089f59f9015cc93c49ccf00b5e8b9afb6e6b1	\N	0	0	1970-01-01 00:00:00	2015-08-27 21:35:49.952833	2015-08-27 21:35:49.952833	4294967296	1
2	4fb46753ae86a7d53c70e26084c831757a8e41d0466ec7cdac14fb610f1d0722	e8e10918f9c000c73119abe54cf089f59f9015cc93c49ccf00b5e8b9afb6e6b1	3	3	2015-08-27 21:35:48	2015-08-27 21:35:49.963615	2015-08-27 21:35:49.963615	8589934592	1
3	f356f7904f2295173d179cf48d45b3301a94c87fe1427ac4287594e01d84ab0e	4fb46753ae86a7d53c70e26084c831757a8e41d0466ec7cdac14fb610f1d0722	2	2	2015-08-27 21:35:49	2015-08-27 21:35:50.048021	2015-08-27 21:35:50.048021	12884901888	1
4	1c664e68bee08b6384cacc120799d0fac2b1deedf0f77c175602d63845198281	f356f7904f2295173d179cf48d45b3301a94c87fe1427ac4287594e01d84ab0e	1	1	2015-08-27 21:35:50	2015-08-27 21:35:50.090953	2015-08-27 21:35:50.090953	17179869184	1
5	e03993bcc282fabfa03ce987460aed868d33faf28750d34b7178f4317c407978	1c664e68bee08b6384cacc120799d0fac2b1deedf0f77c175602d63845198281	1	1	2015-08-27 21:35:51	2015-08-27 21:35:50.11861	2015-08-27 21:35:50.11861	21474836480	1
\.


--
-- Data for Name: history_operation_participants; Type: TABLE DATA; Schema: public; Owner: -
--

COPY history_operation_participants (id, history_operation_id, history_account_id) FROM stdin;
40	8589938688	0
41	8589938688	8589938688
42	8589942784	0
43	8589942784	8589942784
44	8589946880	0
45	8589946880	8589946880
46	12884905984	8589946880
47	12884910080	8589938688
48	17179873280	8589938688
49	17179873280	8589942784
50	21474840576	8589938688
51	21474840576	8589946880
\.


--
-- Name: history_operation_participants_id_seq; Type: SEQUENCE SET; Schema: public; Owner: -
--

SELECT pg_catalog.setval('history_operation_participants_id_seq', 51, true);


--
-- Data for Name: history_operations; Type: TABLE DATA; Schema: public; Owner: -
--

COPY history_operations (id, transaction_id, application_order, type, details) FROM stdin;
8589938688	8589938688	0	0	{"funder": "GCEZWKCA5VLDNRLN3RPRJMRZOX3Z6G5CHCGSNFHEYVXM3XOJMDS674JZ", "account": "GCXKG6RN4ONIEPCMNFB732A436Z5PNDSRLGWK7GBLCMQLIFO4S7EYWVU", "starting_balance": 1000000000}
8589942784	8589942784	0	0	{"funder": "GCEZWKCA5VLDNRLN3RPRJMRZOX3Z6G5CHCGSNFHEYVXM3XOJMDS674JZ", "account": "GC23QF2HUE52AMXUFUH3AYJAXXGXXV2VHXYYR6EYXETPKDXZSAW67XO4", "starting_balance": 1000000000}
8589946880	8589946880	0	0	{"funder": "GCEZWKCA5VLDNRLN3RPRJMRZOX3Z6G5CHCGSNFHEYVXM3XOJMDS674JZ", "account": "GBXGQJWVLWOYHFLVTKWV5FGHA3LNYY2JQKM7OAJAUEQFU6LPCSEFVXON", "starting_balance": 1000000000}
12884905984	12884905984	0	6	{"limit": 9223372036854775807, "trustee": "GC23QF2HUE52AMXUFUH3AYJAXXGXXV2VHXYYR6EYXETPKDXZSAW67XO4", "trustor": "GBXGQJWVLWOYHFLVTKWV5FGHA3LNYY2JQKM7OAJAUEQFU6LPCSEFVXON", "asset_code": "USD", "asset_type": "credit_alphanum4", "asset_issuer": "GC23QF2HUE52AMXUFUH3AYJAXXGXXV2VHXYYR6EYXETPKDXZSAW67XO4"}
12884910080	12884910080	0	6	{"limit": 9223372036854775807, "trustee": "GC23QF2HUE52AMXUFUH3AYJAXXGXXV2VHXYYR6EYXETPKDXZSAW67XO4", "trustor": "GCXKG6RN4ONIEPCMNFB732A436Z5PNDSRLGWK7GBLCMQLIFO4S7EYWVU", "asset_code": "USD", "asset_type": "credit_alphanum4", "asset_issuer": "GC23QF2HUE52AMXUFUH3AYJAXXGXXV2VHXYYR6EYXETPKDXZSAW67XO4"}
17179873280	17179873280	0	1	{"to": "GCXKG6RN4ONIEPCMNFB732A436Z5PNDSRLGWK7GBLCMQLIFO4S7EYWVU", "from": "GC23QF2HUE52AMXUFUH3AYJAXXGXXV2VHXYYR6EYXETPKDXZSAW67XO4", "amount": 1000000000, "asset_code": "USD", "asset_type": "credit_alphanum4", "asset_issuer": "GC23QF2HUE52AMXUFUH3AYJAXXGXXV2VHXYYR6EYXETPKDXZSAW67XO4"}
21474840576	21474840576	0	1	{"to": "GBXGQJWVLWOYHFLVTKWV5FGHA3LNYY2JQKM7OAJAUEQFU6LPCSEFVXON", "from": "GCXKG6RN4ONIEPCMNFB732A436Z5PNDSRLGWK7GBLCMQLIFO4S7EYWVU", "amount": 500000000, "asset_code": "USD", "asset_type": "credit_alphanum4", "asset_issuer": "GC23QF2HUE52AMXUFUH3AYJAXXGXXV2VHXYYR6EYXETPKDXZSAW67XO4"}
\.


--
-- Data for Name: history_transaction_participants; Type: TABLE DATA; Schema: public; Owner: -
--

COPY history_transaction_participants (id, transaction_hash, account, created_at, updated_at) FROM stdin;
41	99fd775e6eed3e331c7df84b540d955db4ece9f57d22980715918acb7ce5bbf4	GCEZWKCA5VLDNRLN3RPRJMRZOX3Z6G5CHCGSNFHEYVXM3XOJMDS674JZ	2015-08-27 21:35:49.968592	2015-08-27 21:35:49.968592
42	99fd775e6eed3e331c7df84b540d955db4ece9f57d22980715918acb7ce5bbf4	GCXKG6RN4ONIEPCMNFB732A436Z5PNDSRLGWK7GBLCMQLIFO4S7EYWVU	2015-08-27 21:35:49.969805	2015-08-27 21:35:49.969805
43	7e465c44bce8748067b37fe2af7ccf13ee0bbf534fe185dfe152f35131aad6a7	GCEZWKCA5VLDNRLN3RPRJMRZOX3Z6G5CHCGSNFHEYVXM3XOJMDS674JZ	2015-08-27 21:35:49.993508	2015-08-27 21:35:49.993508
44	7e465c44bce8748067b37fe2af7ccf13ee0bbf534fe185dfe152f35131aad6a7	GC23QF2HUE52AMXUFUH3AYJAXXGXXV2VHXYYR6EYXETPKDXZSAW67XO4	2015-08-27 21:35:49.994751	2015-08-27 21:35:49.994751
45	aa810ffa52e4574337d24b34950fa0d1970ae42aded04f684d551d82cef3b4db	GCEZWKCA5VLDNRLN3RPRJMRZOX3Z6G5CHCGSNFHEYVXM3XOJMDS674JZ	2015-08-27 21:35:50.017113	2015-08-27 21:35:50.017113
46	aa810ffa52e4574337d24b34950fa0d1970ae42aded04f684d551d82cef3b4db	GBXGQJWVLWOYHFLVTKWV5FGHA3LNYY2JQKM7OAJAUEQFU6LPCSEFVXON	2015-08-27 21:35:50.018213	2015-08-27 21:35:50.018213
47	df4c6ac90b1676dbd14700ce39baac52c8d9a0cac8b084b845e4ad1ec7f2c061	GBXGQJWVLWOYHFLVTKWV5FGHA3LNYY2JQKM7OAJAUEQFU6LPCSEFVXON	2015-08-27 21:35:50.053065	2015-08-27 21:35:50.053065
48	7ade60aaf8cae0e43d615389eddcf8ccb35c0a2cc80916f3153431af728dda4b	GCXKG6RN4ONIEPCMNFB732A436Z5PNDSRLGWK7GBLCMQLIFO4S7EYWVU	2015-08-27 21:35:50.064858	2015-08-27 21:35:50.064858
49	327b065a438361fa1173861683eee57c88fc190aa8ea1dd19faee93aaed2a618	GC23QF2HUE52AMXUFUH3AYJAXXGXXV2VHXYYR6EYXETPKDXZSAW67XO4	2015-08-27 21:35:50.095521	2015-08-27 21:35:50.095521
50	47caba18216b6fe6530cf23c8a4108bc269db58b6b8ccf7f295127b875f75968	GCXKG6RN4ONIEPCMNFB732A436Z5PNDSRLGWK7GBLCMQLIFO4S7EYWVU	2015-08-27 21:35:50.123283	2015-08-27 21:35:50.123283
\.


--
-- Name: history_transaction_participants_id_seq; Type: SEQUENCE SET; Schema: public; Owner: -
--

SELECT pg_catalog.setval('history_transaction_participants_id_seq', 50, true);


--
-- Data for Name: history_transaction_statuses; Type: TABLE DATA; Schema: public; Owner: -
--

COPY history_transaction_statuses (id, result_code_s, result_code) FROM stdin;
\.


--
-- Name: history_transaction_statuses_id_seq; Type: SEQUENCE SET; Schema: public; Owner: -
--

SELECT pg_catalog.setval('history_transaction_statuses_id_seq', 1, false);


--
-- Data for Name: history_transactions; Type: TABLE DATA; Schema: public; Owner: -
--

COPY history_transactions (transaction_hash, ledger_sequence, application_order, account, account_sequence, max_fee, fee_paid, operation_count, transaction_status_id, created_at, updated_at, id, tx_envelope, tx_result, tx_meta) FROM stdin;
99fd775e6eed3e331c7df84b540d955db4ece9f57d22980715918acb7ce5bbf4	2	1	GCEZWKCA5VLDNRLN3RPRJMRZOX3Z6G5CHCGSNFHEYVXM3XOJMDS674JZ	1	10	10	1	-1	2015-08-27 21:35:49.96629	2015-08-27 21:35:49.96629	8589938688	AAAAAImbKEDtVjbFbdxfFLI5dfefG6I4jSaU5MVuzd3JYOXvAAAACgAAAAAAAAABAAAAAAAAAAAAAAABAAAAAAAAAAAAAAAArqN6LeOagjxMaUP96Bzfs9e0corNZXzBWJkFoK7kvkwAAAAAO5rKAAAAAAAAAAAByWDl7wAAAEAza1ouO/OTJDMMwUDewoqooFqHDulZ/nWFekNycPVCRtw70wZIN0UURhx8lYh1e911oahT3nBjAFZgwAwijY0O	mf13Xm7tPjMcffhLVA2VXbTs6fV9IpgHFZGKy3zlu/QAAAAAAAAACgAAAAAAAAABAAAAAAAAAAAAAAAAAAAAAA==	AAAAAAAAAAEAAAABAAAAAAAAAACJmyhA7VY2xW3cXxSyOXX3nxuiOI0mlOTFbs3dyWDl7wFjRXhdif/2AAAAAAAAAAEAAAAAAAAAAAAAAAAAAAAAAQAAAAAAAAAAAAAAAAAAAQAAAAIAAAAAAAAAAAAAAACuo3ot45qCPExpQ/3oHN+z17Ryis1lfMFYmQWgruS+TAAAAAA7msoAAAAAAgAAAAAAAAAAAAAAAAAAAAAAAAAAAQAAAAAAAAAAAAAAAAAAAQAAAAAAAAAAiZsoQO1WNsVt3F8Usjl1958bojiNJpTkxW7N3clg5e8BY0V4Ie819gAAAAAAAAABAAAAAAAAAAAAAAAAAAAAAAEAAAAAAAAAAAAAAA==
7e465c44bce8748067b37fe2af7ccf13ee0bbf534fe185dfe152f35131aad6a7	2	2	GCEZWKCA5VLDNRLN3RPRJMRZOX3Z6G5CHCGSNFHEYVXM3XOJMDS674JZ	2	10	10	1	-1	2015-08-27 21:35:49.991009	2015-08-27 21:35:49.991009	8589942784	AAAAAImbKEDtVjbFbdxfFLI5dfefG6I4jSaU5MVuzd3JYOXvAAAACgAAAAAAAAACAAAAAAAAAAAAAAABAAAAAAAAAAAAAAAAtbgXR6E7oDL0LQ+wYSC9zXvXVT3xiPiYuSb1DvmQLe8AAAAAO5rKAAAAAAAAAAAByWDl7wAAAEDd5UY1iOOtxnhVMcmyEtN1CsOm+Sr928fClqdIB1S/7iTGWaVl/KNeM1Tqj9wwuiaaSCPdqhp3nfVwhVEEoVYG	fkZcRLzodIBns3/ir3zPE+4Lv1NP4YXf4VLzUTGq1qcAAAAAAAAACgAAAAAAAAABAAAAAAAAAAAAAAAAAAAAAA==	AAAAAAAAAAEAAAABAAAAAAAAAACJmyhA7VY2xW3cXxSyOXX3nxuiOI0mlOTFbs3dyWDl7wFjRXgh7zXsAAAAAAAAAAIAAAAAAAAAAAAAAAAAAAAAAQAAAAAAAAAAAAAAAAAAAQAAAAIAAAAAAAAAAAAAAAC1uBdHoTugMvQtD7BhIL3Ne9dVPfGI+Ji5JvUO+ZAt7wAAAAA7msoAAAAAAgAAAAAAAAAAAAAAAAAAAAAAAAAAAQAAAAAAAAAAAAAAAAAAAQAAAAAAAAAAiZsoQO1WNsVt3F8Usjl1958bojiNJpTkxW7N3clg5e8BY0V35lRr7AAAAAAAAAACAAAAAAAAAAAAAAAAAAAAAAEAAAAAAAAAAAAAAA==
aa810ffa52e4574337d24b34950fa0d1970ae42aded04f684d551d82cef3b4db	2	3	GCEZWKCA5VLDNRLN3RPRJMRZOX3Z6G5CHCGSNFHEYVXM3XOJMDS674JZ	3	10	10	1	-1	2015-08-27 21:35:50.014771	2015-08-27 21:35:50.014771	8589946880	AAAAAImbKEDtVjbFbdxfFLI5dfefG6I4jSaU5MVuzd3JYOXvAAAACgAAAAAAAAADAAAAAAAAAAAAAAABAAAAAAAAAAAAAAAAbmgm1V2dg5V1mq1elMcG1txjSYKZ9wEgoSBaeW8UiFoAAAAAO5rKAAAAAAAAAAAByWDl7wAAAECEDyjgoW1PJ+GPLiTUPyTNk/gmGWU+B1RFlK4lrBWoHvayKjjsHslsuiB4hk6r/Xk0mwtDHNmWry0fOrqMwTML	qoEP+lLkV0M30ks0lQ+g0ZcK5Cre0E9oTVUdgs7ztNsAAAAAAAAACgAAAAAAAAABAAAAAAAAAAAAAAAAAAAAAA==	AAAAAAAAAAEAAAABAAAAAAAAAACJmyhA7VY2xW3cXxSyOXX3nxuiOI0mlOTFbs3dyWDl7wFjRXfmVGviAAAAAAAAAAMAAAAAAAAAAAAAAAAAAAAAAQAAAAAAAAAAAAAAAAAAAQAAAAIAAAAAAAAAAAAAAABuaCbVXZ2DlXWarV6UxwbW3GNJgpn3ASChIFp5bxSIWgAAAAA7msoAAAAAAgAAAAAAAAAAAAAAAAAAAAAAAAAAAQAAAAAAAAAAAAAAAAAAAQAAAAAAAAAAiZsoQO1WNsVt3F8Usjl1958bojiNJpTkxW7N3clg5e8BY0V3qrmh4gAAAAAAAAADAAAAAAAAAAAAAAAAAAAAAAEAAAAAAAAAAAAAAA==
df4c6ac90b1676dbd14700ce39baac52c8d9a0cac8b084b845e4ad1ec7f2c061	3	1	GBXGQJWVLWOYHFLVTKWV5FGHA3LNYY2JQKM7OAJAUEQFU6LPCSEFVXON	8589934593	10	10	1	-1	2015-08-27 21:35:50.050802	2015-08-27 21:35:50.050802	12884905984	AAAAAG5oJtVdnYOVdZqtXpTHBtbcY0mCmfcBIKEgWnlvFIhaAAAACgAAAAIAAAABAAAAAAAAAAAAAAABAAAAAAAAAAYAAAABVVNEAAAAAAC1uBdHoTugMvQtD7BhIL3Ne9dVPfGI+Ji5JvUO+ZAt73//////////AAAAAAAAAAFvFIhaAAAAQHY8b1kz0Jac+HvyPDvSIh1YgZ98ujV9QhcDT5IGnCkSxpSitLayuYAuv3hGT14NzT2apINyd80WICYOnDJE1AM=	30xqyQsWdtvRRwDOObqsUsjZoMrIsIS4ReStHsfywGEAAAAAAAAACgAAAAAAAAABAAAAAAAAAAYAAAAAAAAAAA==	AAAAAAAAAAEAAAABAAAAAAAAAABuaCbVXZ2DlXWarV6UxwbW3GNJgpn3ASChIFp5bxSIWgAAAAA7msn2AAAAAgAAAAEAAAAAAAAAAAAAAAAAAAAAAQAAAAAAAAAAAAAAAAAAAQAAAAIAAAAAAAAAAQAAAABuaCbVXZ2DlXWarV6UxwbW3GNJgpn3ASChIFp5bxSIWgAAAAFVU0QAAAAAALW4F0ehO6Ay9C0PsGEgvc1711U98Yj4mLkm9Q75kC3vAAAAAAAAAAB//////////wAAAAEAAAAAAAAAAQAAAAAAAAAAbmgm1V2dg5V1mq1elMcG1txjSYKZ9wEgoSBaeW8UiFoAAAAAO5rJ9gAAAAIAAAABAAAAAQAAAAAAAAAAAAAAAAEAAAAAAAAAAAAAAA==
7ade60aaf8cae0e43d615389eddcf8ccb35c0a2cc80916f3153431af728dda4b	3	2	GCXKG6RN4ONIEPCMNFB732A436Z5PNDSRLGWK7GBLCMQLIFO4S7EYWVU	8589934593	10	10	1	-1	2015-08-27 21:35:50.063175	2015-08-27 21:35:50.063175	12884910080	AAAAAK6jei3jmoI8TGlD/egc37PXtHKKzWV8wViZBaCu5L5MAAAACgAAAAIAAAABAAAAAAAAAAAAAAABAAAAAAAAAAYAAAABVVNEAAAAAAC1uBdHoTugMvQtD7BhIL3Ne9dVPfGI+Ji5JvUO+ZAt73//////////AAAAAAAAAAGu5L5MAAAAQBNNf5QVwgCyQ6ApWHwbYIv5F3TG676ur37yue2kTY8pojx9X0T6LzGntDy6npPyrL7rtvYm3jTdHMLRrYG9awI=	et5gqvjK4OQ9YVOJ7dz4zLNcCizICRbzFTQxr3KN2ksAAAAAAAAACgAAAAAAAAABAAAAAAAAAAYAAAAAAAAAAA==	AAAAAAAAAAEAAAABAAAAAAAAAACuo3ot45qCPExpQ/3oHN+z17Ryis1lfMFYmQWgruS+TAAAAAA7msn2AAAAAgAAAAEAAAAAAAAAAAAAAAAAAAAAAQAAAAAAAAAAAAAAAAAAAQAAAAIAAAAAAAAAAQAAAACuo3ot45qCPExpQ/3oHN+z17Ryis1lfMFYmQWgruS+TAAAAAFVU0QAAAAAALW4F0ehO6Ay9C0PsGEgvc1711U98Yj4mLkm9Q75kC3vAAAAAAAAAAB//////////wAAAAEAAAAAAAAAAQAAAAAAAAAArqN6LeOagjxMaUP96Bzfs9e0corNZXzBWJkFoK7kvkwAAAAAO5rJ9gAAAAIAAAABAAAAAQAAAAAAAAAAAAAAAAEAAAAAAAAAAAAAAA==
327b065a438361fa1173861683eee57c88fc190aa8ea1dd19faee93aaed2a618	4	1	GC23QF2HUE52AMXUFUH3AYJAXXGXXV2VHXYYR6EYXETPKDXZSAW67XO4	8589934593	10	10	1	-1	2015-08-27 21:35:50.093543	2015-08-27 21:35:50.093543	17179873280	AAAAALW4F0ehO6Ay9C0PsGEgvc1711U98Yj4mLkm9Q75kC3vAAAACgAAAAIAAAABAAAAAAAAAAAAAAABAAAAAAAAAAEAAAAArqN6LeOagjxMaUP96Bzfs9e0corNZXzBWJkFoK7kvkwAAAABVVNEAAAAAAC1uBdHoTugMvQtD7BhIL3Ne9dVPfGI+Ji5JvUO+ZAt7wAAAAA7msoAAAAAAAAAAAH5kC3vAAAAQE5EwoCjWyd7TOSdK+uAjzOZZoggSSMFpvHIEgjtnaVMkJijG2RME6KauvHwxJw/nnaJxlsP+0cs7YWOhPmvOAA=	MnsGWkODYfoRc4YWg+7lfIj8GQqo6h3Rn67pOq7SphgAAAAAAAAACgAAAAAAAAABAAAAAAAAAAEAAAAAAAAAAA==	AAAAAAAAAAEAAAABAAAAAAAAAAC1uBdHoTugMvQtD7BhIL3Ne9dVPfGI+Ji5JvUO+ZAt7wAAAAA7msn2AAAAAgAAAAEAAAAAAAAAAAAAAAAAAAAAAQAAAAAAAAAAAAAAAAAAAQAAAAEAAAABAAAAAQAAAACuo3ot45qCPExpQ/3oHN+z17Ryis1lfMFYmQWgruS+TAAAAAFVU0QAAAAAALW4F0ehO6Ay9C0PsGEgvc1711U98Yj4mLkm9Q75kC3vAAAAADuaygB//////////wAAAAEAAAAA
47caba18216b6fe6530cf23c8a4108bc269db58b6b8ccf7f295127b875f75968	5	1	GCXKG6RN4ONIEPCMNFB732A436Z5PNDSRLGWK7GBLCMQLIFO4S7EYWVU	8589934594	10	10	1	-1	2015-08-27 21:35:50.121266	2015-08-27 21:35:50.121266	21474840576	AAAAAK6jei3jmoI8TGlD/egc37PXtHKKzWV8wViZBaCu5L5MAAAACgAAAAIAAAACAAAAAAAAAAAAAAABAAAAAAAAAAEAAAAAbmgm1V2dg5V1mq1elMcG1txjSYKZ9wEgoSBaeW8UiFoAAAABVVNEAAAAAAC1uBdHoTugMvQtD7BhIL3Ne9dVPfGI+Ji5JvUO+ZAt7wAAAAAdzWUAAAAAAAAAAAGu5L5MAAAAQHpH6/Ag0FI0hQMRrEdSgVmJAIfMEqQpRayhwg5bmz6BQ6wMMV34G5NBh6G8+I5IvjwSj0LUFmRtaw/BSiPSVQY=	R8q6GCFrb+ZTDPI8ikEIvCadtYtrjM9/KVEnuHX3WWgAAAAAAAAACgAAAAAAAAABAAAAAAAAAAEAAAAAAAAAAA==	AAAAAAAAAAEAAAABAAAAAAAAAACuo3ot45qCPExpQ/3oHN+z17Ryis1lfMFYmQWgruS+TAAAAAA7msnsAAAAAgAAAAIAAAABAAAAAAAAAAAAAAAAAQAAAAAAAAAAAAAAAAAAAQAAAAIAAAABAAAAAQAAAABuaCbVXZ2DlXWarV6UxwbW3GNJgpn3ASChIFp5bxSIWgAAAAFVU0QAAAAAALW4F0ehO6Ay9C0PsGEgvc1711U98Yj4mLkm9Q75kC3vAAAAAB3NZQB//////////wAAAAEAAAAAAAAAAQAAAAEAAAAArqN6LeOagjxMaUP96Bzfs9e0corNZXzBWJkFoK7kvkwAAAABVVNEAAAAAAC1uBdHoTugMvQtD7BhIL3Ne9dVPfGI+Ji5JvUO+ZAt7wAAAAAdzWUAf/////////8AAAABAAAAAA==
\.


--
-- Data for Name: schema_migrations; Type: TABLE DATA; Schema: public; Owner: -
--

COPY schema_migrations (version) FROM stdin;
20150508215546
20150310224849
20150313225945
20150313225955
20150501160031
20150508003829
20150508175821
20150508183542
20150609230237
20150629181921
20150825223417
20150825180131
\.


--
-- Name: history_operation_participants_pkey; Type: CONSTRAINT; Schema: public; Owner: -; Tablespace: 
--

ALTER TABLE ONLY history_operation_participants
    ADD CONSTRAINT history_operation_participants_pkey PRIMARY KEY (id);


--
-- Name: history_transaction_participants_pkey; Type: CONSTRAINT; Schema: public; Owner: -; Tablespace: 
--

ALTER TABLE ONLY history_transaction_participants
    ADD CONSTRAINT history_transaction_participants_pkey PRIMARY KEY (id);


--
-- Name: history_transaction_statuses_pkey; Type: CONSTRAINT; Schema: public; Owner: -; Tablespace: 
--

ALTER TABLE ONLY history_transaction_statuses
    ADD CONSTRAINT history_transaction_statuses_pkey PRIMARY KEY (id);


--
-- Name: by_account; Type: INDEX; Schema: public; Owner: -; Tablespace: 
--

CREATE INDEX by_account ON history_transactions USING btree (account, account_sequence);


--
-- Name: by_hash; Type: INDEX; Schema: public; Owner: -; Tablespace: 
--

CREATE INDEX by_hash ON history_transactions USING btree (transaction_hash);


--
-- Name: by_ledger; Type: INDEX; Schema: public; Owner: -; Tablespace: 
--

CREATE INDEX by_ledger ON history_transactions USING btree (ledger_sequence, application_order);


--
-- Name: by_status; Type: INDEX; Schema: public; Owner: -; Tablespace: 
--

CREATE INDEX by_status ON history_transactions USING btree (transaction_status_id);


--
-- Name: hist_e_by_order; Type: INDEX; Schema: public; Owner: -; Tablespace: 
--

CREATE UNIQUE INDEX hist_e_by_order ON history_effects USING btree (history_operation_id, "order");


--
-- Name: hist_e_id; Type: INDEX; Schema: public; Owner: -; Tablespace: 
--

CREATE UNIQUE INDEX hist_e_id ON history_effects USING btree (history_account_id, history_operation_id, "order");


--
-- Name: hist_op_p_id; Type: INDEX; Schema: public; Owner: -; Tablespace: 
--

CREATE UNIQUE INDEX hist_op_p_id ON history_operation_participants USING btree (history_account_id, history_operation_id);


--
-- Name: hs_ledger_by_id; Type: INDEX; Schema: public; Owner: -; Tablespace: 
--

CREATE UNIQUE INDEX hs_ledger_by_id ON history_ledgers USING btree (id);


--
-- Name: hs_transaction_by_id; Type: INDEX; Schema: public; Owner: -; Tablespace: 
--

CREATE UNIQUE INDEX hs_transaction_by_id ON history_transactions USING btree (id);


--
-- Name: index_history_accounts_on_id; Type: INDEX; Schema: public; Owner: -; Tablespace: 
--

CREATE UNIQUE INDEX index_history_accounts_on_id ON history_accounts USING btree (id);


--
-- Name: index_history_effects_on_type; Type: INDEX; Schema: public; Owner: -; Tablespace: 
--

CREATE INDEX index_history_effects_on_type ON history_effects USING btree (type);


--
-- Name: index_history_ledgers_on_closed_at; Type: INDEX; Schema: public; Owner: -; Tablespace: 
--

CREATE INDEX index_history_ledgers_on_closed_at ON history_ledgers USING btree (closed_at);


--
-- Name: index_history_ledgers_on_id; Type: INDEX; Schema: public; Owner: -; Tablespace: 
--

CREATE UNIQUE INDEX index_history_ledgers_on_id ON history_ledgers USING btree (id);


--
-- Name: index_history_ledgers_on_importer_version; Type: INDEX; Schema: public; Owner: -; Tablespace: 
--

CREATE INDEX index_history_ledgers_on_importer_version ON history_ledgers USING btree (importer_version);


--
-- Name: index_history_ledgers_on_ledger_hash; Type: INDEX; Schema: public; Owner: -; Tablespace: 
--

CREATE UNIQUE INDEX index_history_ledgers_on_ledger_hash ON history_ledgers USING btree (ledger_hash);


--
-- Name: index_history_ledgers_on_previous_ledger_hash; Type: INDEX; Schema: public; Owner: -; Tablespace: 
--

CREATE UNIQUE INDEX index_history_ledgers_on_previous_ledger_hash ON history_ledgers USING btree (previous_ledger_hash);


--
-- Name: index_history_ledgers_on_sequence; Type: INDEX; Schema: public; Owner: -; Tablespace: 
--

CREATE UNIQUE INDEX index_history_ledgers_on_sequence ON history_ledgers USING btree (sequence);


--
-- Name: index_history_operations_on_id; Type: INDEX; Schema: public; Owner: -; Tablespace: 
--

CREATE UNIQUE INDEX index_history_operations_on_id ON history_operations USING btree (id);


--
-- Name: index_history_operations_on_transaction_id; Type: INDEX; Schema: public; Owner: -; Tablespace: 
--

CREATE INDEX index_history_operations_on_transaction_id ON history_operations USING btree (transaction_id);


--
-- Name: index_history_operations_on_type; Type: INDEX; Schema: public; Owner: -; Tablespace: 
--

CREATE INDEX index_history_operations_on_type ON history_operations USING btree (type);


--
-- Name: index_history_transaction_participants_on_account; Type: INDEX; Schema: public; Owner: -; Tablespace: 
--

CREATE INDEX index_history_transaction_participants_on_account ON history_transaction_participants USING btree (account);


--
-- Name: index_history_transaction_participants_on_transaction_hash; Type: INDEX; Schema: public; Owner: -; Tablespace: 
--

CREATE INDEX index_history_transaction_participants_on_transaction_hash ON history_transaction_participants USING btree (transaction_hash);


--
-- Name: index_history_transaction_statuses_lc_on_all; Type: INDEX; Schema: public; Owner: -; Tablespace: 
--

CREATE UNIQUE INDEX index_history_transaction_statuses_lc_on_all ON history_transaction_statuses USING btree (id, result_code, result_code_s);


--
-- Name: index_history_transactions_on_id; Type: INDEX; Schema: public; Owner: -; Tablespace: 
--

CREATE UNIQUE INDEX index_history_transactions_on_id ON history_transactions USING btree (id);


--
-- Name: unique_schema_migrations; Type: INDEX; Schema: public; Owner: -; Tablespace: 
--

CREATE UNIQUE INDEX unique_schema_migrations ON schema_migrations USING btree (version);


--
-- Name: public; Type: ACL; Schema: -; Owner: -
--

REVOKE ALL ON SCHEMA public FROM PUBLIC;
REVOKE ALL ON SCHEMA public FROM nullstyle;
GRANT ALL ON SCHEMA public TO nullstyle;
GRANT ALL ON SCHEMA public TO PUBLIC;


--
-- PostgreSQL database dump complete
--

