--
-- PostgreSQL database dump
--

SET statement_timeout = 0;
SET lock_timeout = 0;
SET client_encoding = 'UTF8';
SET standard_conforming_strings = on;
SET check_function_bodies = false;
SET client_min_messages = warning;

SET search_path = public, pg_catalog;

DROP INDEX public.unique_schema_migrations;
DROP INDEX public.index_history_transactions_on_id;
DROP INDEX public.index_history_transaction_statuses_lc_on_all;
DROP INDEX public.index_history_transaction_participants_on_transaction_hash;
DROP INDEX public.index_history_transaction_participants_on_account;
DROP INDEX public.index_history_operations_on_type;
DROP INDEX public.index_history_operations_on_transaction_id;
DROP INDEX public.index_history_operations_on_id;
DROP INDEX public.index_history_ledgers_on_sequence;
DROP INDEX public.index_history_ledgers_on_previous_ledger_hash;
DROP INDEX public.index_history_ledgers_on_ledger_hash;
DROP INDEX public.index_history_ledgers_on_id;
DROP INDEX public.index_history_ledgers_on_closed_at;
DROP INDEX public.index_history_effects_on_type;
DROP INDEX public.index_history_accounts_on_id;
DROP INDEX public.hs_transaction_by_id;
DROP INDEX public.hs_ledger_by_id;
DROP INDEX public.hist_op_p_id;
DROP INDEX public.hist_e_id;
DROP INDEX public.hist_e_by_order;
DROP INDEX public.by_status;
DROP INDEX public.by_ledger;
DROP INDEX public.by_hash;
DROP INDEX public.by_account;
ALTER TABLE ONLY public.history_transaction_statuses DROP CONSTRAINT history_transaction_statuses_pkey;
ALTER TABLE ONLY public.history_transaction_participants DROP CONSTRAINT history_transaction_participants_pkey;
ALTER TABLE ONLY public.history_operation_participants DROP CONSTRAINT history_operation_participants_pkey;
ALTER TABLE public.history_transaction_statuses ALTER COLUMN id DROP DEFAULT;
ALTER TABLE public.history_transaction_participants ALTER COLUMN id DROP DEFAULT;
ALTER TABLE public.history_operation_participants ALTER COLUMN id DROP DEFAULT;
DROP TABLE public.schema_migrations;
DROP TABLE public.history_transactions;
DROP SEQUENCE public.history_transaction_statuses_id_seq;
DROP TABLE public.history_transaction_statuses;
DROP SEQUENCE public.history_transaction_participants_id_seq;
DROP TABLE public.history_transaction_participants;
DROP TABLE public.history_operations;
DROP SEQUENCE public.history_operation_participants_id_seq;
DROP TABLE public.history_operation_participants;
DROP TABLE public.history_ledgers;
DROP TABLE public.history_effects;
DROP TABLE public.history_accounts;
DROP EXTENSION hstore;
DROP EXTENSION plpgsql;
DROP SCHEMA public;
--
-- Name: public; Type: SCHEMA; Schema: -; Owner: -
--

CREATE SCHEMA public;


--
-- Name: SCHEMA public; Type: COMMENT; Schema: -; Owner: -
--

COMMENT ON SCHEMA public IS 'standard public schema';


--
-- Name: plpgsql; Type: EXTENSION; Schema: -; Owner: -
--

CREATE EXTENSION IF NOT EXISTS plpgsql WITH SCHEMA pg_catalog;


--
-- Name: EXTENSION plpgsql; Type: COMMENT; Schema: -; Owner: -
--

COMMENT ON EXTENSION plpgsql IS 'PL/pgSQL procedural language';


--
-- Name: hstore; Type: EXTENSION; Schema: -; Owner: -
--

CREATE EXTENSION IF NOT EXISTS hstore WITH SCHEMA public;


--
-- Name: EXTENSION hstore; Type: COMMENT; Schema: -; Owner: -
--

COMMENT ON EXTENSION hstore IS 'data type for storing sets of (key, value) pairs';


SET search_path = public, pg_catalog;

SET default_tablespace = '';

SET default_with_oids = false;

--
-- Name: history_accounts; Type: TABLE; Schema: public; Owner: -; Tablespace: 
--

CREATE TABLE history_accounts (
    id bigint NOT NULL,
    address character varying(64)
);


--
-- Name: history_effects; Type: TABLE; Schema: public; Owner: -; Tablespace: 
--

CREATE TABLE history_effects (
    history_account_id bigint NOT NULL,
    history_operation_id bigint NOT NULL,
    "order" integer NOT NULL,
    type integer NOT NULL,
    details jsonb
);


--
-- Name: history_ledgers; Type: TABLE; Schema: public; Owner: -; Tablespace: 
--

CREATE TABLE history_ledgers (
    sequence integer NOT NULL,
    ledger_hash character varying(64) NOT NULL,
    previous_ledger_hash character varying(64),
    transaction_count integer DEFAULT 0 NOT NULL,
    operation_count integer DEFAULT 0 NOT NULL,
    closed_at timestamp without time zone NOT NULL,
    created_at timestamp without time zone,
    updated_at timestamp without time zone,
    id bigint
);


--
-- Name: history_operation_participants; Type: TABLE; Schema: public; Owner: -; Tablespace: 
--

CREATE TABLE history_operation_participants (
    id integer NOT NULL,
    history_operation_id bigint NOT NULL,
    history_account_id bigint NOT NULL
);


--
-- Name: history_operation_participants_id_seq; Type: SEQUENCE; Schema: public; Owner: -
--

CREATE SEQUENCE history_operation_participants_id_seq
    START WITH 1
    INCREMENT BY 1
    NO MINVALUE
    NO MAXVALUE
    CACHE 1;


--
-- Name: history_operation_participants_id_seq; Type: SEQUENCE OWNED BY; Schema: public; Owner: -
--

ALTER SEQUENCE history_operation_participants_id_seq OWNED BY history_operation_participants.id;


--
-- Name: history_operations; Type: TABLE; Schema: public; Owner: -; Tablespace: 
--

CREATE TABLE history_operations (
    id bigint NOT NULL,
    transaction_id bigint NOT NULL,
    application_order integer NOT NULL,
    type integer NOT NULL,
    details jsonb
);


--
-- Name: history_transaction_participants; Type: TABLE; Schema: public; Owner: -; Tablespace: 
--

CREATE TABLE history_transaction_participants (
    id integer NOT NULL,
    transaction_hash character varying(64) NOT NULL,
    account character varying(64) NOT NULL,
    created_at timestamp without time zone,
    updated_at timestamp without time zone
);


--
-- Name: history_transaction_participants_id_seq; Type: SEQUENCE; Schema: public; Owner: -
--

CREATE SEQUENCE history_transaction_participants_id_seq
    START WITH 1
    INCREMENT BY 1
    NO MINVALUE
    NO MAXVALUE
    CACHE 1;


--
-- Name: history_transaction_participants_id_seq; Type: SEQUENCE OWNED BY; Schema: public; Owner: -
--

ALTER SEQUENCE history_transaction_participants_id_seq OWNED BY history_transaction_participants.id;


--
-- Name: history_transaction_statuses; Type: TABLE; Schema: public; Owner: -; Tablespace: 
--

CREATE TABLE history_transaction_statuses (
    id integer NOT NULL,
    result_code_s character varying NOT NULL,
    result_code integer NOT NULL
);


--
-- Name: history_transaction_statuses_id_seq; Type: SEQUENCE; Schema: public; Owner: -
--

CREATE SEQUENCE history_transaction_statuses_id_seq
    START WITH 1
    INCREMENT BY 1
    NO MINVALUE
    NO MAXVALUE
    CACHE 1;


--
-- Name: history_transaction_statuses_id_seq; Type: SEQUENCE OWNED BY; Schema: public; Owner: -
--

ALTER SEQUENCE history_transaction_statuses_id_seq OWNED BY history_transaction_statuses.id;


--
-- Name: history_transactions; Type: TABLE; Schema: public; Owner: -; Tablespace: 
--

CREATE TABLE history_transactions (
    transaction_hash character varying(64) NOT NULL,
    ledger_sequence integer NOT NULL,
    application_order integer NOT NULL,
    account character varying(64) NOT NULL,
    account_sequence bigint NOT NULL,
    max_fee integer NOT NULL,
    fee_paid integer NOT NULL,
    operation_count integer NOT NULL,
    transaction_status_id integer NOT NULL,
    created_at timestamp without time zone,
    updated_at timestamp without time zone,
    id bigint
);


--
-- Name: schema_migrations; Type: TABLE; Schema: public; Owner: -; Tablespace: 
--

CREATE TABLE schema_migrations (
    version character varying NOT NULL
);


--
-- Name: id; Type: DEFAULT; Schema: public; Owner: -
--

ALTER TABLE ONLY history_operation_participants ALTER COLUMN id SET DEFAULT nextval('history_operation_participants_id_seq'::regclass);


--
-- Name: id; Type: DEFAULT; Schema: public; Owner: -
--

ALTER TABLE ONLY history_transaction_participants ALTER COLUMN id SET DEFAULT nextval('history_transaction_participants_id_seq'::regclass);


--
-- Name: id; Type: DEFAULT; Schema: public; Owner: -
--

ALTER TABLE ONLY history_transaction_statuses ALTER COLUMN id SET DEFAULT nextval('history_transaction_statuses_id_seq'::regclass);


--
-- Data for Name: history_accounts; Type: TABLE DATA; Schema: public; Owner: -
--

COPY history_accounts (id, address) FROM stdin;
0	gspbxqXqEUZkiCCEFFCN9Vu4FLucdjLLdLcsV6E82Qc1T7ehsTC
8589938688	gsKuurNYgtBhTSFfsCaWqNb3Ze5Je9csKTSLfjo8Ko2b1f66ayZ
8589942784	gsPsm67nNK8HtwMedJZFki3jAEKgg1s4nRKrHREFqTzT6ErzBiq
8589946880	gqdUHrgHUp8uMb74HiQvYztze2ffLhVXpPwj7gEZiJRa4jhCXQ
\.


--
-- Data for Name: history_effects; Type: TABLE DATA; Schema: public; Owner: -
--

COPY history_effects (history_account_id, history_operation_id, "order", type, details) FROM stdin;
8589938688	8589938688	0	0	{"starting_balance": 1000000000}
0	8589938688	1	3	{"amount": 1000000000, "currency_type": "native"}
8589942784	8589942784	0	0	{"starting_balance": 1000000000}
0	8589942784	1	3	{"amount": 1000000000, "currency_type": "native"}
8589946880	8589946880	0	0	{"starting_balance": 1000000000}
0	8589946880	1	3	{"amount": 1000000000, "currency_type": "native"}
8589938688	17179873280	0	2	{"amount": 1000000000, "currency_code": "USD", "currency_type": "alphanum", "currency_issuer": "gsPsm67nNK8HtwMedJZFki3jAEKgg1s4nRKrHREFqTzT6ErzBiq"}
8589942784	17179873280	1	3	{"amount": 1000000000, "currency_code": "USD", "currency_type": "alphanum", "currency_issuer": "gsPsm67nNK8HtwMedJZFki3jAEKgg1s4nRKrHREFqTzT6ErzBiq"}
8589946880	21474840576	0	2	{"amount": 500000000, "currency_code": "USD", "currency_type": "alphanum", "currency_issuer": "gsPsm67nNK8HtwMedJZFki3jAEKgg1s4nRKrHREFqTzT6ErzBiq"}
8589938688	21474840576	1	3	{"amount": 500000000, "currency_code": "USD", "currency_type": "alphanum", "currency_issuer": "gsPsm67nNK8HtwMedJZFki3jAEKgg1s4nRKrHREFqTzT6ErzBiq"}
\.


--
-- Data for Name: history_ledgers; Type: TABLE DATA; Schema: public; Owner: -
--

COPY history_ledgers (sequence, ledger_hash, previous_ledger_hash, transaction_count, operation_count, closed_at, created_at, updated_at, id) FROM stdin;
1	e8e10918f9c000c73119abe54cf089f59f9015cc93c49ccf00b5e8b9afb6e6b1	\N	0	0	1970-01-01 00:00:00	2015-07-10 15:49:32.403473	2015-07-10 15:49:32.403473	4294967296
2	60cd4d0f4d2a6d62e5d71c97c093f5a505c052f3cbe14330307a1e78af27d612	e8e10918f9c000c73119abe54cf089f59f9015cc93c49ccf00b5e8b9afb6e6b1	3	3	2015-07-10 15:49:30	2015-07-10 15:49:32.414595	2015-07-10 15:49:32.414595	8589934592
3	de3bfb28f5d4749922531a3d2c3ce392356e541b51f395ec07a2c5b7316d65fc	60cd4d0f4d2a6d62e5d71c97c093f5a505c052f3cbe14330307a1e78af27d612	2	2	2015-07-10 15:49:31	2015-07-10 15:49:32.479234	2015-07-10 15:49:32.479234	12884901888
4	47886ed802f4ecce29a7dd780e77fd159aa5c1143f01ce1af2f89b710fc48f5d	de3bfb28f5d4749922531a3d2c3ce392356e541b51f395ec07a2c5b7316d65fc	1	1	2015-07-10 15:49:32	2015-07-10 15:49:32.505098	2015-07-10 15:49:32.505098	17179869184
5	cb0ba01c0ad4635bb81f6d53481e90069b44df9f84c2b7476d3b707ba9bd5932	47886ed802f4ecce29a7dd780e77fd159aa5c1143f01ce1af2f89b710fc48f5d	1	1	2015-07-10 15:49:33	2015-07-10 15:49:32.530724	2015-07-10 15:49:32.530724	21474836480
\.


--
-- Data for Name: history_operation_participants; Type: TABLE DATA; Schema: public; Owner: -
--

COPY history_operation_participants (id, history_operation_id, history_account_id) FROM stdin;
33	8589938688	0
34	8589938688	8589938688
35	8589942784	0
36	8589942784	8589942784
37	8589946880	0
38	8589946880	8589946880
39	12884905984	8589946880
40	12884910080	8589938688
41	17179873280	8589938688
42	17179873280	8589942784
43	21474840576	8589938688
44	21474840576	8589946880
\.


--
-- Name: history_operation_participants_id_seq; Type: SEQUENCE SET; Schema: public; Owner: -
--

SELECT pg_catalog.setval('history_operation_participants_id_seq', 44, true);


--
-- Data for Name: history_operations; Type: TABLE DATA; Schema: public; Owner: -
--

COPY history_operations (id, transaction_id, application_order, type, details) FROM stdin;
8589938688	8589938688	0	0	{"funder": "gspbxqXqEUZkiCCEFFCN9Vu4FLucdjLLdLcsV6E82Qc1T7ehsTC", "account": "gsKuurNYgtBhTSFfsCaWqNb3Ze5Je9csKTSLfjo8Ko2b1f66ayZ", "starting_balance": 1000000000}
8589942784	8589942784	0	0	{"funder": "gspbxqXqEUZkiCCEFFCN9Vu4FLucdjLLdLcsV6E82Qc1T7ehsTC", "account": "gsPsm67nNK8HtwMedJZFki3jAEKgg1s4nRKrHREFqTzT6ErzBiq", "starting_balance": 1000000000}
8589946880	8589946880	0	0	{"funder": "gspbxqXqEUZkiCCEFFCN9Vu4FLucdjLLdLcsV6E82Qc1T7ehsTC", "account": "gqdUHrgHUp8uMb74HiQvYztze2ffLhVXpPwj7gEZiJRa4jhCXQ", "starting_balance": 1000000000}
12884905984	12884905984	0	6	{"limit": 9223372036854775807, "trustee": "gsPsm67nNK8HtwMedJZFki3jAEKgg1s4nRKrHREFqTzT6ErzBiq", "trustor": "gqdUHrgHUp8uMb74HiQvYztze2ffLhVXpPwj7gEZiJRa4jhCXQ", "currency_code": "USD", "currency_type": "alphanum", "currency_issuer": "gsPsm67nNK8HtwMedJZFki3jAEKgg1s4nRKrHREFqTzT6ErzBiq"}
12884910080	12884910080	0	6	{"limit": 9223372036854775807, "trustee": "gsPsm67nNK8HtwMedJZFki3jAEKgg1s4nRKrHREFqTzT6ErzBiq", "trustor": "gsKuurNYgtBhTSFfsCaWqNb3Ze5Je9csKTSLfjo8Ko2b1f66ayZ", "currency_code": "USD", "currency_type": "alphanum", "currency_issuer": "gsPsm67nNK8HtwMedJZFki3jAEKgg1s4nRKrHREFqTzT6ErzBiq"}
17179873280	17179873280	0	1	{"to": "gsKuurNYgtBhTSFfsCaWqNb3Ze5Je9csKTSLfjo8Ko2b1f66ayZ", "from": "gsPsm67nNK8HtwMedJZFki3jAEKgg1s4nRKrHREFqTzT6ErzBiq", "amount": 1000000000, "currency_code": "USD", "currency_type": "alphanum", "currency_issuer": "gsPsm67nNK8HtwMedJZFki3jAEKgg1s4nRKrHREFqTzT6ErzBiq"}
21474840576	21474840576	0	1	{"to": "gqdUHrgHUp8uMb74HiQvYztze2ffLhVXpPwj7gEZiJRa4jhCXQ", "from": "gsKuurNYgtBhTSFfsCaWqNb3Ze5Je9csKTSLfjo8Ko2b1f66ayZ", "amount": 500000000, "currency_code": "USD", "currency_type": "alphanum", "currency_issuer": "gsPsm67nNK8HtwMedJZFki3jAEKgg1s4nRKrHREFqTzT6ErzBiq"}
\.


--
-- Data for Name: history_transaction_participants; Type: TABLE DATA; Schema: public; Owner: -
--

COPY history_transaction_participants (id, transaction_hash, account, created_at, updated_at) FROM stdin;
34	99fd775e6eed3e331c7df84b540d955db4ece9f57d22980715918acb7ce5bbf4	gsKuurNYgtBhTSFfsCaWqNb3Ze5Je9csKTSLfjo8Ko2b1f66ayZ	2015-07-10 15:49:32.419246	2015-07-10 15:49:32.419246
35	99fd775e6eed3e331c7df84b540d955db4ece9f57d22980715918acb7ce5bbf4	gspbxqXqEUZkiCCEFFCN9Vu4FLucdjLLdLcsV6E82Qc1T7ehsTC	2015-07-10 15:49:32.420361	2015-07-10 15:49:32.420361
36	7e465c44bce8748067b37fe2af7ccf13ee0bbf534fe185dfe152f35131aad6a7	gsPsm67nNK8HtwMedJZFki3jAEKgg1s4nRKrHREFqTzT6ErzBiq	2015-07-10 15:49:32.438372	2015-07-10 15:49:32.438372
37	7e465c44bce8748067b37fe2af7ccf13ee0bbf534fe185dfe152f35131aad6a7	gspbxqXqEUZkiCCEFFCN9Vu4FLucdjLLdLcsV6E82Qc1T7ehsTC	2015-07-10 15:49:32.43936	2015-07-10 15:49:32.43936
38	aa810ffa52e4574337d24b34950fa0d1970ae42aded04f684d551d82cef3b4db	gqdUHrgHUp8uMb74HiQvYztze2ffLhVXpPwj7gEZiJRa4jhCXQ	2015-07-10 15:49:32.456301	2015-07-10 15:49:32.456301
39	aa810ffa52e4574337d24b34950fa0d1970ae42aded04f684d551d82cef3b4db	gspbxqXqEUZkiCCEFFCN9Vu4FLucdjLLdLcsV6E82Qc1T7ehsTC	2015-07-10 15:49:32.457314	2015-07-10 15:49:32.457314
40	df4c6ac90b1676dbd14700ce39baac52c8d9a0cac8b084b845e4ad1ec7f2c061	gqdUHrgHUp8uMb74HiQvYztze2ffLhVXpPwj7gEZiJRa4jhCXQ	2015-07-10 15:49:32.484101	2015-07-10 15:49:32.484101
41	7ade60aaf8cae0e43d615389eddcf8ccb35c0a2cc80916f3153431af728dda4b	gsKuurNYgtBhTSFfsCaWqNb3Ze5Je9csKTSLfjo8Ko2b1f66ayZ	2015-07-10 15:49:32.492148	2015-07-10 15:49:32.492148
42	327b065a438361fa1173861683eee57c88fc190aa8ea1dd19faee93aaed2a618	gsPsm67nNK8HtwMedJZFki3jAEKgg1s4nRKrHREFqTzT6ErzBiq	2015-07-10 15:49:32.509824	2015-07-10 15:49:32.509824
43	47caba18216b6fe6530cf23c8a4108bc269db58b6b8ccf7f295127b875f75968	gsKuurNYgtBhTSFfsCaWqNb3Ze5Je9csKTSLfjo8Ko2b1f66ayZ	2015-07-10 15:49:32.535297	2015-07-10 15:49:32.535297
\.


--
-- Name: history_transaction_participants_id_seq; Type: SEQUENCE SET; Schema: public; Owner: -
--

SELECT pg_catalog.setval('history_transaction_participants_id_seq', 43, true);


--
-- Data for Name: history_transaction_statuses; Type: TABLE DATA; Schema: public; Owner: -
--

COPY history_transaction_statuses (id, result_code_s, result_code) FROM stdin;
\.


--
-- Name: history_transaction_statuses_id_seq; Type: SEQUENCE SET; Schema: public; Owner: -
--

SELECT pg_catalog.setval('history_transaction_statuses_id_seq', 1, false);


--
-- Data for Name: history_transactions; Type: TABLE DATA; Schema: public; Owner: -
--

COPY history_transactions (transaction_hash, ledger_sequence, application_order, account, account_sequence, max_fee, fee_paid, operation_count, transaction_status_id, created_at, updated_at, id) FROM stdin;
99fd775e6eed3e331c7df84b540d955db4ece9f57d22980715918acb7ce5bbf4	2	1	gspbxqXqEUZkiCCEFFCN9Vu4FLucdjLLdLcsV6E82Qc1T7ehsTC	1	10	10	1	-1	2015-07-10 15:49:32.417519	2015-07-10 15:49:32.417519	8589938688
7e465c44bce8748067b37fe2af7ccf13ee0bbf534fe185dfe152f35131aad6a7	2	2	gspbxqXqEUZkiCCEFFCN9Vu4FLucdjLLdLcsV6E82Qc1T7ehsTC	2	10	10	1	-1	2015-07-10 15:49:32.436497	2015-07-10 15:49:32.436497	8589942784
aa810ffa52e4574337d24b34950fa0d1970ae42aded04f684d551d82cef3b4db	2	3	gspbxqXqEUZkiCCEFFCN9Vu4FLucdjLLdLcsV6E82Qc1T7ehsTC	3	10	10	1	-1	2015-07-10 15:49:32.454613	2015-07-10 15:49:32.454613	8589946880
df4c6ac90b1676dbd14700ce39baac52c8d9a0cac8b084b845e4ad1ec7f2c061	3	1	gqdUHrgHUp8uMb74HiQvYztze2ffLhVXpPwj7gEZiJRa4jhCXQ	8589934593	10	10	1	-1	2015-07-10 15:49:32.482286	2015-07-10 15:49:32.482286	12884905984
7ade60aaf8cae0e43d615389eddcf8ccb35c0a2cc80916f3153431af728dda4b	3	2	gsKuurNYgtBhTSFfsCaWqNb3Ze5Je9csKTSLfjo8Ko2b1f66ayZ	8589934593	10	10	1	-1	2015-07-10 15:49:32.490534	2015-07-10 15:49:32.490534	12884910080
327b065a438361fa1173861683eee57c88fc190aa8ea1dd19faee93aaed2a618	4	1	gsPsm67nNK8HtwMedJZFki3jAEKgg1s4nRKrHREFqTzT6ErzBiq	8589934593	10	10	1	-1	2015-07-10 15:49:32.508157	2015-07-10 15:49:32.508157	17179873280
47caba18216b6fe6530cf23c8a4108bc269db58b6b8ccf7f295127b875f75968	5	1	gsKuurNYgtBhTSFfsCaWqNb3Ze5Je9csKTSLfjo8Ko2b1f66ayZ	8589934594	10	10	1	-1	2015-07-10 15:49:32.533597	2015-07-10 15:49:32.533597	21474840576
\.


--
-- Data for Name: schema_migrations; Type: TABLE DATA; Schema: public; Owner: -
--

COPY schema_migrations (version) FROM stdin;
20150629181921
20150310224849
20150313225945
20150313225955
20150501160031
20150508003829
20150508175821
20150508183542
20150508215546
20150609230237
\.


--
-- Name: history_operation_participants_pkey; Type: CONSTRAINT; Schema: public; Owner: -; Tablespace: 
--

ALTER TABLE ONLY history_operation_participants
    ADD CONSTRAINT history_operation_participants_pkey PRIMARY KEY (id);


--
-- Name: history_transaction_participants_pkey; Type: CONSTRAINT; Schema: public; Owner: -; Tablespace: 
--

ALTER TABLE ONLY history_transaction_participants
    ADD CONSTRAINT history_transaction_participants_pkey PRIMARY KEY (id);


--
-- Name: history_transaction_statuses_pkey; Type: CONSTRAINT; Schema: public; Owner: -; Tablespace: 
--

ALTER TABLE ONLY history_transaction_statuses
    ADD CONSTRAINT history_transaction_statuses_pkey PRIMARY KEY (id);


--
-- Name: by_account; Type: INDEX; Schema: public; Owner: -; Tablespace: 
--

CREATE INDEX by_account ON history_transactions USING btree (account, account_sequence);


--
-- Name: by_hash; Type: INDEX; Schema: public; Owner: -; Tablespace: 
--

CREATE INDEX by_hash ON history_transactions USING btree (transaction_hash);


--
-- Name: by_ledger; Type: INDEX; Schema: public; Owner: -; Tablespace: 
--

CREATE INDEX by_ledger ON history_transactions USING btree (ledger_sequence, application_order);


--
-- Name: by_status; Type: INDEX; Schema: public; Owner: -; Tablespace: 
--

CREATE INDEX by_status ON history_transactions USING btree (transaction_status_id);


--
-- Name: hist_e_by_order; Type: INDEX; Schema: public; Owner: -; Tablespace: 
--

CREATE UNIQUE INDEX hist_e_by_order ON history_effects USING btree (history_operation_id, "order");


--
-- Name: hist_e_id; Type: INDEX; Schema: public; Owner: -; Tablespace: 
--

CREATE UNIQUE INDEX hist_e_id ON history_effects USING btree (history_account_id, history_operation_id, "order");


--
-- Name: hist_op_p_id; Type: INDEX; Schema: public; Owner: -; Tablespace: 
--

CREATE UNIQUE INDEX hist_op_p_id ON history_operation_participants USING btree (history_account_id, history_operation_id);


--
-- Name: hs_ledger_by_id; Type: INDEX; Schema: public; Owner: -; Tablespace: 
--

CREATE UNIQUE INDEX hs_ledger_by_id ON history_ledgers USING btree (id);


--
-- Name: hs_transaction_by_id; Type: INDEX; Schema: public; Owner: -; Tablespace: 
--

CREATE UNIQUE INDEX hs_transaction_by_id ON history_transactions USING btree (id);


--
-- Name: index_history_accounts_on_id; Type: INDEX; Schema: public; Owner: -; Tablespace: 
--

CREATE UNIQUE INDEX index_history_accounts_on_id ON history_accounts USING btree (id);


--
-- Name: index_history_effects_on_type; Type: INDEX; Schema: public; Owner: -; Tablespace: 
--

CREATE INDEX index_history_effects_on_type ON history_effects USING btree (type);


--
-- Name: index_history_ledgers_on_closed_at; Type: INDEX; Schema: public; Owner: -; Tablespace: 
--

CREATE INDEX index_history_ledgers_on_closed_at ON history_ledgers USING btree (closed_at);


--
-- Name: index_history_ledgers_on_id; Type: INDEX; Schema: public; Owner: -; Tablespace: 
--

CREATE UNIQUE INDEX index_history_ledgers_on_id ON history_ledgers USING btree (id);


--
-- Name: index_history_ledgers_on_ledger_hash; Type: INDEX; Schema: public; Owner: -; Tablespace: 
--

CREATE UNIQUE INDEX index_history_ledgers_on_ledger_hash ON history_ledgers USING btree (ledger_hash);


--
-- Name: index_history_ledgers_on_previous_ledger_hash; Type: INDEX; Schema: public; Owner: -; Tablespace: 
--

CREATE UNIQUE INDEX index_history_ledgers_on_previous_ledger_hash ON history_ledgers USING btree (previous_ledger_hash);


--
-- Name: index_history_ledgers_on_sequence; Type: INDEX; Schema: public; Owner: -; Tablespace: 
--

CREATE UNIQUE INDEX index_history_ledgers_on_sequence ON history_ledgers USING btree (sequence);


--
-- Name: index_history_operations_on_id; Type: INDEX; Schema: public; Owner: -; Tablespace: 
--

CREATE UNIQUE INDEX index_history_operations_on_id ON history_operations USING btree (id);


--
-- Name: index_history_operations_on_transaction_id; Type: INDEX; Schema: public; Owner: -; Tablespace: 
--

CREATE INDEX index_history_operations_on_transaction_id ON history_operations USING btree (transaction_id);


--
-- Name: index_history_operations_on_type; Type: INDEX; Schema: public; Owner: -; Tablespace: 
--

CREATE INDEX index_history_operations_on_type ON history_operations USING btree (type);


--
-- Name: index_history_transaction_participants_on_account; Type: INDEX; Schema: public; Owner: -; Tablespace: 
--

CREATE INDEX index_history_transaction_participants_on_account ON history_transaction_participants USING btree (account);


--
-- Name: index_history_transaction_participants_on_transaction_hash; Type: INDEX; Schema: public; Owner: -; Tablespace: 
--

CREATE INDEX index_history_transaction_participants_on_transaction_hash ON history_transaction_participants USING btree (transaction_hash);


--
-- Name: index_history_transaction_statuses_lc_on_all; Type: INDEX; Schema: public; Owner: -; Tablespace: 
--

CREATE UNIQUE INDEX index_history_transaction_statuses_lc_on_all ON history_transaction_statuses USING btree (id, result_code, result_code_s);


--
-- Name: index_history_transactions_on_id; Type: INDEX; Schema: public; Owner: -; Tablespace: 
--

CREATE UNIQUE INDEX index_history_transactions_on_id ON history_transactions USING btree (id);


--
-- Name: unique_schema_migrations; Type: INDEX; Schema: public; Owner: -; Tablespace: 
--

CREATE UNIQUE INDEX unique_schema_migrations ON schema_migrations USING btree (version);


--
-- Name: public; Type: ACL; Schema: -; Owner: -
--

REVOKE ALL ON SCHEMA public FROM PUBLIC;
REVOKE ALL ON SCHEMA public FROM nullstyle;
GRANT ALL ON SCHEMA public TO nullstyle;
GRANT ALL ON SCHEMA public TO PUBLIC;


--
-- PostgreSQL database dump complete
--

