--
-- PostgreSQL database dump
--

SET statement_timeout = 0;
SET lock_timeout = 0;
SET client_encoding = 'UTF8';
SET standard_conforming_strings = on;
SET check_function_bodies = false;
SET client_min_messages = warning;

SET search_path = public, pg_catalog;

DROP INDEX public.unique_schema_migrations;
DROP INDEX public.index_history_transaction_statuses_lc_on_all;
DROP INDEX public.index_history_transaction_participants_on_transaction_hash;
DROP INDEX public.index_history_transaction_participants_on_account;
DROP INDEX public.index_history_operations_on_type;
DROP INDEX public.index_history_operations_on_transaction_id;
DROP INDEX public.index_history_operations_on_id;
DROP INDEX public.index_history_ledgers_on_sequence;
DROP INDEX public.index_history_ledgers_on_previous_ledger_hash;
DROP INDEX public.index_history_ledgers_on_ledger_hash;
DROP INDEX public.index_history_ledgers_on_closed_at;
DROP INDEX public.index_history_accounts_on_id;
DROP INDEX public.hs_transaction_by_id;
DROP INDEX public.hs_ledger_by_id;
DROP INDEX public.hist_op_p_id;
DROP INDEX public.by_status;
DROP INDEX public.by_ledger;
DROP INDEX public.by_hash;
DROP INDEX public.by_account;
ALTER TABLE ONLY public.history_transaction_statuses DROP CONSTRAINT history_transaction_statuses_pkey;
ALTER TABLE ONLY public.history_transaction_participants DROP CONSTRAINT history_transaction_participants_pkey;
ALTER TABLE ONLY public.history_operation_participants DROP CONSTRAINT history_operation_participants_pkey;
ALTER TABLE public.history_transaction_statuses ALTER COLUMN id DROP DEFAULT;
ALTER TABLE public.history_transaction_participants ALTER COLUMN id DROP DEFAULT;
ALTER TABLE public.history_operation_participants ALTER COLUMN id DROP DEFAULT;
DROP TABLE public.schema_migrations;
DROP TABLE public.history_transactions;
DROP SEQUENCE public.history_transaction_statuses_id_seq;
DROP TABLE public.history_transaction_statuses;
DROP SEQUENCE public.history_transaction_participants_id_seq;
DROP TABLE public.history_transaction_participants;
DROP TABLE public.history_operations;
DROP SEQUENCE public.history_operation_participants_id_seq;
DROP TABLE public.history_operation_participants;
DROP TABLE public.history_ledgers;
DROP TABLE public.history_accounts;
DROP EXTENSION hstore;
DROP EXTENSION plpgsql;
DROP SCHEMA public;
--
-- Name: public; Type: SCHEMA; Schema: -; Owner: -
--

CREATE SCHEMA public;


--
-- Name: SCHEMA public; Type: COMMENT; Schema: -; Owner: -
--

COMMENT ON SCHEMA public IS 'standard public schema';


--
-- Name: plpgsql; Type: EXTENSION; Schema: -; Owner: -
--

CREATE EXTENSION IF NOT EXISTS plpgsql WITH SCHEMA pg_catalog;


--
-- Name: EXTENSION plpgsql; Type: COMMENT; Schema: -; Owner: -
--

COMMENT ON EXTENSION plpgsql IS 'PL/pgSQL procedural language';


--
-- Name: hstore; Type: EXTENSION; Schema: -; Owner: -
--

CREATE EXTENSION IF NOT EXISTS hstore WITH SCHEMA public;


--
-- Name: EXTENSION hstore; Type: COMMENT; Schema: -; Owner: -
--

COMMENT ON EXTENSION hstore IS 'data type for storing sets of (key, value) pairs';


SET search_path = public, pg_catalog;

SET default_tablespace = '';

SET default_with_oids = false;

--
-- Name: history_accounts; Type: TABLE; Schema: public; Owner: -; Tablespace: 
--

CREATE TABLE history_accounts (
    id bigint NOT NULL,
    address character varying(64)
);


--
-- Name: history_ledgers; Type: TABLE; Schema: public; Owner: -; Tablespace: 
--

CREATE TABLE history_ledgers (
    sequence integer NOT NULL,
    ledger_hash character varying(64) NOT NULL,
    previous_ledger_hash character varying(64),
    transaction_count integer DEFAULT 0 NOT NULL,
    operation_count integer DEFAULT 0 NOT NULL,
    closed_at timestamp without time zone NOT NULL,
    created_at timestamp without time zone,
    updated_at timestamp without time zone,
    id bigint
);


--
-- Name: history_operation_participants; Type: TABLE; Schema: public; Owner: -; Tablespace: 
--

CREATE TABLE history_operation_participants (
    id integer NOT NULL,
    history_operation_id bigint NOT NULL,
    history_account_id bigint NOT NULL
);


--
-- Name: history_operation_participants_id_seq; Type: SEQUENCE; Schema: public; Owner: -
--

CREATE SEQUENCE history_operation_participants_id_seq
    START WITH 1
    INCREMENT BY 1
    NO MINVALUE
    NO MAXVALUE
    CACHE 1;


--
-- Name: history_operation_participants_id_seq; Type: SEQUENCE OWNED BY; Schema: public; Owner: -
--

ALTER SEQUENCE history_operation_participants_id_seq OWNED BY history_operation_participants.id;


--
-- Name: history_operations; Type: TABLE; Schema: public; Owner: -; Tablespace: 
--

CREATE TABLE history_operations (
    id bigint NOT NULL,
    transaction_id bigint NOT NULL,
    application_order integer NOT NULL,
    type integer NOT NULL,
    details jsonb
);


--
-- Name: history_transaction_participants; Type: TABLE; Schema: public; Owner: -; Tablespace: 
--

CREATE TABLE history_transaction_participants (
    id integer NOT NULL,
    transaction_hash character varying(64) NOT NULL,
    account character varying(64) NOT NULL,
    created_at timestamp without time zone,
    updated_at timestamp without time zone
);


--
-- Name: history_transaction_participants_id_seq; Type: SEQUENCE; Schema: public; Owner: -
--

CREATE SEQUENCE history_transaction_participants_id_seq
    START WITH 1
    INCREMENT BY 1
    NO MINVALUE
    NO MAXVALUE
    CACHE 1;


--
-- Name: history_transaction_participants_id_seq; Type: SEQUENCE OWNED BY; Schema: public; Owner: -
--

ALTER SEQUENCE history_transaction_participants_id_seq OWNED BY history_transaction_participants.id;


--
-- Name: history_transaction_statuses; Type: TABLE; Schema: public; Owner: -; Tablespace: 
--

CREATE TABLE history_transaction_statuses (
    id integer NOT NULL,
    result_code_s character varying(255) NOT NULL,
    result_code integer NOT NULL
);


--
-- Name: history_transaction_statuses_id_seq; Type: SEQUENCE; Schema: public; Owner: -
--

CREATE SEQUENCE history_transaction_statuses_id_seq
    START WITH 1
    INCREMENT BY 1
    NO MINVALUE
    NO MAXVALUE
    CACHE 1;


--
-- Name: history_transaction_statuses_id_seq; Type: SEQUENCE OWNED BY; Schema: public; Owner: -
--

ALTER SEQUENCE history_transaction_statuses_id_seq OWNED BY history_transaction_statuses.id;


--
-- Name: history_transactions; Type: TABLE; Schema: public; Owner: -; Tablespace: 
--

CREATE TABLE history_transactions (
    transaction_hash character varying(64) NOT NULL,
    ledger_sequence integer NOT NULL,
    application_order integer NOT NULL,
    account character varying(64) NOT NULL,
    account_sequence bigint NOT NULL,
    max_fee integer NOT NULL,
    fee_paid integer NOT NULL,
    operation_count integer NOT NULL,
    transaction_status_id integer NOT NULL,
    created_at timestamp without time zone,
    updated_at timestamp without time zone,
    id bigint
);


--
-- Name: schema_migrations; Type: TABLE; Schema: public; Owner: -; Tablespace: 
--

CREATE TABLE schema_migrations (
    version character varying(255) NOT NULL
);


--
-- Name: id; Type: DEFAULT; Schema: public; Owner: -
--

ALTER TABLE ONLY history_operation_participants ALTER COLUMN id SET DEFAULT nextval('history_operation_participants_id_seq'::regclass);


--
-- Name: id; Type: DEFAULT; Schema: public; Owner: -
--

ALTER TABLE ONLY history_transaction_participants ALTER COLUMN id SET DEFAULT nextval('history_transaction_participants_id_seq'::regclass);


--
-- Name: id; Type: DEFAULT; Schema: public; Owner: -
--

ALTER TABLE ONLY history_transaction_statuses ALTER COLUMN id SET DEFAULT nextval('history_transaction_statuses_id_seq'::regclass);


--
-- Data for Name: history_accounts; Type: TABLE DATA; Schema: public; Owner: -
--

COPY history_accounts (id, address) FROM stdin;
0	gspbxqXqEUZkiCCEFFCN9Vu4FLucdjLLdLcsV6E82Qc1T7ehsTC
12884905984	gsPsm67nNK8HtwMedJZFki3jAEKgg1s4nRKrHREFqTzT6ErzBiq
12884910080	gsKuurNYgtBhTSFfsCaWqNb3Ze5Je9csKTSLfjo8Ko2b1f66ayZ
12884914176	gqdUHrgHUp8uMb74HiQvYztze2ffLhVXpPwj7gEZiJRa4jhCXQ
\.


--
-- Data for Name: history_ledgers; Type: TABLE DATA; Schema: public; Owner: -
--

COPY history_ledgers (sequence, ledger_hash, previous_ledger_hash, transaction_count, operation_count, closed_at, created_at, updated_at, id) FROM stdin;
1	a9d12414d405652b752ce4425d3d94e7996a07a52228a58d7bf3bd35dd50eb46	\N	0	0	1970-01-01 00:00:00	2015-06-12 23:04:46.557788	2015-06-12 23:04:46.557788	4294967296
2	e5852d9e3dd7440857475ae059e265b0255761d42f62f98adce233a8b32b7fff	a9d12414d405652b752ce4425d3d94e7996a07a52228a58d7bf3bd35dd50eb46	0	0	2015-06-12 23:04:43	2015-06-12 23:04:46.567798	2015-06-12 23:04:46.567798	8589934592
3	472a6fb9328c577774c95f22d510e47bb30cad665f10fe35c7d6c51500050717	e5852d9e3dd7440857475ae059e265b0255761d42f62f98adce233a8b32b7fff	3	3	2015-06-12 23:04:44	2015-06-12 23:04:46.587102	2015-06-12 23:04:46.587102	12884901888
4	debf0474363c6fac2b5f55a84dfcf73fe26d47498c69d01b5c92ebfbdc12de88	472a6fb9328c577774c95f22d510e47bb30cad665f10fe35c7d6c51500050717	2	2	2015-06-12 23:04:45	2015-06-12 23:04:46.679715	2015-06-12 23:04:46.679715	17179869184
5	94c469788bf63059f804a5217e84a03ea9ff25d0028428db7cc6cbbe6b38c173	debf0474363c6fac2b5f55a84dfcf73fe26d47498c69d01b5c92ebfbdc12de88	2	2	2015-06-12 23:04:46	2015-06-12 23:04:46.706821	2015-06-12 23:04:46.706821	21474836480
6	2402e884c0bfa6fb87737375b5641ecc7db02ac7cf32c30ef019750b39f7c102	94c469788bf63059f804a5217e84a03ea9ff25d0028428db7cc6cbbe6b38c173	6	6	2015-06-12 23:04:47	2015-06-12 23:04:46.736057	2015-06-12 23:04:46.736057	25769803776
\.


--
-- Data for Name: history_operation_participants; Type: TABLE DATA; Schema: public; Owner: -
--

COPY history_operation_participants (id, history_operation_id, history_account_id) FROM stdin;
438	12884905984	0
439	12884905984	12884905984
440	12884910080	0
441	12884910080	12884910080
442	12884914176	0
443	12884914176	12884914176
444	17179873280	12884910080
445	17179877376	12884914176
446	21474840576	12884905984
447	21474840576	12884910080
448	21474844672	12884905984
449	21474844672	12884914176
450	25769807872	12884914176
451	25769811968	12884910080
452	25769816064	12884914176
453	25769820160	12884910080
454	25769824256	12884914176
455	25769828352	12884910080
\.


--
-- Name: history_operation_participants_id_seq; Type: SEQUENCE SET; Schema: public; Owner: -
--

SELECT pg_catalog.setval('history_operation_participants_id_seq', 455, true);


--
-- Data for Name: history_operations; Type: TABLE DATA; Schema: public; Owner: -
--

COPY history_operations (id, transaction_id, application_order, type, details) FROM stdin;
12884905984	12884905984	0	0	{"funder": "gspbxqXqEUZkiCCEFFCN9Vu4FLucdjLLdLcsV6E82Qc1T7ehsTC", "account": "gsPsm67nNK8HtwMedJZFki3jAEKgg1s4nRKrHREFqTzT6ErzBiq", "starting_balance": 10000000000}
12884910080	12884910080	0	0	{"funder": "gspbxqXqEUZkiCCEFFCN9Vu4FLucdjLLdLcsV6E82Qc1T7ehsTC", "account": "gsKuurNYgtBhTSFfsCaWqNb3Ze5Je9csKTSLfjo8Ko2b1f66ayZ", "starting_balance": 10000000000}
12884914176	12884914176	0	0	{"funder": "gspbxqXqEUZkiCCEFFCN9Vu4FLucdjLLdLcsV6E82Qc1T7ehsTC", "account": "gqdUHrgHUp8uMb74HiQvYztze2ffLhVXpPwj7gEZiJRa4jhCXQ", "starting_balance": 10000000000}
17179873280	17179873280	0	6	{"limit": 9223372036854775807, "trustee": "gsPsm67nNK8HtwMedJZFki3jAEKgg1s4nRKrHREFqTzT6ErzBiq", "trustor": "gsKuurNYgtBhTSFfsCaWqNb3Ze5Je9csKTSLfjo8Ko2b1f66ayZ", "currency_code": "USD", "currency_type": "alphanum", "currency_issuer": "gsPsm67nNK8HtwMedJZFki3jAEKgg1s4nRKrHREFqTzT6ErzBiq"}
17179877376	17179877376	0	6	{"limit": 9223372036854775807, "trustee": "gsPsm67nNK8HtwMedJZFki3jAEKgg1s4nRKrHREFqTzT6ErzBiq", "trustor": "gqdUHrgHUp8uMb74HiQvYztze2ffLhVXpPwj7gEZiJRa4jhCXQ", "currency_code": "USD", "currency_type": "alphanum", "currency_issuer": "gsPsm67nNK8HtwMedJZFki3jAEKgg1s4nRKrHREFqTzT6ErzBiq"}
21474840576	21474840576	0	1	{"to": "gsKuurNYgtBhTSFfsCaWqNb3Ze5Je9csKTSLfjo8Ko2b1f66ayZ", "from": "gsPsm67nNK8HtwMedJZFki3jAEKgg1s4nRKrHREFqTzT6ErzBiq", "amount": 5000, "currency_code": "USD", "currency_type": "alphanum", "currency_issuer": "gsPsm67nNK8HtwMedJZFki3jAEKgg1s4nRKrHREFqTzT6ErzBiq"}
21474844672	21474844672	0	1	{"to": "gqdUHrgHUp8uMb74HiQvYztze2ffLhVXpPwj7gEZiJRa4jhCXQ", "from": "gsPsm67nNK8HtwMedJZFki3jAEKgg1s4nRKrHREFqTzT6ErzBiq", "amount": 5000, "currency_code": "USD", "currency_type": "alphanum", "currency_issuer": "gsPsm67nNK8HtwMedJZFki3jAEKgg1s4nRKrHREFqTzT6ErzBiq"}
25769807872	25769807872	0	3	\N
25769811968	25769811968	0	3	\N
25769816064	25769816064	0	3	\N
25769820160	25769820160	0	3	\N
25769824256	25769824256	0	3	\N
25769828352	25769828352	0	3	\N
\.


--
-- Data for Name: history_transaction_participants; Type: TABLE DATA; Schema: public; Owner: -
--

COPY history_transaction_participants (id, transaction_hash, account, created_at, updated_at) FROM stdin;
645	e2b3ecd737eb4c241e7abe15a6d079dbe1de708263f59d1882c05eb7d0e89c08	gsPsm67nNK8HtwMedJZFki3jAEKgg1s4nRKrHREFqTzT6ErzBiq	2015-06-12 23:04:46.621895	2015-06-12 23:04:46.621895
646	e2b3ecd737eb4c241e7abe15a6d079dbe1de708263f59d1882c05eb7d0e89c08	gspbxqXqEUZkiCCEFFCN9Vu4FLucdjLLdLcsV6E82Qc1T7ehsTC	2015-06-12 23:04:46.623343	2015-06-12 23:04:46.623343
647	9692abb6739c52f1b76a2bc1ecc515763e8c481f8c46ac0bb13386305040af99	gsKuurNYgtBhTSFfsCaWqNb3Ze5Je9csKTSLfjo8Ko2b1f66ayZ	2015-06-12 23:04:46.648176	2015-06-12 23:04:46.648176
648	9692abb6739c52f1b76a2bc1ecc515763e8c481f8c46ac0bb13386305040af99	gspbxqXqEUZkiCCEFFCN9Vu4FLucdjLLdLcsV6E82Qc1T7ehsTC	2015-06-12 23:04:46.649158	2015-06-12 23:04:46.649158
649	7aa3ca5873e4f8bd88715475d8be02fe3d31c82becad84fe1b41541fd442ec21	gqdUHrgHUp8uMb74HiQvYztze2ffLhVXpPwj7gEZiJRa4jhCXQ	2015-06-12 23:04:46.660909	2015-06-12 23:04:46.660909
650	7aa3ca5873e4f8bd88715475d8be02fe3d31c82becad84fe1b41541fd442ec21	gspbxqXqEUZkiCCEFFCN9Vu4FLucdjLLdLcsV6E82Qc1T7ehsTC	2015-06-12 23:04:46.661912	2015-06-12 23:04:46.661912
651	1b92d9a9651b11379a62c13a21958d516cf3dfe15f3628981243f0b4475c02fa	gsKuurNYgtBhTSFfsCaWqNb3Ze5Je9csKTSLfjo8Ko2b1f66ayZ	2015-06-12 23:04:46.684859	2015-06-12 23:04:46.684859
652	f44b155ce8e6a7db7dd6294166bb710a481f102514b3c73fcada10ff20dca37c	gqdUHrgHUp8uMb74HiQvYztze2ffLhVXpPwj7gEZiJRa4jhCXQ	2015-06-12 23:04:46.693803	2015-06-12 23:04:46.693803
653	2a837e4ec972a058de2c94598f9e44478f1efdbc30f6e8302324e7b5485172d6	gsPsm67nNK8HtwMedJZFki3jAEKgg1s4nRKrHREFqTzT6ErzBiq	2015-06-12 23:04:46.711575	2015-06-12 23:04:46.711575
654	4e4af6fa9c4b4d908da5a9a3457d744baeef2aa858afec364d25510ac4698560	gsPsm67nNK8HtwMedJZFki3jAEKgg1s4nRKrHREFqTzT6ErzBiq	2015-06-12 23:04:46.721363	2015-06-12 23:04:46.721363
655	9991a6c61484bc50df4246052b11b86583830b0cd52b4edd3ce59dc91e0a9dea	gqdUHrgHUp8uMb74HiQvYztze2ffLhVXpPwj7gEZiJRa4jhCXQ	2015-06-12 23:04:46.741131	2015-06-12 23:04:46.741131
656	a1bb8daa5dba471936098f63d766a085ad0183369011b39d2114a4943ad08080	gsKuurNYgtBhTSFfsCaWqNb3Ze5Je9csKTSLfjo8Ko2b1f66ayZ	2015-06-12 23:04:46.75008	2015-06-12 23:04:46.75008
657	d6feda28ecd20749b8acfba2c4bb6d35701ef190be873d41c3a7c65cb3abadec	gqdUHrgHUp8uMb74HiQvYztze2ffLhVXpPwj7gEZiJRa4jhCXQ	2015-06-12 23:04:46.759503	2015-06-12 23:04:46.759503
658	df02bd2f64352878bf3b07576ab1ee08ddb1b577cf2ea0014bb4e62525926ec3	gsKuurNYgtBhTSFfsCaWqNb3Ze5Je9csKTSLfjo8Ko2b1f66ayZ	2015-06-12 23:04:46.767229	2015-06-12 23:04:46.767229
659	ddc9b1f546addef6daf7ffc8c306352b253285e7fd1c396027bc28b34b66530f	gqdUHrgHUp8uMb74HiQvYztze2ffLhVXpPwj7gEZiJRa4jhCXQ	2015-06-12 23:04:46.775159	2015-06-12 23:04:46.775159
660	d4313d3dd85b73ede111b5c129f8e9dd27b39bfd714455810694f4c80812c745	gsKuurNYgtBhTSFfsCaWqNb3Ze5Je9csKTSLfjo8Ko2b1f66ayZ	2015-06-12 23:04:46.782524	2015-06-12 23:04:46.782524
\.


--
-- Name: history_transaction_participants_id_seq; Type: SEQUENCE SET; Schema: public; Owner: -
--

SELECT pg_catalog.setval('history_transaction_participants_id_seq', 660, true);


--
-- Data for Name: history_transaction_statuses; Type: TABLE DATA; Schema: public; Owner: -
--

COPY history_transaction_statuses (id, result_code_s, result_code) FROM stdin;
\.


--
-- Name: history_transaction_statuses_id_seq; Type: SEQUENCE SET; Schema: public; Owner: -
--

SELECT pg_catalog.setval('history_transaction_statuses_id_seq', 1, false);


--
-- Data for Name: history_transactions; Type: TABLE DATA; Schema: public; Owner: -
--

COPY history_transactions (transaction_hash, ledger_sequence, application_order, account, account_sequence, max_fee, fee_paid, operation_count, transaction_status_id, created_at, updated_at, id) FROM stdin;
e2b3ecd737eb4c241e7abe15a6d079dbe1de708263f59d1882c05eb7d0e89c08	3	1	gspbxqXqEUZkiCCEFFCN9Vu4FLucdjLLdLcsV6E82Qc1T7ehsTC	1	10	10	1	-1	2015-06-12 23:04:46.61628	2015-06-12 23:04:46.61628	12884905984
9692abb6739c52f1b76a2bc1ecc515763e8c481f8c46ac0bb13386305040af99	3	2	gspbxqXqEUZkiCCEFFCN9Vu4FLucdjLLdLcsV6E82Qc1T7ehsTC	2	10	10	1	-1	2015-06-12 23:04:46.646241	2015-06-12 23:04:46.646241	12884910080
7aa3ca5873e4f8bd88715475d8be02fe3d31c82becad84fe1b41541fd442ec21	3	3	gspbxqXqEUZkiCCEFFCN9Vu4FLucdjLLdLcsV6E82Qc1T7ehsTC	3	10	10	1	-1	2015-06-12 23:04:46.659091	2015-06-12 23:04:46.659091	12884914176
1b92d9a9651b11379a62c13a21958d516cf3dfe15f3628981243f0b4475c02fa	4	1	gsKuurNYgtBhTSFfsCaWqNb3Ze5Je9csKTSLfjo8Ko2b1f66ayZ	12884901889	10	10	1	-1	2015-06-12 23:04:46.682794	2015-06-12 23:04:46.682794	17179873280
f44b155ce8e6a7db7dd6294166bb710a481f102514b3c73fcada10ff20dca37c	4	2	gqdUHrgHUp8uMb74HiQvYztze2ffLhVXpPwj7gEZiJRa4jhCXQ	12884901889	10	10	1	-1	2015-06-12 23:04:46.692118	2015-06-12 23:04:46.692118	17179877376
2a837e4ec972a058de2c94598f9e44478f1efdbc30f6e8302324e7b5485172d6	5	1	gsPsm67nNK8HtwMedJZFki3jAEKgg1s4nRKrHREFqTzT6ErzBiq	12884901889	10	10	1	-1	2015-06-12 23:04:46.709785	2015-06-12 23:04:46.709785	21474840576
4e4af6fa9c4b4d908da5a9a3457d744baeef2aa858afec364d25510ac4698560	5	2	gsPsm67nNK8HtwMedJZFki3jAEKgg1s4nRKrHREFqTzT6ErzBiq	12884901890	10	10	1	-1	2015-06-12 23:04:46.719665	2015-06-12 23:04:46.719665	21474844672
9991a6c61484bc50df4246052b11b86583830b0cd52b4edd3ce59dc91e0a9dea	6	1	gqdUHrgHUp8uMb74HiQvYztze2ffLhVXpPwj7gEZiJRa4jhCXQ	12884901890	10	10	1	-1	2015-06-12 23:04:46.739211	2015-06-12 23:04:46.739211	25769807872
a1bb8daa5dba471936098f63d766a085ad0183369011b39d2114a4943ad08080	6	2	gsKuurNYgtBhTSFfsCaWqNb3Ze5Je9csKTSLfjo8Ko2b1f66ayZ	12884901890	10	10	1	-1	2015-06-12 23:04:46.747642	2015-06-12 23:04:46.747642	25769811968
d6feda28ecd20749b8acfba2c4bb6d35701ef190be873d41c3a7c65cb3abadec	6	3	gqdUHrgHUp8uMb74HiQvYztze2ffLhVXpPwj7gEZiJRa4jhCXQ	12884901891	10	10	1	-1	2015-06-12 23:04:46.757533	2015-06-12 23:04:46.757533	25769816064
df02bd2f64352878bf3b07576ab1ee08ddb1b577cf2ea0014bb4e62525926ec3	6	4	gsKuurNYgtBhTSFfsCaWqNb3Ze5Je9csKTSLfjo8Ko2b1f66ayZ	12884901891	10	10	1	-1	2015-06-12 23:04:46.765503	2015-06-12 23:04:46.765503	25769820160
ddc9b1f546addef6daf7ffc8c306352b253285e7fd1c396027bc28b34b66530f	6	5	gqdUHrgHUp8uMb74HiQvYztze2ffLhVXpPwj7gEZiJRa4jhCXQ	12884901892	10	10	1	-1	2015-06-12 23:04:46.773468	2015-06-12 23:04:46.773468	25769824256
d4313d3dd85b73ede111b5c129f8e9dd27b39bfd714455810694f4c80812c745	6	6	gsKuurNYgtBhTSFfsCaWqNb3Ze5Je9csKTSLfjo8Ko2b1f66ayZ	12884901892	10	10	1	-1	2015-06-12 23:04:46.780793	2015-06-12 23:04:46.780793	25769828352
\.


--
-- Data for Name: schema_migrations; Type: TABLE DATA; Schema: public; Owner: -
--

COPY schema_migrations (version) FROM stdin;
20150501160031
20150310224849
20150313225945
20150313225955
20150508003829
20150508175821
20150508183542
20150508215546
20150609230237
\.


--
-- Name: history_operation_participants_pkey; Type: CONSTRAINT; Schema: public; Owner: -; Tablespace: 
--

ALTER TABLE ONLY history_operation_participants
    ADD CONSTRAINT history_operation_participants_pkey PRIMARY KEY (id);


--
-- Name: history_transaction_participants_pkey; Type: CONSTRAINT; Schema: public; Owner: -; Tablespace: 
--

ALTER TABLE ONLY history_transaction_participants
    ADD CONSTRAINT history_transaction_participants_pkey PRIMARY KEY (id);


--
-- Name: history_transaction_statuses_pkey; Type: CONSTRAINT; Schema: public; Owner: -; Tablespace: 
--

ALTER TABLE ONLY history_transaction_statuses
    ADD CONSTRAINT history_transaction_statuses_pkey PRIMARY KEY (id);


--
-- Name: by_account; Type: INDEX; Schema: public; Owner: -; Tablespace: 
--

CREATE INDEX by_account ON history_transactions USING btree (account, account_sequence);


--
-- Name: by_hash; Type: INDEX; Schema: public; Owner: -; Tablespace: 
--

CREATE INDEX by_hash ON history_transactions USING btree (transaction_hash);


--
-- Name: by_ledger; Type: INDEX; Schema: public; Owner: -; Tablespace: 
--

CREATE INDEX by_ledger ON history_transactions USING btree (ledger_sequence, application_order);


--
-- Name: by_status; Type: INDEX; Schema: public; Owner: -; Tablespace: 
--

CREATE INDEX by_status ON history_transactions USING btree (transaction_status_id);


--
-- Name: hist_op_p_id; Type: INDEX; Schema: public; Owner: -; Tablespace: 
--

CREATE UNIQUE INDEX hist_op_p_id ON history_operation_participants USING btree (history_account_id, history_operation_id);


--
-- Name: hs_ledger_by_id; Type: INDEX; Schema: public; Owner: -; Tablespace: 
--

CREATE UNIQUE INDEX hs_ledger_by_id ON history_ledgers USING btree (id);


--
-- Name: hs_transaction_by_id; Type: INDEX; Schema: public; Owner: -; Tablespace: 
--

CREATE UNIQUE INDEX hs_transaction_by_id ON history_transactions USING btree (id);


--
-- Name: index_history_accounts_on_id; Type: INDEX; Schema: public; Owner: -; Tablespace: 
--

CREATE UNIQUE INDEX index_history_accounts_on_id ON history_accounts USING btree (id);


--
-- Name: index_history_ledgers_on_closed_at; Type: INDEX; Schema: public; Owner: -; Tablespace: 
--

CREATE INDEX index_history_ledgers_on_closed_at ON history_ledgers USING btree (closed_at);


--
-- Name: index_history_ledgers_on_ledger_hash; Type: INDEX; Schema: public; Owner: -; Tablespace: 
--

CREATE UNIQUE INDEX index_history_ledgers_on_ledger_hash ON history_ledgers USING btree (ledger_hash);


--
-- Name: index_history_ledgers_on_previous_ledger_hash; Type: INDEX; Schema: public; Owner: -; Tablespace: 
--

CREATE UNIQUE INDEX index_history_ledgers_on_previous_ledger_hash ON history_ledgers USING btree (previous_ledger_hash);


--
-- Name: index_history_ledgers_on_sequence; Type: INDEX; Schema: public; Owner: -; Tablespace: 
--

CREATE UNIQUE INDEX index_history_ledgers_on_sequence ON history_ledgers USING btree (sequence);


--
-- Name: index_history_operations_on_id; Type: INDEX; Schema: public; Owner: -; Tablespace: 
--

CREATE UNIQUE INDEX index_history_operations_on_id ON history_operations USING btree (id);


--
-- Name: index_history_operations_on_transaction_id; Type: INDEX; Schema: public; Owner: -; Tablespace: 
--

CREATE INDEX index_history_operations_on_transaction_id ON history_operations USING btree (transaction_id);


--
-- Name: index_history_operations_on_type; Type: INDEX; Schema: public; Owner: -; Tablespace: 
--

CREATE INDEX index_history_operations_on_type ON history_operations USING btree (type);


--
-- Name: index_history_transaction_participants_on_account; Type: INDEX; Schema: public; Owner: -; Tablespace: 
--

CREATE INDEX index_history_transaction_participants_on_account ON history_transaction_participants USING btree (account);


--
-- Name: index_history_transaction_participants_on_transaction_hash; Type: INDEX; Schema: public; Owner: -; Tablespace: 
--

CREATE INDEX index_history_transaction_participants_on_transaction_hash ON history_transaction_participants USING btree (transaction_hash);


--
-- Name: index_history_transaction_statuses_lc_on_all; Type: INDEX; Schema: public; Owner: -; Tablespace: 
--

CREATE UNIQUE INDEX index_history_transaction_statuses_lc_on_all ON history_transaction_statuses USING btree (id, result_code, result_code_s);


--
-- Name: unique_schema_migrations; Type: INDEX; Schema: public; Owner: -; Tablespace: 
--

CREATE UNIQUE INDEX unique_schema_migrations ON schema_migrations USING btree (version);


--
-- Name: public; Type: ACL; Schema: -; Owner: -
--

REVOKE ALL ON SCHEMA public FROM PUBLIC;
REVOKE ALL ON SCHEMA public FROM nullstyle;
GRANT ALL ON SCHEMA public TO nullstyle;
GRANT ALL ON SCHEMA public TO PUBLIC;


--
-- PostgreSQL database dump complete
--

