--
-- PostgreSQL database dump
--

SET statement_timeout = 0;
SET lock_timeout = 0;
SET client_encoding = 'UTF8';
SET standard_conforming_strings = on;
SET check_function_bodies = false;
SET client_min_messages = warning;

SET search_path = public, pg_catalog;

DROP INDEX public.signersaccount;
DROP INDEX public.sellingissuerindex;
DROP INDEX public.priceindex;
DROP INDEX public.ledgersbyseq;
DROP INDEX public.histfeebyseq;
DROP INDEX public.histbyseq;
DROP INDEX public.buyingissuerindex;
DROP INDEX public.accountlines;
DROP INDEX public.accountbalances;
ALTER TABLE ONLY public.txhistory DROP CONSTRAINT txhistory_pkey;
ALTER TABLE ONLY public.txfeehistory DROP CONSTRAINT txfeehistory_pkey;
ALTER TABLE ONLY public.trustlines DROP CONSTRAINT trustlines_pkey;
ALTER TABLE ONLY public.storestate DROP CONSTRAINT storestate_pkey;
ALTER TABLE ONLY public.signers DROP CONSTRAINT signers_pkey;
ALTER TABLE ONLY public.pubsub DROP CONSTRAINT pubsub_pkey;
ALTER TABLE ONLY public.peers DROP CONSTRAINT peers_pkey;
ALTER TABLE ONLY public.offers DROP CONSTRAINT offers_pkey;
ALTER TABLE ONLY public.ledgerheaders DROP CONSTRAINT ledgerheaders_pkey;
ALTER TABLE ONLY public.ledgerheaders DROP CONSTRAINT ledgerheaders_ledgerseq_key;
ALTER TABLE ONLY public.accounts DROP CONSTRAINT accounts_pkey;
DROP TABLE public.txhistory;
DROP TABLE public.txfeehistory;
DROP TABLE public.trustlines;
DROP TABLE public.storestate;
DROP TABLE public.signers;
DROP TABLE public.pubsub;
DROP TABLE public.peers;
DROP TABLE public.offers;
DROP TABLE public.ledgerheaders;
DROP TABLE public.accounts;
DROP EXTENSION plpgsql;
DROP SCHEMA public;
--
-- Name: public; Type: SCHEMA; Schema: -; Owner: -
--

CREATE SCHEMA public;


--
-- Name: SCHEMA public; Type: COMMENT; Schema: -; Owner: -
--

COMMENT ON SCHEMA public IS 'standard public schema';


--
-- Name: plpgsql; Type: EXTENSION; Schema: -; Owner: -
--

CREATE EXTENSION IF NOT EXISTS plpgsql WITH SCHEMA pg_catalog;


--
-- Name: EXTENSION plpgsql; Type: COMMENT; Schema: -; Owner: -
--

COMMENT ON EXTENSION plpgsql IS 'PL/pgSQL procedural language';


SET search_path = public, pg_catalog;

SET default_tablespace = '';

SET default_with_oids = false;

--
-- Name: accounts; Type: TABLE; Schema: public; Owner: -; Tablespace: 
--

CREATE TABLE accounts (
    accountid character varying(56) NOT NULL,
    balance bigint NOT NULL,
    seqnum bigint NOT NULL,
    numsubentries integer NOT NULL,
    inflationdest character varying(56),
    homedomain character varying(32) NOT NULL,
    thresholds text NOT NULL,
    flags integer NOT NULL,
    lastmodified integer NOT NULL,
    CONSTRAINT accounts_balance_check CHECK ((balance >= 0)),
    CONSTRAINT accounts_numsubentries_check CHECK ((numsubentries >= 0))
);


--
-- Name: ledgerheaders; Type: TABLE; Schema: public; Owner: -; Tablespace: 
--

CREATE TABLE ledgerheaders (
    ledgerhash character(64) NOT NULL,
    prevhash character(64) NOT NULL,
    bucketlisthash character(64) NOT NULL,
    ledgerseq integer,
    closetime bigint NOT NULL,
    data text NOT NULL,
    CONSTRAINT ledgerheaders_closetime_check CHECK ((closetime >= 0)),
    CONSTRAINT ledgerheaders_ledgerseq_check CHECK ((ledgerseq >= 0))
);


--
-- Name: offers; Type: TABLE; Schema: public; Owner: -; Tablespace: 
--

CREATE TABLE offers (
    sellerid character varying(56) NOT NULL,
    offerid bigint NOT NULL,
    sellingassettype integer NOT NULL,
    sellingassetcode character varying(12),
    sellingissuer character varying(56),
    buyingassettype integer NOT NULL,
    buyingassetcode character varying(12),
    buyingissuer character varying(56),
    amount bigint NOT NULL,
    pricen integer NOT NULL,
    priced integer NOT NULL,
    price double precision NOT NULL,
    flags integer NOT NULL,
    lastmodified integer NOT NULL,
    CONSTRAINT offers_amount_check CHECK ((amount >= 0)),
    CONSTRAINT offers_offerid_check CHECK ((offerid >= 0))
);


--
-- Name: peers; Type: TABLE; Schema: public; Owner: -; Tablespace: 
--

CREATE TABLE peers (
    ip character varying(15) NOT NULL,
    port integer DEFAULT 0 NOT NULL,
    nextattempt timestamp without time zone NOT NULL,
    numfailures integer DEFAULT 0 NOT NULL,
    CONSTRAINT peers_numfailures_check CHECK ((numfailures >= 0)),
    CONSTRAINT peers_port_check CHECK (((port > 0) AND (port <= 65535)))
);


--
-- Name: pubsub; Type: TABLE; Schema: public; Owner: -; Tablespace: 
--

CREATE TABLE pubsub (
    resid character(32) NOT NULL,
    lastread integer
);


--
-- Name: signers; Type: TABLE; Schema: public; Owner: -; Tablespace: 
--

CREATE TABLE signers (
    accountid character varying(56) NOT NULL,
    publickey character varying(56) NOT NULL,
    weight integer NOT NULL
);


--
-- Name: storestate; Type: TABLE; Schema: public; Owner: -; Tablespace: 
--

CREATE TABLE storestate (
    statename character(32) NOT NULL,
    state text
);


--
-- Name: trustlines; Type: TABLE; Schema: public; Owner: -; Tablespace: 
--

CREATE TABLE trustlines (
    accountid character varying(56) NOT NULL,
    assettype integer NOT NULL,
    issuer character varying(56) NOT NULL,
    assetcode character varying(12) NOT NULL,
    tlimit bigint DEFAULT 0 NOT NULL,
    balance bigint DEFAULT 0 NOT NULL,
    flags integer NOT NULL,
    lastmodified integer NOT NULL,
    CONSTRAINT trustlines_balance_check CHECK ((balance >= 0)),
    CONSTRAINT trustlines_tlimit_check CHECK ((tlimit >= 0))
);


--
-- Name: txfeehistory; Type: TABLE; Schema: public; Owner: -; Tablespace: 
--

CREATE TABLE txfeehistory (
    txid character(64) NOT NULL,
    ledgerseq integer NOT NULL,
    txindex integer NOT NULL,
    txchanges text NOT NULL,
    CONSTRAINT txfeehistory_ledgerseq_check CHECK ((ledgerseq >= 0))
);


--
-- Name: txhistory; Type: TABLE; Schema: public; Owner: -; Tablespace: 
--

CREATE TABLE txhistory (
    txid character(64) NOT NULL,
    ledgerseq integer NOT NULL,
    txindex integer NOT NULL,
    txbody text NOT NULL,
    txresult text NOT NULL,
    txmeta text NOT NULL,
    CONSTRAINT txhistory_ledgerseq_check CHECK ((ledgerseq >= 0))
);


--
-- Data for Name: accounts; Type: TABLE DATA; Schema: public; Owner: -
--

COPY accounts (accountid, balance, seqnum, numsubentries, inflationdest, homedomain, thresholds, flags, lastmodified) FROM stdin;
GBRPYHIL2CI3FNQ4BXLFMNDLFJUNPU2HY3ZMFSHONUCEOASW7QC7OX2H	99999969999999970	3	0	\N		AQAAAA==	0	2
GC23QF2HUE52AMXUFUH3AYJAXXGXXV2VHXYYR6EYXETPKDXZSAW67XO4	9999999960	8589934596	0	\N		AQAAAA==	0	4
GCXKG6RN4ONIEPCMNFB732A436Z5PNDSRLGWK7GBLCMQLIFO4S7EYWVU	9999999920	8589934600	8	\N		AQAAAA==	0	6
GBXGQJWVLWOYHFLVTKWV5FGHA3LNYY2JQKM7OAJAUEQFU6LPCSEFVXON	9999999920	8589934600	8	\N		AQAAAA==	0	6
\.


--
-- Data for Name: ledgerheaders; Type: TABLE DATA; Schema: public; Owner: -
--

COPY ledgerheaders (ledgerhash, prevhash, bucketlisthash, ledgerseq, closetime, data) FROM stdin;
5ade5048fb66795219cbb45a55bf5e2710f739610d10e6875bf7f85d85900669	0000000000000000000000000000000000000000000000000000000000000000	759f642a94be58e4118ef79bd7f343832a82db2fc4f98f41ee7d22b61df716ed	1	0	AAAAAAAAAAAAAAAAAAAAAAAAAAAAAAAAAAAAAAAAAAAAAAAAAAAAAAAAAAAAAAAAAAAAAAAAAAAAAAAAAAAAAAAAAAAAAAAAAAAAAAAAAAAAAAAAAAAAAAAAAAAAAAAAAAAAAAAAAAAAAAAAAAAAAAAAAAB1n2QqlL5Y5BGO95vX80ODKoLbL8T5j0HufSK2HfcW7QAAAAEBY0V4XYoAAAAAAAAAAAAAAAAAAAAAAAAAAAAAAAAACgCYloAAAAAAAAAAAAAAAAAAAAAAAAAAAAAAAAAAAAAAAAAAAAAAAAAAAAAAAAAAAAAAAAAAAAAAAAAAAAAAAAAAAAAAAAAAAAAAAAAAAAAAAAAAAAAAAAAAAAAAAAAAAAAAAAAAAAAAAAAAAAAAAAAAAAAAAAAAAAAAAAAAAAAAAAAAAAAAAAA=
66ba254bef0ba22c97d8e077deed90da207ab9e93b39bf3d69830bad28c001f8	5ade5048fb66795219cbb45a55bf5e2710f739610d10e6875bf7f85d85900669	8816bc9421463b3e09533b859eca91b52875c84555b1afb9d5548b68e5a868f3	2	1442522496	AAAAAVreUEj7ZnlSGcu0WlW/XicQ9zlhDRDmh1v3+F2FkAZpzCXQyBqKG1St9s9GI2uTDjV+xatlLzHpKhADCRW532IAAAAAVfslgAAAAAEAAAAIAAAAAQAAAAEAAAAAkUfjgjPThVgsHCN+G0Sf3g+YmAQOX5Tthw9xvjaPNmuIFryUIUY7PglTO4WeypG1KHXIRVWxr7nVVIto5aho8wAAAAIBY0V4XYoAAAAAAAAAAAAeAAAAAAAAAAAAAAAAAAAACgCYloAAAAAAAAAAAAAAAAAAAAAAAAAAAAAAAAAAAAAAAAAAAAAAAAAAAAAAAAAAAAAAAAAAAAAAAAAAAAAAAAAAAAAAAAAAAAAAAAAAAAAAAAAAAAAAAAAAAAAAAAAAAAAAAAAAAAAAAAAAAAAAAAAAAAAAAAAAAAAAAAAAAAAAAAAAAAAAAAA=
bdd3a6d1e9ca69e40c4da9e76876ae171ed8e5e906c27cf1987f99172287b37d	66ba254bef0ba22c97d8e077deed90da207ab9e93b39bf3d69830bad28c001f8	a4569d4f16444a9d8db306347c2f5af9be41ad1172897cc4dd70ea39cc88128e	3	1442522497	AAAAAWa6JUvvC6Isl9jgd97tkNogernpOzm/PWmDC60owAH4w/mHssbY8gzFxi64PWarjExeQcGdiFDdLDwE4N/Eu9EAAAAAVfslgQAAAAAAAAAAGtve5TXiIu5GzePnNP91soEWop7uNAo4s1imBDO2u5+kVp1PFkRKnY2zBjR8L1r5vkGtEXKJfMTdcOo5zIgSjgAAAAMBY0V4XYoAAAAAAAAAAABGAAAAAAAAAAAAAAAAAAAACgCYloAAAAAAAAAAAAAAAAAAAAAAAAAAAAAAAAAAAAAAAAAAAAAAAAAAAAAAAAAAAAAAAAAAAAAAAAAAAAAAAAAAAAAAAAAAAAAAAAAAAAAAAAAAAAAAAAAAAAAAAAAAAAAAAAAAAAAAAAAAAAAAAAAAAAAAAAAAAAAAAAAAAAAAAAAAAAAAAAA=
8211549d4ea16db98378ca76799c9e26370eed4432b3868b4f70e92baab70f11	bdd3a6d1e9ca69e40c4da9e76876ae171ed8e5e906c27cf1987f99172287b37d	263784521fb425f19f223db09d38de1e12b5da940745bbb79e356bfaaa120ae3	4	1442522498	AAAAAb3TptHpymnkDE2p52h2rhce2OXpBsJ88Zh/mRcih7N9QAIxClYlx1OWhww+ZxeQjKll7pBR851+5H9vjM78rSsAAAAAVfslggAAAAAAAAAAFvSr6SGG0WD1v3Vuopb4mFFivA+EwrfIeZpOqJdKnAwmN4RSH7Ql8Z8iPbCdON4eErXalAdFu7eeNWv6qhIK4wAAAAQBY0V4XYoAAAAAAAAAAABuAAAAAAAAAAAAAAAAAAAACgCYloAAAAAAAAAAAAAAAAAAAAAAAAAAAAAAAAAAAAAAAAAAAAAAAAAAAAAAAAAAAAAAAAAAAAAAAAAAAAAAAAAAAAAAAAAAAAAAAAAAAAAAAAAAAAAAAAAAAAAAAAAAAAAAAAAAAAAAAAAAAAAAAAAAAAAAAAAAAAAAAAAAAAAAAAAAAAAAAAA=
fa6c8eceb1c09b2f58614f32db57c6bf737469199f01d4b20358f4a2f3ae05f9	8211549d4ea16db98378ca76799c9e26370eed4432b3868b4f70e92baab70f11	dbd5332ea692f552923da762298268d2f5bad2f1232edc4783c91e3a307025d3	5	1442522499	AAAAAYIRVJ1OoW25g3jKdnmcniY3Du1EMrOGi09w6Suqtw8RhMA95KLg6ZPRQysyMIWRHeCzvtkyxnxuvuw63uYyjpMAAAAAVfslgwAAAAAAAAAAJPIFRSbHFrRlPZL+C2xlKytXmmkQyfHXAgYbvtLqSv3b1TMuppL1UpI9p2IpgmjS9brS8SMu3EeDyR46MHAl0wAAAAUBY0V4XYoAAAAAAAAAAACqAAAAAAAAAAAAAAAGAAAACgCYloAAAAAAAAAAAAAAAAAAAAAAAAAAAAAAAAAAAAAAAAAAAAAAAAAAAAAAAAAAAAAAAAAAAAAAAAAAAAAAAAAAAAAAAAAAAAAAAAAAAAAAAAAAAAAAAAAAAAAAAAAAAAAAAAAAAAAAAAAAAAAAAAAAAAAAAAAAAAAAAAAAAAAAAAAAAAAAAAA=
794119db4ff55fd6ed6ff87cb5c75d5611da2f0a93e97603e4ac1fdb5f243af9	fa6c8eceb1c09b2f58614f32db57c6bf737469199f01d4b20358f4a2f3ae05f9	65b9ddd71938619639ee198153f5fb13814b87dc98f0d167975e43d4a717c18f	6	1442522500	AAAAAfpsjs6xwJsvWGFPMttXxr9zdGkZnwHUsgNY9KLzrgX51DBqgIMV83aKFSdihSeriuJoWG0hZSf6wAz30vtw3k4AAAAAVfslhAAAAAAAAAAAVfFfgJb7G/67cOQ+n7t1WcHbjAojIjY9bzQilxpyJBplud3XGThhljnuGYFT9fsTgUuH3Jjw0WeXXkPUpxfBjwAAAAYBY0V4XYoAAAAAAAAAAADmAAAAAAAAAAAAAAAMAAAACgCYloAAAAAAAAAAAAAAAAAAAAAAAAAAAAAAAAAAAAAAAAAAAAAAAAAAAAAAAAAAAAAAAAAAAAAAAAAAAAAAAAAAAAAAAAAAAAAAAAAAAAAAAAAAAAAAAAAAAAAAAAAAAAAAAAAAAAAAAAAAAAAAAAAAAAAAAAAAAAAAAAAAAAAAAAAAAAAAAAA=
\.


--
-- Data for Name: offers; Type: TABLE DATA; Schema: public; Owner: -
--

COPY offers (sellerid, offerid, sellingassettype, sellingassetcode, sellingissuer, buyingassettype, buyingassetcode, buyingissuer, amount, pricen, priced, price, flags, lastmodified) FROM stdin;
GBXGQJWVLWOYHFLVTKWV5FGHA3LNYY2JQKM7OAJAUEQFU6LPCSEFVXON	1	1	USD	GC23QF2HUE52AMXUFUH3AYJAXXGXXV2VHXYYR6EYXETPKDXZSAW67XO4	0	\N	\N	100000000	15	1	15	0	5
GCXKG6RN4ONIEPCMNFB732A436Z5PNDSRLGWK7GBLCMQLIFO4S7EYWVU	2	0	\N	\N	1	USD	GC23QF2HUE52AMXUFUH3AYJAXXGXXV2VHXYYR6EYXETPKDXZSAW67XO4	10000000	1	10	0.100000000000000006	0	5
GCXKG6RN4ONIEPCMNFB732A436Z5PNDSRLGWK7GBLCMQLIFO4S7EYWVU	3	0	\N	\N	1	USD	GC23QF2HUE52AMXUFUH3AYJAXXGXXV2VHXYYR6EYXETPKDXZSAW67XO4	110000000	1	9	0.111111111111111105	0	5
GBXGQJWVLWOYHFLVTKWV5FGHA3LNYY2JQKM7OAJAUEQFU6LPCSEFVXON	4	1	USD	GC23QF2HUE52AMXUFUH3AYJAXXGXXV2VHXYYR6EYXETPKDXZSAW67XO4	0	\N	\N	1000000000	20	1	20	0	5
GCXKG6RN4ONIEPCMNFB732A436Z5PNDSRLGWK7GBLCMQLIFO4S7EYWVU	5	0	\N	\N	1	USD	GC23QF2HUE52AMXUFUH3AYJAXXGXXV2VHXYYR6EYXETPKDXZSAW67XO4	2000000000	1	5	0.200000000000000011	0	5
GBXGQJWVLWOYHFLVTKWV5FGHA3LNYY2JQKM7OAJAUEQFU6LPCSEFVXON	6	1	USD	GC23QF2HUE52AMXUFUH3AYJAXXGXXV2VHXYYR6EYXETPKDXZSAW67XO4	0	\N	\N	10000000000	50	1	50	0	5
GBXGQJWVLWOYHFLVTKWV5FGHA3LNYY2JQKM7OAJAUEQFU6LPCSEFVXON	7	1	USD	GC23QF2HUE52AMXUFUH3AYJAXXGXXV2VHXYYR6EYXETPKDXZSAW67XO4	1	BTC	GC23QF2HUE52AMXUFUH3AYJAXXGXXV2VHXYYR6EYXETPKDXZSAW67XO4	100000000	15	1	15	0	6
GCXKG6RN4ONIEPCMNFB732A436Z5PNDSRLGWK7GBLCMQLIFO4S7EYWVU	8	1	BTC	GC23QF2HUE52AMXUFUH3AYJAXXGXXV2VHXYYR6EYXETPKDXZSAW67XO4	1	USD	GC23QF2HUE52AMXUFUH3AYJAXXGXXV2VHXYYR6EYXETPKDXZSAW67XO4	10000000	1	10	0.100000000000000006	0	6
GCXKG6RN4ONIEPCMNFB732A436Z5PNDSRLGWK7GBLCMQLIFO4S7EYWVU	9	1	BTC	GC23QF2HUE52AMXUFUH3AYJAXXGXXV2VHXYYR6EYXETPKDXZSAW67XO4	1	USD	GC23QF2HUE52AMXUFUH3AYJAXXGXXV2VHXYYR6EYXETPKDXZSAW67XO4	110000000	1	9	0.111111111111111105	0	6
GBXGQJWVLWOYHFLVTKWV5FGHA3LNYY2JQKM7OAJAUEQFU6LPCSEFVXON	10	1	USD	GC23QF2HUE52AMXUFUH3AYJAXXGXXV2VHXYYR6EYXETPKDXZSAW67XO4	1	BTC	GC23QF2HUE52AMXUFUH3AYJAXXGXXV2VHXYYR6EYXETPKDXZSAW67XO4	1000000000	20	1	20	0	6
GCXKG6RN4ONIEPCMNFB732A436Z5PNDSRLGWK7GBLCMQLIFO4S7EYWVU	11	1	BTC	GC23QF2HUE52AMXUFUH3AYJAXXGXXV2VHXYYR6EYXETPKDXZSAW67XO4	1	USD	GC23QF2HUE52AMXUFUH3AYJAXXGXXV2VHXYYR6EYXETPKDXZSAW67XO4	2000000000	1	5	0.200000000000000011	0	6
GBXGQJWVLWOYHFLVTKWV5FGHA3LNYY2JQKM7OAJAUEQFU6LPCSEFVXON	12	1	USD	GC23QF2HUE52AMXUFUH3AYJAXXGXXV2VHXYYR6EYXETPKDXZSAW67XO4	1	BTC	GC23QF2HUE52AMXUFUH3AYJAXXGXXV2VHXYYR6EYXETPKDXZSAW67XO4	10000000000	50	1	50	0	6
\.


--
-- Data for Name: peers; Type: TABLE DATA; Schema: public; Owner: -
--

COPY peers (ip, port, nextattempt, numfailures) FROM stdin;
\.


--
-- Data for Name: pubsub; Type: TABLE DATA; Schema: public; Owner: -
--

COPY pubsub (resid, lastread) FROM stdin;
\.


--
-- Data for Name: signers; Type: TABLE DATA; Schema: public; Owner: -
--

COPY signers (accountid, publickey, weight) FROM stdin;
\.


--
-- Data for Name: storestate; Type: TABLE DATA; Schema: public; Owner: -
--

COPY storestate (statename, state) FROM stdin;
databaseinitialized             	true
forcescponnextlaunch            	false
lastclosedledger                	794119db4ff55fd6ed6ff87cb5c75d5611da2f0a93e97603e4ac1fdb5f243af9
historyarchivestate             	{\n    "version": 1,\n    "server": "85472c7",\n    "currentLedger": 6,\n    "currentBuckets": [\n        {\n            "curr": "f485077d973148f2d39586e182a8a55b6a140066cb1f72116646ac93f5f05ed5",\n            "next": {\n                "state": 0\n            },\n            "snap": "4df8af5b33c2e0669ebce7b3e92657b9ce031d6e7c3cfcf9ab6ba364bf7b2d23"\n        },\n        {\n            "curr": "b660205170428decd9cc530c663b62d9382fad97cd806b0f9a5835a8b7a15b18",\n            "next": {\n                "state": 1,\n                "output": "4df8af5b33c2e0669ebce7b3e92657b9ce031d6e7c3cfcf9ab6ba364bf7b2d23"\n            },\n            "snap": "0000000000000000000000000000000000000000000000000000000000000000"\n        },\n        {\n            "curr": "0000000000000000000000000000000000000000000000000000000000000000",\n            "next": {\n                "state": 0\n            },\n            "snap": "0000000000000000000000000000000000000000000000000000000000000000"\n        },\n        {\n            "curr": "0000000000000000000000000000000000000000000000000000000000000000",\n            "next": {\n                "state": 0\n            },\n            "snap": "0000000000000000000000000000000000000000000000000000000000000000"\n        },\n        {\n            "curr": "0000000000000000000000000000000000000000000000000000000000000000",\n            "next": {\n                "state": 0\n            },\n            "snap": "0000000000000000000000000000000000000000000000000000000000000000"\n        },\n        {\n            "curr": "0000000000000000000000000000000000000000000000000000000000000000",\n            "next": {\n                "state": 0\n            },\n            "snap": "0000000000000000000000000000000000000000000000000000000000000000"\n        },\n        {\n            "curr": "0000000000000000000000000000000000000000000000000000000000000000",\n            "next": {\n                "state": 0\n            },\n            "snap": "0000000000000000000000000000000000000000000000000000000000000000"\n        },\n        {\n            "curr": "0000000000000000000000000000000000000000000000000000000000000000",\n            "next": {\n                "state": 0\n            },\n            "snap": "0000000000000000000000000000000000000000000000000000000000000000"\n        },\n        {\n            "curr": "0000000000000000000000000000000000000000000000000000000000000000",\n            "next": {\n                "state": 0\n            },\n            "snap": "0000000000000000000000000000000000000000000000000000000000000000"\n        },\n        {\n            "curr": "0000000000000000000000000000000000000000000000000000000000000000",\n            "next": {\n                "state": 0\n            },\n            "snap": "0000000000000000000000000000000000000000000000000000000000000000"\n        },\n        {\n            "curr": "0000000000000000000000000000000000000000000000000000000000000000",\n            "next": {\n                "state": 0\n            },\n            "snap": "0000000000000000000000000000000000000000000000000000000000000000"\n        }\n    ]\n}
\.


--
-- Data for Name: trustlines; Type: TABLE DATA; Schema: public; Owner: -
--

COPY trustlines (accountid, assettype, issuer, assetcode, tlimit, balance, flags, lastmodified) FROM stdin;
GCXKG6RN4ONIEPCMNFB732A436Z5PNDSRLGWK7GBLCMQLIFO4S7EYWVU	1	GC23QF2HUE52AMXUFUH3AYJAXXGXXV2VHXYYR6EYXETPKDXZSAW67XO4	USD	9223372036854775807	50000000000	1	4
GBXGQJWVLWOYHFLVTKWV5FGHA3LNYY2JQKM7OAJAUEQFU6LPCSEFVXON	1	GC23QF2HUE52AMXUFUH3AYJAXXGXXV2VHXYYR6EYXETPKDXZSAW67XO4	USD	9223372036854775807	50000000000	1	4
GCXKG6RN4ONIEPCMNFB732A436Z5PNDSRLGWK7GBLCMQLIFO4S7EYWVU	1	GC23QF2HUE52AMXUFUH3AYJAXXGXXV2VHXYYR6EYXETPKDXZSAW67XO4	BTC	9223372036854775807	50000000000	1	4
GBXGQJWVLWOYHFLVTKWV5FGHA3LNYY2JQKM7OAJAUEQFU6LPCSEFVXON	1	GC23QF2HUE52AMXUFUH3AYJAXXGXXV2VHXYYR6EYXETPKDXZSAW67XO4	BTC	9223372036854775807	50000000000	1	4
\.


--
-- Data for Name: txfeehistory; Type: TABLE DATA; Schema: public; Owner: -
--

COPY txfeehistory (txid, ledgerseq, txindex, txchanges) FROM stdin;
613cf1045ea75a142e4d289d73ad8d72cd919a0b955ed056793f9c97cb676eb7	2	1	AAAAAQAAAAEAAAACAAAAAAAAAABi/B0L0JGythwN1lY0aypo19NHxvLCyO5tBEcCVvwF9wFjRXhdif/2AAAAAAAAAAEAAAAAAAAAAAAAAAAAAAAAAQAAAAAAAAAAAAAAAAAAAA==
f9a81883373ad48a8a00e347e97e0afc8d6bb8cb4adf1633293821aca0f355cf	2	2	AAAAAQAAAAEAAAACAAAAAAAAAABi/B0L0JGythwN1lY0aypo19NHxvLCyO5tBEcCVvwF9wFjRXhdif/sAAAAAAAAAAIAAAAAAAAAAAAAAAAAAAAAAQAAAAAAAAAAAAAAAAAAAA==
be40509b657bfe22db933a60fb3c8e23159e8a5a7686e5aee08f506c686f4403	2	3	AAAAAQAAAAEAAAACAAAAAAAAAABi/B0L0JGythwN1lY0aypo19NHxvLCyO5tBEcCVvwF9wFjRXhdif/iAAAAAAAAAAMAAAAAAAAAAAAAAAAAAAAAAQAAAAAAAAAAAAAAAAAAAA==
677b1d851c14207ee539dc643027f72696f5fa95da2d668703f703aa4d559e2f	3	1	AAAAAQAAAAEAAAADAAAAAAAAAABuaCbVXZ2DlXWarV6UxwbW3GNJgpn3ASChIFp5bxSIWgAAAAJUC+P2AAAAAgAAAAEAAAAAAAAAAAAAAAAAAAAAAQAAAAAAAAAAAAAAAAAAAA==
a8db03f213fe5ebd47f5e3b86923a384212405ad406dfb3499f5aa3e56862256	3	2	AAAAAQAAAAEAAAADAAAAAAAAAACuo3ot45qCPExpQ/3oHN+z17Ryis1lfMFYmQWgruS+TAAAAAJUC+P2AAAAAgAAAAEAAAAAAAAAAAAAAAAAAAAAAQAAAAAAAAAAAAAAAAAAAA==
01a6984ef0e1c94b1f1d520b75604e55c4dd8ed8382879cc57d74fc3c02b12c7	3	3	AAAAAQAAAAEAAAADAAAAAAAAAABuaCbVXZ2DlXWarV6UxwbW3GNJgpn3ASChIFp5bxSIWgAAAAJUC+PsAAAAAgAAAAIAAAAAAAAAAAAAAAAAAAAAAQAAAAAAAAAAAAAAAAAAAA==
d93c97365c2184eb5766f76d38a2426c2f1ef4481a86b7b22114812f7875cd37	3	4	AAAAAQAAAAEAAAADAAAAAAAAAACuo3ot45qCPExpQ/3oHN+z17Ryis1lfMFYmQWgruS+TAAAAAJUC+PsAAAAAgAAAAIAAAAAAAAAAAAAAAAAAAAAAQAAAAAAAAAAAAAAAAAAAA==
5c0e8f3ac83b4fd584267101c5156520c4346f6caf90b8972863a0376ceaf4c7	4	1	AAAAAQAAAAEAAAAEAAAAAAAAAAC1uBdHoTugMvQtD7BhIL3Ne9dVPfGI+Ji5JvUO+ZAt7wAAAAJUC+P2AAAAAgAAAAEAAAAAAAAAAAAAAAAAAAAAAQAAAAAAAAAAAAAAAAAAAA==
eaf04cb483f0866d3c1a993e896785fc61376be5cb659ffdd74b049b50a4dbed	4	2	AAAAAQAAAAEAAAAEAAAAAAAAAAC1uBdHoTugMvQtD7BhIL3Ne9dVPfGI+Ji5JvUO+ZAt7wAAAAJUC+PsAAAAAgAAAAIAAAAAAAAAAAAAAAAAAAAAAQAAAAAAAAAAAAAAAAAAAA==
5687d82dfc36d805ddd0f3dbdb95d00b5e07bcf2b3bda4dd58e7e6bd470cd667	4	3	AAAAAQAAAAEAAAAEAAAAAAAAAAC1uBdHoTugMvQtD7BhIL3Ne9dVPfGI+Ji5JvUO+ZAt7wAAAAJUC+PiAAAAAgAAAAMAAAAAAAAAAAAAAAAAAAAAAQAAAAAAAAAAAAAAAAAAAA==
dafc387e3cd9c03a0a9a7c6409c18c31e9216590e79bdaf445c9bad73948541c	4	4	AAAAAQAAAAEAAAAEAAAAAAAAAAC1uBdHoTugMvQtD7BhIL3Ne9dVPfGI+Ji5JvUO+ZAt7wAAAAJUC+PYAAAAAgAAAAQAAAAAAAAAAAAAAAAAAAAAAQAAAAAAAAAAAAAAAAAAAA==
9c782cc818bca9efb894820e392eeabd04b836c7c598eff65a9fb4d53522e79f	5	1	AAAAAQAAAAEAAAAFAAAAAAAAAABuaCbVXZ2DlXWarV6UxwbW3GNJgpn3ASChIFp5bxSIWgAAAAJUC+PiAAAAAgAAAAMAAAACAAAAAAAAAAAAAAAAAQAAAAAAAAAAAAAAAAAAAA==
aa888b6e746f42f6ea800bc3d372eca119cda8ada4e229f25034b799c29fa812	5	2	AAAAAQAAAAEAAAAFAAAAAAAAAACuo3ot45qCPExpQ/3oHN+z17Ryis1lfMFYmQWgruS+TAAAAAJUC+PiAAAAAgAAAAMAAAACAAAAAAAAAAAAAAAAAQAAAAAAAAAAAAAAAAAAAA==
79470944a772d6f8ef634b05bc3a69cf508d627a41d61ca9eacbc07025d10f57	5	3	AAAAAQAAAAEAAAAFAAAAAAAAAACuo3ot45qCPExpQ/3oHN+z17Ryis1lfMFYmQWgruS+TAAAAAJUC+PYAAAAAgAAAAQAAAACAAAAAAAAAAAAAAAAAQAAAAAAAAAAAAAAAAAAAA==
a63ae7fd10840250176b37bba379c6709395806ba3335d9641007f949c4bc5fc	5	4	AAAAAQAAAAEAAAAFAAAAAAAAAABuaCbVXZ2DlXWarV6UxwbW3GNJgpn3ASChIFp5bxSIWgAAAAJUC+PYAAAAAgAAAAQAAAACAAAAAAAAAAAAAAAAAQAAAAAAAAAAAAAAAAAAAA==
a93ecfea77bdefb9587b6418e696d1f92a81636edd84e0aad4d287c13bb959cf	5	5	AAAAAQAAAAEAAAAFAAAAAAAAAACuo3ot45qCPExpQ/3oHN+z17Ryis1lfMFYmQWgruS+TAAAAAJUC+POAAAAAgAAAAUAAAACAAAAAAAAAAAAAAAAAQAAAAAAAAAAAAAAAAAAAA==
9d382451792efe4d7f1c91442edf8bf5c3d9593eb84d781a734657980a29692e	5	6	AAAAAQAAAAEAAAAFAAAAAAAAAABuaCbVXZ2DlXWarV6UxwbW3GNJgpn3ASChIFp5bxSIWgAAAAJUC+POAAAAAgAAAAUAAAACAAAAAAAAAAAAAAAAAQAAAAAAAAAAAAAAAAAAAA==
982b822b2474952da203efae3d650b47c3877e29ddb236ad1fcd18d23a9d3342	6	1	AAAAAQAAAAEAAAAGAAAAAAAAAABuaCbVXZ2DlXWarV6UxwbW3GNJgpn3ASChIFp5bxSIWgAAAAJUC+PEAAAAAgAAAAYAAAAFAAAAAAAAAAAAAAAAAQAAAAAAAAAAAAAAAAAAAA==
dbf44d130ee81d96a52ac128da876e36374e4e89cb1e9f64c1924e47c16fd436	6	2	AAAAAQAAAAEAAAAGAAAAAAAAAACuo3ot45qCPExpQ/3oHN+z17Ryis1lfMFYmQWgruS+TAAAAAJUC+PEAAAAAgAAAAYAAAAFAAAAAAAAAAAAAAAAAQAAAAAAAAAAAAAAAAAAAA==
af472487f00ea04237c4f2c1648df953740c3ad25ecbd6228a267f269bf0e8e4	6	3	AAAAAQAAAAEAAAAGAAAAAAAAAACuo3ot45qCPExpQ/3oHN+z17Ryis1lfMFYmQWgruS+TAAAAAJUC+O6AAAAAgAAAAcAAAAFAAAAAAAAAAAAAAAAAQAAAAAAAAAAAAAAAAAAAA==
517004b02cdcd1df3293877b3549b3308ad1ab0cfd8f446556c1e70ea0bdb87b	6	4	AAAAAQAAAAEAAAAGAAAAAAAAAABuaCbVXZ2DlXWarV6UxwbW3GNJgpn3ASChIFp5bxSIWgAAAAJUC+O6AAAAAgAAAAcAAAAFAAAAAAAAAAAAAAAAAQAAAAAAAAAAAAAAAAAAAA==
a3654dbe754174045747be7c9f9f8b64c3a83272b5ff21738fea115bfa7ff762	6	5	AAAAAQAAAAEAAAAGAAAAAAAAAACuo3ot45qCPExpQ/3oHN+z17Ryis1lfMFYmQWgruS+TAAAAAJUC+OwAAAAAgAAAAgAAAAFAAAAAAAAAAAAAAAAAQAAAAAAAAAAAAAAAAAAAA==
51da173888bce1c38409e11c74ebedca6114880628dd0c328a101b7ca57bdae8	6	6	AAAAAQAAAAEAAAAGAAAAAAAAAABuaCbVXZ2DlXWarV6UxwbW3GNJgpn3ASChIFp5bxSIWgAAAAJUC+OwAAAAAgAAAAgAAAAFAAAAAAAAAAAAAAAAAQAAAAAAAAAAAAAAAAAAAA==
\.


--
-- Data for Name: txhistory; Type: TABLE DATA; Schema: public; Owner: -
--

COPY txhistory (txid, ledgerseq, txindex, txbody, txresult, txmeta) FROM stdin;
613cf1045ea75a142e4d289d73ad8d72cd919a0b955ed056793f9c97cb676eb7	2	1	AAAAAGL8HQvQkbK2HA3WVjRrKmjX00fG8sLI7m0ERwJW/AX3AAAACgAAAAAAAAABAAAAAAAAAAAAAAABAAAAAAAAAAAAAAAAtbgXR6E7oDL0LQ+wYSC9zXvXVT3xiPiYuSb1DvmQLe8AAAACVAvkAAAAAAAAAAABVvwF9wAAAEBjfZBNlq8+84b7VgwIqfTWE4GMBs3CQV4+BkD6y9dYOXfo4nRst1WiLiffiEgYHl/flmY+aZP7rKozDZ4adfUP	YTzxBF6nWhQuTSidc62Ncs2RmguVXtBWeT+cl8tnbrcAAAAAAAAACgAAAAAAAAABAAAAAAAAAAAAAAAAAAAAAA==	AAAAAAAAAAEAAAACAAAAAAAAAAIAAAAAAAAAALW4F0ehO6Ay9C0PsGEgvc1711U98Yj4mLkm9Q75kC3vAAAAAlQL5AAAAAACAAAAAAAAAAAAAAAAAAAAAAAAAAABAAAAAAAAAAAAAAAAAAAAAAAAAQAAAAIAAAAAAAAAAGL8HQvQkbK2HA3WVjRrKmjX00fG8sLI7m0ERwJW/AX3AWNFdgl+G+IAAAAAAAAAAwAAAAAAAAAAAAAAAAAAAAABAAAAAAAAAAAAAAAAAAAA
f9a81883373ad48a8a00e347e97e0afc8d6bb8cb4adf1633293821aca0f355cf	2	2	AAAAAGL8HQvQkbK2HA3WVjRrKmjX00fG8sLI7m0ERwJW/AX3AAAACgAAAAAAAAACAAAAAAAAAAAAAAABAAAAAAAAAAAAAAAArqN6LeOagjxMaUP96Bzfs9e0corNZXzBWJkFoK7kvkwAAAACVAvkAAAAAAAAAAABVvwF9wAAAEC4725QQI1lrOTP0xA4xZL7VQRZYxrTLIM/YHQ1QOBa0+s6oBFdpWlks8IgzlulnvTQ84uekpsFScUwJaR9J30L	+agYgzc61IqKAONH6X4K/I1ruMtK3xYzKTghrKDzVc8AAAAAAAAACgAAAAAAAAABAAAAAAAAAAAAAAAAAAAAAA==	AAAAAAAAAAEAAAACAAAAAAAAAAIAAAAAAAAAAK6jei3jmoI8TGlD/egc37PXtHKKzWV8wViZBaCu5L5MAAAAAlQL5AAAAAACAAAAAAAAAAAAAAAAAAAAAAAAAAABAAAAAAAAAAAAAAAAAAAAAAAAAQAAAAIAAAAAAAAAAGL8HQvQkbK2HA3WVjRrKmjX00fG8sLI7m0ERwJW/AX3AWNFc7VyN+IAAAAAAAAAAwAAAAAAAAAAAAAAAAAAAAABAAAAAAAAAAAAAAAAAAAA
be40509b657bfe22db933a60fb3c8e23159e8a5a7686e5aee08f506c686f4403	2	3	AAAAAGL8HQvQkbK2HA3WVjRrKmjX00fG8sLI7m0ERwJW/AX3AAAACgAAAAAAAAADAAAAAAAAAAAAAAABAAAAAAAAAAAAAAAAbmgm1V2dg5V1mq1elMcG1txjSYKZ9wEgoSBaeW8UiFoAAAACVAvkAAAAAAAAAAABVvwF9wAAAEDjBxAycvuCHFDEJtkDjvmh+OUd/6Fa4vYcblHlAmvGHb796sOfh0LITtUu7A8pOsF54E1Yi/4+hCBbalAIc/oK	vkBQm2V7/iLbkzpg+zyOIxWeilp2huWu4I9QbGhvRAMAAAAAAAAACgAAAAAAAAABAAAAAAAAAAAAAAAAAAAAAA==	AAAAAAAAAAEAAAACAAAAAAAAAAIAAAAAAAAAAG5oJtVdnYOVdZqtXpTHBtbcY0mCmfcBIKEgWnlvFIhaAAAAAlQL5AAAAAACAAAAAAAAAAAAAAAAAAAAAAAAAAABAAAAAAAAAAAAAAAAAAAAAAAAAQAAAAIAAAAAAAAAAGL8HQvQkbK2HA3WVjRrKmjX00fG8sLI7m0ERwJW/AX3AWNFcWFmU+IAAAAAAAAAAwAAAAAAAAAAAAAAAAAAAAABAAAAAAAAAAAAAAAAAAAA
677b1d851c14207ee539dc643027f72696f5fa95da2d668703f703aa4d559e2f	3	1	AAAAAG5oJtVdnYOVdZqtXpTHBtbcY0mCmfcBIKEgWnlvFIhaAAAACgAAAAIAAAABAAAAAAAAAAAAAAABAAAAAAAAAAYAAAABVVNEAAAAAAC1uBdHoTugMvQtD7BhIL3Ne9dVPfGI+Ji5JvUO+ZAt73//////////AAAAAAAAAAFvFIhaAAAAQIiruYK4zIkyS4+gMOKFNAmE1/dfY6igM/JhSOWn0xowD0riYK8iYJ1R/rc/2/z0bjCTW6p28FF7EPJKF2P4AQ4=	Z3sdhRwUIH7lOdxkMCf3Jpb1+pXaLWaHA/cDqk1Vni8AAAAAAAAACgAAAAAAAAABAAAAAAAAAAYAAAAAAAAAAA==	AAAAAAAAAAEAAAACAAAAAAAAAAMAAAABAAAAAG5oJtVdnYOVdZqtXpTHBtbcY0mCmfcBIKEgWnlvFIhaAAAAAVVTRAAAAAAAtbgXR6E7oDL0LQ+wYSC9zXvXVT3xiPiYuSb1DvmQLe8AAAAAAAAAAH//////////AAAAAQAAAAAAAAAAAAAAAQAAAAMAAAAAAAAAAG5oJtVdnYOVdZqtXpTHBtbcY0mCmfcBIKEgWnlvFIhaAAAAAlQL4+wAAAACAAAAAgAAAAEAAAAAAAAAAAAAAAABAAAAAAAAAAAAAAAAAAAA
a8db03f213fe5ebd47f5e3b86923a384212405ad406dfb3499f5aa3e56862256	3	2	AAAAAK6jei3jmoI8TGlD/egc37PXtHKKzWV8wViZBaCu5L5MAAAACgAAAAIAAAABAAAAAAAAAAAAAAABAAAAAAAAAAYAAAABVVNEAAAAAAC1uBdHoTugMvQtD7BhIL3Ne9dVPfGI+Ji5JvUO+ZAt73//////////AAAAAAAAAAGu5L5MAAAAQC5fAydW9AJqKcCilC1Vo2f+LuWEaui1lHdb5q7HkAFU4dkMUIlgpibkGYlZqcypf4MCmw/Hu2c7BXuAEq4zbQk=	qNsD8hP+Xr1H9eO4aSOjhCEkBa1Abfs0mfWqPlaGIlYAAAAAAAAACgAAAAAAAAABAAAAAAAAAAYAAAAAAAAAAA==	AAAAAAAAAAEAAAACAAAAAAAAAAMAAAABAAAAAK6jei3jmoI8TGlD/egc37PXtHKKzWV8wViZBaCu5L5MAAAAAVVTRAAAAAAAtbgXR6E7oDL0LQ+wYSC9zXvXVT3xiPiYuSb1DvmQLe8AAAAAAAAAAH//////////AAAAAQAAAAAAAAAAAAAAAQAAAAMAAAAAAAAAAK6jei3jmoI8TGlD/egc37PXtHKKzWV8wViZBaCu5L5MAAAAAlQL4+wAAAACAAAAAgAAAAEAAAAAAAAAAAAAAAABAAAAAAAAAAAAAAAAAAAA
01a6984ef0e1c94b1f1d520b75604e55c4dd8ed8382879cc57d74fc3c02b12c7	3	3	AAAAAG5oJtVdnYOVdZqtXpTHBtbcY0mCmfcBIKEgWnlvFIhaAAAACgAAAAIAAAACAAAAAAAAAAAAAAABAAAAAAAAAAYAAAABQlRDAAAAAAC1uBdHoTugMvQtD7BhIL3Ne9dVPfGI+Ji5JvUO+ZAt73//////////AAAAAAAAAAFvFIhaAAAAQPdy9o5ImwpP+5o51FwmbB4LO7WbhWi2qTcXbCM2TUHxrbWJcPFFu8jtTbT4Azqp9Xtq3ptfxP+xCy3wVonOzgo=	AaaYTvDhyUsfHVILdWBOVcTdjtg4KHnMV9dPw8ArEscAAAAAAAAACgAAAAAAAAABAAAAAAAAAAYAAAAAAAAAAA==	AAAAAAAAAAEAAAACAAAAAAAAAAMAAAABAAAAAG5oJtVdnYOVdZqtXpTHBtbcY0mCmfcBIKEgWnlvFIhaAAAAAUJUQwAAAAAAtbgXR6E7oDL0LQ+wYSC9zXvXVT3xiPiYuSb1DvmQLe8AAAAAAAAAAH//////////AAAAAQAAAAAAAAAAAAAAAQAAAAMAAAAAAAAAAG5oJtVdnYOVdZqtXpTHBtbcY0mCmfcBIKEgWnlvFIhaAAAAAlQL4+wAAAACAAAAAgAAAAIAAAAAAAAAAAAAAAABAAAAAAAAAAAAAAAAAAAA
d93c97365c2184eb5766f76d38a2426c2f1ef4481a86b7b22114812f7875cd37	3	4	AAAAAK6jei3jmoI8TGlD/egc37PXtHKKzWV8wViZBaCu5L5MAAAACgAAAAIAAAACAAAAAAAAAAAAAAABAAAAAAAAAAYAAAABQlRDAAAAAAC1uBdHoTugMvQtD7BhIL3Ne9dVPfGI+Ji5JvUO+ZAt73//////////AAAAAAAAAAGu5L5MAAAAQDPTs37QgyPvZmERTbiiVsGBdpg/qveod1RK05e9HLC2lKb7z9V5mGC6+0iOlB8sJ+DhST2vJJKl0r6mMVin6wc=	2TyXNlwhhOtXZvdtOKJCbC8e9EgahreyIRSBL3h1zTcAAAAAAAAACgAAAAAAAAABAAAAAAAAAAYAAAAAAAAAAA==	AAAAAAAAAAEAAAACAAAAAAAAAAMAAAABAAAAAK6jei3jmoI8TGlD/egc37PXtHKKzWV8wViZBaCu5L5MAAAAAUJUQwAAAAAAtbgXR6E7oDL0LQ+wYSC9zXvXVT3xiPiYuSb1DvmQLe8AAAAAAAAAAH//////////AAAAAQAAAAAAAAAAAAAAAQAAAAMAAAAAAAAAAK6jei3jmoI8TGlD/egc37PXtHKKzWV8wViZBaCu5L5MAAAAAlQL4+wAAAACAAAAAgAAAAIAAAAAAAAAAAAAAAABAAAAAAAAAAAAAAAAAAAA
5c0e8f3ac83b4fd584267101c5156520c4346f6caf90b8972863a0376ceaf4c7	4	1	AAAAALW4F0ehO6Ay9C0PsGEgvc1711U98Yj4mLkm9Q75kC3vAAAACgAAAAIAAAABAAAAAAAAAAAAAAABAAAAAAAAAAEAAAAArqN6LeOagjxMaUP96Bzfs9e0corNZXzBWJkFoK7kvkwAAAABVVNEAAAAAAC1uBdHoTugMvQtD7BhIL3Ne9dVPfGI+Ji5JvUO+ZAt7wAAAAukO3QAAAAAAAAAAAH5kC3vAAAAQHYrQQb35Os1g/Bq0HmBYFyNSnysKfMMCYvY/X3jkEkluy/OS4Nnbg45Bh8DnLBm7VssfM+4/nIiBI/ukhJvqQ4=	XA6POsg7T9WEJnEBxRVlIMQ0b2yvkLiXKGOgN2zq9McAAAAAAAAACgAAAAAAAAABAAAAAAAAAAEAAAAAAAAAAA==	AAAAAAAAAAEAAAABAAAAAQAAAAQAAAABAAAAAK6jei3jmoI8TGlD/egc37PXtHKKzWV8wViZBaCu5L5MAAAAAVVTRAAAAAAAtbgXR6E7oDL0LQ+wYSC9zXvXVT3xiPiYuSb1DvmQLe8AAAALpDt0AH//////////AAAAAQAAAAAAAAAA
eaf04cb483f0866d3c1a993e896785fc61376be5cb659ffdd74b049b50a4dbed	4	2	AAAAALW4F0ehO6Ay9C0PsGEgvc1711U98Yj4mLkm9Q75kC3vAAAACgAAAAIAAAACAAAAAAAAAAAAAAABAAAAAAAAAAEAAAAAbmgm1V2dg5V1mq1elMcG1txjSYKZ9wEgoSBaeW8UiFoAAAABVVNEAAAAAAC1uBdHoTugMvQtD7BhIL3Ne9dVPfGI+Ji5JvUO+ZAt7wAAAAukO3QAAAAAAAAAAAH5kC3vAAAAQB29CwQc47jLLRlWEprI0pCsg3k/uVl0RpKkFu8/zFYuWkUW0vtrk252lFwcxwW5qvbImIsTzYTLV6NTvFmWkQ4=	6vBMtIPwhm08Gpk+iWeF/GE3a+XLZZ/910sEm1Ck2+0AAAAAAAAACgAAAAAAAAABAAAAAAAAAAEAAAAAAAAAAA==	AAAAAAAAAAEAAAABAAAAAQAAAAQAAAABAAAAAG5oJtVdnYOVdZqtXpTHBtbcY0mCmfcBIKEgWnlvFIhaAAAAAVVTRAAAAAAAtbgXR6E7oDL0LQ+wYSC9zXvXVT3xiPiYuSb1DvmQLe8AAAALpDt0AH//////////AAAAAQAAAAAAAAAA
5687d82dfc36d805ddd0f3dbdb95d00b5e07bcf2b3bda4dd58e7e6bd470cd667	4	3	AAAAALW4F0ehO6Ay9C0PsGEgvc1711U98Yj4mLkm9Q75kC3vAAAACgAAAAIAAAADAAAAAAAAAAAAAAABAAAAAAAAAAEAAAAArqN6LeOagjxMaUP96Bzfs9e0corNZXzBWJkFoK7kvkwAAAABQlRDAAAAAAC1uBdHoTugMvQtD7BhIL3Ne9dVPfGI+Ji5JvUO+ZAt7wAAAAukO3QAAAAAAAAAAAH5kC3vAAAAQC/iPrNLvz2hU+KDx8eNlyj13LOCsrFI1PCq9kiOXfpvCrpH/QWDZjShZT79RNygLi6pPvmu1Jkb72kMqXkowws=	VofYLfw22AXd0PPb25XQC14HvPKzvaTdWOfmvUcM1mcAAAAAAAAACgAAAAAAAAABAAAAAAAAAAEAAAAAAAAAAA==	AAAAAAAAAAEAAAABAAAAAQAAAAQAAAABAAAAAK6jei3jmoI8TGlD/egc37PXtHKKzWV8wViZBaCu5L5MAAAAAUJUQwAAAAAAtbgXR6E7oDL0LQ+wYSC9zXvXVT3xiPiYuSb1DvmQLe8AAAALpDt0AH//////////AAAAAQAAAAAAAAAA
dafc387e3cd9c03a0a9a7c6409c18c31e9216590e79bdaf445c9bad73948541c	4	4	AAAAALW4F0ehO6Ay9C0PsGEgvc1711U98Yj4mLkm9Q75kC3vAAAACgAAAAIAAAAEAAAAAAAAAAAAAAABAAAAAAAAAAEAAAAAbmgm1V2dg5V1mq1elMcG1txjSYKZ9wEgoSBaeW8UiFoAAAABQlRDAAAAAAC1uBdHoTugMvQtD7BhIL3Ne9dVPfGI+Ji5JvUO+ZAt7wAAAAukO3QAAAAAAAAAAAH5kC3vAAAAQODIlUy+MaHbWx7n0LOHnH9x3yApUZJBuxhi3fDB9sEhDe3VCsLGdbqUGjk5yipPr3ujweSF10YYodYCnIkMtAQ=	2vw4fjzZwDoKmnxkCcGMMekhZZDnm9r0Rcm61zlIVBwAAAAAAAAACgAAAAAAAAABAAAAAAAAAAEAAAAAAAAAAA==	AAAAAAAAAAEAAAABAAAAAQAAAAQAAAABAAAAAG5oJtVdnYOVdZqtXpTHBtbcY0mCmfcBIKEgWnlvFIhaAAAAAUJUQwAAAAAAtbgXR6E7oDL0LQ+wYSC9zXvXVT3xiPiYuSb1DvmQLe8AAAALpDt0AH//////////AAAAAQAAAAAAAAAA
9c782cc818bca9efb894820e392eeabd04b836c7c598eff65a9fb4d53522e79f	5	1	AAAAAG5oJtVdnYOVdZqtXpTHBtbcY0mCmfcBIKEgWnlvFIhaAAAACgAAAAIAAAADAAAAAAAAAAAAAAABAAAAAAAAAAMAAAABVVNEAAAAAAC1uBdHoTugMvQtD7BhIL3Ne9dVPfGI+Ji5JvUO+ZAt7wAAAAAAAAAABfXhAAAAAA8AAAABAAAAAAAAAAAAAAAAAAAAAW8UiFoAAABAPYHI6J6Jhj7Hq29bStG7FpUQIqJ54stsJB16Jix+WhHgmqwHXX8eKFUaosFbNdkAVIE2PWqzOspLLbVKWVzZAg==	nHgsyBi8qe+4lIIOOS7qvQS4NsfFmO/2Wp+01TUi558AAAAAAAAACgAAAAAAAAABAAAAAAAAAAMAAAAAAAAAAAAAAAAAAAAAbmgm1V2dg5V1mq1elMcG1txjSYKZ9wEgoSBaeW8UiFoAAAAAAAAAAQAAAAFVU0QAAAAAALW4F0ehO6Ay9C0PsGEgvc1711U98Yj4mLkm9Q75kC3vAAAAAAAAAAAF9eEAAAAADwAAAAEAAAAAAAAAAAAAAAA=	AAAAAAAAAAEAAAACAAAAAAAAAAUAAAACAAAAAG5oJtVdnYOVdZqtXpTHBtbcY0mCmfcBIKEgWnlvFIhaAAAAAAAAAAEAAAABVVNEAAAAAAC1uBdHoTugMvQtD7BhIL3Ne9dVPfGI+Ji5JvUO+ZAt7wAAAAAAAAAABfXhAAAAAA8AAAABAAAAAAAAAAAAAAAAAAAAAQAAAAUAAAAAAAAAAG5oJtVdnYOVdZqtXpTHBtbcY0mCmfcBIKEgWnlvFIhaAAAAAlQL484AAAACAAAABQAAAAMAAAAAAAAAAAAAAAABAAAAAAAAAAAAAAAAAAAA
aa888b6e746f42f6ea800bc3d372eca119cda8ada4e229f25034b799c29fa812	5	2	AAAAAK6jei3jmoI8TGlD/egc37PXtHKKzWV8wViZBaCu5L5MAAAACgAAAAIAAAADAAAAAAAAAAAAAAABAAAAAAAAAAMAAAAAAAAAAVVTRAAAAAAAtbgXR6E7oDL0LQ+wYSC9zXvXVT3xiPiYuSb1DvmQLe8AAAAAAJiWgAAAAAEAAAAKAAAAAAAAAAAAAAAAAAAAAa7kvkwAAABACJZyAh1HlW8P5e4PI+coDWgBDvvbuDQOhYalQB13VbFB4CL+xRGtJrRkBjUk9GzzRolIa+4Pa6JBYUEok3A7AA==	qoiLbnRvQvbqgAvD03LsoRnNqK2k4inyUDS3mcKfqBIAAAAAAAAACgAAAAAAAAABAAAAAAAAAAMAAAAAAAAAAAAAAAAAAAAArqN6LeOagjxMaUP96Bzfs9e0corNZXzBWJkFoK7kvkwAAAAAAAAAAgAAAAAAAAABVVNEAAAAAAC1uBdHoTugMvQtD7BhIL3Ne9dVPfGI+Ji5JvUO+ZAt7wAAAAAAmJaAAAAAAQAAAAoAAAAAAAAAAAAAAAA=	AAAAAAAAAAEAAAACAAAAAAAAAAUAAAACAAAAAK6jei3jmoI8TGlD/egc37PXtHKKzWV8wViZBaCu5L5MAAAAAAAAAAIAAAAAAAAAAVVTRAAAAAAAtbgXR6E7oDL0LQ+wYSC9zXvXVT3xiPiYuSb1DvmQLe8AAAAAAJiWgAAAAAEAAAAKAAAAAAAAAAAAAAAAAAAAAQAAAAUAAAAAAAAAAK6jei3jmoI8TGlD/egc37PXtHKKzWV8wViZBaCu5L5MAAAAAlQL484AAAACAAAABQAAAAMAAAAAAAAAAAAAAAABAAAAAAAAAAAAAAAAAAAA
79470944a772d6f8ef634b05bc3a69cf508d627a41d61ca9eacbc07025d10f57	5	3	AAAAAK6jei3jmoI8TGlD/egc37PXtHKKzWV8wViZBaCu5L5MAAAACgAAAAIAAAAEAAAAAAAAAAAAAAABAAAAAAAAAAMAAAAAAAAAAVVTRAAAAAAAtbgXR6E7oDL0LQ+wYSC9zXvXVT3xiPiYuSb1DvmQLe8AAAAABo53gAAAAAEAAAAJAAAAAAAAAAAAAAAAAAAAAa7kvkwAAABAxdF1S29VVQjndSoKbCOCezrAGcJaShojuDEIr6EuzQvfTQTIaMbEDlxHd5T2utgTidDPCqVVh2En3brlLEuLDg==	eUcJRKdy1vjvY0sFvDppz1CNYnpB1hyp6svAcCXRD1cAAAAAAAAACgAAAAAAAAABAAAAAAAAAAMAAAAAAAAAAAAAAAAAAAAArqN6LeOagjxMaUP96Bzfs9e0corNZXzBWJkFoK7kvkwAAAAAAAAAAwAAAAAAAAABVVNEAAAAAAC1uBdHoTugMvQtD7BhIL3Ne9dVPfGI+Ji5JvUO+ZAt7wAAAAAGjneAAAAAAQAAAAkAAAAAAAAAAAAAAAA=	AAAAAAAAAAEAAAACAAAAAAAAAAUAAAACAAAAAK6jei3jmoI8TGlD/egc37PXtHKKzWV8wViZBaCu5L5MAAAAAAAAAAMAAAAAAAAAAVVTRAAAAAAAtbgXR6E7oDL0LQ+wYSC9zXvXVT3xiPiYuSb1DvmQLe8AAAAABo53gAAAAAEAAAAJAAAAAAAAAAAAAAAAAAAAAQAAAAUAAAAAAAAAAK6jei3jmoI8TGlD/egc37PXtHKKzWV8wViZBaCu5L5MAAAAAlQL484AAAACAAAABQAAAAQAAAAAAAAAAAAAAAABAAAAAAAAAAAAAAAAAAAA
a63ae7fd10840250176b37bba379c6709395806ba3335d9641007f949c4bc5fc	5	4	AAAAAG5oJtVdnYOVdZqtXpTHBtbcY0mCmfcBIKEgWnlvFIhaAAAACgAAAAIAAAAEAAAAAAAAAAAAAAABAAAAAAAAAAMAAAABVVNEAAAAAAC1uBdHoTugMvQtD7BhIL3Ne9dVPfGI+Ji5JvUO+ZAt7wAAAAAAAAAAO5rKAAAAABQAAAABAAAAAAAAAAAAAAAAAAAAAW8UiFoAAABA9qhWTZcGHlNNAMI0HddWhKUQjQ9fsGczr/LMwS9g4TrmedwyC1gK/REpyeZsXWPAJM51HH8m1BQ7r98bYyJfBA==	pjrn/RCEAlAXaze7o3nGcJOVgGujM12WQQB/lJxLxfwAAAAAAAAACgAAAAAAAAABAAAAAAAAAAMAAAAAAAAAAAAAAAAAAAAAbmgm1V2dg5V1mq1elMcG1txjSYKZ9wEgoSBaeW8UiFoAAAAAAAAABAAAAAFVU0QAAAAAALW4F0ehO6Ay9C0PsGEgvc1711U98Yj4mLkm9Q75kC3vAAAAAAAAAAA7msoAAAAAFAAAAAEAAAAAAAAAAAAAAAA=	AAAAAAAAAAEAAAACAAAAAAAAAAUAAAACAAAAAG5oJtVdnYOVdZqtXpTHBtbcY0mCmfcBIKEgWnlvFIhaAAAAAAAAAAQAAAABVVNEAAAAAAC1uBdHoTugMvQtD7BhIL3Ne9dVPfGI+Ji5JvUO+ZAt7wAAAAAAAAAAO5rKAAAAABQAAAABAAAAAAAAAAAAAAAAAAAAAQAAAAUAAAAAAAAAAG5oJtVdnYOVdZqtXpTHBtbcY0mCmfcBIKEgWnlvFIhaAAAAAlQL484AAAACAAAABQAAAAQAAAAAAAAAAAAAAAABAAAAAAAAAAAAAAAAAAAA
a93ecfea77bdefb9587b6418e696d1f92a81636edd84e0aad4d287c13bb959cf	5	5	AAAAAK6jei3jmoI8TGlD/egc37PXtHKKzWV8wViZBaCu5L5MAAAACgAAAAIAAAAFAAAAAAAAAAAAAAABAAAAAAAAAAMAAAAAAAAAAVVTRAAAAAAAtbgXR6E7oDL0LQ+wYSC9zXvXVT3xiPiYuSb1DvmQLe8AAAAAdzWUAAAAAAEAAAAFAAAAAAAAAAAAAAAAAAAAAa7kvkwAAABAGTS/xDEX4ksI5YmWX1jv3Uygj34LpC9sRBHuLQGyiCs87PEYq3JV56ogdVZcn3vImZRMvzi3SHwFY1nt/JQHAQ==	qT7P6ne977lYe2QY5pbR+SqBY27dhOCq1NKHwTu5Wc8AAAAAAAAACgAAAAAAAAABAAAAAAAAAAMAAAAAAAAAAAAAAAAAAAAArqN6LeOagjxMaUP96Bzfs9e0corNZXzBWJkFoK7kvkwAAAAAAAAABQAAAAAAAAABVVNEAAAAAAC1uBdHoTugMvQtD7BhIL3Ne9dVPfGI+Ji5JvUO+ZAt7wAAAAB3NZQAAAAAAQAAAAUAAAAAAAAAAAAAAAA=	AAAAAAAAAAEAAAACAAAAAAAAAAUAAAACAAAAAK6jei3jmoI8TGlD/egc37PXtHKKzWV8wViZBaCu5L5MAAAAAAAAAAUAAAAAAAAAAVVTRAAAAAAAtbgXR6E7oDL0LQ+wYSC9zXvXVT3xiPiYuSb1DvmQLe8AAAAAdzWUAAAAAAEAAAAFAAAAAAAAAAAAAAAAAAAAAQAAAAUAAAAAAAAAAK6jei3jmoI8TGlD/egc37PXtHKKzWV8wViZBaCu5L5MAAAAAlQL484AAAACAAAABQAAAAUAAAAAAAAAAAAAAAABAAAAAAAAAAAAAAAAAAAA
9d382451792efe4d7f1c91442edf8bf5c3d9593eb84d781a734657980a29692e	5	6	AAAAAG5oJtVdnYOVdZqtXpTHBtbcY0mCmfcBIKEgWnlvFIhaAAAACgAAAAIAAAAFAAAAAAAAAAAAAAABAAAAAAAAAAMAAAABVVNEAAAAAAC1uBdHoTugMvQtD7BhIL3Ne9dVPfGI+Ji5JvUO+ZAt7wAAAAAAAAACVAvkAAAAADIAAAABAAAAAAAAAAAAAAAAAAAAAW8UiFoAAABA3ajGgtUxI0HugPHSaMg9GSCLBdOZw3Z7GWnRbrPS019Vqy2P8IjU3WCmfuPL98/tiTjF5T3U2I9PdHZMWwxvAA==	nTgkUXku/k1/HJFELt+L9cPZWT64TXgac0ZXmAopaS4AAAAAAAAACgAAAAAAAAABAAAAAAAAAAMAAAAAAAAAAAAAAAAAAAAAbmgm1V2dg5V1mq1elMcG1txjSYKZ9wEgoSBaeW8UiFoAAAAAAAAABgAAAAFVU0QAAAAAALW4F0ehO6Ay9C0PsGEgvc1711U98Yj4mLkm9Q75kC3vAAAAAAAAAAJUC+QAAAAAMgAAAAEAAAAAAAAAAAAAAAA=	AAAAAAAAAAEAAAACAAAAAAAAAAUAAAACAAAAAG5oJtVdnYOVdZqtXpTHBtbcY0mCmfcBIKEgWnlvFIhaAAAAAAAAAAYAAAABVVNEAAAAAAC1uBdHoTugMvQtD7BhIL3Ne9dVPfGI+Ji5JvUO+ZAt7wAAAAAAAAACVAvkAAAAADIAAAABAAAAAAAAAAAAAAAAAAAAAQAAAAUAAAAAAAAAAG5oJtVdnYOVdZqtXpTHBtbcY0mCmfcBIKEgWnlvFIhaAAAAAlQL484AAAACAAAABQAAAAUAAAAAAAAAAAAAAAABAAAAAAAAAAAAAAAAAAAA
982b822b2474952da203efae3d650b47c3877e29ddb236ad1fcd18d23a9d3342	6	1	AAAAAG5oJtVdnYOVdZqtXpTHBtbcY0mCmfcBIKEgWnlvFIhaAAAACgAAAAIAAAAGAAAAAAAAAAAAAAABAAAAAAAAAAMAAAABVVNEAAAAAAC1uBdHoTugMvQtD7BhIL3Ne9dVPfGI+Ji5JvUO+ZAt7wAAAAFCVEMAAAAAALW4F0ehO6Ay9C0PsGEgvc1711U98Yj4mLkm9Q75kC3vAAAAAAX14QAAAAAPAAAAAQAAAAAAAAAAAAAAAAAAAAFvFIhaAAAAQJ46/86ms8G9528nUSzuFd5/ppUqoHPNf3Kkw2MBLS5tPCY2XFgbfn4JPASnsMjgvpdsMT0Do63w45f/qYzuTQE=	mCuCKyR0lS2iA++uPWULR8OHfindsjatH80Y0jqdM0IAAAAAAAAACgAAAAAAAAABAAAAAAAAAAMAAAAAAAAAAAAAAAAAAAAAbmgm1V2dg5V1mq1elMcG1txjSYKZ9wEgoSBaeW8UiFoAAAAAAAAABwAAAAFVU0QAAAAAALW4F0ehO6Ay9C0PsGEgvc1711U98Yj4mLkm9Q75kC3vAAAAAUJUQwAAAAAAtbgXR6E7oDL0LQ+wYSC9zXvXVT3xiPiYuSb1DvmQLe8AAAAABfXhAAAAAA8AAAABAAAAAAAAAAAAAAAA	AAAAAAAAAAEAAAACAAAAAAAAAAYAAAACAAAAAG5oJtVdnYOVdZqtXpTHBtbcY0mCmfcBIKEgWnlvFIhaAAAAAAAAAAcAAAABVVNEAAAAAAC1uBdHoTugMvQtD7BhIL3Ne9dVPfGI+Ji5JvUO+ZAt7wAAAAFCVEMAAAAAALW4F0ehO6Ay9C0PsGEgvc1711U98Yj4mLkm9Q75kC3vAAAAAAX14QAAAAAPAAAAAQAAAAAAAAAAAAAAAAAAAAEAAAAGAAAAAAAAAABuaCbVXZ2DlXWarV6UxwbW3GNJgpn3ASChIFp5bxSIWgAAAAJUC+OwAAAAAgAAAAgAAAAGAAAAAAAAAAAAAAAAAQAAAAAAAAAAAAAAAAAAAA==
dbf44d130ee81d96a52ac128da876e36374e4e89cb1e9f64c1924e47c16fd436	6	2	AAAAAK6jei3jmoI8TGlD/egc37PXtHKKzWV8wViZBaCu5L5MAAAACgAAAAIAAAAGAAAAAAAAAAAAAAABAAAAAAAAAAMAAAABQlRDAAAAAAC1uBdHoTugMvQtD7BhIL3Ne9dVPfGI+Ji5JvUO+ZAt7wAAAAFVU0QAAAAAALW4F0ehO6Ay9C0PsGEgvc1711U98Yj4mLkm9Q75kC3vAAAAAACYloAAAAABAAAACgAAAAAAAAAAAAAAAAAAAAGu5L5MAAAAQJy3/c8gA8O3GNRbRfLqOLC9OvY6S2fxsPFKCEuHb9cwVSQHmQI7wSPfajZ08EhdxeqQUadnpstuyzrMGltTagw=	2/RNEw7oHZalKsEo2oduNjdOTonLHp9kwZJOR8Fv1DYAAAAAAAAACgAAAAAAAAABAAAAAAAAAAMAAAAAAAAAAAAAAAAAAAAArqN6LeOagjxMaUP96Bzfs9e0corNZXzBWJkFoK7kvkwAAAAAAAAACAAAAAFCVEMAAAAAALW4F0ehO6Ay9C0PsGEgvc1711U98Yj4mLkm9Q75kC3vAAAAAVVTRAAAAAAAtbgXR6E7oDL0LQ+wYSC9zXvXVT3xiPiYuSb1DvmQLe8AAAAAAJiWgAAAAAEAAAAKAAAAAAAAAAAAAAAA	AAAAAAAAAAEAAAACAAAAAAAAAAYAAAACAAAAAK6jei3jmoI8TGlD/egc37PXtHKKzWV8wViZBaCu5L5MAAAAAAAAAAgAAAABQlRDAAAAAAC1uBdHoTugMvQtD7BhIL3Ne9dVPfGI+Ji5JvUO+ZAt7wAAAAFVU0QAAAAAALW4F0ehO6Ay9C0PsGEgvc1711U98Yj4mLkm9Q75kC3vAAAAAACYloAAAAABAAAACgAAAAAAAAAAAAAAAAAAAAEAAAAGAAAAAAAAAACuo3ot45qCPExpQ/3oHN+z17Ryis1lfMFYmQWgruS+TAAAAAJUC+OwAAAAAgAAAAgAAAAGAAAAAAAAAAAAAAAAAQAAAAAAAAAAAAAAAAAAAA==
af472487f00ea04237c4f2c1648df953740c3ad25ecbd6228a267f269bf0e8e4	6	3	AAAAAK6jei3jmoI8TGlD/egc37PXtHKKzWV8wViZBaCu5L5MAAAACgAAAAIAAAAHAAAAAAAAAAAAAAABAAAAAAAAAAMAAAABQlRDAAAAAAC1uBdHoTugMvQtD7BhIL3Ne9dVPfGI+Ji5JvUO+ZAt7wAAAAFVU0QAAAAAALW4F0ehO6Ay9C0PsGEgvc1711U98Yj4mLkm9Q75kC3vAAAAAAaOd4AAAAABAAAACQAAAAAAAAAAAAAAAAAAAAGu5L5MAAAAQL+TE2ACjM+TDK1QwCWXQDnON2q3dxq2DzxSUztrqzl1ZJJeebo8XrYovlqELqt9PPZ2nuPnRwbdOn8vZLhrgA8=	r0ckh/AOoEI3xPLBZI35U3QMOtJey9YiiiZ/Jpvw6OQAAAAAAAAACgAAAAAAAAABAAAAAAAAAAMAAAAAAAAAAAAAAAAAAAAArqN6LeOagjxMaUP96Bzfs9e0corNZXzBWJkFoK7kvkwAAAAAAAAACQAAAAFCVEMAAAAAALW4F0ehO6Ay9C0PsGEgvc1711U98Yj4mLkm9Q75kC3vAAAAAVVTRAAAAAAAtbgXR6E7oDL0LQ+wYSC9zXvXVT3xiPiYuSb1DvmQLe8AAAAABo53gAAAAAEAAAAJAAAAAAAAAAAAAAAA	AAAAAAAAAAEAAAACAAAAAAAAAAYAAAACAAAAAK6jei3jmoI8TGlD/egc37PXtHKKzWV8wViZBaCu5L5MAAAAAAAAAAkAAAABQlRDAAAAAAC1uBdHoTugMvQtD7BhIL3Ne9dVPfGI+Ji5JvUO+ZAt7wAAAAFVU0QAAAAAALW4F0ehO6Ay9C0PsGEgvc1711U98Yj4mLkm9Q75kC3vAAAAAAaOd4AAAAABAAAACQAAAAAAAAAAAAAAAAAAAAEAAAAGAAAAAAAAAACuo3ot45qCPExpQ/3oHN+z17Ryis1lfMFYmQWgruS+TAAAAAJUC+OwAAAAAgAAAAgAAAAHAAAAAAAAAAAAAAAAAQAAAAAAAAAAAAAAAAAAAA==
517004b02cdcd1df3293877b3549b3308ad1ab0cfd8f446556c1e70ea0bdb87b	6	4	AAAAAG5oJtVdnYOVdZqtXpTHBtbcY0mCmfcBIKEgWnlvFIhaAAAACgAAAAIAAAAHAAAAAAAAAAAAAAABAAAAAAAAAAMAAAABVVNEAAAAAAC1uBdHoTugMvQtD7BhIL3Ne9dVPfGI+Ji5JvUO+ZAt7wAAAAFCVEMAAAAAALW4F0ehO6Ay9C0PsGEgvc1711U98Yj4mLkm9Q75kC3vAAAAADuaygAAAAAUAAAAAQAAAAAAAAAAAAAAAAAAAAFvFIhaAAAAQLIvwko1R27twY8A0iTfoibcWFlZB+9nrSLdzqpijspCXYxZltrH7J1HpZDBP6T8c1ekAMu4tVZZNTFcBGzGwQ0=	UXAEsCzc0d8yk4d7NUmzMIrRqwz9j0RlVsHnDqC9uHsAAAAAAAAACgAAAAAAAAABAAAAAAAAAAMAAAAAAAAAAAAAAAAAAAAAbmgm1V2dg5V1mq1elMcG1txjSYKZ9wEgoSBaeW8UiFoAAAAAAAAACgAAAAFVU0QAAAAAALW4F0ehO6Ay9C0PsGEgvc1711U98Yj4mLkm9Q75kC3vAAAAAUJUQwAAAAAAtbgXR6E7oDL0LQ+wYSC9zXvXVT3xiPiYuSb1DvmQLe8AAAAAO5rKAAAAABQAAAABAAAAAAAAAAAAAAAA	AAAAAAAAAAEAAAACAAAAAAAAAAYAAAACAAAAAG5oJtVdnYOVdZqtXpTHBtbcY0mCmfcBIKEgWnlvFIhaAAAAAAAAAAoAAAABVVNEAAAAAAC1uBdHoTugMvQtD7BhIL3Ne9dVPfGI+Ji5JvUO+ZAt7wAAAAFCVEMAAAAAALW4F0ehO6Ay9C0PsGEgvc1711U98Yj4mLkm9Q75kC3vAAAAADuaygAAAAAUAAAAAQAAAAAAAAAAAAAAAAAAAAEAAAAGAAAAAAAAAABuaCbVXZ2DlXWarV6UxwbW3GNJgpn3ASChIFp5bxSIWgAAAAJUC+OwAAAAAgAAAAgAAAAHAAAAAAAAAAAAAAAAAQAAAAAAAAAAAAAAAAAAAA==
a3654dbe754174045747be7c9f9f8b64c3a83272b5ff21738fea115bfa7ff762	6	5	AAAAAK6jei3jmoI8TGlD/egc37PXtHKKzWV8wViZBaCu5L5MAAAACgAAAAIAAAAIAAAAAAAAAAAAAAABAAAAAAAAAAMAAAABQlRDAAAAAAC1uBdHoTugMvQtD7BhIL3Ne9dVPfGI+Ji5JvUO+ZAt7wAAAAFVU0QAAAAAALW4F0ehO6Ay9C0PsGEgvc1711U98Yj4mLkm9Q75kC3vAAAAAHc1lAAAAAABAAAABQAAAAAAAAAAAAAAAAAAAAGu5L5MAAAAQDJYb7c6W4t34TzRQ+lqsW5Q2vqNNIJyLXSnaD28ANFzOLOoT9+a1Irunc+b+IAjrZWsaQY79v8soBMGhXmw4Qg=	o2VNvnVBdARXR758n5+LZMOoMnK1/yFzj+oRW/p/92IAAAAAAAAACgAAAAAAAAABAAAAAAAAAAMAAAAAAAAAAAAAAAAAAAAArqN6LeOagjxMaUP96Bzfs9e0corNZXzBWJkFoK7kvkwAAAAAAAAACwAAAAFCVEMAAAAAALW4F0ehO6Ay9C0PsGEgvc1711U98Yj4mLkm9Q75kC3vAAAAAVVTRAAAAAAAtbgXR6E7oDL0LQ+wYSC9zXvXVT3xiPiYuSb1DvmQLe8AAAAAdzWUAAAAAAEAAAAFAAAAAAAAAAAAAAAA	AAAAAAAAAAEAAAACAAAAAAAAAAYAAAACAAAAAK6jei3jmoI8TGlD/egc37PXtHKKzWV8wViZBaCu5L5MAAAAAAAAAAsAAAABQlRDAAAAAAC1uBdHoTugMvQtD7BhIL3Ne9dVPfGI+Ji5JvUO+ZAt7wAAAAFVU0QAAAAAALW4F0ehO6Ay9C0PsGEgvc1711U98Yj4mLkm9Q75kC3vAAAAAHc1lAAAAAABAAAABQAAAAAAAAAAAAAAAAAAAAEAAAAGAAAAAAAAAACuo3ot45qCPExpQ/3oHN+z17Ryis1lfMFYmQWgruS+TAAAAAJUC+OwAAAAAgAAAAgAAAAIAAAAAAAAAAAAAAAAAQAAAAAAAAAAAAAAAAAAAA==
51da173888bce1c38409e11c74ebedca6114880628dd0c328a101b7ca57bdae8	6	6	AAAAAG5oJtVdnYOVdZqtXpTHBtbcY0mCmfcBIKEgWnlvFIhaAAAACgAAAAIAAAAIAAAAAAAAAAAAAAABAAAAAAAAAAMAAAABVVNEAAAAAAC1uBdHoTugMvQtD7BhIL3Ne9dVPfGI+Ji5JvUO+ZAt7wAAAAFCVEMAAAAAALW4F0ehO6Ay9C0PsGEgvc1711U98Yj4mLkm9Q75kC3vAAAAAlQL5AAAAAAyAAAAAQAAAAAAAAAAAAAAAAAAAAFvFIhaAAAAQHB9eCe2pllkipp/LHfL+j6ge1FrRpGwTDL6/8ESBiSlNEr59Knb/E8Qm+I5lr701QcRKkUkFbSb+y0/2xgIkwA=	UdoXOIi84cOECeEcdOvtymEUiAYo3QwyihAbfKV72ugAAAAAAAAACgAAAAAAAAABAAAAAAAAAAMAAAAAAAAAAAAAAAAAAAAAbmgm1V2dg5V1mq1elMcG1txjSYKZ9wEgoSBaeW8UiFoAAAAAAAAADAAAAAFVU0QAAAAAALW4F0ehO6Ay9C0PsGEgvc1711U98Yj4mLkm9Q75kC3vAAAAAUJUQwAAAAAAtbgXR6E7oDL0LQ+wYSC9zXvXVT3xiPiYuSb1DvmQLe8AAAACVAvkAAAAADIAAAABAAAAAAAAAAAAAAAA	AAAAAAAAAAEAAAACAAAAAAAAAAYAAAACAAAAAG5oJtVdnYOVdZqtXpTHBtbcY0mCmfcBIKEgWnlvFIhaAAAAAAAAAAwAAAABVVNEAAAAAAC1uBdHoTugMvQtD7BhIL3Ne9dVPfGI+Ji5JvUO+ZAt7wAAAAFCVEMAAAAAALW4F0ehO6Ay9C0PsGEgvc1711U98Yj4mLkm9Q75kC3vAAAAAlQL5AAAAAAyAAAAAQAAAAAAAAAAAAAAAAAAAAEAAAAGAAAAAAAAAABuaCbVXZ2DlXWarV6UxwbW3GNJgpn3ASChIFp5bxSIWgAAAAJUC+OwAAAAAgAAAAgAAAAIAAAAAAAAAAAAAAAAAQAAAAAAAAAAAAAAAAAAAA==
\.


--
-- Name: accounts_pkey; Type: CONSTRAINT; Schema: public; Owner: -; Tablespace: 
--

ALTER TABLE ONLY accounts
    ADD CONSTRAINT accounts_pkey PRIMARY KEY (accountid);


--
-- Name: ledgerheaders_ledgerseq_key; Type: CONSTRAINT; Schema: public; Owner: -; Tablespace: 
--

ALTER TABLE ONLY ledgerheaders
    ADD CONSTRAINT ledgerheaders_ledgerseq_key UNIQUE (ledgerseq);


--
-- Name: ledgerheaders_pkey; Type: CONSTRAINT; Schema: public; Owner: -; Tablespace: 
--

ALTER TABLE ONLY ledgerheaders
    ADD CONSTRAINT ledgerheaders_pkey PRIMARY KEY (ledgerhash);


--
-- Name: offers_pkey; Type: CONSTRAINT; Schema: public; Owner: -; Tablespace: 
--

ALTER TABLE ONLY offers
    ADD CONSTRAINT offers_pkey PRIMARY KEY (offerid);


--
-- Name: peers_pkey; Type: CONSTRAINT; Schema: public; Owner: -; Tablespace: 
--

ALTER TABLE ONLY peers
    ADD CONSTRAINT peers_pkey PRIMARY KEY (ip, port);


--
-- Name: pubsub_pkey; Type: CONSTRAINT; Schema: public; Owner: -; Tablespace: 
--

ALTER TABLE ONLY pubsub
    ADD CONSTRAINT pubsub_pkey PRIMARY KEY (resid);


--
-- Name: signers_pkey; Type: CONSTRAINT; Schema: public; Owner: -; Tablespace: 
--

ALTER TABLE ONLY signers
    ADD CONSTRAINT signers_pkey PRIMARY KEY (accountid, publickey);


--
-- Name: storestate_pkey; Type: CONSTRAINT; Schema: public; Owner: -; Tablespace: 
--

ALTER TABLE ONLY storestate
    ADD CONSTRAINT storestate_pkey PRIMARY KEY (statename);


--
-- Name: trustlines_pkey; Type: CONSTRAINT; Schema: public; Owner: -; Tablespace: 
--

ALTER TABLE ONLY trustlines
    ADD CONSTRAINT trustlines_pkey PRIMARY KEY (accountid, issuer, assetcode);


--
-- Name: txfeehistory_pkey; Type: CONSTRAINT; Schema: public; Owner: -; Tablespace: 
--

ALTER TABLE ONLY txfeehistory
    ADD CONSTRAINT txfeehistory_pkey PRIMARY KEY (ledgerseq, txindex);


--
-- Name: txhistory_pkey; Type: CONSTRAINT; Schema: public; Owner: -; Tablespace: 
--

ALTER TABLE ONLY txhistory
    ADD CONSTRAINT txhistory_pkey PRIMARY KEY (ledgerseq, txindex);


--
-- Name: accountbalances; Type: INDEX; Schema: public; Owner: -; Tablespace: 
--

CREATE INDEX accountbalances ON accounts USING btree (balance) WHERE (balance >= 1000000000);


--
-- Name: accountlines; Type: INDEX; Schema: public; Owner: -; Tablespace: 
--

CREATE INDEX accountlines ON trustlines USING btree (accountid);


--
-- Name: buyingissuerindex; Type: INDEX; Schema: public; Owner: -; Tablespace: 
--

CREATE INDEX buyingissuerindex ON offers USING btree (buyingissuer);


--
-- Name: histbyseq; Type: INDEX; Schema: public; Owner: -; Tablespace: 
--

CREATE INDEX histbyseq ON txhistory USING btree (ledgerseq);


--
-- Name: histfeebyseq; Type: INDEX; Schema: public; Owner: -; Tablespace: 
--

CREATE INDEX histfeebyseq ON txfeehistory USING btree (ledgerseq);


--
-- Name: ledgersbyseq; Type: INDEX; Schema: public; Owner: -; Tablespace: 
--

CREATE INDEX ledgersbyseq ON ledgerheaders USING btree (ledgerseq);


--
-- Name: priceindex; Type: INDEX; Schema: public; Owner: -; Tablespace: 
--

CREATE INDEX priceindex ON offers USING btree (price);


--
-- Name: sellingissuerindex; Type: INDEX; Schema: public; Owner: -; Tablespace: 
--

CREATE INDEX sellingissuerindex ON offers USING btree (sellingissuer);


--
-- Name: signersaccount; Type: INDEX; Schema: public; Owner: -; Tablespace: 
--

CREATE INDEX signersaccount ON signers USING btree (accountid);


--
-- PostgreSQL database dump complete
--

