--
-- PostgreSQL database dump
--

SET statement_timeout = 0;
SET lock_timeout = 0;
SET client_encoding = 'UTF8';
SET standard_conforming_strings = on;
SET check_function_bodies = false;
SET client_min_messages = warning;

SET search_path = public, pg_catalog;

DROP INDEX public.signersaccount;
DROP INDEX public.sellingissuerindex;
DROP INDEX public.priceindex;
DROP INDEX public.ledgersbyseq;
DROP INDEX public.buyingissuerindex;
DROP INDEX public.accountlines;
DROP INDEX public.accountbalances;
ALTER TABLE ONLY public.txhistory DROP CONSTRAINT txhistory_pkey;
ALTER TABLE ONLY public.txhistory DROP CONSTRAINT txhistory_ledgerseq_txindex_key;
ALTER TABLE ONLY public.trustlines DROP CONSTRAINT trustlines_pkey;
ALTER TABLE ONLY public.storestate DROP CONSTRAINT storestate_pkey;
ALTER TABLE ONLY public.signers DROP CONSTRAINT signers_pkey;
ALTER TABLE ONLY public.pubsub DROP CONSTRAINT pubsub_pkey;
ALTER TABLE ONLY public.peers DROP CONSTRAINT peers_pkey;
ALTER TABLE ONLY public.offers DROP CONSTRAINT offers_pkey;
ALTER TABLE ONLY public.ledgerheaders DROP CONSTRAINT ledgerheaders_pkey;
ALTER TABLE ONLY public.ledgerheaders DROP CONSTRAINT ledgerheaders_ledgerseq_key;
ALTER TABLE ONLY public.accounts DROP CONSTRAINT accounts_pkey;
DROP TABLE public.txhistory;
DROP TABLE public.trustlines;
DROP TABLE public.storestate;
DROP TABLE public.signers;
DROP TABLE public.pubsub;
DROP TABLE public.peers;
DROP TABLE public.offers;
DROP TABLE public.ledgerheaders;
DROP TABLE public.accounts;
DROP EXTENSION plpgsql;
DROP SCHEMA public;
--
-- Name: public; Type: SCHEMA; Schema: -; Owner: -
--

CREATE SCHEMA public;


--
-- Name: SCHEMA public; Type: COMMENT; Schema: -; Owner: -
--

COMMENT ON SCHEMA public IS 'standard public schema';


--
-- Name: plpgsql; Type: EXTENSION; Schema: -; Owner: -
--

CREATE EXTENSION IF NOT EXISTS plpgsql WITH SCHEMA pg_catalog;


--
-- Name: EXTENSION plpgsql; Type: COMMENT; Schema: -; Owner: -
--

COMMENT ON EXTENSION plpgsql IS 'PL/pgSQL procedural language';


SET search_path = public, pg_catalog;

SET default_tablespace = '';

SET default_with_oids = false;

--
-- Name: accounts; Type: TABLE; Schema: public; Owner: -; Tablespace: 
--

CREATE TABLE accounts (
    accountid character varying(56) NOT NULL,
    balance bigint NOT NULL,
    seqnum bigint NOT NULL,
    numsubentries integer NOT NULL,
    inflationdest character varying(56),
    homedomain character varying(32),
    thresholds text,
    flags integer NOT NULL,
    lastmodified integer NOT NULL,
    CONSTRAINT accounts_balance_check CHECK ((balance >= 0)),
    CONSTRAINT accounts_numsubentries_check CHECK ((numsubentries >= 0))
);


--
-- Name: ledgerheaders; Type: TABLE; Schema: public; Owner: -; Tablespace: 
--

CREATE TABLE ledgerheaders (
    ledgerhash character(64) NOT NULL,
    prevhash character(64) NOT NULL,
    bucketlisthash character(64) NOT NULL,
    ledgerseq integer,
    closetime bigint NOT NULL,
    data text NOT NULL,
    CONSTRAINT ledgerheaders_closetime_check CHECK ((closetime >= 0)),
    CONSTRAINT ledgerheaders_ledgerseq_check CHECK ((ledgerseq >= 0))
);


--
-- Name: offers; Type: TABLE; Schema: public; Owner: -; Tablespace: 
--

CREATE TABLE offers (
    sellerid character varying(56) NOT NULL,
    offerid bigint NOT NULL,
    sellingassettype integer,
    sellingassetcode character varying(12),
    sellingissuer character varying(56),
    buyingassettype integer,
    buyingassetcode character varying(12),
    buyingissuer character varying(56),
    amount bigint NOT NULL,
    pricen integer NOT NULL,
    priced integer NOT NULL,
    price double precision NOT NULL,
    flags integer NOT NULL,
    lastmodified integer NOT NULL,
    CONSTRAINT offers_amount_check CHECK ((amount >= 0)),
    CONSTRAINT offers_offerid_check CHECK ((offerid >= 0))
);


--
-- Name: peers; Type: TABLE; Schema: public; Owner: -; Tablespace: 
--

CREATE TABLE peers (
    ip character varying(15) NOT NULL,
    port integer DEFAULT 0 NOT NULL,
    nextattempt timestamp without time zone NOT NULL,
    numfailures integer DEFAULT 0 NOT NULL,
    rank integer DEFAULT 0 NOT NULL,
    CONSTRAINT peers_numfailures_check CHECK ((numfailures >= 0)),
    CONSTRAINT peers_port_check CHECK (((port > 0) AND (port <= 65535))),
    CONSTRAINT peers_rank_check CHECK ((rank >= 0))
);


--
-- Name: pubsub; Type: TABLE; Schema: public; Owner: -; Tablespace: 
--

CREATE TABLE pubsub (
    resid character(32) NOT NULL,
    lastread integer
);


--
-- Name: signers; Type: TABLE; Schema: public; Owner: -; Tablespace: 
--

CREATE TABLE signers (
    accountid character varying(56) NOT NULL,
    publickey character varying(56) NOT NULL,
    weight integer NOT NULL
);


--
-- Name: storestate; Type: TABLE; Schema: public; Owner: -; Tablespace: 
--

CREATE TABLE storestate (
    statename character(32) NOT NULL,
    state text
);


--
-- Name: trustlines; Type: TABLE; Schema: public; Owner: -; Tablespace: 
--

CREATE TABLE trustlines (
    accountid character varying(56) NOT NULL,
    assettype integer NOT NULL,
    issuer character varying(56) NOT NULL,
    assetcode character varying(12) NOT NULL,
    tlimit bigint DEFAULT 0 NOT NULL,
    balance bigint DEFAULT 0 NOT NULL,
    flags integer NOT NULL,
    lastmodified integer NOT NULL,
    CONSTRAINT trustlines_balance_check CHECK ((balance >= 0)),
    CONSTRAINT trustlines_tlimit_check CHECK ((tlimit >= 0))
);


--
-- Name: txhistory; Type: TABLE; Schema: public; Owner: -; Tablespace: 
--

CREATE TABLE txhistory (
    txid character(64) NOT NULL,
    ledgerseq integer NOT NULL,
    txindex integer NOT NULL,
    txbody text NOT NULL,
    txresult text NOT NULL,
    txmeta text NOT NULL,
    CONSTRAINT txhistory_ledgerseq_check CHECK ((ledgerseq >= 0))
);


--
-- Data for Name: accounts; Type: TABLE DATA; Schema: public; Owner: -
--

COPY accounts (accountid, balance, seqnum, numsubentries, inflationdest, homedomain, thresholds, flags, lastmodified) FROM stdin;
GBRPYHIL2CI3FNQ4BXLFMNDLFJUNPU2HY3ZMFSHONUCEOASW7QC7OX2H	99999959999999960	4	0	\N		AQAAAA==	0	2
GD2WZGLA2VYGLECUXOCXGJM4TIHUNSXTJ3OE4PF3STBECA6BRPBJK5GY	9999999990	8589934593	1	\N		AQAAAA==	0	3
GDFLTVBGBKFUQCLQYTFEQYQURBGKYR5QQ6K4PMINJMDOROHKEQCZ3JRY	9999999990	8589934593	1	\N		AQAAAA==	0	3
GDEZFGC5Z3TRP7B6WNWJE2JDN2IPSDF47LYR2Z73PR6DNPI5TYPKCT2L	9999999920	8589934600	0	\N		AQAAAA==	0	4
GA44ON47OHNQHSLWWARXJQJ32LASU5PDR76QF7CUTJMIHLMCNPJGJ42L	9999999820	8589934610	18	\N		AQAAAA==	0	5
\.


--
-- Data for Name: ledgerheaders; Type: TABLE DATA; Schema: public; Owner: -
--

COPY ledgerheaders (ledgerhash, prevhash, bucketlisthash, ledgerseq, closetime, data) FROM stdin;
5ade5048fb66795219cbb45a55bf5e2710f739610d10e6875bf7f85d85900669	0000000000000000000000000000000000000000000000000000000000000000	759f642a94be58e4118ef79bd7f343832a82db2fc4f98f41ee7d22b61df716ed	1	0	AAAAAAAAAAAAAAAAAAAAAAAAAAAAAAAAAAAAAAAAAAAAAAAAAAAAAAAAAAAAAAAAAAAAAAAAAAAAAAAAAAAAAAAAAAAAAAAAAAAAAAAAAAAAAAAAAAAAAAAAAAAAAAAAAAAAAAAAAAAAAAAAAAAAAAAAAAB1n2QqlL5Y5BGO95vX80ODKoLbL8T5j0HufSK2HfcW7QAAAAEBY0V4XYoAAAAAAAAAAAAAAAAAAAAAAAAAAAAAAAAACgCYloAAAAAAAAAAAAAAAAAAAAAAAAAAAAAAAAAAAAAAAAAAAAAAAAAAAAAAAAAAAAAAAAAAAAAAAAAAAAAAAAAAAAAAAAAAAAAAAAAAAAAAAAAAAAAAAAAAAAAAAAAAAAAAAAAAAAAAAAAAAAAAAAAAAAAAAAAAAAAAAAAAAAAAAAAAAAAAAAA=
2c9574239fb2eb662ffb08164876aa3135e1c01c93f19de899c29534d92cd97d	5ade5048fb66795219cbb45a55bf5e2710f739610d10e6875bf7f85d85900669	f0842c672c1ad6ba54d47838efc70632bf34322c8637e4a81a99850d03235da4	2	1442242622	AAAAAVreUEj7ZnlSGcu0WlW/XicQ9zlhDRDmh1v3+F2FkAZpDCD6suayi75EeSFY7DLeeT93X/uO5eNepm2CoTqybyYAAAAAVfbgPgAAAAEAAAAIAAAAAQAAAAEAAAAAHyLraQfqpbID+OdlS1lB4SBklZMiwTMilMiSSY90hm3whCxnLBrWulTUeDjvxwYyvzQyLIY35KgamYUNAyNdpAAAAAIBY0V4XYoAAAAAAAAAAAAoAAAAAAAAAAAAAAAAAAAACgCYloAAAAAAAAAAAAAAAAAAAAAAAAAAAAAAAAAAAAAAAAAAAAAAAAAAAAAAAAAAAAAAAAAAAAAAAAAAAAAAAAAAAAAAAAAAAAAAAAAAAAAAAAAAAAAAAAAAAAAAAAAAAAAAAAAAAAAAAAAAAAAAAAAAAAAAAAAAAAAAAAAAAAAAAAAAAAAAAAA=
0e215392126814ed336dde3ff384ad360c8a33c509354d1d29cdf983d96ee528	2c9574239fb2eb662ffb08164876aa3135e1c01c93f19de899c29534d92cd97d	2e3945fb887a2f2ef9edfee5a110f68cedba8fb44150b9d79e7e4aa21a84e331	3	1442242623	AAAAASyVdCOfsutmL/sIFkh2qjE14cAck/Gd6JnClTTZLNl91ZPnN3awcbXILjD+AgNl8ByCeNOfP3lk7gW/haBxgMAAAAAAVfbgPwAAAAAAAAAAicZj4poJrbfuvmk7yF4bxIptGlyvyaoPcERA95uY/IcuOUX7iHovLvnt/uWhEPaM7bqPtEFQudeefkqiGoTjMQAAAAMBY0V4XYoAAAAAAAAAAACMAAAAAAAAAAAAAAAAAAAACgCYloAAAAAAAAAAAAAAAAAAAAAAAAAAAAAAAAAAAAAAAAAAAAAAAAAAAAAAAAAAAAAAAAAAAAAAAAAAAAAAAAAAAAAAAAAAAAAAAAAAAAAAAAAAAAAAAAAAAAAAAAAAAAAAAAAAAAAAAAAAAAAAAAAAAAAAAAAAAAAAAAAAAAAAAAAAAAAAAAA=
25709d433b9f6c170f8603666098eaf75069e1fade29e8e5ea0b648f74f9c510	0e215392126814ed336dde3ff384ad360c8a33c509354d1d29cdf983d96ee528	0f638da2a2bf253994e360f9b119f6cf685e450117cdd8bec74487054974d6bc	4	1442242624	AAAAAQ4hU5ISaBTtM23eP/OErTYMijPFCTVNHSnN+YPZbuUoMwA5KVMO+0vrE4fR+MrtfYHCgqvu+Itu4IcXiTMxL4UAAAAAVfbgQAAAAAAAAAAARDO0kCR8ErZ/z/6QGmF3yCGJdqUqXKdUbIAJEjAvkB8PY42ior8lOZTjYPmxGfbPaF5FARfN2L7HRIcFSXTWvAAAAAQBY0V4XYoAAAAAAAAAAADcAAAAAAAAAAAAAAAAAAAACgCYloAAAAAAAAAAAAAAAAAAAAAAAAAAAAAAAAAAAAAAAAAAAAAAAAAAAAAAAAAAAAAAAAAAAAAAAAAAAAAAAAAAAAAAAAAAAAAAAAAAAAAAAAAAAAAAAAAAAAAAAAAAAAAAAAAAAAAAAAAAAAAAAAAAAAAAAAAAAAAAAAAAAAAAAAAAAAAAAAA=
52b59fd531cd923d1c7edc445dac3cc64995b9f24fe2a43d86d552c2f8bdae7b	25709d433b9f6c170f8603666098eaf75069e1fade29e8e5ea0b648f74f9c510	a91f54f0f49a4ce90bc47529d58207f0400883522fa3e56780e96c21e40a7534	5	1442242625	AAAAASVwnUM7n2wXD4YDZmCY6vdQaeH63ino5eoLZI90+cUQFw9IgnSzUvBEnU6cDHo3ZVOeql3prje7lrH8boKi2RoAAAAAVfbgQQAAAAAAAAAA50psKE/fGYTLrysavxXyjYRCy6CU7ss1rrPgcvcJ5qWpH1Tw9JpM6QvEdSnVggfwQAiDUi+j5WeA6Wwh5Ap1NAAAAAUBY0V4XYoAAAAAAAAAAAFAAAAAAAAAAAAAAAAKAAAACgCYloAAAAAAAAAAAAAAAAAAAAAAAAAAAAAAAAAAAAAAAAAAAAAAAAAAAAAAAAAAAAAAAAAAAAAAAAAAAAAAAAAAAAAAAAAAAAAAAAAAAAAAAAAAAAAAAAAAAAAAAAAAAAAAAAAAAAAAAAAAAAAAAAAAAAAAAAAAAAAAAAAAAAAAAAAAAAAAAAA=
\.


--
-- Data for Name: offers; Type: TABLE DATA; Schema: public; Owner: -
--

COPY offers (sellerid, offerid, sellingassettype, sellingassetcode, sellingissuer, buyingassettype, buyingassetcode, buyingissuer, amount, pricen, priced, price, flags, lastmodified) FROM stdin;
GA44ON47OHNQHSLWWARXJQJ32LASU5PDR76QF7CUTJMIHLMCNPJGJ42L	1	1	EUR	GDEZFGC5Z3TRP7B6WNWJE2JDN2IPSDF47LYR2Z73PR6DNPI5TYPKCT2L	1	USD	GDEZFGC5Z3TRP7B6WNWJE2JDN2IPSDF47LYR2Z73PR6DNPI5TYPKCT2L	10	1	1	1	0	5
GA44ON47OHNQHSLWWARXJQJ32LASU5PDR76QF7CUTJMIHLMCNPJGJ42L	2	1	1	GDEZFGC5Z3TRP7B6WNWJE2JDN2IPSDF47LYR2Z73PR6DNPI5TYPKCT2L	1	USD	GDEZFGC5Z3TRP7B6WNWJE2JDN2IPSDF47LYR2Z73PR6DNPI5TYPKCT2L	20	1	1	1	0	5
GA44ON47OHNQHSLWWARXJQJ32LASU5PDR76QF7CUTJMIHLMCNPJGJ42L	3	1	EUR	GDEZFGC5Z3TRP7B6WNWJE2JDN2IPSDF47LYR2Z73PR6DNPI5TYPKCT2L	1	1	GDEZFGC5Z3TRP7B6WNWJE2JDN2IPSDF47LYR2Z73PR6DNPI5TYPKCT2L	20	1	1	1	0	5
GA44ON47OHNQHSLWWARXJQJ32LASU5PDR76QF7CUTJMIHLMCNPJGJ42L	4	1	21	GDEZFGC5Z3TRP7B6WNWJE2JDN2IPSDF47LYR2Z73PR6DNPI5TYPKCT2L	1	USD	GDEZFGC5Z3TRP7B6WNWJE2JDN2IPSDF47LYR2Z73PR6DNPI5TYPKCT2L	30	1	1	1	0	5
GA44ON47OHNQHSLWWARXJQJ32LASU5PDR76QF7CUTJMIHLMCNPJGJ42L	5	1	22	GDEZFGC5Z3TRP7B6WNWJE2JDN2IPSDF47LYR2Z73PR6DNPI5TYPKCT2L	1	21	GDEZFGC5Z3TRP7B6WNWJE2JDN2IPSDF47LYR2Z73PR6DNPI5TYPKCT2L	30	1	1	1	0	5
GA44ON47OHNQHSLWWARXJQJ32LASU5PDR76QF7CUTJMIHLMCNPJGJ42L	6	1	EUR	GDEZFGC5Z3TRP7B6WNWJE2JDN2IPSDF47LYR2Z73PR6DNPI5TYPKCT2L	1	22	GDEZFGC5Z3TRP7B6WNWJE2JDN2IPSDF47LYR2Z73PR6DNPI5TYPKCT2L	30	1	1	1	0	5
GA44ON47OHNQHSLWWARXJQJ32LASU5PDR76QF7CUTJMIHLMCNPJGJ42L	7	1	31	GDEZFGC5Z3TRP7B6WNWJE2JDN2IPSDF47LYR2Z73PR6DNPI5TYPKCT2L	1	USD	GDEZFGC5Z3TRP7B6WNWJE2JDN2IPSDF47LYR2Z73PR6DNPI5TYPKCT2L	40	1	1	1	0	5
GA44ON47OHNQHSLWWARXJQJ32LASU5PDR76QF7CUTJMIHLMCNPJGJ42L	8	1	32	GDEZFGC5Z3TRP7B6WNWJE2JDN2IPSDF47LYR2Z73PR6DNPI5TYPKCT2L	1	31	GDEZFGC5Z3TRP7B6WNWJE2JDN2IPSDF47LYR2Z73PR6DNPI5TYPKCT2L	40	1	1	1	0	5
GA44ON47OHNQHSLWWARXJQJ32LASU5PDR76QF7CUTJMIHLMCNPJGJ42L	9	1	33	GDEZFGC5Z3TRP7B6WNWJE2JDN2IPSDF47LYR2Z73PR6DNPI5TYPKCT2L	1	32	GDEZFGC5Z3TRP7B6WNWJE2JDN2IPSDF47LYR2Z73PR6DNPI5TYPKCT2L	40	1	1	1	0	5
GA44ON47OHNQHSLWWARXJQJ32LASU5PDR76QF7CUTJMIHLMCNPJGJ42L	10	1	EUR	GDEZFGC5Z3TRP7B6WNWJE2JDN2IPSDF47LYR2Z73PR6DNPI5TYPKCT2L	1	33	GDEZFGC5Z3TRP7B6WNWJE2JDN2IPSDF47LYR2Z73PR6DNPI5TYPKCT2L	40	1	1	1	0	5
\.


--
-- Data for Name: peers; Type: TABLE DATA; Schema: public; Owner: -
--

COPY peers (ip, port, nextattempt, numfailures, rank) FROM stdin;
\.


--
-- Data for Name: pubsub; Type: TABLE DATA; Schema: public; Owner: -
--

COPY pubsub (resid, lastread) FROM stdin;
\.


--
-- Data for Name: signers; Type: TABLE DATA; Schema: public; Owner: -
--

COPY signers (accountid, publickey, weight) FROM stdin;
\.


--
-- Data for Name: storestate; Type: TABLE DATA; Schema: public; Owner: -
--

COPY storestate (statename, state) FROM stdin;
databaseinitialized             	true
forcescponnextlaunch            	false
lastclosedledger                	52b59fd531cd923d1c7edc445dac3cc64995b9f24fe2a43d86d552c2f8bdae7b
historyarchivestate             	{\n    "version": 1,\n    "server": "ad6891f",\n    "currentLedger": 5,\n    "currentBuckets": [\n        {\n            "curr": "1d8578ad5526f8105b1c364ba641ba679a6757238e8f89d9d03fb96fac1c1ad7",\n            "next": {\n                "state": 0\n            },\n            "snap": "1a783da44c55d6d29091b6291a9ae99cf50d0bd68884f6de5c32ead786959290"\n        },\n        {\n            "curr": "936f3d81329f7c1a77aa8408d6ef5f6de032a4c866e799e4755ec0e752c8f768",\n            "next": {\n                "state": 1,\n                "output": "1a783da44c55d6d29091b6291a9ae99cf50d0bd68884f6de5c32ead786959290"\n            },\n            "snap": "0000000000000000000000000000000000000000000000000000000000000000"\n        },\n        {\n            "curr": "0000000000000000000000000000000000000000000000000000000000000000",\n            "next": {\n                "state": 0\n            },\n            "snap": "0000000000000000000000000000000000000000000000000000000000000000"\n        },\n        {\n            "curr": "0000000000000000000000000000000000000000000000000000000000000000",\n            "next": {\n                "state": 0\n            },\n            "snap": "0000000000000000000000000000000000000000000000000000000000000000"\n        },\n        {\n            "curr": "0000000000000000000000000000000000000000000000000000000000000000",\n            "next": {\n                "state": 0\n            },\n            "snap": "0000000000000000000000000000000000000000000000000000000000000000"\n        },\n        {\n            "curr": "0000000000000000000000000000000000000000000000000000000000000000",\n            "next": {\n                "state": 0\n            },\n            "snap": "0000000000000000000000000000000000000000000000000000000000000000"\n        },\n        {\n            "curr": "0000000000000000000000000000000000000000000000000000000000000000",\n            "next": {\n                "state": 0\n            },\n            "snap": "0000000000000000000000000000000000000000000000000000000000000000"\n        },\n        {\n            "curr": "0000000000000000000000000000000000000000000000000000000000000000",\n            "next": {\n                "state": 0\n            },\n            "snap": "0000000000000000000000000000000000000000000000000000000000000000"\n        },\n        {\n            "curr": "0000000000000000000000000000000000000000000000000000000000000000",\n            "next": {\n                "state": 0\n            },\n            "snap": "0000000000000000000000000000000000000000000000000000000000000000"\n        },\n        {\n            "curr": "0000000000000000000000000000000000000000000000000000000000000000",\n            "next": {\n                "state": 0\n            },\n            "snap": "0000000000000000000000000000000000000000000000000000000000000000"\n        },\n        {\n            "curr": "0000000000000000000000000000000000000000000000000000000000000000",\n            "next": {\n                "state": 0\n            },\n            "snap": "0000000000000000000000000000000000000000000000000000000000000000"\n        }\n    ]\n}
\.


--
-- Data for Name: trustlines; Type: TABLE DATA; Schema: public; Owner: -
--

COPY trustlines (accountid, assettype, issuer, assetcode, tlimit, balance, flags, lastmodified) FROM stdin;
GA44ON47OHNQHSLWWARXJQJ32LASU5PDR76QF7CUTJMIHLMCNPJGJ42L	1	GDEZFGC5Z3TRP7B6WNWJE2JDN2IPSDF47LYR2Z73PR6DNPI5TYPKCT2L	USD	9223372036854775807	0	1	3
GD2WZGLA2VYGLECUXOCXGJM4TIHUNSXTJ3OE4PF3STBECA6BRPBJK5GY	1	GDEZFGC5Z3TRP7B6WNWJE2JDN2IPSDF47LYR2Z73PR6DNPI5TYPKCT2L	EUR	9223372036854775807	0	1	3
GDFLTVBGBKFUQCLQYTFEQYQURBGKYR5QQ6K4PMINJMDOROHKEQCZ3JRY	1	GDEZFGC5Z3TRP7B6WNWJE2JDN2IPSDF47LYR2Z73PR6DNPI5TYPKCT2L	USD	9223372036854775807	5000	1	4
GA44ON47OHNQHSLWWARXJQJ32LASU5PDR76QF7CUTJMIHLMCNPJGJ42L	1	GDEZFGC5Z3TRP7B6WNWJE2JDN2IPSDF47LYR2Z73PR6DNPI5TYPKCT2L	EUR	9223372036854775807	5000	1	4
GA44ON47OHNQHSLWWARXJQJ32LASU5PDR76QF7CUTJMIHLMCNPJGJ42L	1	GDEZFGC5Z3TRP7B6WNWJE2JDN2IPSDF47LYR2Z73PR6DNPI5TYPKCT2L	1	9223372036854775807	5000	1	4
GA44ON47OHNQHSLWWARXJQJ32LASU5PDR76QF7CUTJMIHLMCNPJGJ42L	1	GDEZFGC5Z3TRP7B6WNWJE2JDN2IPSDF47LYR2Z73PR6DNPI5TYPKCT2L	21	9223372036854775807	5000	1	4
GA44ON47OHNQHSLWWARXJQJ32LASU5PDR76QF7CUTJMIHLMCNPJGJ42L	1	GDEZFGC5Z3TRP7B6WNWJE2JDN2IPSDF47LYR2Z73PR6DNPI5TYPKCT2L	22	9223372036854775807	5000	1	4
GA44ON47OHNQHSLWWARXJQJ32LASU5PDR76QF7CUTJMIHLMCNPJGJ42L	1	GDEZFGC5Z3TRP7B6WNWJE2JDN2IPSDF47LYR2Z73PR6DNPI5TYPKCT2L	31	9223372036854775807	5000	1	4
GA44ON47OHNQHSLWWARXJQJ32LASU5PDR76QF7CUTJMIHLMCNPJGJ42L	1	GDEZFGC5Z3TRP7B6WNWJE2JDN2IPSDF47LYR2Z73PR6DNPI5TYPKCT2L	32	9223372036854775807	5000	1	4
GA44ON47OHNQHSLWWARXJQJ32LASU5PDR76QF7CUTJMIHLMCNPJGJ42L	1	GDEZFGC5Z3TRP7B6WNWJE2JDN2IPSDF47LYR2Z73PR6DNPI5TYPKCT2L	33	9223372036854775807	5000	1	4
\.


--
-- Data for Name: txhistory; Type: TABLE DATA; Schema: public; Owner: -
--

COPY txhistory (txid, ledgerseq, txindex, txbody, txresult, txmeta) FROM stdin;
fbd89366973c3e1f87191da200030bd406260a8e0d8b688b4100726e0838b758	2	1	AAAAAGL8HQvQkbK2HA3WVjRrKmjX00fG8sLI7m0ERwJW/AX3AAAACgAAAAAAAAABAAAAAAAAAAAAAAABAAAAAAAAAAAAAAAAyZKYXc7nF/w+s2ySaSNukPkMvPrxHWf7fHw2vR2eHqEAAAACVAvkAAAAAAAAAAABVvwF9wAAAEBdexUMAB7AiapnDb3h/ODuxCWHOfV48K5IKtqTYpQy9saZcw9MlJkyc+pJxW7cghs69JcAUlwZ9+mILabA+9sD	+9iTZpc8Ph+HGR2iAAML1AYmCo4Ni2iLQQBybgg4t1gAAAAAAAAACgAAAAAAAAABAAAAAAAAAAAAAAAAAAAAAA==	AAAAAAAAAAEAAAABAAAAAgAAAAAAAAAAYvwdC9CRsrYcDdZWNGsqaNfTR8bywsjubQRHAlb8BfcBY0V4XYn/9gAAAAAAAAABAAAAAAAAAAAAAAAAAAAAAAEAAAAAAAAAAAAAAAAAAAAAAAABAAAAAgAAAAAAAAACAAAAAAAAAADJkphdzucX/D6zbJJpI26Q+Qy8+vEdZ/t8fDa9HZ4eoQAAAAJUC+QAAAAAAgAAAAAAAAAAAAAAAAAAAAAAAAAAAQAAAAAAAAAAAAAAAAAAAAAAAAEAAAACAAAAAAAAAABi/B0L0JGythwN1lY0aypo19NHxvLCyO5tBEcCVvwF9wFjRXYJfhv2AAAAAAAAAAEAAAAAAAAAAAAAAAAAAAAAAQAAAAAAAAAAAAAAAAAAAA==
9a2e65267556496e48902f9a8ffb2851519643bbec7e95e5331bdf3bfdff29a1	2	2	AAAAAGL8HQvQkbK2HA3WVjRrKmjX00fG8sLI7m0ERwJW/AX3AAAACgAAAAAAAAACAAAAAAAAAAAAAAABAAAAAAAAAAAAAAAAyrnUJgqLSAlwxMpIYhSITKxHsIeVx7ENSwbouOokBZ0AAAACVAvkAAAAAAAAAAABVvwF9wAAAEBHqSKLKs5RAgU+hoYUUqNU2ARwn4DEhJjvZKndQApNzQjsviKPAFK6FZDrhmHm4kCP0T2uK8Xb/wcPjJgGw/wH	mi5lJnVWSW5IkC+aj/soUVGWQ7vsfpXlMxvfO/3/KaEAAAAAAAAACgAAAAAAAAABAAAAAAAAAAAAAAAAAAAAAA==	AAAAAAAAAAEAAAABAAAAAgAAAAAAAAAAYvwdC9CRsrYcDdZWNGsqaNfTR8bywsjubQRHAlb8BfcBY0V2CX4b7AAAAAAAAAACAAAAAAAAAAAAAAAAAAAAAAEAAAAAAAAAAAAAAAAAAAAAAAABAAAAAgAAAAAAAAACAAAAAAAAAADKudQmCotICXDEykhiFIhMrEewh5XHsQ1LBui46iQFnQAAAAJUC+QAAAAAAgAAAAAAAAAAAAAAAAAAAAAAAAAAAQAAAAAAAAAAAAAAAAAAAAAAAAEAAAACAAAAAAAAAABi/B0L0JGythwN1lY0aypo19NHxvLCyO5tBEcCVvwF9wFjRXO1cjfsAAAAAAAAAAIAAAAAAAAAAAAAAAAAAAAAAQAAAAAAAAAAAAAAAAAAAA==
dd7984b789a3fbba98605b5d4bd0a66b32d9093d80339f361ff270c5e349d494	2	3	AAAAAGL8HQvQkbK2HA3WVjRrKmjX00fG8sLI7m0ERwJW/AX3AAAACgAAAAAAAAADAAAAAAAAAAAAAAABAAAAAAAAAAAAAAAA9WyZYNVwZZBUu4VzJZyaD0bK807cTjy7lMJBA8GLwpUAAAACVAvkAAAAAAAAAAABVvwF9wAAAEAcT/8upGcUac9dwzbm8f8vIrES4bCxnc12aRR5d7tYjF/Rwtl+UvsbF9doqwTXWhhEtw6CZ7q9s81cIk4ZyDgB	3XmEt4mj+7qYYFtdS9CmazLZCT2AM582H/JwxeNJ1JQAAAAAAAAACgAAAAAAAAABAAAAAAAAAAAAAAAAAAAAAA==	AAAAAAAAAAEAAAABAAAAAgAAAAAAAAAAYvwdC9CRsrYcDdZWNGsqaNfTR8bywsjubQRHAlb8BfcBY0VztXI34gAAAAAAAAADAAAAAAAAAAAAAAAAAAAAAAEAAAAAAAAAAAAAAAAAAAAAAAABAAAAAgAAAAAAAAACAAAAAAAAAAD1bJlg1XBlkFS7hXMlnJoPRsrzTtxOPLuUwkEDwYvClQAAAAJUC+QAAAAAAgAAAAAAAAAAAAAAAAAAAAAAAAAAAQAAAAAAAAAAAAAAAAAAAAAAAAEAAAACAAAAAAAAAABi/B0L0JGythwN1lY0aypo19NHxvLCyO5tBEcCVvwF9wFjRXFhZlPiAAAAAAAAAAMAAAAAAAAAAAAAAAAAAAAAAQAAAAAAAAAAAAAAAAAAAA==
c7b8e8e8650db22c9a9cdd763b889a5c627543a204851701f48edb23d4f9c250	2	4	AAAAAGL8HQvQkbK2HA3WVjRrKmjX00fG8sLI7m0ERwJW/AX3AAAACgAAAAAAAAAEAAAAAAAAAAAAAAABAAAAAAAAAAAAAAAAOcc3n3HbA8l2sCN0wTvSwSp144/9AvxUmliDrYJr0mQAAAACVAvkAAAAAAAAAAABVvwF9wAAAECPsp8VPjskOW5HAoLyrEdWznEexDA+2CicHPGZFCQboNJ/RHly+fwvAt7FlGs3JveAWe8DhgT8CZWTzueDCZkH	x7jo6GUNsiyanN12O4iaXGJ1Q6IEhRcB9I7bI9T5wlAAAAAAAAAACgAAAAAAAAABAAAAAAAAAAAAAAAAAAAAAA==	AAAAAAAAAAEAAAABAAAAAgAAAAAAAAAAYvwdC9CRsrYcDdZWNGsqaNfTR8bywsjubQRHAlb8BfcBY0VxYWZT2AAAAAAAAAAEAAAAAAAAAAAAAAAAAAAAAAEAAAAAAAAAAAAAAAAAAAAAAAABAAAAAgAAAAAAAAACAAAAAAAAAAA5xzefcdsDyXawI3TBO9LBKnXjj/0C/FSaWIOtgmvSZAAAAAJUC+QAAAAAAgAAAAAAAAAAAAAAAAAAAAAAAAAAAQAAAAAAAAAAAAAAAAAAAAAAAAEAAAACAAAAAAAAAABi/B0L0JGythwN1lY0aypo19NHxvLCyO5tBEcCVvwF9wFjRW8NWm/YAAAAAAAAAAQAAAAAAAAAAAAAAAAAAAAAAQAAAAAAAAAAAAAAAAAAAA==
8825da2544cebb41235e271472496f355faee9e2e403149e6fa859d6f78215f9	3	1	AAAAADnHN59x2wPJdrAjdME70sEqdeOP/QL8VJpYg62Ca9JkAAAACgAAAAIAAAABAAAAAAAAAAAAAAABAAAAAAAAAAYAAAABVVNEAAAAAADJkphdzucX/D6zbJJpI26Q+Qy8+vEdZ/t8fDa9HZ4eoX//////////AAAAAAAAAAGCa9JkAAAAQPlxX1BTbrcCmSSgWevhgwndZnG5CHCfLbwddpyEt+1f+4tWuqQF9SDkWjWd+Dp17S1nbGoxgeiwrg1eWK6bawI=	iCXaJUTOu0EjXicUcklvNV+u6eLkAxSeb6hZ1veCFfkAAAAAAAAACgAAAAAAAAABAAAAAAAAAAYAAAAAAAAAAA==	AAAAAAAAAAEAAAABAAAAAwAAAAAAAAAAOcc3n3HbA8l2sCN0wTvSwSp144/9AvxUmliDrYJr0mQAAAACVAvj9gAAAAIAAAABAAAAAAAAAAAAAAAAAAAAAAEAAAAAAAAAAAAAAAAAAAAAAAABAAAAAgAAAAAAAAADAAAAAQAAAAA5xzefcdsDyXawI3TBO9LBKnXjj/0C/FSaWIOtgmvSZAAAAAFVU0QAAAAAAMmSmF3O5xf8PrNskmkjbpD5DLz68R1n+3x8Nr0dnh6hAAAAAAAAAAB//////////wAAAAEAAAAAAAAAAAAAAAEAAAADAAAAAAAAAAA5xzefcdsDyXawI3TBO9LBKnXjj/0C/FSaWIOtgmvSZAAAAAJUC+P2AAAAAgAAAAEAAAABAAAAAAAAAAAAAAAAAQAAAAAAAAAAAAAAAAAAAA==
e9cc24160cbde9bd5923f66f7ecf455a37d9c3bf5b40955598b4e4133f6d85d3	3	2	AAAAAPVsmWDVcGWQVLuFcyWcmg9GyvNO3E48u5TCQQPBi8KVAAAACgAAAAIAAAABAAAAAAAAAAAAAAABAAAAAAAAAAYAAAABRVVSAAAAAADJkphdzucX/D6zbJJpI26Q+Qy8+vEdZ/t8fDa9HZ4eoX//////////AAAAAAAAAAHBi8KVAAAAQCTyKvLr2n9zs4tLe2ZqDirNH19qtzOHOSwBoZetN9T4ps1XOkwtetv34FBnu1+aLeVP3vkBM3DTGQgRMZD1IQo=	6cwkFgy96b1ZI/Zvfs9FWjfZw79bQJVVmLTkEz9thdMAAAAAAAAACgAAAAAAAAABAAAAAAAAAAYAAAAAAAAAAA==	AAAAAAAAAAEAAAABAAAAAwAAAAAAAAAA9WyZYNVwZZBUu4VzJZyaD0bK807cTjy7lMJBA8GLwpUAAAACVAvj9gAAAAIAAAABAAAAAAAAAAAAAAAAAAAAAAEAAAAAAAAAAAAAAAAAAAAAAAABAAAAAgAAAAAAAAADAAAAAQAAAAD1bJlg1XBlkFS7hXMlnJoPRsrzTtxOPLuUwkEDwYvClQAAAAFFVVIAAAAAAMmSmF3O5xf8PrNskmkjbpD5DLz68R1n+3x8Nr0dnh6hAAAAAAAAAAB//////////wAAAAEAAAAAAAAAAAAAAAEAAAADAAAAAAAAAAD1bJlg1XBlkFS7hXMlnJoPRsrzTtxOPLuUwkEDwYvClQAAAAJUC+P2AAAAAgAAAAEAAAABAAAAAAAAAAAAAAAAAQAAAAAAAAAAAAAAAAAAAA==
088c62ea647493a6fe3765385a5d51ba8b5d866e0cff9de104068a9a2e8d2585	3	3	AAAAAMq51CYKi0gJcMTKSGIUiEysR7CHlcexDUsG6LjqJAWdAAAACgAAAAIAAAABAAAAAAAAAAAAAAABAAAAAAAAAAYAAAABVVNEAAAAAADJkphdzucX/D6zbJJpI26Q+Qy8+vEdZ/t8fDa9HZ4eoX//////////AAAAAAAAAAHqJAWdAAAAQE6aXg20b2VHi+XOPjbNfCFzOsCIezmQKLy2UUepRQaytauKY8P5JzLx9l8Hm39FOpR1vrfgGiAGfzKI7LgafwI=	CIxi6mR0k6b+N2U4Wl1Ruotdhm4M/53hBAaKmi6NJYUAAAAAAAAACgAAAAAAAAABAAAAAAAAAAYAAAAAAAAAAA==	AAAAAAAAAAEAAAABAAAAAwAAAAAAAAAAyrnUJgqLSAlwxMpIYhSITKxHsIeVx7ENSwbouOokBZ0AAAACVAvj9gAAAAIAAAABAAAAAAAAAAAAAAAAAAAAAAEAAAAAAAAAAAAAAAAAAAAAAAABAAAAAgAAAAAAAAADAAAAAQAAAADKudQmCotICXDEykhiFIhMrEewh5XHsQ1LBui46iQFnQAAAAFVU0QAAAAAAMmSmF3O5xf8PrNskmkjbpD5DLz68R1n+3x8Nr0dnh6hAAAAAAAAAAB//////////wAAAAEAAAAAAAAAAAAAAAEAAAADAAAAAAAAAADKudQmCotICXDEykhiFIhMrEewh5XHsQ1LBui46iQFnQAAAAJUC+P2AAAAAgAAAAEAAAABAAAAAAAAAAAAAAAAAQAAAAAAAAAAAAAAAAAAAA==
80c36ec8dfcddb9b61dde8f7ee4c5dd95a5b030c373ce7bc88ec3045950bb8a7	3	4	AAAAADnHN59x2wPJdrAjdME70sEqdeOP/QL8VJpYg62Ca9JkAAAACgAAAAIAAAACAAAAAAAAAAAAAAABAAAAAAAAAAYAAAABRVVSAAAAAADJkphdzucX/D6zbJJpI26Q+Qy8+vEdZ/t8fDa9HZ4eoX//////////AAAAAAAAAAGCa9JkAAAAQNvAq5568zKdZkFMLnGBqy3eQJunoR+spvtgz+/busVNz6DjebadUuuITVK+axRxRtERcNEY3SxYWpaeeRHZYg8=	gMNuyN/N25th3ej37kxd2VpbAww3POe8iOwwRZULuKcAAAAAAAAACgAAAAAAAAABAAAAAAAAAAYAAAAAAAAAAA==	AAAAAAAAAAEAAAABAAAAAwAAAAAAAAAAOcc3n3HbA8l2sCN0wTvSwSp144/9AvxUmliDrYJr0mQAAAACVAvj7AAAAAIAAAACAAAAAQAAAAAAAAAAAAAAAAEAAAAAAAAAAAAAAAAAAAAAAAABAAAAAgAAAAAAAAADAAAAAQAAAAA5xzefcdsDyXawI3TBO9LBKnXjj/0C/FSaWIOtgmvSZAAAAAFFVVIAAAAAAMmSmF3O5xf8PrNskmkjbpD5DLz68R1n+3x8Nr0dnh6hAAAAAAAAAAB//////////wAAAAEAAAAAAAAAAAAAAAEAAAADAAAAAAAAAAA5xzefcdsDyXawI3TBO9LBKnXjj/0C/FSaWIOtgmvSZAAAAAJUC+PsAAAAAgAAAAIAAAACAAAAAAAAAAAAAAAAAQAAAAAAAAAAAAAAAAAAAA==
9a84bd6174f2e762937417b9406d3a45b343be43d3d28ce4f0fb9f6575cd31c6	3	5	AAAAADnHN59x2wPJdrAjdME70sEqdeOP/QL8VJpYg62Ca9JkAAAACgAAAAIAAAADAAAAAAAAAAAAAAABAAAAAAAAAAYAAAABMQAAAAAAAADJkphdzucX/D6zbJJpI26Q+Qy8+vEdZ/t8fDa9HZ4eoX//////////AAAAAAAAAAGCa9JkAAAAQMdQoRnto7hWluCS+OtLg9aK91rE2tTsXOKtsKDCttwUT+p3WVuoDMO5ycPmYGzUI0BH+k9StesySzJosiLUhwU=	moS9YXTy52KTdBe5QG06RbNDvkPT0ozk8PufZXXNMcYAAAAAAAAACgAAAAAAAAABAAAAAAAAAAYAAAAAAAAAAA==	AAAAAAAAAAEAAAABAAAAAwAAAAAAAAAAOcc3n3HbA8l2sCN0wTvSwSp144/9AvxUmliDrYJr0mQAAAACVAvj4gAAAAIAAAADAAAAAgAAAAAAAAAAAAAAAAEAAAAAAAAAAAAAAAAAAAAAAAABAAAAAgAAAAAAAAADAAAAAQAAAAA5xzefcdsDyXawI3TBO9LBKnXjj/0C/FSaWIOtgmvSZAAAAAExAAAAAAAAAMmSmF3O5xf8PrNskmkjbpD5DLz68R1n+3x8Nr0dnh6hAAAAAAAAAAB//////////wAAAAEAAAAAAAAAAAAAAAEAAAADAAAAAAAAAAA5xzefcdsDyXawI3TBO9LBKnXjj/0C/FSaWIOtgmvSZAAAAAJUC+PiAAAAAgAAAAMAAAADAAAAAAAAAAAAAAAAAQAAAAAAAAAAAAAAAAAAAA==
7ec982a0fce536fa05ecfe7e286974eaf127dac741cf77fc876823ef3aa44f77	3	6	AAAAADnHN59x2wPJdrAjdME70sEqdeOP/QL8VJpYg62Ca9JkAAAACgAAAAIAAAAEAAAAAAAAAAAAAAABAAAAAAAAAAYAAAABMjEAAAAAAADJkphdzucX/D6zbJJpI26Q+Qy8+vEdZ/t8fDa9HZ4eoX//////////AAAAAAAAAAGCa9JkAAAAQNXEcSy2neu29OmoizxcnBirwzK1ckFHI9sQ/dLiWX6xDkhU4yurD2jJrpZNuBXkmoCda6zXPgeDKbrMjxnEXgs=	fsmCoPzlNvoF7P5+KGl06vEn2sdBz3f8h2gj7zqkT3cAAAAAAAAACgAAAAAAAAABAAAAAAAAAAYAAAAAAAAAAA==	AAAAAAAAAAEAAAABAAAAAwAAAAAAAAAAOcc3n3HbA8l2sCN0wTvSwSp144/9AvxUmliDrYJr0mQAAAACVAvj2AAAAAIAAAAEAAAAAwAAAAAAAAAAAAAAAAEAAAAAAAAAAAAAAAAAAAAAAAABAAAAAgAAAAAAAAADAAAAAQAAAAA5xzefcdsDyXawI3TBO9LBKnXjj/0C/FSaWIOtgmvSZAAAAAEyMQAAAAAAAMmSmF3O5xf8PrNskmkjbpD5DLz68R1n+3x8Nr0dnh6hAAAAAAAAAAB//////////wAAAAEAAAAAAAAAAAAAAAEAAAADAAAAAAAAAAA5xzefcdsDyXawI3TBO9LBKnXjj/0C/FSaWIOtgmvSZAAAAAJUC+PYAAAAAgAAAAQAAAAEAAAAAAAAAAAAAAAAAQAAAAAAAAAAAAAAAAAAAA==
6dac58b37e397336235e1ee2acb1df9bbe81b7dd9f3b358d49a8127c8dc0a040	3	7	AAAAADnHN59x2wPJdrAjdME70sEqdeOP/QL8VJpYg62Ca9JkAAAACgAAAAIAAAAFAAAAAAAAAAAAAAABAAAAAAAAAAYAAAABMjIAAAAAAADJkphdzucX/D6zbJJpI26Q+Qy8+vEdZ/t8fDa9HZ4eoX//////////AAAAAAAAAAGCa9JkAAAAQLDYwTaVYEoZymJx3O2fagTknH/IwzvfBrC7UvKsSc8MIDUjqaTkwNMnFIY+ebNHfKUpIe5fZag7C4ukDhpNfQE=	baxYs345czYjXh7irLHfm76Bt92fOzWNSagSfI3AoEAAAAAAAAAACgAAAAAAAAABAAAAAAAAAAYAAAAAAAAAAA==	AAAAAAAAAAEAAAABAAAAAwAAAAAAAAAAOcc3n3HbA8l2sCN0wTvSwSp144/9AvxUmliDrYJr0mQAAAACVAvjzgAAAAIAAAAFAAAABAAAAAAAAAAAAAAAAAEAAAAAAAAAAAAAAAAAAAAAAAABAAAAAgAAAAAAAAADAAAAAQAAAAA5xzefcdsDyXawI3TBO9LBKnXjj/0C/FSaWIOtgmvSZAAAAAEyMgAAAAAAAMmSmF3O5xf8PrNskmkjbpD5DLz68R1n+3x8Nr0dnh6hAAAAAAAAAAB//////////wAAAAEAAAAAAAAAAAAAAAEAAAADAAAAAAAAAAA5xzefcdsDyXawI3TBO9LBKnXjj/0C/FSaWIOtgmvSZAAAAAJUC+POAAAAAgAAAAUAAAAFAAAAAAAAAAAAAAAAAQAAAAAAAAAAAAAAAAAAAA==
571986d7a68ea70e5f9ccb130bafcf5a76e6c62fdd5bc40307c7c3df7b1b7189	3	8	AAAAADnHN59x2wPJdrAjdME70sEqdeOP/QL8VJpYg62Ca9JkAAAACgAAAAIAAAAGAAAAAAAAAAAAAAABAAAAAAAAAAYAAAABMzEAAAAAAADJkphdzucX/D6zbJJpI26Q+Qy8+vEdZ/t8fDa9HZ4eoX//////////AAAAAAAAAAGCa9JkAAAAQMM+2BmNYZ5qC6FUjxdLxlk2LTLeaswE98/L9dypINx7+zq7i6Y/NTODYKI/CIUbTOT5XKgR56K9AuImB4tv8ww=	VxmG16aOpw5fnMsTC6/PWnbmxi/dW8QDB8fD33sbcYkAAAAAAAAACgAAAAAAAAABAAAAAAAAAAYAAAAAAAAAAA==	AAAAAAAAAAEAAAABAAAAAwAAAAAAAAAAOcc3n3HbA8l2sCN0wTvSwSp144/9AvxUmliDrYJr0mQAAAACVAvjxAAAAAIAAAAGAAAABQAAAAAAAAAAAAAAAAEAAAAAAAAAAAAAAAAAAAAAAAABAAAAAgAAAAAAAAADAAAAAQAAAAA5xzefcdsDyXawI3TBO9LBKnXjj/0C/FSaWIOtgmvSZAAAAAEzMQAAAAAAAMmSmF3O5xf8PrNskmkjbpD5DLz68R1n+3x8Nr0dnh6hAAAAAAAAAAB//////////wAAAAEAAAAAAAAAAAAAAAEAAAADAAAAAAAAAAA5xzefcdsDyXawI3TBO9LBKnXjj/0C/FSaWIOtgmvSZAAAAAJUC+PEAAAAAgAAAAYAAAAGAAAAAAAAAAAAAAAAAQAAAAAAAAAAAAAAAAAAAA==
2424e218a3ee0321a65c9f42e782c24ccf49249a058bd9bd7fdf7d93b30f4348	3	9	AAAAADnHN59x2wPJdrAjdME70sEqdeOP/QL8VJpYg62Ca9JkAAAACgAAAAIAAAAHAAAAAAAAAAAAAAABAAAAAAAAAAYAAAABMzIAAAAAAADJkphdzucX/D6zbJJpI26Q+Qy8+vEdZ/t8fDa9HZ4eoX//////////AAAAAAAAAAGCa9JkAAAAQGmdqBK1oYr9khYffeqoIS776IbeqGpezBQwsJyuE78D/ihNqsLu2dg3t19upzWZg8bifsIcb6TS6/Bgnz7RXgQ=	JCTiGKPuAyGmXJ9C54LCTM9JJJoFi9m9f999k7MPQ0gAAAAAAAAACgAAAAAAAAABAAAAAAAAAAYAAAAAAAAAAA==	AAAAAAAAAAEAAAABAAAAAwAAAAAAAAAAOcc3n3HbA8l2sCN0wTvSwSp144/9AvxUmliDrYJr0mQAAAACVAvjugAAAAIAAAAHAAAABgAAAAAAAAAAAAAAAAEAAAAAAAAAAAAAAAAAAAAAAAABAAAAAgAAAAAAAAADAAAAAQAAAAA5xzefcdsDyXawI3TBO9LBKnXjj/0C/FSaWIOtgmvSZAAAAAEzMgAAAAAAAMmSmF3O5xf8PrNskmkjbpD5DLz68R1n+3x8Nr0dnh6hAAAAAAAAAAB//////////wAAAAEAAAAAAAAAAAAAAAEAAAADAAAAAAAAAAA5xzefcdsDyXawI3TBO9LBKnXjj/0C/FSaWIOtgmvSZAAAAAJUC+O6AAAAAgAAAAcAAAAHAAAAAAAAAAAAAAAAAQAAAAAAAAAAAAAAAAAAAA==
078cc526c9cd75ff64fe460485d17898ff33d367b25f54ea1fb567fc008f73e6	3	10	AAAAADnHN59x2wPJdrAjdME70sEqdeOP/QL8VJpYg62Ca9JkAAAACgAAAAIAAAAIAAAAAAAAAAAAAAABAAAAAAAAAAYAAAABMzMAAAAAAADJkphdzucX/D6zbJJpI26Q+Qy8+vEdZ/t8fDa9HZ4eoX//////////AAAAAAAAAAGCa9JkAAAAQLCFY1yEFf558SOA/2uJXWTRGDzBdYcgjjdk6Ene1WfDcP112+nHOhBqIz2tfbfrgcsh4JN+WGxgJmvV7D3EUQY=	B4zFJsnNdf9k/kYEhdF4mP8z02eyX1TqH7Vn/ACPc+YAAAAAAAAACgAAAAAAAAABAAAAAAAAAAYAAAAAAAAAAA==	AAAAAAAAAAEAAAABAAAAAwAAAAAAAAAAOcc3n3HbA8l2sCN0wTvSwSp144/9AvxUmliDrYJr0mQAAAACVAvjsAAAAAIAAAAIAAAABwAAAAAAAAAAAAAAAAEAAAAAAAAAAAAAAAAAAAAAAAABAAAAAgAAAAAAAAADAAAAAQAAAAA5xzefcdsDyXawI3TBO9LBKnXjj/0C/FSaWIOtgmvSZAAAAAEzMwAAAAAAAMmSmF3O5xf8PrNskmkjbpD5DLz68R1n+3x8Nr0dnh6hAAAAAAAAAAB//////////wAAAAEAAAAAAAAAAAAAAAEAAAADAAAAAAAAAAA5xzefcdsDyXawI3TBO9LBKnXjj/0C/FSaWIOtgmvSZAAAAAJUC+OwAAAAAgAAAAgAAAAIAAAAAAAAAAAAAAAAAQAAAAAAAAAAAAAAAAAAAA==
dcf5796077f7c9b0ae85ca862048ecde2c189aa3180523915c6f6a630d64a964	4	1	AAAAAMmSmF3O5xf8PrNskmkjbpD5DLz68R1n+3x8Nr0dnh6hAAAACgAAAAIAAAABAAAAAAAAAAAAAAABAAAAAAAAAAEAAAAAyrnUJgqLSAlwxMpIYhSITKxHsIeVx7ENSwbouOokBZ0AAAABVVNEAAAAAADJkphdzucX/D6zbJJpI26Q+Qy8+vEdZ/t8fDa9HZ4eoQAAAAAAABOIAAAAAAAAAAEdnh6hAAAAQFXhKQbZCmxfnBe0v0zsqu9nnQ44/3lduWUT07jmBNzCR/EZ6PcM5JUOgsLrLRropEiThw3nFF4TR1UrOtZU2gk=	3PV5YHf3ybCuhcqGIEjs3iwYmqMYBSORXG9qYw1kqWQAAAAAAAAACgAAAAAAAAABAAAAAAAAAAEAAAAAAAAAAA==	AAAAAAAAAAEAAAABAAAABAAAAAAAAAAAyZKYXc7nF/w+s2ySaSNukPkMvPrxHWf7fHw2vR2eHqEAAAACVAvj9gAAAAIAAAABAAAAAAAAAAAAAAAAAAAAAAEAAAAAAAAAAAAAAAAAAAAAAAABAAAAAQAAAAEAAAAEAAAAAQAAAADKudQmCotICXDEykhiFIhMrEewh5XHsQ1LBui46iQFnQAAAAFVU0QAAAAAAMmSmF3O5xf8PrNskmkjbpD5DLz68R1n+3x8Nr0dnh6hAAAAAAAAE4h//////////wAAAAEAAAAAAAAAAA==
f47251326f3adda25d27fe460923b8642caed60d9ff75ccca7941e694346c45d	4	2	AAAAAMmSmF3O5xf8PrNskmkjbpD5DLz68R1n+3x8Nr0dnh6hAAAACgAAAAIAAAACAAAAAAAAAAAAAAABAAAAAAAAAAEAAAAAOcc3n3HbA8l2sCN0wTvSwSp144/9AvxUmliDrYJr0mQAAAABRVVSAAAAAADJkphdzucX/D6zbJJpI26Q+Qy8+vEdZ/t8fDa9HZ4eoQAAAAAAABOIAAAAAAAAAAEdnh6hAAAAQECgC7hwexO6aSXv6S5YqvnLxuSMItL5x52RLxEbxEQsQnOaIrb0rhgTobNcRuliZgRpbG1aUisGM1qTWIeEww8=	9HJRMm863aJdJ/5GCSO4ZCyu1g2f91zMp5QeaUNGxF0AAAAAAAAACgAAAAAAAAABAAAAAAAAAAEAAAAAAAAAAA==	AAAAAAAAAAEAAAABAAAABAAAAAAAAAAAyZKYXc7nF/w+s2ySaSNukPkMvPrxHWf7fHw2vR2eHqEAAAACVAvj7AAAAAIAAAACAAAAAAAAAAAAAAAAAAAAAAEAAAAAAAAAAAAAAAAAAAAAAAABAAAAAQAAAAEAAAAEAAAAAQAAAAA5xzefcdsDyXawI3TBO9LBKnXjj/0C/FSaWIOtgmvSZAAAAAFFVVIAAAAAAMmSmF3O5xf8PrNskmkjbpD5DLz68R1n+3x8Nr0dnh6hAAAAAAAAE4h//////////wAAAAEAAAAAAAAAAA==
e9bc4b3904ded36d1d66dd4058b4261cd8945be7d61e4cc93d21f3a0d934ebfe	4	3	AAAAAMmSmF3O5xf8PrNskmkjbpD5DLz68R1n+3x8Nr0dnh6hAAAACgAAAAIAAAADAAAAAAAAAAAAAAABAAAAAAAAAAEAAAAAOcc3n3HbA8l2sCN0wTvSwSp144/9AvxUmliDrYJr0mQAAAABMQAAAAAAAADJkphdzucX/D6zbJJpI26Q+Qy8+vEdZ/t8fDa9HZ4eoQAAAAAAABOIAAAAAAAAAAEdnh6hAAAAQO63LiesLoiy+EDG64q5mlrLECtOj/sxbZintMlBiNYYrFrc9BGkn7hJ/WhD5KDfZ8IlK38+7NBcThTP73GaDAM=	6bxLOQTe020dZt1AWLQmHNiUW+fWHkzJPSHzoNk06/4AAAAAAAAACgAAAAAAAAABAAAAAAAAAAEAAAAAAAAAAA==	AAAAAAAAAAEAAAABAAAABAAAAAAAAAAAyZKYXc7nF/w+s2ySaSNukPkMvPrxHWf7fHw2vR2eHqEAAAACVAvj4gAAAAIAAAADAAAAAAAAAAAAAAAAAAAAAAEAAAAAAAAAAAAAAAAAAAAAAAABAAAAAQAAAAEAAAAEAAAAAQAAAAA5xzefcdsDyXawI3TBO9LBKnXjj/0C/FSaWIOtgmvSZAAAAAExAAAAAAAAAMmSmF3O5xf8PrNskmkjbpD5DLz68R1n+3x8Nr0dnh6hAAAAAAAAE4h//////////wAAAAEAAAAAAAAAAA==
c9aa905f6cccdf6a883c430192baa273543716263219bc5dfa4263dfa0e74a8b	4	4	AAAAAMmSmF3O5xf8PrNskmkjbpD5DLz68R1n+3x8Nr0dnh6hAAAACgAAAAIAAAAEAAAAAAAAAAAAAAABAAAAAAAAAAEAAAAAOcc3n3HbA8l2sCN0wTvSwSp144/9AvxUmliDrYJr0mQAAAABMjEAAAAAAADJkphdzucX/D6zbJJpI26Q+Qy8+vEdZ/t8fDa9HZ4eoQAAAAAAABOIAAAAAAAAAAEdnh6hAAAAQOMtmuLRGq4GafidmjyZXtAaGTMtkFivD/Uv/90bFI0SJzWvP74dLXepaC2Y+FahK5umH+mlZHpKO1nDIJ9oIwM=	yaqQX2zM32qIPEMBkrqic1Q3FiYyGbxd+kJj36DnSosAAAAAAAAACgAAAAAAAAABAAAAAAAAAAEAAAAAAAAAAA==	AAAAAAAAAAEAAAABAAAABAAAAAAAAAAAyZKYXc7nF/w+s2ySaSNukPkMvPrxHWf7fHw2vR2eHqEAAAACVAvj2AAAAAIAAAAEAAAAAAAAAAAAAAAAAAAAAAEAAAAAAAAAAAAAAAAAAAAAAAABAAAAAQAAAAEAAAAEAAAAAQAAAAA5xzefcdsDyXawI3TBO9LBKnXjj/0C/FSaWIOtgmvSZAAAAAEyMQAAAAAAAMmSmF3O5xf8PrNskmkjbpD5DLz68R1n+3x8Nr0dnh6hAAAAAAAAE4h//////////wAAAAEAAAAAAAAAAA==
82947b21b1e131c467e9efbb2e42dad61f461d62ed42094cb4ed501940e5b7ad	4	5	AAAAAMmSmF3O5xf8PrNskmkjbpD5DLz68R1n+3x8Nr0dnh6hAAAACgAAAAIAAAAFAAAAAAAAAAAAAAABAAAAAAAAAAEAAAAAOcc3n3HbA8l2sCN0wTvSwSp144/9AvxUmliDrYJr0mQAAAABMjIAAAAAAADJkphdzucX/D6zbJJpI26Q+Qy8+vEdZ/t8fDa9HZ4eoQAAAAAAABOIAAAAAAAAAAEdnh6hAAAAQLgC+tZlQw+bugXVvR/FxWxzuqoa9VuhJPtbzBSc33F8wBumcv14W9Oo2/WO52jmfNN+43Nta+2PS5wFtyEruw0=	gpR7IbHhMcRn6e+7LkLa1h9GHWLtQglMtO1QGUDlt60AAAAAAAAACgAAAAAAAAABAAAAAAAAAAEAAAAAAAAAAA==	AAAAAAAAAAEAAAABAAAABAAAAAAAAAAAyZKYXc7nF/w+s2ySaSNukPkMvPrxHWf7fHw2vR2eHqEAAAACVAvjzgAAAAIAAAAFAAAAAAAAAAAAAAAAAAAAAAEAAAAAAAAAAAAAAAAAAAAAAAABAAAAAQAAAAEAAAAEAAAAAQAAAAA5xzefcdsDyXawI3TBO9LBKnXjj/0C/FSaWIOtgmvSZAAAAAEyMgAAAAAAAMmSmF3O5xf8PrNskmkjbpD5DLz68R1n+3x8Nr0dnh6hAAAAAAAAE4h//////////wAAAAEAAAAAAAAAAA==
3efd6484b5e1887e97104d84f936b1bc8bd1ee3d45aca71d4091599ec01162ff	4	6	AAAAAMmSmF3O5xf8PrNskmkjbpD5DLz68R1n+3x8Nr0dnh6hAAAACgAAAAIAAAAGAAAAAAAAAAAAAAABAAAAAAAAAAEAAAAAOcc3n3HbA8l2sCN0wTvSwSp144/9AvxUmliDrYJr0mQAAAABMzEAAAAAAADJkphdzucX/D6zbJJpI26Q+Qy8+vEdZ/t8fDa9HZ4eoQAAAAAAABOIAAAAAAAAAAEdnh6hAAAAQOyUoxtOweEiHamytGo8zDAV35Qnqj/moeiXrDms5q1djRL0mftQTJ4Kmthhz/HJD/Q6YuPydsY3j+sGRhW15Q0=	Pv1khLXhiH6XEE2E+TaxvIvR7j1FrKcdQJFZnsARYv8AAAAAAAAACgAAAAAAAAABAAAAAAAAAAEAAAAAAAAAAA==	AAAAAAAAAAEAAAABAAAABAAAAAAAAAAAyZKYXc7nF/w+s2ySaSNukPkMvPrxHWf7fHw2vR2eHqEAAAACVAvjxAAAAAIAAAAGAAAAAAAAAAAAAAAAAAAAAAEAAAAAAAAAAAAAAAAAAAAAAAABAAAAAQAAAAEAAAAEAAAAAQAAAAA5xzefcdsDyXawI3TBO9LBKnXjj/0C/FSaWIOtgmvSZAAAAAEzMQAAAAAAAMmSmF3O5xf8PrNskmkjbpD5DLz68R1n+3x8Nr0dnh6hAAAAAAAAE4h//////////wAAAAEAAAAAAAAAAA==
d0f80cd797afb07500f37437f8f6d46183c7c952176860d75a0718b84e73518f	4	7	AAAAAMmSmF3O5xf8PrNskmkjbpD5DLz68R1n+3x8Nr0dnh6hAAAACgAAAAIAAAAHAAAAAAAAAAAAAAABAAAAAAAAAAEAAAAAOcc3n3HbA8l2sCN0wTvSwSp144/9AvxUmliDrYJr0mQAAAABMzIAAAAAAADJkphdzucX/D6zbJJpI26Q+Qy8+vEdZ/t8fDa9HZ4eoQAAAAAAABOIAAAAAAAAAAEdnh6hAAAAQO6lZLtEIs5YwKbnFc0SuLmsLYogQir3rux2SY6uy1mzcNNL6mreCtSQCIVaNkMOoYgvzBhH9YOcxAm4RYRoqgM=	0PgM15evsHUA83Q3+PbUYYPHyVIXaGDXWgcYuE5zUY8AAAAAAAAACgAAAAAAAAABAAAAAAAAAAEAAAAAAAAAAA==	AAAAAAAAAAEAAAABAAAABAAAAAAAAAAAyZKYXc7nF/w+s2ySaSNukPkMvPrxHWf7fHw2vR2eHqEAAAACVAvjugAAAAIAAAAHAAAAAAAAAAAAAAAAAAAAAAEAAAAAAAAAAAAAAAAAAAAAAAABAAAAAQAAAAEAAAAEAAAAAQAAAAA5xzefcdsDyXawI3TBO9LBKnXjj/0C/FSaWIOtgmvSZAAAAAEzMgAAAAAAAMmSmF3O5xf8PrNskmkjbpD5DLz68R1n+3x8Nr0dnh6hAAAAAAAAE4h//////////wAAAAEAAAAAAAAAAA==
6046a4dcaf7cb65c05c087e343de417fed989420235f726edaf966de4c6dbc62	4	8	AAAAAMmSmF3O5xf8PrNskmkjbpD5DLz68R1n+3x8Nr0dnh6hAAAACgAAAAIAAAAIAAAAAAAAAAAAAAABAAAAAAAAAAEAAAAAOcc3n3HbA8l2sCN0wTvSwSp144/9AvxUmliDrYJr0mQAAAABMzMAAAAAAADJkphdzucX/D6zbJJpI26Q+Qy8+vEdZ/t8fDa9HZ4eoQAAAAAAABOIAAAAAAAAAAEdnh6hAAAAQDTS29M3OMbhakivCfTVkzO+V4DOziitu1ySJjo+yrRjuYwrMmLe1HLEqxHgfzhycaACfg8Y3qAg+j9sQWYuUAs=	YEak3K98tlwFwIfjQ95Bf+2YlCAjX3Ju2vlm3kxtvGIAAAAAAAAACgAAAAAAAAABAAAAAAAAAAEAAAAAAAAAAA==	AAAAAAAAAAEAAAABAAAABAAAAAAAAAAAyZKYXc7nF/w+s2ySaSNukPkMvPrxHWf7fHw2vR2eHqEAAAACVAvjsAAAAAIAAAAIAAAAAAAAAAAAAAAAAAAAAAEAAAAAAAAAAAAAAAAAAAAAAAABAAAAAQAAAAEAAAAEAAAAAQAAAAA5xzefcdsDyXawI3TBO9LBKnXjj/0C/FSaWIOtgmvSZAAAAAEzMwAAAAAAAMmSmF3O5xf8PrNskmkjbpD5DLz68R1n+3x8Nr0dnh6hAAAAAAAAE4h//////////wAAAAEAAAAAAAAAAA==
83047593f9ce3c7a732fe4125b68c3248efdac229646bd7b5e062f9bf04276a2	5	1	AAAAADnHN59x2wPJdrAjdME70sEqdeOP/QL8VJpYg62Ca9JkAAAACgAAAAIAAAAJAAAAAAAAAAAAAAABAAAAAAAAAAMAAAABRVVSAAAAAADJkphdzucX/D6zbJJpI26Q+Qy8+vEdZ/t8fDa9HZ4eoQAAAAFVU0QAAAAAAMmSmF3O5xf8PrNskmkjbpD5DLz68R1n+3x8Nr0dnh6hAAAAAAAAAAoAAAABAAAAAQAAAAAAAAAAAAAAAAAAAAGCa9JkAAAAQAQHiagI3TOq0dg+dIJKSkVTMAK/BeKxU5tHnc22pXCrF2kUTXYLja2/go/svejaNN7oLwqXBiEqIstdmEWWCAE=	gwR1k/nOPHpzL+QSW2jDJI79rCKWRr17XgYvm/BCdqIAAAAAAAAACgAAAAAAAAABAAAAAAAAAAMAAAAAAAAAAAAAAAAAAAAAOcc3n3HbA8l2sCN0wTvSwSp144/9AvxUmliDrYJr0mQAAAAAAAAAAQAAAAFFVVIAAAAAAMmSmF3O5xf8PrNskmkjbpD5DLz68R1n+3x8Nr0dnh6hAAAAAVVTRAAAAAAAyZKYXc7nF/w+s2ySaSNukPkMvPrxHWf7fHw2vR2eHqEAAAAAAAAACgAAAAEAAAABAAAAAAAAAAAAAAAA	AAAAAAAAAAEAAAABAAAABQAAAAAAAAAAOcc3n3HbA8l2sCN0wTvSwSp144/9AvxUmliDrYJr0mQAAAACVAvjpgAAAAIAAAAJAAAACAAAAAAAAAAAAAAAAAEAAAAAAAAAAAAAAAAAAAAAAAABAAAAAgAAAAAAAAAFAAAAAgAAAAA5xzefcdsDyXawI3TBO9LBKnXjj/0C/FSaWIOtgmvSZAAAAAAAAAABAAAAAUVVUgAAAAAAyZKYXc7nF/w+s2ySaSNukPkMvPrxHWf7fHw2vR2eHqEAAAABVVNEAAAAAADJkphdzucX/D6zbJJpI26Q+Qy8+vEdZ/t8fDa9HZ4eoQAAAAAAAAAKAAAAAQAAAAEAAAAAAAAAAAAAAAAAAAABAAAABQAAAAAAAAAAOcc3n3HbA8l2sCN0wTvSwSp144/9AvxUmliDrYJr0mQAAAACVAvjpgAAAAIAAAAJAAAACQAAAAAAAAAAAAAAAAEAAAAAAAAAAAAAAAAAAAA=
fcb4c6a4078965af93d09212861fa9d548b8431c576e9937ba53bbd399e1179b	5	2	AAAAADnHN59x2wPJdrAjdME70sEqdeOP/QL8VJpYg62Ca9JkAAAACgAAAAIAAAAKAAAAAAAAAAAAAAABAAAAAAAAAAMAAAABMQAAAAAAAADJkphdzucX/D6zbJJpI26Q+Qy8+vEdZ/t8fDa9HZ4eoQAAAAFVU0QAAAAAAMmSmF3O5xf8PrNskmkjbpD5DLz68R1n+3x8Nr0dnh6hAAAAAAAAABQAAAABAAAAAQAAAAAAAAAAAAAAAAAAAAGCa9JkAAAAQHDKxmyuyc2OdcVj+su3O+eGA7NYFkn38w3bTS7XDIgPkMM51djJjXRTfHhxCcGpKvKoPJEGRSQQTGZnJLTyvA0=	/LTGpAeJZa+T0JIShh+p1Ui4QxxXbpk3ulO705nhF5sAAAAAAAAACgAAAAAAAAABAAAAAAAAAAMAAAAAAAAAAAAAAAAAAAAAOcc3n3HbA8l2sCN0wTvSwSp144/9AvxUmliDrYJr0mQAAAAAAAAAAgAAAAExAAAAAAAAAMmSmF3O5xf8PrNskmkjbpD5DLz68R1n+3x8Nr0dnh6hAAAAAVVTRAAAAAAAyZKYXc7nF/w+s2ySaSNukPkMvPrxHWf7fHw2vR2eHqEAAAAAAAAAFAAAAAEAAAABAAAAAAAAAAAAAAAA	AAAAAAAAAAEAAAABAAAABQAAAAAAAAAAOcc3n3HbA8l2sCN0wTvSwSp144/9AvxUmliDrYJr0mQAAAACVAvjnAAAAAIAAAAKAAAACQAAAAAAAAAAAAAAAAEAAAAAAAAAAAAAAAAAAAAAAAABAAAAAgAAAAAAAAAFAAAAAgAAAAA5xzefcdsDyXawI3TBO9LBKnXjj/0C/FSaWIOtgmvSZAAAAAAAAAACAAAAATEAAAAAAAAAyZKYXc7nF/w+s2ySaSNukPkMvPrxHWf7fHw2vR2eHqEAAAABVVNEAAAAAADJkphdzucX/D6zbJJpI26Q+Qy8+vEdZ/t8fDa9HZ4eoQAAAAAAAAAUAAAAAQAAAAEAAAAAAAAAAAAAAAAAAAABAAAABQAAAAAAAAAAOcc3n3HbA8l2sCN0wTvSwSp144/9AvxUmliDrYJr0mQAAAACVAvjnAAAAAIAAAAKAAAACgAAAAAAAAAAAAAAAAEAAAAAAAAAAAAAAAAAAAA=
891171083e1bc11b1b99513f99120f9fa9caecdf1f759a25293f5bf761334e9f	5	3	AAAAADnHN59x2wPJdrAjdME70sEqdeOP/QL8VJpYg62Ca9JkAAAACgAAAAIAAAALAAAAAAAAAAAAAAABAAAAAAAAAAMAAAABRVVSAAAAAADJkphdzucX/D6zbJJpI26Q+Qy8+vEdZ/t8fDa9HZ4eoQAAAAExAAAAAAAAAMmSmF3O5xf8PrNskmkjbpD5DLz68R1n+3x8Nr0dnh6hAAAAAAAAABQAAAABAAAAAQAAAAAAAAAAAAAAAAAAAAGCa9JkAAAAQMtZw7tZC1mR3ywHPPMplagNpCoJrJlfJYE6DXoazZvfoDDx8+3ynSDwYFh5nHHSTcr4WfYanmZeNrg+2W22kgE=	iRFxCD4bwRsbmVE/mRIPn6nK7N8fdZolKT9b92EzTp8AAAAAAAAACgAAAAAAAAABAAAAAAAAAAMAAAAAAAAAAAAAAAAAAAAAOcc3n3HbA8l2sCN0wTvSwSp144/9AvxUmliDrYJr0mQAAAAAAAAAAwAAAAFFVVIAAAAAAMmSmF3O5xf8PrNskmkjbpD5DLz68R1n+3x8Nr0dnh6hAAAAATEAAAAAAAAAyZKYXc7nF/w+s2ySaSNukPkMvPrxHWf7fHw2vR2eHqEAAAAAAAAAFAAAAAEAAAABAAAAAAAAAAAAAAAA	AAAAAAAAAAEAAAABAAAABQAAAAAAAAAAOcc3n3HbA8l2sCN0wTvSwSp144/9AvxUmliDrYJr0mQAAAACVAvjkgAAAAIAAAALAAAACgAAAAAAAAAAAAAAAAEAAAAAAAAAAAAAAAAAAAAAAAABAAAAAgAAAAAAAAAFAAAAAgAAAAA5xzefcdsDyXawI3TBO9LBKnXjj/0C/FSaWIOtgmvSZAAAAAAAAAADAAAAAUVVUgAAAAAAyZKYXc7nF/w+s2ySaSNukPkMvPrxHWf7fHw2vR2eHqEAAAABMQAAAAAAAADJkphdzucX/D6zbJJpI26Q+Qy8+vEdZ/t8fDa9HZ4eoQAAAAAAAAAUAAAAAQAAAAEAAAAAAAAAAAAAAAAAAAABAAAABQAAAAAAAAAAOcc3n3HbA8l2sCN0wTvSwSp144/9AvxUmliDrYJr0mQAAAACVAvjkgAAAAIAAAALAAAACwAAAAAAAAAAAAAAAAEAAAAAAAAAAAAAAAAAAAA=
220e31c39a9f95ab7594707c6c449b763101a0031175b95a28c5523b06315911	5	4	AAAAADnHN59x2wPJdrAjdME70sEqdeOP/QL8VJpYg62Ca9JkAAAACgAAAAIAAAAMAAAAAAAAAAAAAAABAAAAAAAAAAMAAAABMjEAAAAAAADJkphdzucX/D6zbJJpI26Q+Qy8+vEdZ/t8fDa9HZ4eoQAAAAFVU0QAAAAAAMmSmF3O5xf8PrNskmkjbpD5DLz68R1n+3x8Nr0dnh6hAAAAAAAAAB4AAAABAAAAAQAAAAAAAAAAAAAAAAAAAAGCa9JkAAAAQL1JFZJ7MtHOgBvwX0Q0fk0VA1oMkmSdQFaIDJXB2/z2KCdRSTikfu3998YFXvl1O9oyn30tgmwE7vtyhJUICgI=	Ig4xw5qflat1lHB8bESbdjEBoAMRdblaKMVSOwYxWREAAAAAAAAACgAAAAAAAAABAAAAAAAAAAMAAAAAAAAAAAAAAAAAAAAAOcc3n3HbA8l2sCN0wTvSwSp144/9AvxUmliDrYJr0mQAAAAAAAAABAAAAAEyMQAAAAAAAMmSmF3O5xf8PrNskmkjbpD5DLz68R1n+3x8Nr0dnh6hAAAAAVVTRAAAAAAAyZKYXc7nF/w+s2ySaSNukPkMvPrxHWf7fHw2vR2eHqEAAAAAAAAAHgAAAAEAAAABAAAAAAAAAAAAAAAA	AAAAAAAAAAEAAAABAAAABQAAAAAAAAAAOcc3n3HbA8l2sCN0wTvSwSp144/9AvxUmliDrYJr0mQAAAACVAvjiAAAAAIAAAAMAAAACwAAAAAAAAAAAAAAAAEAAAAAAAAAAAAAAAAAAAAAAAABAAAAAgAAAAAAAAAFAAAAAgAAAAA5xzefcdsDyXawI3TBO9LBKnXjj/0C/FSaWIOtgmvSZAAAAAAAAAAEAAAAATIxAAAAAAAAyZKYXc7nF/w+s2ySaSNukPkMvPrxHWf7fHw2vR2eHqEAAAABVVNEAAAAAADJkphdzucX/D6zbJJpI26Q+Qy8+vEdZ/t8fDa9HZ4eoQAAAAAAAAAeAAAAAQAAAAEAAAAAAAAAAAAAAAAAAAABAAAABQAAAAAAAAAAOcc3n3HbA8l2sCN0wTvSwSp144/9AvxUmliDrYJr0mQAAAACVAvjiAAAAAIAAAAMAAAADAAAAAAAAAAAAAAAAAEAAAAAAAAAAAAAAAAAAAA=
0863b66c3db5d4bee470dbc52321f3f6ff4363db0aeef438aeabfc4c57bc0375	5	5	AAAAADnHN59x2wPJdrAjdME70sEqdeOP/QL8VJpYg62Ca9JkAAAACgAAAAIAAAANAAAAAAAAAAAAAAABAAAAAAAAAAMAAAABMjIAAAAAAADJkphdzucX/D6zbJJpI26Q+Qy8+vEdZ/t8fDa9HZ4eoQAAAAEyMQAAAAAAAMmSmF3O5xf8PrNskmkjbpD5DLz68R1n+3x8Nr0dnh6hAAAAAAAAAB4AAAABAAAAAQAAAAAAAAAAAAAAAAAAAAGCa9JkAAAAQBeqvp3rnDOaF1m8RmH98+q7yVc4y7yulhdA7/7eHV31gkiVk+WjgEjJsMSbspNThAcCuQtCEoBhP4WGMAIcywU=	CGO2bD211L7kcNvFIyHz9v9DY9sK7vQ4rqv8TFe8A3UAAAAAAAAACgAAAAAAAAABAAAAAAAAAAMAAAAAAAAAAAAAAAAAAAAAOcc3n3HbA8l2sCN0wTvSwSp144/9AvxUmliDrYJr0mQAAAAAAAAABQAAAAEyMgAAAAAAAMmSmF3O5xf8PrNskmkjbpD5DLz68R1n+3x8Nr0dnh6hAAAAATIxAAAAAAAAyZKYXc7nF/w+s2ySaSNukPkMvPrxHWf7fHw2vR2eHqEAAAAAAAAAHgAAAAEAAAABAAAAAAAAAAAAAAAA	AAAAAAAAAAEAAAABAAAABQAAAAAAAAAAOcc3n3HbA8l2sCN0wTvSwSp144/9AvxUmliDrYJr0mQAAAACVAvjfgAAAAIAAAANAAAADAAAAAAAAAAAAAAAAAEAAAAAAAAAAAAAAAAAAAAAAAABAAAAAgAAAAAAAAAFAAAAAgAAAAA5xzefcdsDyXawI3TBO9LBKnXjj/0C/FSaWIOtgmvSZAAAAAAAAAAFAAAAATIyAAAAAAAAyZKYXc7nF/w+s2ySaSNukPkMvPrxHWf7fHw2vR2eHqEAAAABMjEAAAAAAADJkphdzucX/D6zbJJpI26Q+Qy8+vEdZ/t8fDa9HZ4eoQAAAAAAAAAeAAAAAQAAAAEAAAAAAAAAAAAAAAAAAAABAAAABQAAAAAAAAAAOcc3n3HbA8l2sCN0wTvSwSp144/9AvxUmliDrYJr0mQAAAACVAvjfgAAAAIAAAANAAAADQAAAAAAAAAAAAAAAAEAAAAAAAAAAAAAAAAAAAA=
2a7639418605170949a6cf23142ec83d37dc17b1a4db2d6c7a3070d359872831	5	6	AAAAADnHN59x2wPJdrAjdME70sEqdeOP/QL8VJpYg62Ca9JkAAAACgAAAAIAAAAOAAAAAAAAAAAAAAABAAAAAAAAAAMAAAABRVVSAAAAAADJkphdzucX/D6zbJJpI26Q+Qy8+vEdZ/t8fDa9HZ4eoQAAAAEyMgAAAAAAAMmSmF3O5xf8PrNskmkjbpD5DLz68R1n+3x8Nr0dnh6hAAAAAAAAAB4AAAABAAAAAQAAAAAAAAAAAAAAAAAAAAGCa9JkAAAAQH2DdoRRx/QCbxfQwJU4mS7c/wCqiqJ10kgbEfOq411UkFOI7iJCOJsj21PJ7HtrRKr0nYyyoqXMaqHtj38RBQc=	KnY5QYYFFwlJps8jFC7IPTfcF7Gk2y1sejBw01mHKDEAAAAAAAAACgAAAAAAAAABAAAAAAAAAAMAAAAAAAAAAAAAAAAAAAAAOcc3n3HbA8l2sCN0wTvSwSp144/9AvxUmliDrYJr0mQAAAAAAAAABgAAAAFFVVIAAAAAAMmSmF3O5xf8PrNskmkjbpD5DLz68R1n+3x8Nr0dnh6hAAAAATIyAAAAAAAAyZKYXc7nF/w+s2ySaSNukPkMvPrxHWf7fHw2vR2eHqEAAAAAAAAAHgAAAAEAAAABAAAAAAAAAAAAAAAA	AAAAAAAAAAEAAAABAAAABQAAAAAAAAAAOcc3n3HbA8l2sCN0wTvSwSp144/9AvxUmliDrYJr0mQAAAACVAvjdAAAAAIAAAAOAAAADQAAAAAAAAAAAAAAAAEAAAAAAAAAAAAAAAAAAAAAAAABAAAAAgAAAAAAAAAFAAAAAgAAAAA5xzefcdsDyXawI3TBO9LBKnXjj/0C/FSaWIOtgmvSZAAAAAAAAAAGAAAAAUVVUgAAAAAAyZKYXc7nF/w+s2ySaSNukPkMvPrxHWf7fHw2vR2eHqEAAAABMjIAAAAAAADJkphdzucX/D6zbJJpI26Q+Qy8+vEdZ/t8fDa9HZ4eoQAAAAAAAAAeAAAAAQAAAAEAAAAAAAAAAAAAAAAAAAABAAAABQAAAAAAAAAAOcc3n3HbA8l2sCN0wTvSwSp144/9AvxUmliDrYJr0mQAAAACVAvjdAAAAAIAAAAOAAAADgAAAAAAAAAAAAAAAAEAAAAAAAAAAAAAAAAAAAA=
1be7962844aa423c0c4183fe943247b1bf1d3403e70427ddacb8190155eae1b0	5	7	AAAAADnHN59x2wPJdrAjdME70sEqdeOP/QL8VJpYg62Ca9JkAAAACgAAAAIAAAAPAAAAAAAAAAAAAAABAAAAAAAAAAMAAAABMzEAAAAAAADJkphdzucX/D6zbJJpI26Q+Qy8+vEdZ/t8fDa9HZ4eoQAAAAFVU0QAAAAAAMmSmF3O5xf8PrNskmkjbpD5DLz68R1n+3x8Nr0dnh6hAAAAAAAAACgAAAABAAAAAQAAAAAAAAAAAAAAAAAAAAGCa9JkAAAAQPgtcc09XP5IxPjeqteLFp6HuS5e6P9a1sxiDDJ3ZRHu2E11n1M3EXfpF263NL0bX+SiLaIbULJM//H96gKKIQs=	G+eWKESqQjwMQYP+lDJHsb8dNAPnBCfdrLgZAVXq4bAAAAAAAAAACgAAAAAAAAABAAAAAAAAAAMAAAAAAAAAAAAAAAAAAAAAOcc3n3HbA8l2sCN0wTvSwSp144/9AvxUmliDrYJr0mQAAAAAAAAABwAAAAEzMQAAAAAAAMmSmF3O5xf8PrNskmkjbpD5DLz68R1n+3x8Nr0dnh6hAAAAAVVTRAAAAAAAyZKYXc7nF/w+s2ySaSNukPkMvPrxHWf7fHw2vR2eHqEAAAAAAAAAKAAAAAEAAAABAAAAAAAAAAAAAAAA	AAAAAAAAAAEAAAABAAAABQAAAAAAAAAAOcc3n3HbA8l2sCN0wTvSwSp144/9AvxUmliDrYJr0mQAAAACVAvjagAAAAIAAAAPAAAADgAAAAAAAAAAAAAAAAEAAAAAAAAAAAAAAAAAAAAAAAABAAAAAgAAAAAAAAAFAAAAAgAAAAA5xzefcdsDyXawI3TBO9LBKnXjj/0C/FSaWIOtgmvSZAAAAAAAAAAHAAAAATMxAAAAAAAAyZKYXc7nF/w+s2ySaSNukPkMvPrxHWf7fHw2vR2eHqEAAAABVVNEAAAAAADJkphdzucX/D6zbJJpI26Q+Qy8+vEdZ/t8fDa9HZ4eoQAAAAAAAAAoAAAAAQAAAAEAAAAAAAAAAAAAAAAAAAABAAAABQAAAAAAAAAAOcc3n3HbA8l2sCN0wTvSwSp144/9AvxUmliDrYJr0mQAAAACVAvjagAAAAIAAAAPAAAADwAAAAAAAAAAAAAAAAEAAAAAAAAAAAAAAAAAAAA=
51b362a062bcb4a19cf5280f113647b19082f2976f64da3c41d09293e618a9ed	5	8	AAAAADnHN59x2wPJdrAjdME70sEqdeOP/QL8VJpYg62Ca9JkAAAACgAAAAIAAAAQAAAAAAAAAAAAAAABAAAAAAAAAAMAAAABMzIAAAAAAADJkphdzucX/D6zbJJpI26Q+Qy8+vEdZ/t8fDa9HZ4eoQAAAAEzMQAAAAAAAMmSmF3O5xf8PrNskmkjbpD5DLz68R1n+3x8Nr0dnh6hAAAAAAAAACgAAAABAAAAAQAAAAAAAAAAAAAAAAAAAAGCa9JkAAAAQMAIzZP9wMiaVRfpMIea9SZ46JGufs8Vz5BOuJnSGtjhYJDUOGHRsqod5SHZBoOCTZSjOnpsBwY0ATYWm0CMzg4=	UbNioGK8tKGc9SgPETZHsZCC8pdvZNo8QdCSk+YYqe0AAAAAAAAACgAAAAAAAAABAAAAAAAAAAMAAAAAAAAAAAAAAAAAAAAAOcc3n3HbA8l2sCN0wTvSwSp144/9AvxUmliDrYJr0mQAAAAAAAAACAAAAAEzMgAAAAAAAMmSmF3O5xf8PrNskmkjbpD5DLz68R1n+3x8Nr0dnh6hAAAAATMxAAAAAAAAyZKYXc7nF/w+s2ySaSNukPkMvPrxHWf7fHw2vR2eHqEAAAAAAAAAKAAAAAEAAAABAAAAAAAAAAAAAAAA	AAAAAAAAAAEAAAABAAAABQAAAAAAAAAAOcc3n3HbA8l2sCN0wTvSwSp144/9AvxUmliDrYJr0mQAAAACVAvjYAAAAAIAAAAQAAAADwAAAAAAAAAAAAAAAAEAAAAAAAAAAAAAAAAAAAAAAAABAAAAAgAAAAAAAAAFAAAAAgAAAAA5xzefcdsDyXawI3TBO9LBKnXjj/0C/FSaWIOtgmvSZAAAAAAAAAAIAAAAATMyAAAAAAAAyZKYXc7nF/w+s2ySaSNukPkMvPrxHWf7fHw2vR2eHqEAAAABMzEAAAAAAADJkphdzucX/D6zbJJpI26Q+Qy8+vEdZ/t8fDa9HZ4eoQAAAAAAAAAoAAAAAQAAAAEAAAAAAAAAAAAAAAAAAAABAAAABQAAAAAAAAAAOcc3n3HbA8l2sCN0wTvSwSp144/9AvxUmliDrYJr0mQAAAACVAvjYAAAAAIAAAAQAAAAEAAAAAAAAAAAAAAAAAEAAAAAAAAAAAAAAAAAAAA=
5d3be07fd04f7a1ed31f31561e37800495da5a8aa945d4b2c8849ed7097ecfac	5	9	AAAAADnHN59x2wPJdrAjdME70sEqdeOP/QL8VJpYg62Ca9JkAAAACgAAAAIAAAARAAAAAAAAAAAAAAABAAAAAAAAAAMAAAABMzMAAAAAAADJkphdzucX/D6zbJJpI26Q+Qy8+vEdZ/t8fDa9HZ4eoQAAAAEzMgAAAAAAAMmSmF3O5xf8PrNskmkjbpD5DLz68R1n+3x8Nr0dnh6hAAAAAAAAACgAAAABAAAAAQAAAAAAAAAAAAAAAAAAAAGCa9JkAAAAQFBoM61ucspe725BIjbvn3m8iF2gTp+UhkBze0U0qLx/8EgtvBFxO8fbAoNNFa91K8L0xPjVvcEL1vHhoj1yOAY=	XTvgf9BPeh7THzFWHjeABJXaWoqpRdSyyISe1wl+z6wAAAAAAAAACgAAAAAAAAABAAAAAAAAAAMAAAAAAAAAAAAAAAAAAAAAOcc3n3HbA8l2sCN0wTvSwSp144/9AvxUmliDrYJr0mQAAAAAAAAACQAAAAEzMwAAAAAAAMmSmF3O5xf8PrNskmkjbpD5DLz68R1n+3x8Nr0dnh6hAAAAATMyAAAAAAAAyZKYXc7nF/w+s2ySaSNukPkMvPrxHWf7fHw2vR2eHqEAAAAAAAAAKAAAAAEAAAABAAAAAAAAAAAAAAAA	AAAAAAAAAAEAAAABAAAABQAAAAAAAAAAOcc3n3HbA8l2sCN0wTvSwSp144/9AvxUmliDrYJr0mQAAAACVAvjVgAAAAIAAAARAAAAEAAAAAAAAAAAAAAAAAEAAAAAAAAAAAAAAAAAAAAAAAABAAAAAgAAAAAAAAAFAAAAAgAAAAA5xzefcdsDyXawI3TBO9LBKnXjj/0C/FSaWIOtgmvSZAAAAAAAAAAJAAAAATMzAAAAAAAAyZKYXc7nF/w+s2ySaSNukPkMvPrxHWf7fHw2vR2eHqEAAAABMzIAAAAAAADJkphdzucX/D6zbJJpI26Q+Qy8+vEdZ/t8fDa9HZ4eoQAAAAAAAAAoAAAAAQAAAAEAAAAAAAAAAAAAAAAAAAABAAAABQAAAAAAAAAAOcc3n3HbA8l2sCN0wTvSwSp144/9AvxUmliDrYJr0mQAAAACVAvjVgAAAAIAAAARAAAAEQAAAAAAAAAAAAAAAAEAAAAAAAAAAAAAAAAAAAA=
d875708e7548f190856766cb57fc7eb0dc5b8f64092c2aa52d6d3191f6cf2c1c	5	10	AAAAADnHN59x2wPJdrAjdME70sEqdeOP/QL8VJpYg62Ca9JkAAAACgAAAAIAAAASAAAAAAAAAAAAAAABAAAAAAAAAAMAAAABRVVSAAAAAADJkphdzucX/D6zbJJpI26Q+Qy8+vEdZ/t8fDa9HZ4eoQAAAAEzMwAAAAAAAMmSmF3O5xf8PrNskmkjbpD5DLz68R1n+3x8Nr0dnh6hAAAAAAAAACgAAAABAAAAAQAAAAAAAAAAAAAAAAAAAAGCa9JkAAAAQMB652Didl3UVzUxs7LQMPtwNeQ89ovqyyeMwixfEWuC5Z4CF2PqSOZpTz8VRioTnOz+9kSMG74Symsad4q06AE=	2HVwjnVI8ZCFZ2bLV/x+sNxbj2QJLCqlLW0xkfbPLBwAAAAAAAAACgAAAAAAAAABAAAAAAAAAAMAAAAAAAAAAAAAAAAAAAAAOcc3n3HbA8l2sCN0wTvSwSp144/9AvxUmliDrYJr0mQAAAAAAAAACgAAAAFFVVIAAAAAAMmSmF3O5xf8PrNskmkjbpD5DLz68R1n+3x8Nr0dnh6hAAAAATMzAAAAAAAAyZKYXc7nF/w+s2ySaSNukPkMvPrxHWf7fHw2vR2eHqEAAAAAAAAAKAAAAAEAAAABAAAAAAAAAAAAAAAA	AAAAAAAAAAEAAAABAAAABQAAAAAAAAAAOcc3n3HbA8l2sCN0wTvSwSp144/9AvxUmliDrYJr0mQAAAACVAvjTAAAAAIAAAASAAAAEQAAAAAAAAAAAAAAAAEAAAAAAAAAAAAAAAAAAAAAAAABAAAAAgAAAAAAAAAFAAAAAgAAAAA5xzefcdsDyXawI3TBO9LBKnXjj/0C/FSaWIOtgmvSZAAAAAAAAAAKAAAAAUVVUgAAAAAAyZKYXc7nF/w+s2ySaSNukPkMvPrxHWf7fHw2vR2eHqEAAAABMzMAAAAAAADJkphdzucX/D6zbJJpI26Q+Qy8+vEdZ/t8fDa9HZ4eoQAAAAAAAAAoAAAAAQAAAAEAAAAAAAAAAAAAAAAAAAABAAAABQAAAAAAAAAAOcc3n3HbA8l2sCN0wTvSwSp144/9AvxUmliDrYJr0mQAAAACVAvjTAAAAAIAAAASAAAAEgAAAAAAAAAAAAAAAAEAAAAAAAAAAAAAAAAAAAA=
\.


--
-- Name: accounts_pkey; Type: CONSTRAINT; Schema: public; Owner: -; Tablespace: 
--

ALTER TABLE ONLY accounts
    ADD CONSTRAINT accounts_pkey PRIMARY KEY (accountid);


--
-- Name: ledgerheaders_ledgerseq_key; Type: CONSTRAINT; Schema: public; Owner: -; Tablespace: 
--

ALTER TABLE ONLY ledgerheaders
    ADD CONSTRAINT ledgerheaders_ledgerseq_key UNIQUE (ledgerseq);


--
-- Name: ledgerheaders_pkey; Type: CONSTRAINT; Schema: public; Owner: -; Tablespace: 
--

ALTER TABLE ONLY ledgerheaders
    ADD CONSTRAINT ledgerheaders_pkey PRIMARY KEY (ledgerhash);


--
-- Name: offers_pkey; Type: CONSTRAINT; Schema: public; Owner: -; Tablespace: 
--

ALTER TABLE ONLY offers
    ADD CONSTRAINT offers_pkey PRIMARY KEY (offerid);


--
-- Name: peers_pkey; Type: CONSTRAINT; Schema: public; Owner: -; Tablespace: 
--

ALTER TABLE ONLY peers
    ADD CONSTRAINT peers_pkey PRIMARY KEY (ip, port);


--
-- Name: pubsub_pkey; Type: CONSTRAINT; Schema: public; Owner: -; Tablespace: 
--

ALTER TABLE ONLY pubsub
    ADD CONSTRAINT pubsub_pkey PRIMARY KEY (resid);


--
-- Name: signers_pkey; Type: CONSTRAINT; Schema: public; Owner: -; Tablespace: 
--

ALTER TABLE ONLY signers
    ADD CONSTRAINT signers_pkey PRIMARY KEY (accountid, publickey);


--
-- Name: storestate_pkey; Type: CONSTRAINT; Schema: public; Owner: -; Tablespace: 
--

ALTER TABLE ONLY storestate
    ADD CONSTRAINT storestate_pkey PRIMARY KEY (statename);


--
-- Name: trustlines_pkey; Type: CONSTRAINT; Schema: public; Owner: -; Tablespace: 
--

ALTER TABLE ONLY trustlines
    ADD CONSTRAINT trustlines_pkey PRIMARY KEY (accountid, issuer, assetcode);


--
-- Name: txhistory_ledgerseq_txindex_key; Type: CONSTRAINT; Schema: public; Owner: -; Tablespace: 
--

ALTER TABLE ONLY txhistory
    ADD CONSTRAINT txhistory_ledgerseq_txindex_key UNIQUE (ledgerseq, txindex);


--
-- Name: txhistory_pkey; Type: CONSTRAINT; Schema: public; Owner: -; Tablespace: 
--

ALTER TABLE ONLY txhistory
    ADD CONSTRAINT txhistory_pkey PRIMARY KEY (txid, ledgerseq);


--
-- Name: accountbalances; Type: INDEX; Schema: public; Owner: -; Tablespace: 
--

CREATE INDEX accountbalances ON accounts USING btree (balance) WHERE (balance >= 1000000000);


--
-- Name: accountlines; Type: INDEX; Schema: public; Owner: -; Tablespace: 
--

CREATE INDEX accountlines ON trustlines USING btree (accountid);


--
-- Name: buyingissuerindex; Type: INDEX; Schema: public; Owner: -; Tablespace: 
--

CREATE INDEX buyingissuerindex ON offers USING btree (buyingissuer);


--
-- Name: ledgersbyseq; Type: INDEX; Schema: public; Owner: -; Tablespace: 
--

CREATE INDEX ledgersbyseq ON ledgerheaders USING btree (ledgerseq);


--
-- Name: priceindex; Type: INDEX; Schema: public; Owner: -; Tablespace: 
--

CREATE INDEX priceindex ON offers USING btree (price);


--
-- Name: sellingissuerindex; Type: INDEX; Schema: public; Owner: -; Tablespace: 
--

CREATE INDEX sellingissuerindex ON offers USING btree (sellingissuer);


--
-- Name: signersaccount; Type: INDEX; Schema: public; Owner: -; Tablespace: 
--

CREATE INDEX signersaccount ON signers USING btree (accountid);


--
-- PostgreSQL database dump complete
--

