--
-- PostgreSQL database dump
--

SET statement_timeout = 0;
SET lock_timeout = 0;
SET client_encoding = 'UTF8';
SET standard_conforming_strings = on;
SET check_function_bodies = false;
SET client_min_messages = warning;

SET search_path = public, pg_catalog;

DROP INDEX public.signersaccount;
DROP INDEX public.sellingissuerindex;
DROP INDEX public.priceindex;
DROP INDEX public.ledgersbyseq;
DROP INDEX public.buyingissuerindex;
DROP INDEX public.accountlines;
DROP INDEX public.accountbalances;
ALTER TABLE ONLY public.txhistory DROP CONSTRAINT txhistory_pkey;
ALTER TABLE ONLY public.txhistory DROP CONSTRAINT txhistory_ledgerseq_txindex_key;
ALTER TABLE ONLY public.trustlines DROP CONSTRAINT trustlines_pkey;
ALTER TABLE ONLY public.storestate DROP CONSTRAINT storestate_pkey;
ALTER TABLE ONLY public.signers DROP CONSTRAINT signers_pkey;
ALTER TABLE ONLY public.peers DROP CONSTRAINT peers_pkey;
ALTER TABLE ONLY public.offers DROP CONSTRAINT offers_pkey;
ALTER TABLE ONLY public.ledgerheaders DROP CONSTRAINT ledgerheaders_pkey;
ALTER TABLE ONLY public.ledgerheaders DROP CONSTRAINT ledgerheaders_ledgerseq_key;
ALTER TABLE ONLY public.accounts DROP CONSTRAINT accounts_pkey;
DROP TABLE public.txhistory;
DROP TABLE public.trustlines;
DROP TABLE public.storestate;
DROP TABLE public.signers;
DROP TABLE public.peers;
DROP TABLE public.offers;
DROP TABLE public.ledgerheaders;
DROP TABLE public.accounts;
DROP EXTENSION plpgsql;
DROP SCHEMA public;
--
-- Name: public; Type: SCHEMA; Schema: -; Owner: -
--

CREATE SCHEMA public;


--
-- Name: SCHEMA public; Type: COMMENT; Schema: -; Owner: -
--

COMMENT ON SCHEMA public IS 'standard public schema';


--
-- Name: plpgsql; Type: EXTENSION; Schema: -; Owner: -
--

CREATE EXTENSION IF NOT EXISTS plpgsql WITH SCHEMA pg_catalog;


--
-- Name: EXTENSION plpgsql; Type: COMMENT; Schema: -; Owner: -
--

COMMENT ON EXTENSION plpgsql IS 'PL/pgSQL procedural language';


SET search_path = public, pg_catalog;

SET default_tablespace = '';

SET default_with_oids = false;

--
-- Name: accounts; Type: TABLE; Schema: public; Owner: -; Tablespace: 
--

CREATE TABLE accounts (
    accountid character varying(56) NOT NULL,
    balance bigint NOT NULL,
    seqnum bigint NOT NULL,
    numsubentries integer NOT NULL,
    inflationdest character varying(56),
    homedomain character varying(32),
    thresholds text,
    flags integer NOT NULL,
    CONSTRAINT accounts_balance_check CHECK ((balance >= 0)),
    CONSTRAINT accounts_numsubentries_check CHECK ((numsubentries >= 0))
);


--
-- Name: ledgerheaders; Type: TABLE; Schema: public; Owner: -; Tablespace: 
--

CREATE TABLE ledgerheaders (
    ledgerhash character(64) NOT NULL,
    prevhash character(64) NOT NULL,
    bucketlisthash character(64) NOT NULL,
    ledgerseq integer,
    closetime bigint NOT NULL,
    data text NOT NULL,
    CONSTRAINT ledgerheaders_closetime_check CHECK ((closetime >= 0)),
    CONSTRAINT ledgerheaders_ledgerseq_check CHECK ((ledgerseq >= 0))
);


--
-- Name: offers; Type: TABLE; Schema: public; Owner: -; Tablespace: 
--

CREATE TABLE offers (
    sellerid character varying(56) NOT NULL,
    offerid bigint NOT NULL,
    sellingassettype integer,
    sellingassetcode character varying(12),
    sellingissuer character varying(56),
    buyingassettype integer,
    buyingassetcode character varying(12),
    buyingissuer character varying(56),
    amount bigint NOT NULL,
    pricen integer NOT NULL,
    priced integer NOT NULL,
    price bigint NOT NULL,
    flags integer NOT NULL,
    CONSTRAINT offers_amount_check CHECK ((amount >= 0)),
    CONSTRAINT offers_offerid_check CHECK ((offerid >= 0))
);


--
-- Name: peers; Type: TABLE; Schema: public; Owner: -; Tablespace: 
--

CREATE TABLE peers (
    ip character varying(15) NOT NULL,
    port integer DEFAULT 0 NOT NULL,
    nextattempt timestamp without time zone NOT NULL,
    numfailures integer DEFAULT 0 NOT NULL,
    rank integer DEFAULT 0 NOT NULL,
    CONSTRAINT peers_numfailures_check CHECK ((numfailures >= 0)),
    CONSTRAINT peers_port_check CHECK (((port > 0) AND (port <= 65535))),
    CONSTRAINT peers_rank_check CHECK ((rank >= 0))
);


--
-- Name: signers; Type: TABLE; Schema: public; Owner: -; Tablespace: 
--

CREATE TABLE signers (
    accountid character varying(56) NOT NULL,
    publickey character varying(56) NOT NULL,
    weight integer NOT NULL
);


--
-- Name: storestate; Type: TABLE; Schema: public; Owner: -; Tablespace: 
--

CREATE TABLE storestate (
    statename character(32) NOT NULL,
    state text
);


--
-- Name: trustlines; Type: TABLE; Schema: public; Owner: -; Tablespace: 
--

CREATE TABLE trustlines (
    accountid character varying(56) NOT NULL,
    assettype integer NOT NULL,
    issuer character varying(56) NOT NULL,
    assetcode character varying(12) NOT NULL,
    tlimit bigint DEFAULT 0 NOT NULL,
    balance bigint DEFAULT 0 NOT NULL,
    flags integer NOT NULL,
    CONSTRAINT trustlines_balance_check CHECK ((balance >= 0)),
    CONSTRAINT trustlines_tlimit_check CHECK ((tlimit >= 0))
);


--
-- Name: txhistory; Type: TABLE; Schema: public; Owner: -; Tablespace: 
--

CREATE TABLE txhistory (
    txid character(64) NOT NULL,
    ledgerseq integer NOT NULL,
    txindex integer NOT NULL,
    txbody text NOT NULL,
    txresult text NOT NULL,
    txmeta text NOT NULL,
    CONSTRAINT txhistory_ledgerseq_check CHECK ((ledgerseq >= 0))
);


--
-- Data for Name: accounts; Type: TABLE DATA; Schema: public; Owner: -
--

COPY accounts (accountid, balance, seqnum, numsubentries, inflationdest, homedomain, thresholds, flags) FROM stdin;
GCEZWKCA5VLDNRLN3RPRJMRZOX3Z6G5CHCGSNFHEYVXM3XOJMDS674JZ	99999959999999960	4	0	\N		AQAAAA==	0
GBOAFO2KSBYDMCNKYBEW2UY6JJCLN2ZBVQEZBBZGC2Y3O5JTLOM6Y3D5	9999999990	8589934593	1	\N		AQAAAA==	0
GCGS4AOALPO6L5U7SOYHAOJIJI736IZ7EFL2OFZQ6GFMSWF2PFRFRD2I	9999999990	8589934593	1	\N		AQAAAA==	0
GAC2S36Y76YYCQTC5KS4JKFF2ALSPNPAOXEG3ZUTSAXBAN47YJK5KL22	9999999820	8589934610	18	\N		AQAAAA==	0
GBBLYKS54H4Z5J3G66DA5LKKOANNABWKBGMUOEBPIMHWLAI6225ZD2AM	9999999920	8589934600	0	\N		AQAAAA==	0
\.


--
-- Data for Name: ledgerheaders; Type: TABLE DATA; Schema: public; Owner: -
--

COPY ledgerheaders (ledgerhash, prevhash, bucketlisthash, ledgerseq, closetime, data) FROM stdin;
e8e10918f9c000c73119abe54cf089f59f9015cc93c49ccf00b5e8b9afb6e6b1	0000000000000000000000000000000000000000000000000000000000000000	366ab1da319554c51293d7cbf7893a2373dbb0adb73bc8f86d4842995a948be6	1	0	AAAAAAAAAAAAAAAAAAAAAAAAAAAAAAAAAAAAAAAAAAAAAAAAAAAAAAAAAAAAAAAAAAAAAAAAAAAAAAAAAAAAAAAAAAAAAAAAAAAAAAAAAAAAAAAAAAAAAAAAAAAAAAAAAAAAAAAAAAAAAAAAAAAAAAAAAAA2arHaMZVUxRKT18v3iTojc9uwrbc7yPhtSEKZWpSL5gAAAAEBY0V4XYoAAAAAAAAAAAAAAAAAAAAAAAAAAAAAAAAACgCYloAAAAAAAAAAAAAAAAAAAAAAAAAAAAAAAAAAAAAAAAAAAAAAAAAAAAAAAAAAAAAAAAAAAAAAAAAAAAAAAAAAAAAAAAAAAAAAAAAAAAAAAAAAAAAAAAAAAAAAAAAAAAAAAAAAAAAAAAAAAAAAAAAAAAAAAAAAAAAAAAAAAAAAAAAAAAAAAAA=
006c1d47b91143fcd14fa4ece11fd0d2759255a6fcdf3226287378f9565a2d37	e8e10918f9c000c73119abe54cf089f59f9015cc93c49ccf00b5e8b9afb6e6b1	f43a7e5e83d0248c11698ed5d535c5e4c52b637311be76d65a88959548b41747	2	1437763151	AAAAAejhCRj5wADHMRmr5UzwifWfkBXMk8SczwC16Lmvtuax7Lp8Yoglo0jfLd06EpqWD2U78bQSxk1jmtjGmdDKmpgAAAAAVbKGTwAAAAEAAAAIAAAAAQAAAAEAAAAAVHSFs/YhSEJBOIXtkG072YL4KZ6oJCCeXpZThwO9qH30On5eg9AkjBFpjtXVNcXkxStjcxG+dtZaiJWVSLQXRwAAAAIBY0V4XYoAAAAAAAAAAAAoAAAAAAAAAAAAAAAAAAAACgCYloAAAAAAAAAAAAAAAAAAAAAAAAAAAAAAAAAAAAAAAAAAAAAAAAAAAAAAAAAAAAAAAAAAAAAAAAAAAAAAAAAAAAAAAAAAAAAAAAAAAAAAAAAAAAAAAAAAAAAAAAAAAAAAAAAAAAAAAAAAAAAAAAAAAAAAAAAAAAAAAAAAAAAAAAAAAAAAAAA=
be0626d5f52e8a6d9cd6cbdc653b68e0deb52efc2bfeb00cfefc9d73e3510967	006c1d47b91143fcd14fa4ece11fd0d2759255a6fcdf3226287378f9565a2d37	c07113fdb9e64eca214116b200741a390ac7b06ad124f2aa36574ff4fe8aac37	3	1437763152	AAAAAQBsHUe5EUP80U+k7OEf0NJ1klWm/N8yJihzePlWWi03qr/szOvoR6OEDTLuz0GqPx2p2ZpxDV/UwLdVERHw6f8AAAAAVbKGUAAAAAAAAAAA/9b/sGYeazzCVmVmK7GCL3JVWsTuULd0uOq2Nns7fRrAcRP9ueZOyiFBFrIAdBo5CsewatEk8qo2V0/0/oqsNwAAAAMBY0V4XYoAAAAAAAAAAACMAAAAAAAAAAAAAAAAAAAACgCYloAAAAAAAAAAAAAAAAAAAAAAAAAAAAAAAAAAAAAAAAAAAAAAAAAAAAAAAAAAAAAAAAAAAAAAAAAAAAAAAAAAAAAAAAAAAAAAAAAAAAAAAAAAAAAAAAAAAAAAAAAAAAAAAAAAAAAAAAAAAAAAAAAAAAAAAAAAAAAAAAAAAAAAAAAAAAAAAAA=
de8bd39994ee28e40bb9888f8038c95f537f21f4a9c3384b5fbcfc12df81b9b8	be0626d5f52e8a6d9cd6cbdc653b68e0deb52efc2bfeb00cfefc9d73e3510967	5d86f039c7c3eb11ae2c25738bf35d1ff06c0e48a253b4c5645eb785cfb6fc22	4	1437763153	AAAAAb4GJtX1LoptnNbL3GU7aODetS78K/6wDP78nXPjUQlnwJ5iicevTFQ3LGuDtU7uPN0MpbPVRiJwqcefjLsDLWEAAAAAVbKGUQAAAAAAAAAAAnD+d/lFwpIUEnYMy49DS3hhgF4AZlTQ8AAqCDd2yCxdhvA5x8PrEa4sJXOL810f8GwOSKJTtMVkXreFz7b8IgAAAAQBY0V4XYoAAAAAAAAAAADcAAAAAAAAAAAAAAAAAAAACgCYloAAAAAAAAAAAAAAAAAAAAAAAAAAAAAAAAAAAAAAAAAAAAAAAAAAAAAAAAAAAAAAAAAAAAAAAAAAAAAAAAAAAAAAAAAAAAAAAAAAAAAAAAAAAAAAAAAAAAAAAAAAAAAAAAAAAAAAAAAAAAAAAAAAAAAAAAAAAAAAAAAAAAAAAAAAAAAAAAA=
01c25d844667c212a10502d7160ae46c14bd7c5000d5091fc89b4e7ebe7745d1	de8bd39994ee28e40bb9888f8038c95f537f21f4a9c3384b5fbcfc12df81b9b8	80b2440289e62c375d145afa7d62584a3b180df5ffaf793497cf6ba952adeaa6	5	1437763154	AAAAAd6L05mU7ijkC7mIj4A4yV9TfyH0qcM4S1+8/BLfgbm4UpkN7ZxcfvIov+5Bd1k0NcH+nFHUhXPRY5o7xBbykaEAAAAAVbKGUgAAAAAAAAAAuwTSN+MHaiZf/4TgPjVj7kgnSJC9HFAls+RW7UOI1iaAskQCieYsN10UWvp9YlhKOxgN9f+veTSXz2upUq3qpgAAAAUBY0V4XYoAAAAAAAAAAAFAAAAAAAAAAAAAAAAKAAAACgCYloAAAAAAAAAAAAAAAAAAAAAAAAAAAAAAAAAAAAAAAAAAAAAAAAAAAAAAAAAAAAAAAAAAAAAAAAAAAAAAAAAAAAAAAAAAAAAAAAAAAAAAAAAAAAAAAAAAAAAAAAAAAAAAAAAAAAAAAAAAAAAAAAAAAAAAAAAAAAAAAAAAAAAAAAAAAAAAAAA=
\.


--
-- Data for Name: offers; Type: TABLE DATA; Schema: public; Owner: -
--

COPY offers (sellerid, offerid, sellingassettype, sellingassetcode, sellingissuer, buyingassettype, buyingassetcode, buyingissuer, amount, pricen, priced, price, flags) FROM stdin;
GAC2S36Y76YYCQTC5KS4JKFF2ALSPNPAOXEG3ZUTSAXBAN47YJK5KL22	1	1	EUR	GBBLYKS54H4Z5J3G66DA5LKKOANNABWKBGMUOEBPIMHWLAI6225ZD2AM	1	USD	GBBLYKS54H4Z5J3G66DA5LKKOANNABWKBGMUOEBPIMHWLAI6225ZD2AM	10	1	1	10000000	0
GAC2S36Y76YYCQTC5KS4JKFF2ALSPNPAOXEG3ZUTSAXBAN47YJK5KL22	2	1	1	GBBLYKS54H4Z5J3G66DA5LKKOANNABWKBGMUOEBPIMHWLAI6225ZD2AM	1	USD	GBBLYKS54H4Z5J3G66DA5LKKOANNABWKBGMUOEBPIMHWLAI6225ZD2AM	20	1	1	10000000	0
GAC2S36Y76YYCQTC5KS4JKFF2ALSPNPAOXEG3ZUTSAXBAN47YJK5KL22	3	1	EUR	GBBLYKS54H4Z5J3G66DA5LKKOANNABWKBGMUOEBPIMHWLAI6225ZD2AM	1	1	GBBLYKS54H4Z5J3G66DA5LKKOANNABWKBGMUOEBPIMHWLAI6225ZD2AM	20	1	1	10000000	0
GAC2S36Y76YYCQTC5KS4JKFF2ALSPNPAOXEG3ZUTSAXBAN47YJK5KL22	4	1	21	GBBLYKS54H4Z5J3G66DA5LKKOANNABWKBGMUOEBPIMHWLAI6225ZD2AM	1	USD	GBBLYKS54H4Z5J3G66DA5LKKOANNABWKBGMUOEBPIMHWLAI6225ZD2AM	30	1	1	10000000	0
GAC2S36Y76YYCQTC5KS4JKFF2ALSPNPAOXEG3ZUTSAXBAN47YJK5KL22	5	1	22	GBBLYKS54H4Z5J3G66DA5LKKOANNABWKBGMUOEBPIMHWLAI6225ZD2AM	1	21	GBBLYKS54H4Z5J3G66DA5LKKOANNABWKBGMUOEBPIMHWLAI6225ZD2AM	30	1	1	10000000	0
GAC2S36Y76YYCQTC5KS4JKFF2ALSPNPAOXEG3ZUTSAXBAN47YJK5KL22	6	1	EUR	GBBLYKS54H4Z5J3G66DA5LKKOANNABWKBGMUOEBPIMHWLAI6225ZD2AM	1	22	GBBLYKS54H4Z5J3G66DA5LKKOANNABWKBGMUOEBPIMHWLAI6225ZD2AM	30	1	1	10000000	0
GAC2S36Y76YYCQTC5KS4JKFF2ALSPNPAOXEG3ZUTSAXBAN47YJK5KL22	7	1	31	GBBLYKS54H4Z5J3G66DA5LKKOANNABWKBGMUOEBPIMHWLAI6225ZD2AM	1	USD	GBBLYKS54H4Z5J3G66DA5LKKOANNABWKBGMUOEBPIMHWLAI6225ZD2AM	40	1	1	10000000	0
GAC2S36Y76YYCQTC5KS4JKFF2ALSPNPAOXEG3ZUTSAXBAN47YJK5KL22	8	1	32	GBBLYKS54H4Z5J3G66DA5LKKOANNABWKBGMUOEBPIMHWLAI6225ZD2AM	1	31	GBBLYKS54H4Z5J3G66DA5LKKOANNABWKBGMUOEBPIMHWLAI6225ZD2AM	40	1	1	10000000	0
GAC2S36Y76YYCQTC5KS4JKFF2ALSPNPAOXEG3ZUTSAXBAN47YJK5KL22	9	1	33	GBBLYKS54H4Z5J3G66DA5LKKOANNABWKBGMUOEBPIMHWLAI6225ZD2AM	1	32	GBBLYKS54H4Z5J3G66DA5LKKOANNABWKBGMUOEBPIMHWLAI6225ZD2AM	40	1	1	10000000	0
GAC2S36Y76YYCQTC5KS4JKFF2ALSPNPAOXEG3ZUTSAXBAN47YJK5KL22	10	1	EUR	GBBLYKS54H4Z5J3G66DA5LKKOANNABWKBGMUOEBPIMHWLAI6225ZD2AM	1	33	GBBLYKS54H4Z5J3G66DA5LKKOANNABWKBGMUOEBPIMHWLAI6225ZD2AM	40	1	1	10000000	0
\.


--
-- Data for Name: peers; Type: TABLE DATA; Schema: public; Owner: -
--

COPY peers (ip, port, nextattempt, numfailures, rank) FROM stdin;
\.


--
-- Data for Name: signers; Type: TABLE DATA; Schema: public; Owner: -
--

COPY signers (accountid, publickey, weight) FROM stdin;
\.


--
-- Data for Name: storestate; Type: TABLE DATA; Schema: public; Owner: -
--

COPY storestate (statename, state) FROM stdin;
databaseinitialized             	true
forcescponnextlaunch            	false
lastclosedledger                	01c25d844667c212a10502d7160ae46c14bd7c5000d5091fc89b4e7ebe7745d1
historyarchivestate             	{\n    "version": 0,\n    "currentLedger": 5,\n    "currentBuckets": [\n        {\n            "curr": "e34ea69a4ffe597be3469f9b4d08402a7e5a8daf2720497c6e958273a5892373",\n            "next": {\n                "state": 0\n            },\n            "snap": "dcd257e0acb9875d42e8f344070065a9f0b12a61c1a85d7e322dcd6c359ddca9"\n        },\n        {\n            "curr": "88af31f4c51afe5ea75861642359376feb623de5bec4354fa56ab752aeec8f36",\n            "next": {\n                "state": 1,\n                "output": "dcd257e0acb9875d42e8f344070065a9f0b12a61c1a85d7e322dcd6c359ddca9"\n            },\n            "snap": "0000000000000000000000000000000000000000000000000000000000000000"\n        },\n        {\n            "curr": "0000000000000000000000000000000000000000000000000000000000000000",\n            "next": {\n                "state": 0\n            },\n            "snap": "0000000000000000000000000000000000000000000000000000000000000000"\n        },\n        {\n            "curr": "0000000000000000000000000000000000000000000000000000000000000000",\n            "next": {\n                "state": 0\n            },\n            "snap": "0000000000000000000000000000000000000000000000000000000000000000"\n        },\n        {\n            "curr": "0000000000000000000000000000000000000000000000000000000000000000",\n            "next": {\n                "state": 0\n            },\n            "snap": "0000000000000000000000000000000000000000000000000000000000000000"\n        },\n        {\n            "curr": "0000000000000000000000000000000000000000000000000000000000000000",\n            "next": {\n                "state": 0\n            },\n            "snap": "0000000000000000000000000000000000000000000000000000000000000000"\n        },\n        {\n            "curr": "0000000000000000000000000000000000000000000000000000000000000000",\n            "next": {\n                "state": 0\n            },\n            "snap": "0000000000000000000000000000000000000000000000000000000000000000"\n        },\n        {\n            "curr": "0000000000000000000000000000000000000000000000000000000000000000",\n            "next": {\n                "state": 0\n            },\n            "snap": "0000000000000000000000000000000000000000000000000000000000000000"\n        },\n        {\n            "curr": "0000000000000000000000000000000000000000000000000000000000000000",\n            "next": {\n                "state": 0\n            },\n            "snap": "0000000000000000000000000000000000000000000000000000000000000000"\n        },\n        {\n            "curr": "0000000000000000000000000000000000000000000000000000000000000000",\n            "next": {\n                "state": 0\n            },\n            "snap": "0000000000000000000000000000000000000000000000000000000000000000"\n        },\n        {\n            "curr": "0000000000000000000000000000000000000000000000000000000000000000",\n            "next": {\n                "state": 0\n            },\n            "snap": "0000000000000000000000000000000000000000000000000000000000000000"\n        }\n    ]\n}
\.


--
-- Data for Name: trustlines; Type: TABLE DATA; Schema: public; Owner: -
--

COPY trustlines (accountid, assettype, issuer, assetcode, tlimit, balance, flags) FROM stdin;
GBOAFO2KSBYDMCNKYBEW2UY6JJCLN2ZBVQEZBBZGC2Y3O5JTLOM6Y3D5	1	GBBLYKS54H4Z5J3G66DA5LKKOANNABWKBGMUOEBPIMHWLAI6225ZD2AM	EUR	9223372036854775807	0	1
GAC2S36Y76YYCQTC5KS4JKFF2ALSPNPAOXEG3ZUTSAXBAN47YJK5KL22	1	GBBLYKS54H4Z5J3G66DA5LKKOANNABWKBGMUOEBPIMHWLAI6225ZD2AM	USD	9223372036854775807	0	1
GCGS4AOALPO6L5U7SOYHAOJIJI736IZ7EFL2OFZQ6GFMSWF2PFRFRD2I	1	GBBLYKS54H4Z5J3G66DA5LKKOANNABWKBGMUOEBPIMHWLAI6225ZD2AM	USD	9223372036854775807	5000	1
GAC2S36Y76YYCQTC5KS4JKFF2ALSPNPAOXEG3ZUTSAXBAN47YJK5KL22	1	GBBLYKS54H4Z5J3G66DA5LKKOANNABWKBGMUOEBPIMHWLAI6225ZD2AM	EUR	9223372036854775807	5000	1
GAC2S36Y76YYCQTC5KS4JKFF2ALSPNPAOXEG3ZUTSAXBAN47YJK5KL22	1	GBBLYKS54H4Z5J3G66DA5LKKOANNABWKBGMUOEBPIMHWLAI6225ZD2AM	1	9223372036854775807	5000	1
GAC2S36Y76YYCQTC5KS4JKFF2ALSPNPAOXEG3ZUTSAXBAN47YJK5KL22	1	GBBLYKS54H4Z5J3G66DA5LKKOANNABWKBGMUOEBPIMHWLAI6225ZD2AM	21	9223372036854775807	5000	1
GAC2S36Y76YYCQTC5KS4JKFF2ALSPNPAOXEG3ZUTSAXBAN47YJK5KL22	1	GBBLYKS54H4Z5J3G66DA5LKKOANNABWKBGMUOEBPIMHWLAI6225ZD2AM	22	9223372036854775807	5000	1
GAC2S36Y76YYCQTC5KS4JKFF2ALSPNPAOXEG3ZUTSAXBAN47YJK5KL22	1	GBBLYKS54H4Z5J3G66DA5LKKOANNABWKBGMUOEBPIMHWLAI6225ZD2AM	31	9223372036854775807	5000	1
GAC2S36Y76YYCQTC5KS4JKFF2ALSPNPAOXEG3ZUTSAXBAN47YJK5KL22	1	GBBLYKS54H4Z5J3G66DA5LKKOANNABWKBGMUOEBPIMHWLAI6225ZD2AM	32	9223372036854775807	5000	1
GAC2S36Y76YYCQTC5KS4JKFF2ALSPNPAOXEG3ZUTSAXBAN47YJK5KL22	1	GBBLYKS54H4Z5J3G66DA5LKKOANNABWKBGMUOEBPIMHWLAI6225ZD2AM	33	9223372036854775807	5000	1
\.


--
-- Data for Name: txhistory; Type: TABLE DATA; Schema: public; Owner: -
--

COPY txhistory (txid, ledgerseq, txindex, txbody, txresult, txmeta) FROM stdin;
1f9690048fefd2dd9d854db3142f0f5a7fd3768a91d35ef174fc14d63beee8bd	2	1	AAAAAImbKEDtVjbFbdxfFLI5dfefG6I4jSaU5MVuzd3JYOXvAAAACgAAAAAAAAABAAAAAAAAAAAAAAABAAAAAAAAAAAAAAAAQrwqXeH5nqdm94YOrUpwGtAGygmZRxAvQw9lgR7Wu5EAAAACVAvkAAAAAAAAAAAByWDl7wAAAED3ddIIBeSquo110CCfF7QOIOZpM65H+8aSbGSmo0VPUiRgixH57YZSRkpKLDPhA5py7fv5jqMwiNNK/lBPj18G	H5aQBI/v0t2dhU2zFC8PWn/TdoqR017xdPwU1jvu6L0AAAAAAAAACgAAAAAAAAABAAAAAAAAAAAAAAAAAAAAAA==	AAAAAAAAAAEAAAABAAAAAAAAAACJmyhA7VY2xW3cXxSyOXX3nxuiOI0mlOTFbs3dyWDl7wFjRXhdif/2AAAAAAAAAAEAAAAAAAAAAAAAAAAAAAAAAQAAAAAAAAAAAAAAAAAAAQAAAAIAAAAAAAAAAAAAAABCvCpd4fmep2b3hg6tSnAa0AbKCZlHEC9DD2WBHta7kQAAAAJUC+QAAAAAAgAAAAAAAAAAAAAAAAAAAAAAAAAAAQAAAAAAAAAAAAAAAAAAAQAAAAAAAAAAiZsoQO1WNsVt3F8Usjl1958bojiNJpTkxW7N3clg5e8BY0V2CX4b9gAAAAAAAAABAAAAAAAAAAAAAAAAAAAAAAEAAAAAAAAAAAAAAA==
b5a30faa13d1f26380667f4e5a357e7015e706093117afb17042b3b82b52c08a	2	2	AAAAAImbKEDtVjbFbdxfFLI5dfefG6I4jSaU5MVuzd3JYOXvAAAACgAAAAAAAAACAAAAAAAAAAAAAAABAAAAAAAAAAAAAAAAjS4BwFvd5fafk7BwOShKP78jPyFXpxcw8YrJWLp5YlgAAAACVAvkAAAAAAAAAAAByWDl7wAAAECiD6nvnn9iZztvg8LZQjZdSmXkBupMu9D8/IHTnx9czC+d30HlPiNjYHqRMzKnypvtYSDX5/ub2PnksORS/b4M	taMPqhPR8mOAZn9OWjV+cBXnBgkxF6+xcEKzuCtSwIoAAAAAAAAACgAAAAAAAAABAAAAAAAAAAAAAAAAAAAAAA==	AAAAAAAAAAEAAAABAAAAAAAAAACJmyhA7VY2xW3cXxSyOXX3nxuiOI0mlOTFbs3dyWDl7wFjRXYJfhvsAAAAAAAAAAIAAAAAAAAAAAAAAAAAAAAAAQAAAAAAAAAAAAAAAAAAAQAAAAIAAAAAAAAAAAAAAACNLgHAW93l9p+TsHA5KEo/vyM/IVenFzDxislYunliWAAAAAJUC+QAAAAAAgAAAAAAAAAAAAAAAAAAAAAAAAAAAQAAAAAAAAAAAAAAAAAAAQAAAAAAAAAAiZsoQO1WNsVt3F8Usjl1958bojiNJpTkxW7N3clg5e8BY0VztXI37AAAAAAAAAACAAAAAAAAAAAAAAAAAAAAAAEAAAAAAAAAAAAAAA==
66c3a57b98da4b7a842b3816b4b174190f738a8e70a2269085da42f6a7faba14	2	3	AAAAAImbKEDtVjbFbdxfFLI5dfefG6I4jSaU5MVuzd3JYOXvAAAACgAAAAAAAAADAAAAAAAAAAAAAAABAAAAAAAAAAAAAAAAXAK7SpBwNgmqwEltUx5KRLbrIawJkIcmFrG3dTNbmewAAAACVAvkAAAAAAAAAAAByWDl7wAAAECOfbVuzhNLeNST+khp8mSGkKuhq2O1XbZXk2v9uoSouxtv6TTlA4iO9wgkccQa5gU7l57dMJDrFTFLObsFHC8L	ZsOle5jaS3qEKzgWtLF0GQ9zio5woiaQhdpC9qf6uhQAAAAAAAAACgAAAAAAAAABAAAAAAAAAAAAAAAAAAAAAA==	AAAAAAAAAAEAAAABAAAAAAAAAACJmyhA7VY2xW3cXxSyOXX3nxuiOI0mlOTFbs3dyWDl7wFjRXO1cjfiAAAAAAAAAAMAAAAAAAAAAAAAAAAAAAAAAQAAAAAAAAAAAAAAAAAAAQAAAAIAAAAAAAAAAAAAAABcArtKkHA2CarASW1THkpEtushrAmQhyYWsbd1M1uZ7AAAAAJUC+QAAAAAAgAAAAAAAAAAAAAAAAAAAAAAAAAAAQAAAAAAAAAAAAAAAAAAAQAAAAAAAAAAiZsoQO1WNsVt3F8Usjl1958bojiNJpTkxW7N3clg5e8BY0VxYWZT4gAAAAAAAAADAAAAAAAAAAAAAAAAAAAAAAEAAAAAAAAAAAAAAA==
7e9bab8e78684fcc0b3e2b10e03f9ebda2ef78b81784777a567b5ab9ac0f5a2e	2	4	AAAAAImbKEDtVjbFbdxfFLI5dfefG6I4jSaU5MVuzd3JYOXvAAAACgAAAAAAAAAEAAAAAAAAAAAAAAABAAAAAAAAAAAAAAAABalv2P+xgUJi6qXEqKXQFye14HXIbeaTkC4QN5/CVdUAAAACVAvkAAAAAAAAAAAByWDl7wAAAECqNG01L3PhC6Tr04sJOJqy79V4TxuB4P8N9q8OwdF4Wf9WaMRF4FAWZHln6fcsPrMAm1lIn5m22q6Zzm0u/a8K	fpurjnhoT8wLPisQ4D+evaLveLgXhHd6VntauawPWi4AAAAAAAAACgAAAAAAAAABAAAAAAAAAAAAAAAAAAAAAA==	AAAAAAAAAAEAAAABAAAAAAAAAACJmyhA7VY2xW3cXxSyOXX3nxuiOI0mlOTFbs3dyWDl7wFjRXFhZlPYAAAAAAAAAAQAAAAAAAAAAAAAAAAAAAAAAQAAAAAAAAAAAAAAAAAAAQAAAAIAAAAAAAAAAAAAAAAFqW/Y/7GBQmLqpcSopdAXJ7Xgdcht5pOQLhA3n8JV1QAAAAJUC+QAAAAAAgAAAAAAAAAAAAAAAAAAAAAAAAAAAQAAAAAAAAAAAAAAAAAAAQAAAAAAAAAAiZsoQO1WNsVt3F8Usjl1958bojiNJpTkxW7N3clg5e8BY0VvDVpv2AAAAAAAAAAEAAAAAAAAAAAAAAAAAAAAAAEAAAAAAAAAAAAAAA==
1bffe64bc3125fb95f58d7dcd8433682596f8441277f7abfb0cb7e1c2142fa49	3	1	AAAAAFwCu0qQcDYJqsBJbVMeSkS26yGsCZCHJhaxt3UzW5nsAAAACgAAAAIAAAABAAAAAAAAAAAAAAABAAAAAAAAAAYAAAABRVVSAAAAAABCvCpd4fmep2b3hg6tSnAa0AbKCZlHEC9DD2WBHta7kX//////////AAAAAAAAAAEzW5nsAAAAQCgvFJNYrm8AaRWaseRn0FlOVp8nGlY6dFcsGtKOh5OAebsM/dkMF1eA0vAw+WrLOAo/B7Tk5VyhWKy8zYmO/QM=	G//mS8MSX7lfWNfc2EM2gllvhEEnf3q/sMt+HCFC+kkAAAAAAAAACgAAAAAAAAABAAAAAAAAAAYAAAAAAAAAAA==	AAAAAAAAAAEAAAABAAAAAAAAAABcArtKkHA2CarASW1THkpEtushrAmQhyYWsbd1M1uZ7AAAAAJUC+P2AAAAAgAAAAEAAAAAAAAAAAAAAAAAAAAAAQAAAAAAAAAAAAAAAAAAAQAAAAIAAAAAAAAAAQAAAABcArtKkHA2CarASW1THkpEtushrAmQhyYWsbd1M1uZ7AAAAAFFVVIAAAAAAEK8Kl3h+Z6nZveGDq1KcBrQBsoJmUcQL0MPZYEe1ruRAAAAAAAAAAB//////////wAAAAEAAAAAAAAAAQAAAAAAAAAAXAK7SpBwNgmqwEltUx5KRLbrIawJkIcmFrG3dTNbmewAAAACVAvj9gAAAAIAAAABAAAAAQAAAAAAAAAAAAAAAAEAAAAAAAAAAAAAAA==
ef8a60c252e3b07119234f151e4bbd8abb18c1913ebc0204a977125add3e401e	3	2	AAAAAAWpb9j/sYFCYuqlxKil0BcnteB1yG3mk5AuEDefwlXVAAAACgAAAAIAAAABAAAAAAAAAAAAAAABAAAAAAAAAAYAAAABVVNEAAAAAABCvCpd4fmep2b3hg6tSnAa0AbKCZlHEC9DD2WBHta7kX//////////AAAAAAAAAAGfwlXVAAAAQJeweOlsQ1Oq2TWspgNB7n95nfBUHfFC2Mwb77bS7vShFKYn9bDErTTV4z8Nk2YMprct7kHb9SkcbQb7GFpDbgM=	74pgwlLjsHEZI08VHku9irsYwZE+vAIEqXcSWt0+QB4AAAAAAAAACgAAAAAAAAABAAAAAAAAAAYAAAAAAAAAAA==	AAAAAAAAAAEAAAABAAAAAAAAAAAFqW/Y/7GBQmLqpcSopdAXJ7Xgdcht5pOQLhA3n8JV1QAAAAJUC+P2AAAAAgAAAAEAAAAAAAAAAAAAAAAAAAAAAQAAAAAAAAAAAAAAAAAAAQAAAAIAAAAAAAAAAQAAAAAFqW/Y/7GBQmLqpcSopdAXJ7Xgdcht5pOQLhA3n8JV1QAAAAFVU0QAAAAAAEK8Kl3h+Z6nZveGDq1KcBrQBsoJmUcQL0MPZYEe1ruRAAAAAAAAAAB//////////wAAAAEAAAAAAAAAAQAAAAAAAAAABalv2P+xgUJi6qXEqKXQFye14HXIbeaTkC4QN5/CVdUAAAACVAvj9gAAAAIAAAABAAAAAQAAAAAAAAAAAAAAAAEAAAAAAAAAAAAAAA==
9c6c1cabfc4837f317049d1c1e405d4ec0e5c2d8a14efff2d20e539472a260ea	3	3	AAAAAI0uAcBb3eX2n5OwcDkoSj+/Iz8hV6cXMPGKyVi6eWJYAAAACgAAAAIAAAABAAAAAAAAAAAAAAABAAAAAAAAAAYAAAABVVNEAAAAAABCvCpd4fmep2b3hg6tSnAa0AbKCZlHEC9DD2WBHta7kX//////////AAAAAAAAAAG6eWJYAAAAQLOxUofTF8iDPRB1NGSIIOi7QShN+pxby6duCZxx3KxezsmH/SvfgoaU9tbM5QiMGCBUE4ekfwFUpND7gztTpAk=	nGwcq/xIN/MXBJ0cHkBdTsDlwtihTv/y0g5TlHKiYOoAAAAAAAAACgAAAAAAAAABAAAAAAAAAAYAAAAAAAAAAA==	AAAAAAAAAAEAAAABAAAAAAAAAACNLgHAW93l9p+TsHA5KEo/vyM/IVenFzDxislYunliWAAAAAJUC+P2AAAAAgAAAAEAAAAAAAAAAAAAAAAAAAAAAQAAAAAAAAAAAAAAAAAAAQAAAAIAAAAAAAAAAQAAAACNLgHAW93l9p+TsHA5KEo/vyM/IVenFzDxislYunliWAAAAAFVU0QAAAAAAEK8Kl3h+Z6nZveGDq1KcBrQBsoJmUcQL0MPZYEe1ruRAAAAAAAAAAB//////////wAAAAEAAAAAAAAAAQAAAAAAAAAAjS4BwFvd5fafk7BwOShKP78jPyFXpxcw8YrJWLp5YlgAAAACVAvj9gAAAAIAAAABAAAAAQAAAAAAAAAAAAAAAAEAAAAAAAAAAAAAAA==
2e0addb2f52039297e0cac6ee71b2806945d5386f158ab1f7ee2fb19950f2c0a	3	4	AAAAAAWpb9j/sYFCYuqlxKil0BcnteB1yG3mk5AuEDefwlXVAAAACgAAAAIAAAACAAAAAAAAAAAAAAABAAAAAAAAAAYAAAABRVVSAAAAAABCvCpd4fmep2b3hg6tSnAa0AbKCZlHEC9DD2WBHta7kX//////////AAAAAAAAAAGfwlXVAAAAQL/0VSpOce2m7+4f/cE0TO0WFOKNlYcKGKJ395Du5QgLdFqY7SgFEIu3aqKyw9WTYGdmtaCS8CTMef/BFzJDhwA=	LgrdsvUgOSl+DKxu5xsoBpRdU4bxWKsffuL7GZUPLAoAAAAAAAAACgAAAAAAAAABAAAAAAAAAAYAAAAAAAAAAA==	AAAAAAAAAAEAAAABAAAAAAAAAAAFqW/Y/7GBQmLqpcSopdAXJ7Xgdcht5pOQLhA3n8JV1QAAAAJUC+PsAAAAAgAAAAIAAAABAAAAAAAAAAAAAAAAAQAAAAAAAAAAAAAAAAAAAQAAAAIAAAAAAAAAAQAAAAAFqW/Y/7GBQmLqpcSopdAXJ7Xgdcht5pOQLhA3n8JV1QAAAAFFVVIAAAAAAEK8Kl3h+Z6nZveGDq1KcBrQBsoJmUcQL0MPZYEe1ruRAAAAAAAAAAB//////////wAAAAEAAAAAAAAAAQAAAAAAAAAABalv2P+xgUJi6qXEqKXQFye14HXIbeaTkC4QN5/CVdUAAAACVAvj7AAAAAIAAAACAAAAAgAAAAAAAAAAAAAAAAEAAAAAAAAAAAAAAA==
e415992b750877c132ff72b88f48ea7973d085de329896fbb85c08becf707860	3	5	AAAAAAWpb9j/sYFCYuqlxKil0BcnteB1yG3mk5AuEDefwlXVAAAACgAAAAIAAAADAAAAAAAAAAAAAAABAAAAAAAAAAYAAAABMQAAAAAAAABCvCpd4fmep2b3hg6tSnAa0AbKCZlHEC9DD2WBHta7kX//////////AAAAAAAAAAGfwlXVAAAAQNx2aoqx8La4cYfR4UMFrDn2S2jdBB/EXA0aZBlhlM5fofpM/SKl6TVz8xiFsU8Iyt31OGnziiXd/RxdbqC5fg8=	5BWZK3UId8Ey/3K4j0jqeXPQhd4ymJb7uFwIvs9weGAAAAAAAAAACgAAAAAAAAABAAAAAAAAAAYAAAAAAAAAAA==	AAAAAAAAAAEAAAABAAAAAAAAAAAFqW/Y/7GBQmLqpcSopdAXJ7Xgdcht5pOQLhA3n8JV1QAAAAJUC+PiAAAAAgAAAAMAAAACAAAAAAAAAAAAAAAAAQAAAAAAAAAAAAAAAAAAAQAAAAIAAAAAAAAAAQAAAAAFqW/Y/7GBQmLqpcSopdAXJ7Xgdcht5pOQLhA3n8JV1QAAAAExAAAAAAAAAEK8Kl3h+Z6nZveGDq1KcBrQBsoJmUcQL0MPZYEe1ruRAAAAAAAAAAB//////////wAAAAEAAAAAAAAAAQAAAAAAAAAABalv2P+xgUJi6qXEqKXQFye14HXIbeaTkC4QN5/CVdUAAAACVAvj4gAAAAIAAAADAAAAAwAAAAAAAAAAAAAAAAEAAAAAAAAAAAAAAA==
6950c9bb1f481f789ce5222bcfd10c8b4ac73f87924b926ba33b132f67540caa	3	6	AAAAAAWpb9j/sYFCYuqlxKil0BcnteB1yG3mk5AuEDefwlXVAAAACgAAAAIAAAAEAAAAAAAAAAAAAAABAAAAAAAAAAYAAAABMjEAAAAAAABCvCpd4fmep2b3hg6tSnAa0AbKCZlHEC9DD2WBHta7kX//////////AAAAAAAAAAGfwlXVAAAAQOhpW7Qm1zWEaF1vCUFJPuitC80bRiDppf8xTvnKlBElJiBqGplyykfa9Lui9aV+VphkEpuSLdDpXIdPFyR3KAo=	aVDJux9IH3ic5SIrz9EMi0rHP4eSS5JrozsTL2dUDKoAAAAAAAAACgAAAAAAAAABAAAAAAAAAAYAAAAAAAAAAA==	AAAAAAAAAAEAAAABAAAAAAAAAAAFqW/Y/7GBQmLqpcSopdAXJ7Xgdcht5pOQLhA3n8JV1QAAAAJUC+PYAAAAAgAAAAQAAAADAAAAAAAAAAAAAAAAAQAAAAAAAAAAAAAAAAAAAQAAAAIAAAAAAAAAAQAAAAAFqW/Y/7GBQmLqpcSopdAXJ7Xgdcht5pOQLhA3n8JV1QAAAAEyMQAAAAAAAEK8Kl3h+Z6nZveGDq1KcBrQBsoJmUcQL0MPZYEe1ruRAAAAAAAAAAB//////////wAAAAEAAAAAAAAAAQAAAAAAAAAABalv2P+xgUJi6qXEqKXQFye14HXIbeaTkC4QN5/CVdUAAAACVAvj2AAAAAIAAAAEAAAABAAAAAAAAAAAAAAAAAEAAAAAAAAAAAAAAA==
1bae2d4f0dcda3234b7ea7b7fa4baed7268f94d7338453e1affa210770acc7ba	3	7	AAAAAAWpb9j/sYFCYuqlxKil0BcnteB1yG3mk5AuEDefwlXVAAAACgAAAAIAAAAFAAAAAAAAAAAAAAABAAAAAAAAAAYAAAABMjIAAAAAAABCvCpd4fmep2b3hg6tSnAa0AbKCZlHEC9DD2WBHta7kX//////////AAAAAAAAAAGfwlXVAAAAQCFdb6B0PDxRk2+YrDEsgJkk8C6Ol4Xcp9ICwoHsGGNsohhMDCLdrnHWS0aLZKtD+CiiBU9FgcXaOvibUhDKzAc=	G64tTw3NoyNLfqe3+kuu1yaPlNczhFPhr/ohB3Csx7oAAAAAAAAACgAAAAAAAAABAAAAAAAAAAYAAAAAAAAAAA==	AAAAAAAAAAEAAAABAAAAAAAAAAAFqW/Y/7GBQmLqpcSopdAXJ7Xgdcht5pOQLhA3n8JV1QAAAAJUC+POAAAAAgAAAAUAAAAEAAAAAAAAAAAAAAAAAQAAAAAAAAAAAAAAAAAAAQAAAAIAAAAAAAAAAQAAAAAFqW/Y/7GBQmLqpcSopdAXJ7Xgdcht5pOQLhA3n8JV1QAAAAEyMgAAAAAAAEK8Kl3h+Z6nZveGDq1KcBrQBsoJmUcQL0MPZYEe1ruRAAAAAAAAAAB//////////wAAAAEAAAAAAAAAAQAAAAAAAAAABalv2P+xgUJi6qXEqKXQFye14HXIbeaTkC4QN5/CVdUAAAACVAvjzgAAAAIAAAAFAAAABQAAAAAAAAAAAAAAAAEAAAAAAAAAAAAAAA==
8f115af936d1d7ee283c02aec199c2a1925d8fc87c46cd4d6f3cfd5326f75222	3	8	AAAAAAWpb9j/sYFCYuqlxKil0BcnteB1yG3mk5AuEDefwlXVAAAACgAAAAIAAAAGAAAAAAAAAAAAAAABAAAAAAAAAAYAAAABMzEAAAAAAABCvCpd4fmep2b3hg6tSnAa0AbKCZlHEC9DD2WBHta7kX//////////AAAAAAAAAAGfwlXVAAAAQM8RmjAj9qmIwCrCM/tIejeHhrF+a9PYTaEx8bnrMB9PDlm8Qy1gtTK0/RodsUshxsd3IYBh18zvs7Tn+OHS6gU=	jxFa+TbR1+4oPAKuwZnCoZJdj8h8Rs1Nbzz9Uyb3UiIAAAAAAAAACgAAAAAAAAABAAAAAAAAAAYAAAAAAAAAAA==	AAAAAAAAAAEAAAABAAAAAAAAAAAFqW/Y/7GBQmLqpcSopdAXJ7Xgdcht5pOQLhA3n8JV1QAAAAJUC+PEAAAAAgAAAAYAAAAFAAAAAAAAAAAAAAAAAQAAAAAAAAAAAAAAAAAAAQAAAAIAAAAAAAAAAQAAAAAFqW/Y/7GBQmLqpcSopdAXJ7Xgdcht5pOQLhA3n8JV1QAAAAEzMQAAAAAAAEK8Kl3h+Z6nZveGDq1KcBrQBsoJmUcQL0MPZYEe1ruRAAAAAAAAAAB//////////wAAAAEAAAAAAAAAAQAAAAAAAAAABalv2P+xgUJi6qXEqKXQFye14HXIbeaTkC4QN5/CVdUAAAACVAvjxAAAAAIAAAAGAAAABgAAAAAAAAAAAAAAAAEAAAAAAAAAAAAAAA==
aca3461629747551f7d74da836adda20f7a291ae59c0fbf4fab8b2bb375e152d	3	9	AAAAAAWpb9j/sYFCYuqlxKil0BcnteB1yG3mk5AuEDefwlXVAAAACgAAAAIAAAAHAAAAAAAAAAAAAAABAAAAAAAAAAYAAAABMzIAAAAAAABCvCpd4fmep2b3hg6tSnAa0AbKCZlHEC9DD2WBHta7kX//////////AAAAAAAAAAGfwlXVAAAAQG9NeZMGRUdc6vlaht+uS7PXCYBiyFC+3d6CjyvvPQP9joT3EciRLo9eJAaUM7yRv4dPGuMwB5TzWOABg8dLIQw=	rKNGFil0dVH3102oNq3aIPeika5ZwPv0+riyuzdeFS0AAAAAAAAACgAAAAAAAAABAAAAAAAAAAYAAAAAAAAAAA==	AAAAAAAAAAEAAAABAAAAAAAAAAAFqW/Y/7GBQmLqpcSopdAXJ7Xgdcht5pOQLhA3n8JV1QAAAAJUC+O6AAAAAgAAAAcAAAAGAAAAAAAAAAAAAAAAAQAAAAAAAAAAAAAAAAAAAQAAAAIAAAAAAAAAAQAAAAAFqW/Y/7GBQmLqpcSopdAXJ7Xgdcht5pOQLhA3n8JV1QAAAAEzMgAAAAAAAEK8Kl3h+Z6nZveGDq1KcBrQBsoJmUcQL0MPZYEe1ruRAAAAAAAAAAB//////////wAAAAEAAAAAAAAAAQAAAAAAAAAABalv2P+xgUJi6qXEqKXQFye14HXIbeaTkC4QN5/CVdUAAAACVAvjugAAAAIAAAAHAAAABwAAAAAAAAAAAAAAAAEAAAAAAAAAAAAAAA==
b3dddf7d3ff69d1f194a4c3a0c76ade081c129e71c2f16c55d69107090d4ee65	3	10	AAAAAAWpb9j/sYFCYuqlxKil0BcnteB1yG3mk5AuEDefwlXVAAAACgAAAAIAAAAIAAAAAAAAAAAAAAABAAAAAAAAAAYAAAABMzMAAAAAAABCvCpd4fmep2b3hg6tSnAa0AbKCZlHEC9DD2WBHta7kX//////////AAAAAAAAAAGfwlXVAAAAQPjkOqfIO6IZPKnre0rUBwunSQoQRqqoG0kcnPqAq1QiZIf6jW3fSGhC2ycWMw3awV75voEQj9J9tZzeu3McAQo=	s93ffT/2nR8ZSkw6DHat4IHBKeccLxbFXWkQcJDU7mUAAAAAAAAACgAAAAAAAAABAAAAAAAAAAYAAAAAAAAAAA==	AAAAAAAAAAEAAAABAAAAAAAAAAAFqW/Y/7GBQmLqpcSopdAXJ7Xgdcht5pOQLhA3n8JV1QAAAAJUC+OwAAAAAgAAAAgAAAAHAAAAAAAAAAAAAAAAAQAAAAAAAAAAAAAAAAAAAQAAAAIAAAAAAAAAAQAAAAAFqW/Y/7GBQmLqpcSopdAXJ7Xgdcht5pOQLhA3n8JV1QAAAAEzMwAAAAAAAEK8Kl3h+Z6nZveGDq1KcBrQBsoJmUcQL0MPZYEe1ruRAAAAAAAAAAB//////////wAAAAEAAAAAAAAAAQAAAAAAAAAABalv2P+xgUJi6qXEqKXQFye14HXIbeaTkC4QN5/CVdUAAAACVAvjsAAAAAIAAAAIAAAACAAAAAAAAAAAAAAAAAEAAAAAAAAAAAAAAA==
c9c571ae42dd22ed47d471c8f6929df00853837855f70b02216d319327157086	4	1	AAAAAEK8Kl3h+Z6nZveGDq1KcBrQBsoJmUcQL0MPZYEe1ruRAAAACgAAAAIAAAABAAAAAAAAAAAAAAABAAAAAAAAAAEAAAAAjS4BwFvd5fafk7BwOShKP78jPyFXpxcw8YrJWLp5YlgAAAABVVNEAAAAAABCvCpd4fmep2b3hg6tSnAa0AbKCZlHEC9DD2WBHta7kQAAAAAAABOIAAAAAAAAAAEe1ruRAAAAQIFMbGVfXqg4t1q/5siX8v4j4XWxCoAVIvcG9riuUIlLWUsGf9V0QWhIbaRa1kCO4f1Y3KmtrOyG8o+/pIz56A4=	ycVxrkLdIu1H1HHI9pKd8AhTg3hV9wsCIW0xkycVcIYAAAAAAAAACgAAAAAAAAABAAAAAAAAAAEAAAAAAAAAAA==	AAAAAAAAAAEAAAABAAAAAAAAAABCvCpd4fmep2b3hg6tSnAa0AbKCZlHEC9DD2WBHta7kQAAAAJUC+P2AAAAAgAAAAEAAAAAAAAAAAAAAAAAAAAAAQAAAAAAAAAAAAAAAAAAAQAAAAEAAAABAAAAAQAAAACNLgHAW93l9p+TsHA5KEo/vyM/IVenFzDxislYunliWAAAAAFVU0QAAAAAAEK8Kl3h+Z6nZveGDq1KcBrQBsoJmUcQL0MPZYEe1ruRAAAAAAAAE4h//////////wAAAAEAAAAA
d9def07622421f34490da2946f531f9eb2ff0e0ee66d33ad8ae70a5b292388c5	4	2	AAAAAEK8Kl3h+Z6nZveGDq1KcBrQBsoJmUcQL0MPZYEe1ruRAAAACgAAAAIAAAACAAAAAAAAAAAAAAABAAAAAAAAAAEAAAAABalv2P+xgUJi6qXEqKXQFye14HXIbeaTkC4QN5/CVdUAAAABRVVSAAAAAABCvCpd4fmep2b3hg6tSnAa0AbKCZlHEC9DD2WBHta7kQAAAAAAABOIAAAAAAAAAAEe1ruRAAAAQHbBy+jKaMs6BFPe5mUP98VTBs5Uae+Vj6midVdWXlbRGKyu5f5l32brTUyIkCsllU7hIvwN359kyTRfbGfAaA8=	2d7wdiJCHzRJDaKUb1MfnrL/Dg7mbTOtiucKWykjiMUAAAAAAAAACgAAAAAAAAABAAAAAAAAAAEAAAAAAAAAAA==	AAAAAAAAAAEAAAABAAAAAAAAAABCvCpd4fmep2b3hg6tSnAa0AbKCZlHEC9DD2WBHta7kQAAAAJUC+PsAAAAAgAAAAIAAAAAAAAAAAAAAAAAAAAAAQAAAAAAAAAAAAAAAAAAAQAAAAEAAAABAAAAAQAAAAAFqW/Y/7GBQmLqpcSopdAXJ7Xgdcht5pOQLhA3n8JV1QAAAAFFVVIAAAAAAEK8Kl3h+Z6nZveGDq1KcBrQBsoJmUcQL0MPZYEe1ruRAAAAAAAAE4h//////////wAAAAEAAAAA
30965e9ddcf801dbb554b9a98e58f3a466bbd620943cee45de36ce87d8074437	4	3	AAAAAEK8Kl3h+Z6nZveGDq1KcBrQBsoJmUcQL0MPZYEe1ruRAAAACgAAAAIAAAADAAAAAAAAAAAAAAABAAAAAAAAAAEAAAAABalv2P+xgUJi6qXEqKXQFye14HXIbeaTkC4QN5/CVdUAAAABMQAAAAAAAABCvCpd4fmep2b3hg6tSnAa0AbKCZlHEC9DD2WBHta7kQAAAAAAABOIAAAAAAAAAAEe1ruRAAAAQMi/pOVUw1bJOOGkdRvBKd1Smvuh0tHQeuhNIiqHix+ddS/ra+PiZ1A5SEBbjJ/ee7Snp+38oa06cX9d0dmxmA0=	MJZendz4Adu1VLmpjljzpGa71iCUPO5F3jbOh9gHRDcAAAAAAAAACgAAAAAAAAABAAAAAAAAAAEAAAAAAAAAAA==	AAAAAAAAAAEAAAABAAAAAAAAAABCvCpd4fmep2b3hg6tSnAa0AbKCZlHEC9DD2WBHta7kQAAAAJUC+PiAAAAAgAAAAMAAAAAAAAAAAAAAAAAAAAAAQAAAAAAAAAAAAAAAAAAAQAAAAEAAAABAAAAAQAAAAAFqW/Y/7GBQmLqpcSopdAXJ7Xgdcht5pOQLhA3n8JV1QAAAAExAAAAAAAAAEK8Kl3h+Z6nZveGDq1KcBrQBsoJmUcQL0MPZYEe1ruRAAAAAAAAE4h//////////wAAAAEAAAAA
8fad3cb38745253c21427a768b133cfd522fa93f935a4e3369434f4ed2f76da5	4	4	AAAAAEK8Kl3h+Z6nZveGDq1KcBrQBsoJmUcQL0MPZYEe1ruRAAAACgAAAAIAAAAEAAAAAAAAAAAAAAABAAAAAAAAAAEAAAAABalv2P+xgUJi6qXEqKXQFye14HXIbeaTkC4QN5/CVdUAAAABMjEAAAAAAABCvCpd4fmep2b3hg6tSnAa0AbKCZlHEC9DD2WBHta7kQAAAAAAABOIAAAAAAAAAAEe1ruRAAAAQDmA+koCzlKhkZO+R1GWm4Ynd0TK7Qucx3a54nD1R91E/MyzdCfKL1iIYedxv+zQbDYuw980oaVIpF10vgK/7Q8=	j608s4dFJTwhQnp2ixM8/VIvqT+TWk4zaUNPTtL3baUAAAAAAAAACgAAAAAAAAABAAAAAAAAAAEAAAAAAAAAAA==	AAAAAAAAAAEAAAABAAAAAAAAAABCvCpd4fmep2b3hg6tSnAa0AbKCZlHEC9DD2WBHta7kQAAAAJUC+PYAAAAAgAAAAQAAAAAAAAAAAAAAAAAAAAAAQAAAAAAAAAAAAAAAAAAAQAAAAEAAAABAAAAAQAAAAAFqW/Y/7GBQmLqpcSopdAXJ7Xgdcht5pOQLhA3n8JV1QAAAAEyMQAAAAAAAEK8Kl3h+Z6nZveGDq1KcBrQBsoJmUcQL0MPZYEe1ruRAAAAAAAAE4h//////////wAAAAEAAAAA
5da882cd564022e59839d5417a6e923128ad2434a138e63804761d9542bcc142	4	5	AAAAAEK8Kl3h+Z6nZveGDq1KcBrQBsoJmUcQL0MPZYEe1ruRAAAACgAAAAIAAAAFAAAAAAAAAAAAAAABAAAAAAAAAAEAAAAABalv2P+xgUJi6qXEqKXQFye14HXIbeaTkC4QN5/CVdUAAAABMjIAAAAAAABCvCpd4fmep2b3hg6tSnAa0AbKCZlHEC9DD2WBHta7kQAAAAAAABOIAAAAAAAAAAEe1ruRAAAAQJgzcd+3BuxhuwIp7XNYkx64wKgeNTKRQAUQv/dhRMBXLyVD238cr9M7mezJ7anCVItGwTRy5TqREIepPMYP5gE=	XaiCzVZAIuWYOdVBem6SMSitJDShOOY4BHYdlUK8wUIAAAAAAAAACgAAAAAAAAABAAAAAAAAAAEAAAAAAAAAAA==	AAAAAAAAAAEAAAABAAAAAAAAAABCvCpd4fmep2b3hg6tSnAa0AbKCZlHEC9DD2WBHta7kQAAAAJUC+POAAAAAgAAAAUAAAAAAAAAAAAAAAAAAAAAAQAAAAAAAAAAAAAAAAAAAQAAAAEAAAABAAAAAQAAAAAFqW/Y/7GBQmLqpcSopdAXJ7Xgdcht5pOQLhA3n8JV1QAAAAEyMgAAAAAAAEK8Kl3h+Z6nZveGDq1KcBrQBsoJmUcQL0MPZYEe1ruRAAAAAAAAE4h//////////wAAAAEAAAAA
b882a374bf126835dfe6c5cf36638640a64b791ca30f78d43d6da957eaaf0072	4	6	AAAAAEK8Kl3h+Z6nZveGDq1KcBrQBsoJmUcQL0MPZYEe1ruRAAAACgAAAAIAAAAGAAAAAAAAAAAAAAABAAAAAAAAAAEAAAAABalv2P+xgUJi6qXEqKXQFye14HXIbeaTkC4QN5/CVdUAAAABMzEAAAAAAABCvCpd4fmep2b3hg6tSnAa0AbKCZlHEC9DD2WBHta7kQAAAAAAABOIAAAAAAAAAAEe1ruRAAAAQAqAtOfrCdxndJjn6mYmRk8MSY/XqaazsemnX2pbo+uxpyvZQTdpeMLLkYN0Gqpb/a3+4PlEdCRnmJgWFh/HqQM=	uIKjdL8SaDXf5sXPNmOGQKZLeRyjD3jUPW2pV+qvAHIAAAAAAAAACgAAAAAAAAABAAAAAAAAAAEAAAAAAAAAAA==	AAAAAAAAAAEAAAABAAAAAAAAAABCvCpd4fmep2b3hg6tSnAa0AbKCZlHEC9DD2WBHta7kQAAAAJUC+PEAAAAAgAAAAYAAAAAAAAAAAAAAAAAAAAAAQAAAAAAAAAAAAAAAAAAAQAAAAEAAAABAAAAAQAAAAAFqW/Y/7GBQmLqpcSopdAXJ7Xgdcht5pOQLhA3n8JV1QAAAAEzMQAAAAAAAEK8Kl3h+Z6nZveGDq1KcBrQBsoJmUcQL0MPZYEe1ruRAAAAAAAAE4h//////////wAAAAEAAAAA
92af46343ab0623595f332385186a0d516e408e540de9ea83f4b69afa0197374	4	7	AAAAAEK8Kl3h+Z6nZveGDq1KcBrQBsoJmUcQL0MPZYEe1ruRAAAACgAAAAIAAAAHAAAAAAAAAAAAAAABAAAAAAAAAAEAAAAABalv2P+xgUJi6qXEqKXQFye14HXIbeaTkC4QN5/CVdUAAAABMzIAAAAAAABCvCpd4fmep2b3hg6tSnAa0AbKCZlHEC9DD2WBHta7kQAAAAAAABOIAAAAAAAAAAEe1ruRAAAAQH9pP84J6E5lx00Qv26vEn0fSUHzg/RlcWiqQ98lYir8SjaLEI3oeMLXFGkCXyX5IzpFHKwTcqWFo71TM6yplQo=	kq9GNDqwYjWV8zI4UYag1RbkCOVA3p6oP0tpr6AZc3QAAAAAAAAACgAAAAAAAAABAAAAAAAAAAEAAAAAAAAAAA==	AAAAAAAAAAEAAAABAAAAAAAAAABCvCpd4fmep2b3hg6tSnAa0AbKCZlHEC9DD2WBHta7kQAAAAJUC+O6AAAAAgAAAAcAAAAAAAAAAAAAAAAAAAAAAQAAAAAAAAAAAAAAAAAAAQAAAAEAAAABAAAAAQAAAAAFqW/Y/7GBQmLqpcSopdAXJ7Xgdcht5pOQLhA3n8JV1QAAAAEzMgAAAAAAAEK8Kl3h+Z6nZveGDq1KcBrQBsoJmUcQL0MPZYEe1ruRAAAAAAAAE4h//////////wAAAAEAAAAA
e8d851d46bbd4264b4f21f492fe27d3700c9d1715f1a61aa421beae832b728d5	4	8	AAAAAEK8Kl3h+Z6nZveGDq1KcBrQBsoJmUcQL0MPZYEe1ruRAAAACgAAAAIAAAAIAAAAAAAAAAAAAAABAAAAAAAAAAEAAAAABalv2P+xgUJi6qXEqKXQFye14HXIbeaTkC4QN5/CVdUAAAABMzMAAAAAAABCvCpd4fmep2b3hg6tSnAa0AbKCZlHEC9DD2WBHta7kQAAAAAAABOIAAAAAAAAAAEe1ruRAAAAQJMwxHNafZAStkh/jtAhrfvx0i68qlCKx74Rvss0YYuMFpt0vGq4o5L9vbHl5ZwCTzoGNMeZGKti6TFVlMSqqw4=	6NhR1Gu9QmS08h9JL+J9NwDJ0XFfGmGqQhvq6DK3KNUAAAAAAAAACgAAAAAAAAABAAAAAAAAAAEAAAAAAAAAAA==	AAAAAAAAAAEAAAABAAAAAAAAAABCvCpd4fmep2b3hg6tSnAa0AbKCZlHEC9DD2WBHta7kQAAAAJUC+OwAAAAAgAAAAgAAAAAAAAAAAAAAAAAAAAAAQAAAAAAAAAAAAAAAAAAAQAAAAEAAAABAAAAAQAAAAAFqW/Y/7GBQmLqpcSopdAXJ7Xgdcht5pOQLhA3n8JV1QAAAAEzMwAAAAAAAEK8Kl3h+Z6nZveGDq1KcBrQBsoJmUcQL0MPZYEe1ruRAAAAAAAAE4h//////////wAAAAEAAAAA
f90002fec86b538889f669303c0bb362113ecec4c82784dab14997bdda8b95e8	5	1	AAAAAAWpb9j/sYFCYuqlxKil0BcnteB1yG3mk5AuEDefwlXVAAAACgAAAAIAAAAJAAAAAAAAAAAAAAABAAAAAAAAAAMAAAABRVVSAAAAAABCvCpd4fmep2b3hg6tSnAa0AbKCZlHEC9DD2WBHta7kQAAAAFVU0QAAAAAAEK8Kl3h+Z6nZveGDq1KcBrQBsoJmUcQL0MPZYEe1ruRAAAAAAAAAAoAAAABAAAAAQAAAAAAAAAAAAAAAAAAAAGfwlXVAAAAQAZju+XvkSAoq/dR89aEe+IMsnnO1Ihhp0p6GkXVkEq2MY6RkkQA1QhCfgs/hi+AKTXFgvDdB4yzN4T6vM7lQw0=	+QAC/shrU4iJ9mkwPAuzYhE+zsTIJ4TasUmXvdqLlegAAAAAAAAACgAAAAAAAAABAAAAAAAAAAMAAAAAAAAAAAAAAAAAAAAABalv2P+xgUJi6qXEqKXQFye14HXIbeaTkC4QN5/CVdUAAAAAAAAAAQAAAAFFVVIAAAAAAEK8Kl3h+Z6nZveGDq1KcBrQBsoJmUcQL0MPZYEe1ruRAAAAAVVTRAAAAAAAQrwqXeH5nqdm94YOrUpwGtAGygmZRxAvQw9lgR7Wu5EAAAAAAAAACgAAAAEAAAABAAAAAAAAAAAAAAAA	AAAAAAAAAAEAAAABAAAAAAAAAAAFqW/Y/7GBQmLqpcSopdAXJ7Xgdcht5pOQLhA3n8JV1QAAAAJUC+OmAAAAAgAAAAkAAAAIAAAAAAAAAAAAAAAAAQAAAAAAAAAAAAAAAAAAAQAAAAIAAAAAAAAAAgAAAAAFqW/Y/7GBQmLqpcSopdAXJ7Xgdcht5pOQLhA3n8JV1QAAAAAAAAABAAAAAUVVUgAAAAAAQrwqXeH5nqdm94YOrUpwGtAGygmZRxAvQw9lgR7Wu5EAAAABVVNEAAAAAABCvCpd4fmep2b3hg6tSnAa0AbKCZlHEC9DD2WBHta7kQAAAAAAAAAKAAAAAQAAAAEAAAAAAAAAAAAAAAEAAAAAAAAAAAWpb9j/sYFCYuqlxKil0BcnteB1yG3mk5AuEDefwlXVAAAAAlQL46YAAAACAAAACQAAAAkAAAAAAAAAAAAAAAABAAAAAAAAAAAAAAA=
b738219a6453425edc37efac01dc551d838ba55d7e99443960e158642926f14a	5	2	AAAAAAWpb9j/sYFCYuqlxKil0BcnteB1yG3mk5AuEDefwlXVAAAACgAAAAIAAAAKAAAAAAAAAAAAAAABAAAAAAAAAAMAAAABMQAAAAAAAABCvCpd4fmep2b3hg6tSnAa0AbKCZlHEC9DD2WBHta7kQAAAAFVU0QAAAAAAEK8Kl3h+Z6nZveGDq1KcBrQBsoJmUcQL0MPZYEe1ruRAAAAAAAAABQAAAABAAAAAQAAAAAAAAAAAAAAAAAAAAGfwlXVAAAAQK85hZixcv/SREjGLcIqzWpI8LjPqdwznAU0h9DSoQuK56kzCPw84HhapBw4X8CYc5snhOXlLIYAXXepYAWDfgI=	tzghmmRTQl7cN++sAdxVHYOLpV1+mUQ5YOFYZCkm8UoAAAAAAAAACgAAAAAAAAABAAAAAAAAAAMAAAAAAAAAAAAAAAAAAAAABalv2P+xgUJi6qXEqKXQFye14HXIbeaTkC4QN5/CVdUAAAAAAAAAAgAAAAExAAAAAAAAAEK8Kl3h+Z6nZveGDq1KcBrQBsoJmUcQL0MPZYEe1ruRAAAAAVVTRAAAAAAAQrwqXeH5nqdm94YOrUpwGtAGygmZRxAvQw9lgR7Wu5EAAAAAAAAAFAAAAAEAAAABAAAAAAAAAAAAAAAA	AAAAAAAAAAEAAAABAAAAAAAAAAAFqW/Y/7GBQmLqpcSopdAXJ7Xgdcht5pOQLhA3n8JV1QAAAAJUC+OcAAAAAgAAAAoAAAAJAAAAAAAAAAAAAAAAAQAAAAAAAAAAAAAAAAAAAQAAAAIAAAAAAAAAAgAAAAAFqW/Y/7GBQmLqpcSopdAXJ7Xgdcht5pOQLhA3n8JV1QAAAAAAAAACAAAAATEAAAAAAAAAQrwqXeH5nqdm94YOrUpwGtAGygmZRxAvQw9lgR7Wu5EAAAABVVNEAAAAAABCvCpd4fmep2b3hg6tSnAa0AbKCZlHEC9DD2WBHta7kQAAAAAAAAAUAAAAAQAAAAEAAAAAAAAAAAAAAAEAAAAAAAAAAAWpb9j/sYFCYuqlxKil0BcnteB1yG3mk5AuEDefwlXVAAAAAlQL45wAAAACAAAACgAAAAoAAAAAAAAAAAAAAAABAAAAAAAAAAAAAAA=
eb1ca74f7fb53347f2ad882cacfeff25f6adca1e15bc8b5545016b8a009f33a1	5	3	AAAAAAWpb9j/sYFCYuqlxKil0BcnteB1yG3mk5AuEDefwlXVAAAACgAAAAIAAAALAAAAAAAAAAAAAAABAAAAAAAAAAMAAAABRVVSAAAAAABCvCpd4fmep2b3hg6tSnAa0AbKCZlHEC9DD2WBHta7kQAAAAExAAAAAAAAAEK8Kl3h+Z6nZveGDq1KcBrQBsoJmUcQL0MPZYEe1ruRAAAAAAAAABQAAAABAAAAAQAAAAAAAAAAAAAAAAAAAAGfwlXVAAAAQIF661ApkC/kNEtpVF9pOKnwXflLz2IhhnSznxSRLnkxgR7DVOZrFkN9UNFIlPRFhGRzMRaCgcsKoGunS6tvHQg=	6xynT3+1M0fyrYgsrP7/Jfatyh4VvItVRQFrigCfM6EAAAAAAAAACgAAAAAAAAABAAAAAAAAAAMAAAAAAAAAAAAAAAAAAAAABalv2P+xgUJi6qXEqKXQFye14HXIbeaTkC4QN5/CVdUAAAAAAAAAAwAAAAFFVVIAAAAAAEK8Kl3h+Z6nZveGDq1KcBrQBsoJmUcQL0MPZYEe1ruRAAAAATEAAAAAAAAAQrwqXeH5nqdm94YOrUpwGtAGygmZRxAvQw9lgR7Wu5EAAAAAAAAAFAAAAAEAAAABAAAAAAAAAAAAAAAA	AAAAAAAAAAEAAAABAAAAAAAAAAAFqW/Y/7GBQmLqpcSopdAXJ7Xgdcht5pOQLhA3n8JV1QAAAAJUC+OSAAAAAgAAAAsAAAAKAAAAAAAAAAAAAAAAAQAAAAAAAAAAAAAAAAAAAQAAAAIAAAAAAAAAAgAAAAAFqW/Y/7GBQmLqpcSopdAXJ7Xgdcht5pOQLhA3n8JV1QAAAAAAAAADAAAAAUVVUgAAAAAAQrwqXeH5nqdm94YOrUpwGtAGygmZRxAvQw9lgR7Wu5EAAAABMQAAAAAAAABCvCpd4fmep2b3hg6tSnAa0AbKCZlHEC9DD2WBHta7kQAAAAAAAAAUAAAAAQAAAAEAAAAAAAAAAAAAAAEAAAAAAAAAAAWpb9j/sYFCYuqlxKil0BcnteB1yG3mk5AuEDefwlXVAAAAAlQL45IAAAACAAAACwAAAAsAAAAAAAAAAAAAAAABAAAAAAAAAAAAAAA=
e5b6ca27df462722653d584ade534457b4fabfb8f62b48549200e03200dee0f6	5	4	AAAAAAWpb9j/sYFCYuqlxKil0BcnteB1yG3mk5AuEDefwlXVAAAACgAAAAIAAAAMAAAAAAAAAAAAAAABAAAAAAAAAAMAAAABMjEAAAAAAABCvCpd4fmep2b3hg6tSnAa0AbKCZlHEC9DD2WBHta7kQAAAAFVU0QAAAAAAEK8Kl3h+Z6nZveGDq1KcBrQBsoJmUcQL0MPZYEe1ruRAAAAAAAAAB4AAAABAAAAAQAAAAAAAAAAAAAAAAAAAAGfwlXVAAAAQAzD6Q8Ckmy6zKcUiYstSMAnsd4hofU7cvv107Q92Tejc5bpVh568t1h1w/HvQdW02H95CCHRZfVKt6tBwEofAs=	5bbKJ99GJyJlPVhK3lNEV7T6v7j2K0hUkgDgMgDe4PYAAAAAAAAACgAAAAAAAAABAAAAAAAAAAMAAAAAAAAAAAAAAAAAAAAABalv2P+xgUJi6qXEqKXQFye14HXIbeaTkC4QN5/CVdUAAAAAAAAABAAAAAEyMQAAAAAAAEK8Kl3h+Z6nZveGDq1KcBrQBsoJmUcQL0MPZYEe1ruRAAAAAVVTRAAAAAAAQrwqXeH5nqdm94YOrUpwGtAGygmZRxAvQw9lgR7Wu5EAAAAAAAAAHgAAAAEAAAABAAAAAAAAAAAAAAAA	AAAAAAAAAAEAAAABAAAAAAAAAAAFqW/Y/7GBQmLqpcSopdAXJ7Xgdcht5pOQLhA3n8JV1QAAAAJUC+OIAAAAAgAAAAwAAAALAAAAAAAAAAAAAAAAAQAAAAAAAAAAAAAAAAAAAQAAAAIAAAAAAAAAAgAAAAAFqW/Y/7GBQmLqpcSopdAXJ7Xgdcht5pOQLhA3n8JV1QAAAAAAAAAEAAAAATIxAAAAAAAAQrwqXeH5nqdm94YOrUpwGtAGygmZRxAvQw9lgR7Wu5EAAAABVVNEAAAAAABCvCpd4fmep2b3hg6tSnAa0AbKCZlHEC9DD2WBHta7kQAAAAAAAAAeAAAAAQAAAAEAAAAAAAAAAAAAAAEAAAAAAAAAAAWpb9j/sYFCYuqlxKil0BcnteB1yG3mk5AuEDefwlXVAAAAAlQL44gAAAACAAAADAAAAAwAAAAAAAAAAAAAAAABAAAAAAAAAAAAAAA=
8a37c5d360dc8c63653a7b678fda1621577bcf8fa6d3daaf08977798cb2a9b6a	5	5	AAAAAAWpb9j/sYFCYuqlxKil0BcnteB1yG3mk5AuEDefwlXVAAAACgAAAAIAAAANAAAAAAAAAAAAAAABAAAAAAAAAAMAAAABMjIAAAAAAABCvCpd4fmep2b3hg6tSnAa0AbKCZlHEC9DD2WBHta7kQAAAAEyMQAAAAAAAEK8Kl3h+Z6nZveGDq1KcBrQBsoJmUcQL0MPZYEe1ruRAAAAAAAAAB4AAAABAAAAAQAAAAAAAAAAAAAAAAAAAAGfwlXVAAAAQA+eRQZzN2P6T9diTPa9Ru/ItNBFo2kPXG9n0jdl7gf+ggnzceQLNtpfB6bCsDnIYE6OPpnoX8kbEAPPaDVW2wo=	ijfF02DcjGNlOntnj9oWIVd7z4+m09qvCJd3mMsqm2oAAAAAAAAACgAAAAAAAAABAAAAAAAAAAMAAAAAAAAAAAAAAAAAAAAABalv2P+xgUJi6qXEqKXQFye14HXIbeaTkC4QN5/CVdUAAAAAAAAABQAAAAEyMgAAAAAAAEK8Kl3h+Z6nZveGDq1KcBrQBsoJmUcQL0MPZYEe1ruRAAAAATIxAAAAAAAAQrwqXeH5nqdm94YOrUpwGtAGygmZRxAvQw9lgR7Wu5EAAAAAAAAAHgAAAAEAAAABAAAAAAAAAAAAAAAA	AAAAAAAAAAEAAAABAAAAAAAAAAAFqW/Y/7GBQmLqpcSopdAXJ7Xgdcht5pOQLhA3n8JV1QAAAAJUC+N+AAAAAgAAAA0AAAAMAAAAAAAAAAAAAAAAAQAAAAAAAAAAAAAAAAAAAQAAAAIAAAAAAAAAAgAAAAAFqW/Y/7GBQmLqpcSopdAXJ7Xgdcht5pOQLhA3n8JV1QAAAAAAAAAFAAAAATIyAAAAAAAAQrwqXeH5nqdm94YOrUpwGtAGygmZRxAvQw9lgR7Wu5EAAAABMjEAAAAAAABCvCpd4fmep2b3hg6tSnAa0AbKCZlHEC9DD2WBHta7kQAAAAAAAAAeAAAAAQAAAAEAAAAAAAAAAAAAAAEAAAAAAAAAAAWpb9j/sYFCYuqlxKil0BcnteB1yG3mk5AuEDefwlXVAAAAAlQL434AAAACAAAADQAAAA0AAAAAAAAAAAAAAAABAAAAAAAAAAAAAAA=
082cafa772dc5a54f779728aae318ea702ae701728722ba3543db268bafb65dc	5	6	AAAAAAWpb9j/sYFCYuqlxKil0BcnteB1yG3mk5AuEDefwlXVAAAACgAAAAIAAAAOAAAAAAAAAAAAAAABAAAAAAAAAAMAAAABRVVSAAAAAABCvCpd4fmep2b3hg6tSnAa0AbKCZlHEC9DD2WBHta7kQAAAAEyMgAAAAAAAEK8Kl3h+Z6nZveGDq1KcBrQBsoJmUcQL0MPZYEe1ruRAAAAAAAAAB4AAAABAAAAAQAAAAAAAAAAAAAAAAAAAAGfwlXVAAAAQCiHtTBZpfgHDrSZ2/Zyi1rxhP91OYqNxInzE5OXDUyozUEExmDGVab3naXhY4MuCozQaAv8w6FS0hnVbE/GDgs=	CCyvp3LcWlT3eXKKrjGOpwKucBcociujVD2yaLr7ZdwAAAAAAAAACgAAAAAAAAABAAAAAAAAAAMAAAAAAAAAAAAAAAAAAAAABalv2P+xgUJi6qXEqKXQFye14HXIbeaTkC4QN5/CVdUAAAAAAAAABgAAAAFFVVIAAAAAAEK8Kl3h+Z6nZveGDq1KcBrQBsoJmUcQL0MPZYEe1ruRAAAAATIyAAAAAAAAQrwqXeH5nqdm94YOrUpwGtAGygmZRxAvQw9lgR7Wu5EAAAAAAAAAHgAAAAEAAAABAAAAAAAAAAAAAAAA	AAAAAAAAAAEAAAABAAAAAAAAAAAFqW/Y/7GBQmLqpcSopdAXJ7Xgdcht5pOQLhA3n8JV1QAAAAJUC+N0AAAAAgAAAA4AAAANAAAAAAAAAAAAAAAAAQAAAAAAAAAAAAAAAAAAAQAAAAIAAAAAAAAAAgAAAAAFqW/Y/7GBQmLqpcSopdAXJ7Xgdcht5pOQLhA3n8JV1QAAAAAAAAAGAAAAAUVVUgAAAAAAQrwqXeH5nqdm94YOrUpwGtAGygmZRxAvQw9lgR7Wu5EAAAABMjIAAAAAAABCvCpd4fmep2b3hg6tSnAa0AbKCZlHEC9DD2WBHta7kQAAAAAAAAAeAAAAAQAAAAEAAAAAAAAAAAAAAAEAAAAAAAAAAAWpb9j/sYFCYuqlxKil0BcnteB1yG3mk5AuEDefwlXVAAAAAlQL43QAAAACAAAADgAAAA4AAAAAAAAAAAAAAAABAAAAAAAAAAAAAAA=
b3c687d35856147b7b4aed423e7b082246d3e979fe8099f35d6c1e6f811a367b	5	7	AAAAAAWpb9j/sYFCYuqlxKil0BcnteB1yG3mk5AuEDefwlXVAAAACgAAAAIAAAAPAAAAAAAAAAAAAAABAAAAAAAAAAMAAAABMzEAAAAAAABCvCpd4fmep2b3hg6tSnAa0AbKCZlHEC9DD2WBHta7kQAAAAFVU0QAAAAAAEK8Kl3h+Z6nZveGDq1KcBrQBsoJmUcQL0MPZYEe1ruRAAAAAAAAACgAAAABAAAAAQAAAAAAAAAAAAAAAAAAAAGfwlXVAAAAQL6WdNgwK8oThZv3RKIcssZD01Dd6tFLYMXVTuF3/06mWW9dwA71KgbWW2bL6BuVkZJTZjeSOvq4Wk0ahAw+6gA=	s8aH01hWFHt7Su1CPnsIIkbT6Xn+gJnzXWweb4EaNnsAAAAAAAAACgAAAAAAAAABAAAAAAAAAAMAAAAAAAAAAAAAAAAAAAAABalv2P+xgUJi6qXEqKXQFye14HXIbeaTkC4QN5/CVdUAAAAAAAAABwAAAAEzMQAAAAAAAEK8Kl3h+Z6nZveGDq1KcBrQBsoJmUcQL0MPZYEe1ruRAAAAAVVTRAAAAAAAQrwqXeH5nqdm94YOrUpwGtAGygmZRxAvQw9lgR7Wu5EAAAAAAAAAKAAAAAEAAAABAAAAAAAAAAAAAAAA	AAAAAAAAAAEAAAABAAAAAAAAAAAFqW/Y/7GBQmLqpcSopdAXJ7Xgdcht5pOQLhA3n8JV1QAAAAJUC+NqAAAAAgAAAA8AAAAOAAAAAAAAAAAAAAAAAQAAAAAAAAAAAAAAAAAAAQAAAAIAAAAAAAAAAgAAAAAFqW/Y/7GBQmLqpcSopdAXJ7Xgdcht5pOQLhA3n8JV1QAAAAAAAAAHAAAAATMxAAAAAAAAQrwqXeH5nqdm94YOrUpwGtAGygmZRxAvQw9lgR7Wu5EAAAABVVNEAAAAAABCvCpd4fmep2b3hg6tSnAa0AbKCZlHEC9DD2WBHta7kQAAAAAAAAAoAAAAAQAAAAEAAAAAAAAAAAAAAAEAAAAAAAAAAAWpb9j/sYFCYuqlxKil0BcnteB1yG3mk5AuEDefwlXVAAAAAlQL42oAAAACAAAADwAAAA8AAAAAAAAAAAAAAAABAAAAAAAAAAAAAAA=
89892efacfa36036f5bc5c81454d3f030c1ac88a8730b81eba218cd794a88431	5	8	AAAAAAWpb9j/sYFCYuqlxKil0BcnteB1yG3mk5AuEDefwlXVAAAACgAAAAIAAAAQAAAAAAAAAAAAAAABAAAAAAAAAAMAAAABMzIAAAAAAABCvCpd4fmep2b3hg6tSnAa0AbKCZlHEC9DD2WBHta7kQAAAAEzMQAAAAAAAEK8Kl3h+Z6nZveGDq1KcBrQBsoJmUcQL0MPZYEe1ruRAAAAAAAAACgAAAABAAAAAQAAAAAAAAAAAAAAAAAAAAGfwlXVAAAAQFC9ZQg+mSTdIRu9Nse9YWMnMdNJf4Y5iUYcQC5aPQdtaSR+60LkqJTXlF9PJcb4Fv685cMWFNYIJA2ddBtNDw8=	iYku+s+jYDb1vFyBRU0/AwwayIqHMLgeuiGM15SohDEAAAAAAAAACgAAAAAAAAABAAAAAAAAAAMAAAAAAAAAAAAAAAAAAAAABalv2P+xgUJi6qXEqKXQFye14HXIbeaTkC4QN5/CVdUAAAAAAAAACAAAAAEzMgAAAAAAAEK8Kl3h+Z6nZveGDq1KcBrQBsoJmUcQL0MPZYEe1ruRAAAAATMxAAAAAAAAQrwqXeH5nqdm94YOrUpwGtAGygmZRxAvQw9lgR7Wu5EAAAAAAAAAKAAAAAEAAAABAAAAAAAAAAAAAAAA	AAAAAAAAAAEAAAABAAAAAAAAAAAFqW/Y/7GBQmLqpcSopdAXJ7Xgdcht5pOQLhA3n8JV1QAAAAJUC+NgAAAAAgAAABAAAAAPAAAAAAAAAAAAAAAAAQAAAAAAAAAAAAAAAAAAAQAAAAIAAAAAAAAAAgAAAAAFqW/Y/7GBQmLqpcSopdAXJ7Xgdcht5pOQLhA3n8JV1QAAAAAAAAAIAAAAATMyAAAAAAAAQrwqXeH5nqdm94YOrUpwGtAGygmZRxAvQw9lgR7Wu5EAAAABMzEAAAAAAABCvCpd4fmep2b3hg6tSnAa0AbKCZlHEC9DD2WBHta7kQAAAAAAAAAoAAAAAQAAAAEAAAAAAAAAAAAAAAEAAAAAAAAAAAWpb9j/sYFCYuqlxKil0BcnteB1yG3mk5AuEDefwlXVAAAAAlQL42AAAAACAAAAEAAAABAAAAAAAAAAAAAAAAABAAAAAAAAAAAAAAA=
db264f00067bc57292ed1ff5363b4ef7a430eba488bc14bce7b90382af29aa49	5	9	AAAAAAWpb9j/sYFCYuqlxKil0BcnteB1yG3mk5AuEDefwlXVAAAACgAAAAIAAAARAAAAAAAAAAAAAAABAAAAAAAAAAMAAAABMzMAAAAAAABCvCpd4fmep2b3hg6tSnAa0AbKCZlHEC9DD2WBHta7kQAAAAEzMgAAAAAAAEK8Kl3h+Z6nZveGDq1KcBrQBsoJmUcQL0MPZYEe1ruRAAAAAAAAACgAAAABAAAAAQAAAAAAAAAAAAAAAAAAAAGfwlXVAAAAQGAUUIOdPFq8BP9kl8es8mRwOKgaIPLI0mOj1ltU5mJYeetSyuJKWyd9UFE51TQO86a/GcpsYPLuW3VvxI14igg=	2yZPAAZ7xXKS7R/1NjtO96Qw66SIvBS857kDgq8pqkkAAAAAAAAACgAAAAAAAAABAAAAAAAAAAMAAAAAAAAAAAAAAAAAAAAABalv2P+xgUJi6qXEqKXQFye14HXIbeaTkC4QN5/CVdUAAAAAAAAACQAAAAEzMwAAAAAAAEK8Kl3h+Z6nZveGDq1KcBrQBsoJmUcQL0MPZYEe1ruRAAAAATMyAAAAAAAAQrwqXeH5nqdm94YOrUpwGtAGygmZRxAvQw9lgR7Wu5EAAAAAAAAAKAAAAAEAAAABAAAAAAAAAAAAAAAA	AAAAAAAAAAEAAAABAAAAAAAAAAAFqW/Y/7GBQmLqpcSopdAXJ7Xgdcht5pOQLhA3n8JV1QAAAAJUC+NWAAAAAgAAABEAAAAQAAAAAAAAAAAAAAAAAQAAAAAAAAAAAAAAAAAAAQAAAAIAAAAAAAAAAgAAAAAFqW/Y/7GBQmLqpcSopdAXJ7Xgdcht5pOQLhA3n8JV1QAAAAAAAAAJAAAAATMzAAAAAAAAQrwqXeH5nqdm94YOrUpwGtAGygmZRxAvQw9lgR7Wu5EAAAABMzIAAAAAAABCvCpd4fmep2b3hg6tSnAa0AbKCZlHEC9DD2WBHta7kQAAAAAAAAAoAAAAAQAAAAEAAAAAAAAAAAAAAAEAAAAAAAAAAAWpb9j/sYFCYuqlxKil0BcnteB1yG3mk5AuEDefwlXVAAAAAlQL41YAAAACAAAAEQAAABEAAAAAAAAAAAAAAAABAAAAAAAAAAAAAAA=
d36692d4709f49245ae825ce6ad2e2dff72cfe4c7d8f67def64b77c03fb863e9	5	10	AAAAAAWpb9j/sYFCYuqlxKil0BcnteB1yG3mk5AuEDefwlXVAAAACgAAAAIAAAASAAAAAAAAAAAAAAABAAAAAAAAAAMAAAABRVVSAAAAAABCvCpd4fmep2b3hg6tSnAa0AbKCZlHEC9DD2WBHta7kQAAAAEzMwAAAAAAAEK8Kl3h+Z6nZveGDq1KcBrQBsoJmUcQL0MPZYEe1ruRAAAAAAAAACgAAAABAAAAAQAAAAAAAAAAAAAAAAAAAAGfwlXVAAAAQFaJG7AReXNVyZ9tI3Dg3wt/kDGFzAY9F6HnYmX2j6efhqGG387XrpW7TqBVlkNOrssljDKy54UCSralbvtfuws=	02aS1HCfSSRa6CXOatLi3/cs/kx9j2fe9kt3wD+4Y+kAAAAAAAAACgAAAAAAAAABAAAAAAAAAAMAAAAAAAAAAAAAAAAAAAAABalv2P+xgUJi6qXEqKXQFye14HXIbeaTkC4QN5/CVdUAAAAAAAAACgAAAAFFVVIAAAAAAEK8Kl3h+Z6nZveGDq1KcBrQBsoJmUcQL0MPZYEe1ruRAAAAATMzAAAAAAAAQrwqXeH5nqdm94YOrUpwGtAGygmZRxAvQw9lgR7Wu5EAAAAAAAAAKAAAAAEAAAABAAAAAAAAAAAAAAAA	AAAAAAAAAAEAAAABAAAAAAAAAAAFqW/Y/7GBQmLqpcSopdAXJ7Xgdcht5pOQLhA3n8JV1QAAAAJUC+NMAAAAAgAAABIAAAARAAAAAAAAAAAAAAAAAQAAAAAAAAAAAAAAAAAAAQAAAAIAAAAAAAAAAgAAAAAFqW/Y/7GBQmLqpcSopdAXJ7Xgdcht5pOQLhA3n8JV1QAAAAAAAAAKAAAAAUVVUgAAAAAAQrwqXeH5nqdm94YOrUpwGtAGygmZRxAvQw9lgR7Wu5EAAAABMzMAAAAAAABCvCpd4fmep2b3hg6tSnAa0AbKCZlHEC9DD2WBHta7kQAAAAAAAAAoAAAAAQAAAAEAAAAAAAAAAAAAAAEAAAAAAAAAAAWpb9j/sYFCYuqlxKil0BcnteB1yG3mk5AuEDefwlXVAAAAAlQL40wAAAACAAAAEgAAABIAAAAAAAAAAAAAAAABAAAAAAAAAAAAAAA=
\.


--
-- Name: accounts_pkey; Type: CONSTRAINT; Schema: public; Owner: -; Tablespace: 
--

ALTER TABLE ONLY accounts
    ADD CONSTRAINT accounts_pkey PRIMARY KEY (accountid);


--
-- Name: ledgerheaders_ledgerseq_key; Type: CONSTRAINT; Schema: public; Owner: -; Tablespace: 
--

ALTER TABLE ONLY ledgerheaders
    ADD CONSTRAINT ledgerheaders_ledgerseq_key UNIQUE (ledgerseq);


--
-- Name: ledgerheaders_pkey; Type: CONSTRAINT; Schema: public; Owner: -; Tablespace: 
--

ALTER TABLE ONLY ledgerheaders
    ADD CONSTRAINT ledgerheaders_pkey PRIMARY KEY (ledgerhash);


--
-- Name: offers_pkey; Type: CONSTRAINT; Schema: public; Owner: -; Tablespace: 
--

ALTER TABLE ONLY offers
    ADD CONSTRAINT offers_pkey PRIMARY KEY (offerid);


--
-- Name: peers_pkey; Type: CONSTRAINT; Schema: public; Owner: -; Tablespace: 
--

ALTER TABLE ONLY peers
    ADD CONSTRAINT peers_pkey PRIMARY KEY (ip, port);


--
-- Name: signers_pkey; Type: CONSTRAINT; Schema: public; Owner: -; Tablespace: 
--

ALTER TABLE ONLY signers
    ADD CONSTRAINT signers_pkey PRIMARY KEY (accountid, publickey);


--
-- Name: storestate_pkey; Type: CONSTRAINT; Schema: public; Owner: -; Tablespace: 
--

ALTER TABLE ONLY storestate
    ADD CONSTRAINT storestate_pkey PRIMARY KEY (statename);


--
-- Name: trustlines_pkey; Type: CONSTRAINT; Schema: public; Owner: -; Tablespace: 
--

ALTER TABLE ONLY trustlines
    ADD CONSTRAINT trustlines_pkey PRIMARY KEY (accountid, issuer, assetcode);


--
-- Name: txhistory_ledgerseq_txindex_key; Type: CONSTRAINT; Schema: public; Owner: -; Tablespace: 
--

ALTER TABLE ONLY txhistory
    ADD CONSTRAINT txhistory_ledgerseq_txindex_key UNIQUE (ledgerseq, txindex);


--
-- Name: txhistory_pkey; Type: CONSTRAINT; Schema: public; Owner: -; Tablespace: 
--

ALTER TABLE ONLY txhistory
    ADD CONSTRAINT txhistory_pkey PRIMARY KEY (txid, ledgerseq);


--
-- Name: accountbalances; Type: INDEX; Schema: public; Owner: -; Tablespace: 
--

CREATE INDEX accountbalances ON accounts USING btree (balance);


--
-- Name: accountlines; Type: INDEX; Schema: public; Owner: -; Tablespace: 
--

CREATE INDEX accountlines ON trustlines USING btree (accountid);


--
-- Name: buyingissuerindex; Type: INDEX; Schema: public; Owner: -; Tablespace: 
--

CREATE INDEX buyingissuerindex ON offers USING btree (buyingissuer);


--
-- Name: ledgersbyseq; Type: INDEX; Schema: public; Owner: -; Tablespace: 
--

CREATE INDEX ledgersbyseq ON ledgerheaders USING btree (ledgerseq);


--
-- Name: priceindex; Type: INDEX; Schema: public; Owner: -; Tablespace: 
--

CREATE INDEX priceindex ON offers USING btree (price);


--
-- Name: sellingissuerindex; Type: INDEX; Schema: public; Owner: -; Tablespace: 
--

CREATE INDEX sellingissuerindex ON offers USING btree (sellingissuer);


--
-- Name: signersaccount; Type: INDEX; Schema: public; Owner: -; Tablespace: 
--

CREATE INDEX signersaccount ON signers USING btree (accountid);


--
-- PostgreSQL database dump complete
--

