--
-- PostgreSQL database dump
--

SET statement_timeout = 0;
SET lock_timeout = 0;
SET client_encoding = 'UTF8';
SET standard_conforming_strings = on;
SET check_function_bodies = false;
SET client_min_messages = warning;

SET search_path = public, pg_catalog;

DROP INDEX public.signersaccount;
DROP INDEX public.sellingissuerindex;
DROP INDEX public.priceindex;
DROP INDEX public.ledgersbyseq;
DROP INDEX public.buyingissuerindex;
DROP INDEX public.accountlines;
DROP INDEX public.accountbalances;
ALTER TABLE ONLY public.txhistory DROP CONSTRAINT txhistory_pkey;
ALTER TABLE ONLY public.txhistory DROP CONSTRAINT txhistory_ledgerseq_txindex_key;
ALTER TABLE ONLY public.trustlines DROP CONSTRAINT trustlines_pkey;
ALTER TABLE ONLY public.storestate DROP CONSTRAINT storestate_pkey;
ALTER TABLE ONLY public.signers DROP CONSTRAINT signers_pkey;
ALTER TABLE ONLY public.peers DROP CONSTRAINT peers_pkey;
ALTER TABLE ONLY public.offers DROP CONSTRAINT offers_pkey;
ALTER TABLE ONLY public.ledgerheaders DROP CONSTRAINT ledgerheaders_pkey;
ALTER TABLE ONLY public.ledgerheaders DROP CONSTRAINT ledgerheaders_ledgerseq_key;
ALTER TABLE ONLY public.accounts DROP CONSTRAINT accounts_pkey;
DROP TABLE public.txhistory;
DROP TABLE public.trustlines;
DROP TABLE public.storestate;
DROP TABLE public.signers;
DROP TABLE public.peers;
DROP TABLE public.offers;
DROP TABLE public.ledgerheaders;
DROP TABLE public.accounts;
DROP EXTENSION plpgsql;
DROP SCHEMA public;
--
-- Name: public; Type: SCHEMA; Schema: -; Owner: -
--

CREATE SCHEMA public;


--
-- Name: SCHEMA public; Type: COMMENT; Schema: -; Owner: -
--

COMMENT ON SCHEMA public IS 'standard public schema';


--
-- Name: plpgsql; Type: EXTENSION; Schema: -; Owner: -
--

CREATE EXTENSION IF NOT EXISTS plpgsql WITH SCHEMA pg_catalog;


--
-- Name: EXTENSION plpgsql; Type: COMMENT; Schema: -; Owner: -
--

COMMENT ON EXTENSION plpgsql IS 'PL/pgSQL procedural language';


SET search_path = public, pg_catalog;

SET default_tablespace = '';

SET default_with_oids = false;

--
-- Name: accounts; Type: TABLE; Schema: public; Owner: -; Tablespace: 
--

CREATE TABLE accounts (
    accountid character varying(56) NOT NULL,
    balance bigint NOT NULL,
    seqnum bigint NOT NULL,
    numsubentries integer NOT NULL,
    inflationdest character varying(56),
    homedomain character varying(32),
    thresholds text,
    flags integer NOT NULL,
    lastmodified integer NOT NULL,
    CONSTRAINT accounts_balance_check CHECK ((balance >= 0)),
    CONSTRAINT accounts_numsubentries_check CHECK ((numsubentries >= 0))
);


--
-- Name: ledgerheaders; Type: TABLE; Schema: public; Owner: -; Tablespace: 
--

CREATE TABLE ledgerheaders (
    ledgerhash character(64) NOT NULL,
    prevhash character(64) NOT NULL,
    bucketlisthash character(64) NOT NULL,
    ledgerseq integer,
    closetime bigint NOT NULL,
    data text NOT NULL,
    CONSTRAINT ledgerheaders_closetime_check CHECK ((closetime >= 0)),
    CONSTRAINT ledgerheaders_ledgerseq_check CHECK ((ledgerseq >= 0))
);


--
-- Name: offers; Type: TABLE; Schema: public; Owner: -; Tablespace: 
--

CREATE TABLE offers (
    sellerid character varying(56) NOT NULL,
    offerid bigint NOT NULL,
    sellingassettype integer,
    sellingassetcode character varying(12),
    sellingissuer character varying(56),
    buyingassettype integer,
    buyingassetcode character varying(12),
    buyingissuer character varying(56),
    amount bigint NOT NULL,
    pricen integer NOT NULL,
    priced integer NOT NULL,
    price bigint NOT NULL,
    flags integer NOT NULL,
    lastmodified integer NOT NULL,
    CONSTRAINT offers_amount_check CHECK ((amount >= 0)),
    CONSTRAINT offers_offerid_check CHECK ((offerid >= 0))
);


--
-- Name: peers; Type: TABLE; Schema: public; Owner: -; Tablespace: 
--

CREATE TABLE peers (
    ip character varying(15) NOT NULL,
    port integer DEFAULT 0 NOT NULL,
    nextattempt timestamp without time zone NOT NULL,
    numfailures integer DEFAULT 0 NOT NULL,
    rank integer DEFAULT 0 NOT NULL,
    CONSTRAINT peers_numfailures_check CHECK ((numfailures >= 0)),
    CONSTRAINT peers_port_check CHECK (((port > 0) AND (port <= 65535))),
    CONSTRAINT peers_rank_check CHECK ((rank >= 0))
);


--
-- Name: signers; Type: TABLE; Schema: public; Owner: -; Tablespace: 
--

CREATE TABLE signers (
    accountid character varying(56) NOT NULL,
    publickey character varying(56) NOT NULL,
    weight integer NOT NULL
);


--
-- Name: storestate; Type: TABLE; Schema: public; Owner: -; Tablespace: 
--

CREATE TABLE storestate (
    statename character(32) NOT NULL,
    state text
);


--
-- Name: trustlines; Type: TABLE; Schema: public; Owner: -; Tablespace: 
--

CREATE TABLE trustlines (
    accountid character varying(56) NOT NULL,
    assettype integer NOT NULL,
    issuer character varying(56) NOT NULL,
    assetcode character varying(12) NOT NULL,
    tlimit bigint DEFAULT 0 NOT NULL,
    balance bigint DEFAULT 0 NOT NULL,
    flags integer NOT NULL,
    lastmodified integer NOT NULL,
    CONSTRAINT trustlines_balance_check CHECK ((balance >= 0)),
    CONSTRAINT trustlines_tlimit_check CHECK ((tlimit >= 0))
);


--
-- Name: txhistory; Type: TABLE; Schema: public; Owner: -; Tablespace: 
--

CREATE TABLE txhistory (
    txid character(64) NOT NULL,
    ledgerseq integer NOT NULL,
    txindex integer NOT NULL,
    txbody text NOT NULL,
    txresult text NOT NULL,
    txmeta text NOT NULL,
    CONSTRAINT txhistory_ledgerseq_check CHECK ((ledgerseq >= 0))
);


--
-- Data for Name: accounts; Type: TABLE DATA; Schema: public; Owner: -
--

COPY accounts (accountid, balance, seqnum, numsubentries, inflationdest, homedomain, thresholds, flags, lastmodified) FROM stdin;
GCEZWKCA5VLDNRLN3RPRJMRZOX3Z6G5CHCGSNFHEYVXM3XOJMDS674JZ	99999959999999960	4	0	\N		AQAAAA==	0	2
GD7HGSO6WKXLUJBHKI3NBK2R3L4L2PBAUA54TR24FZPNHAIHLIRPJWVO	9999999990	8589934593	1	\N		AQAAAA==	0	3
GCOJGXHPDR4XAK74U4PY7SORGXBBMCYXMLDAAE4BJZXQEWYI23SSY7DO	9999999990	8589934593	1	\N		AQAAAA==	0	3
GBVCMH6R7D4SOK2LDXN6YEFTDHUVYIEU3JCPGFS73CH7JX4CK2IX66TG	9999999920	8589934600	0	\N		AQAAAA==	0	4
GBA3P2QRTJNZWDKA7APZFHMP633A3BUXQ2E47VSIUP6BJBEI2WZWI5PI	9999999820	8589934610	18	\N		AQAAAA==	0	5
\.


--
-- Data for Name: ledgerheaders; Type: TABLE DATA; Schema: public; Owner: -
--

COPY ledgerheaders (ledgerhash, prevhash, bucketlisthash, ledgerseq, closetime, data) FROM stdin;
418cf4d3e5c849e2ab286e7f3fb95130ff154026b6af71b00260312e20de9857	0000000000000000000000000000000000000000000000000000000000000000	25dff9e8ace227370b28fb90e7dffd3fc7fc74012a9940fb8e6bf73339f6ed68	1	0	AAAAAAAAAAAAAAAAAAAAAAAAAAAAAAAAAAAAAAAAAAAAAAAAAAAAAAAAAAAAAAAAAAAAAAAAAAAAAAAAAAAAAAAAAAAAAAAAAAAAAAAAAAAAAAAAAAAAAAAAAAAAAAAAAAAAAAAAAAAAAAAAAAAAAAAAAAAl3/norOInNwso+5Dn3/0/x/x0ASqZQPuOa/czOfbtaAAAAAEBY0V4XYoAAAAAAAAAAAAAAAAAAAAAAAAAAAAAAAAACgCYloAAAAAAAAAAAAAAAAAAAAAAAAAAAAAAAAAAAAAAAAAAAAAAAAAAAAAAAAAAAAAAAAAAAAAAAAAAAAAAAAAAAAAAAAAAAAAAAAAAAAAAAAAAAAAAAAAAAAAAAAAAAAAAAAAAAAAAAAAAAAAAAAAAAAAAAAAAAAAAAAAAAAAAAAAAAAAAAAA=
7a8864f0fe2091b972aae3e768bdc0933fa7ff0df207e08c11914fc61521e40e	418cf4d3e5c849e2ab286e7f3fb95130ff154026b6af71b00260312e20de9857	4e0f30aa0db95ba53b31162d8dec59c596083363387132b420c1a97c9c02b4ca	2	1441055455	AAAAAUGM9NPlyEniqyhufz+5UTD/FUAmtq9xsAJgMS4g3phXhsmFlTN7xmbvmf/31jiBJgyEzBw1RULpqIqEU/vyeccAAAAAVeTC3wAAAAEAAAAIAAAAAQAAAAEAAAAA1k6XygKy5tu3oxwYDPbhSZ/Plvl5UmDUU/z7PhnIaztODzCqDblbpTsxFi2N7FnFlggzYzhxMrQgwal8nAK0ygAAAAIBY0V4XYoAAAAAAAAAAAAoAAAAAAAAAAAAAAAAAAAACgCYloAAAAAAAAAAAAAAAAAAAAAAAAAAAAAAAAAAAAAAAAAAAAAAAAAAAAAAAAAAAAAAAAAAAAAAAAAAAAAAAAAAAAAAAAAAAAAAAAAAAAAAAAAAAAAAAAAAAAAAAAAAAAAAAAAAAAAAAAAAAAAAAAAAAAAAAAAAAAAAAAAAAAAAAAAAAAAAAAA=
9ec1109f616afbf2c3d8733d6fa7f983cdc7f802fcefad9dd27beea39fee5592	7a8864f0fe2091b972aae3e768bdc0933fa7ff0df207e08c11914fc61521e40e	1c13caf2bd0a9a8901b662c1393e5f7d05ce707b92801cbcc6f78fddd08dda5a	3	1441055456	AAAAAXqIZPD+IJG5cqrj52i9wJM/p/8N8gfgjBGRT8YVIeQO6E6DnXXzNp+yArcqdVdluCjUaKuQitMR3ekyZ4REviwAAAAAVeTC4AAAAAAAAAAAf0NIylkLfu5PYYvtDg7k0Iy8z+X8Q5jRVgYl52ac2A8cE8ryvQqaiQG2YsE5Pl99Bc5we5KAHLzG94/d0I3aWgAAAAMBY0V4XYoAAAAAAAAAAACMAAAAAAAAAAAAAAAAAAAACgCYloAAAAAAAAAAAAAAAAAAAAAAAAAAAAAAAAAAAAAAAAAAAAAAAAAAAAAAAAAAAAAAAAAAAAAAAAAAAAAAAAAAAAAAAAAAAAAAAAAAAAAAAAAAAAAAAAAAAAAAAAAAAAAAAAAAAAAAAAAAAAAAAAAAAAAAAAAAAAAAAAAAAAAAAAAAAAAAAAA=
b915941e80cf19c473d2d4e5b18ccc86c89241749a5d4c3f8791ea735b818112	9ec1109f616afbf2c3d8733d6fa7f983cdc7f802fcefad9dd27beea39fee5592	35669f92a27fd3d747c59eb6a6dfef5ea821cba10643bf354cf7b00a11cffaa4	4	1441055457	AAAAAZ7BEJ9havvyw9hzPW+n+YPNx/gC/O+tndJ77qOf7lWSYgEUGNDDAVy7MTM/1axJm82JuQ//ytZKcFwk+DkmF6AAAAAAVeTC4QAAAAAAAAAA1aTlNkUSrjM7WLyR3p8qYM88XmA7pHv5/lFnrWMX1eo1Zp+Son/T10fFnram3+9eqCHLoQZDvzVM97AKEc/6pAAAAAQBY0V4XYoAAAAAAAAAAADcAAAAAAAAAAAAAAAAAAAACgCYloAAAAAAAAAAAAAAAAAAAAAAAAAAAAAAAAAAAAAAAAAAAAAAAAAAAAAAAAAAAAAAAAAAAAAAAAAAAAAAAAAAAAAAAAAAAAAAAAAAAAAAAAAAAAAAAAAAAAAAAAAAAAAAAAAAAAAAAAAAAAAAAAAAAAAAAAAAAAAAAAAAAAAAAAAAAAAAAAA=
fda96949e2d457f68949aafc50836c3242d5e1378eeb439289214ed4f47846e5	b915941e80cf19c473d2d4e5b18ccc86c89241749a5d4c3f8791ea735b818112	60bac9c7f771bf2206fc438beea9bad0566e901c45ee0de8620a1893e07c9df1	5	1441055458	AAAAAbkVlB6AzxnEc9LU5bGMzIbIkkF0ml1MP4eR6nNbgYESACyeltLep8VIgcR21LUlsqPxQAGAN4OdOJkoGo0uGQEAAAAAVeTC4gAAAAAAAAAAvAHkEkc9yz+pbR0pcaEw0OAcAm3sWcrckiyoNzjcif1gusnH93G/Igb8Q4vuqbrQVm6QHEXuDehiChiT4Hyd8QAAAAUBY0V4XYoAAAAAAAAAAAFAAAAAAAAAAAAAAAAKAAAACgCYloAAAAAAAAAAAAAAAAAAAAAAAAAAAAAAAAAAAAAAAAAAAAAAAAAAAAAAAAAAAAAAAAAAAAAAAAAAAAAAAAAAAAAAAAAAAAAAAAAAAAAAAAAAAAAAAAAAAAAAAAAAAAAAAAAAAAAAAAAAAAAAAAAAAAAAAAAAAAAAAAAAAAAAAAAAAAAAAAA=
\.


--
-- Data for Name: offers; Type: TABLE DATA; Schema: public; Owner: -
--

COPY offers (sellerid, offerid, sellingassettype, sellingassetcode, sellingissuer, buyingassettype, buyingassetcode, buyingissuer, amount, pricen, priced, price, flags, lastmodified) FROM stdin;
GBA3P2QRTJNZWDKA7APZFHMP633A3BUXQ2E47VSIUP6BJBEI2WZWI5PI	1	1	EUR	GBVCMH6R7D4SOK2LDXN6YEFTDHUVYIEU3JCPGFS73CH7JX4CK2IX66TG	1	USD	GBVCMH6R7D4SOK2LDXN6YEFTDHUVYIEU3JCPGFS73CH7JX4CK2IX66TG	10	1	1	10000000	0	5
GBA3P2QRTJNZWDKA7APZFHMP633A3BUXQ2E47VSIUP6BJBEI2WZWI5PI	2	1	1	GBVCMH6R7D4SOK2LDXN6YEFTDHUVYIEU3JCPGFS73CH7JX4CK2IX66TG	1	USD	GBVCMH6R7D4SOK2LDXN6YEFTDHUVYIEU3JCPGFS73CH7JX4CK2IX66TG	20	1	1	10000000	0	5
GBA3P2QRTJNZWDKA7APZFHMP633A3BUXQ2E47VSIUP6BJBEI2WZWI5PI	3	1	EUR	GBVCMH6R7D4SOK2LDXN6YEFTDHUVYIEU3JCPGFS73CH7JX4CK2IX66TG	1	1	GBVCMH6R7D4SOK2LDXN6YEFTDHUVYIEU3JCPGFS73CH7JX4CK2IX66TG	20	1	1	10000000	0	5
GBA3P2QRTJNZWDKA7APZFHMP633A3BUXQ2E47VSIUP6BJBEI2WZWI5PI	4	1	21	GBVCMH6R7D4SOK2LDXN6YEFTDHUVYIEU3JCPGFS73CH7JX4CK2IX66TG	1	USD	GBVCMH6R7D4SOK2LDXN6YEFTDHUVYIEU3JCPGFS73CH7JX4CK2IX66TG	30	1	1	10000000	0	5
GBA3P2QRTJNZWDKA7APZFHMP633A3BUXQ2E47VSIUP6BJBEI2WZWI5PI	5	1	22	GBVCMH6R7D4SOK2LDXN6YEFTDHUVYIEU3JCPGFS73CH7JX4CK2IX66TG	1	21	GBVCMH6R7D4SOK2LDXN6YEFTDHUVYIEU3JCPGFS73CH7JX4CK2IX66TG	30	1	1	10000000	0	5
GBA3P2QRTJNZWDKA7APZFHMP633A3BUXQ2E47VSIUP6BJBEI2WZWI5PI	6	1	EUR	GBVCMH6R7D4SOK2LDXN6YEFTDHUVYIEU3JCPGFS73CH7JX4CK2IX66TG	1	22	GBVCMH6R7D4SOK2LDXN6YEFTDHUVYIEU3JCPGFS73CH7JX4CK2IX66TG	30	1	1	10000000	0	5
GBA3P2QRTJNZWDKA7APZFHMP633A3BUXQ2E47VSIUP6BJBEI2WZWI5PI	7	1	31	GBVCMH6R7D4SOK2LDXN6YEFTDHUVYIEU3JCPGFS73CH7JX4CK2IX66TG	1	USD	GBVCMH6R7D4SOK2LDXN6YEFTDHUVYIEU3JCPGFS73CH7JX4CK2IX66TG	40	1	1	10000000	0	5
GBA3P2QRTJNZWDKA7APZFHMP633A3BUXQ2E47VSIUP6BJBEI2WZWI5PI	8	1	32	GBVCMH6R7D4SOK2LDXN6YEFTDHUVYIEU3JCPGFS73CH7JX4CK2IX66TG	1	31	GBVCMH6R7D4SOK2LDXN6YEFTDHUVYIEU3JCPGFS73CH7JX4CK2IX66TG	40	1	1	10000000	0	5
GBA3P2QRTJNZWDKA7APZFHMP633A3BUXQ2E47VSIUP6BJBEI2WZWI5PI	9	1	33	GBVCMH6R7D4SOK2LDXN6YEFTDHUVYIEU3JCPGFS73CH7JX4CK2IX66TG	1	32	GBVCMH6R7D4SOK2LDXN6YEFTDHUVYIEU3JCPGFS73CH7JX4CK2IX66TG	40	1	1	10000000	0	5
GBA3P2QRTJNZWDKA7APZFHMP633A3BUXQ2E47VSIUP6BJBEI2WZWI5PI	10	1	EUR	GBVCMH6R7D4SOK2LDXN6YEFTDHUVYIEU3JCPGFS73CH7JX4CK2IX66TG	1	33	GBVCMH6R7D4SOK2LDXN6YEFTDHUVYIEU3JCPGFS73CH7JX4CK2IX66TG	40	1	1	10000000	0	5
\.


--
-- Data for Name: peers; Type: TABLE DATA; Schema: public; Owner: -
--

COPY peers (ip, port, nextattempt, numfailures, rank) FROM stdin;
\.


--
-- Data for Name: signers; Type: TABLE DATA; Schema: public; Owner: -
--

COPY signers (accountid, publickey, weight) FROM stdin;
\.


--
-- Data for Name: storestate; Type: TABLE DATA; Schema: public; Owner: -
--

COPY storestate (statename, state) FROM stdin;
databaseinitialized             	true
forcescponnextlaunch            	false
lastclosedledger                	fda96949e2d457f68949aafc50836c3242d5e1378eeb439289214ed4f47846e5
historyarchivestate             	{\n    "version": 1,\n    "server": "5182572",\n    "currentLedger": 5,\n    "currentBuckets": [\n        {\n            "curr": "63a7d9e15a46552b61b07a3e21fe90f32029188d4491a8ca52df411b4a3ab332",\n            "next": {\n                "state": 0\n            },\n            "snap": "263adbf5f8d5363698e8d036174d41f5fd729647e5cfaa65199192cf2bc686e6"\n        },\n        {\n            "curr": "c7e8ce6b04a04389f8053697950fefdf1f479195ce30d2c3f185f0ac452453af",\n            "next": {\n                "state": 1,\n                "output": "263adbf5f8d5363698e8d036174d41f5fd729647e5cfaa65199192cf2bc686e6"\n            },\n            "snap": "0000000000000000000000000000000000000000000000000000000000000000"\n        },\n        {\n            "curr": "0000000000000000000000000000000000000000000000000000000000000000",\n            "next": {\n                "state": 0\n            },\n            "snap": "0000000000000000000000000000000000000000000000000000000000000000"\n        },\n        {\n            "curr": "0000000000000000000000000000000000000000000000000000000000000000",\n            "next": {\n                "state": 0\n            },\n            "snap": "0000000000000000000000000000000000000000000000000000000000000000"\n        },\n        {\n            "curr": "0000000000000000000000000000000000000000000000000000000000000000",\n            "next": {\n                "state": 0\n            },\n            "snap": "0000000000000000000000000000000000000000000000000000000000000000"\n        },\n        {\n            "curr": "0000000000000000000000000000000000000000000000000000000000000000",\n            "next": {\n                "state": 0\n            },\n            "snap": "0000000000000000000000000000000000000000000000000000000000000000"\n        },\n        {\n            "curr": "0000000000000000000000000000000000000000000000000000000000000000",\n            "next": {\n                "state": 0\n            },\n            "snap": "0000000000000000000000000000000000000000000000000000000000000000"\n        },\n        {\n            "curr": "0000000000000000000000000000000000000000000000000000000000000000",\n            "next": {\n                "state": 0\n            },\n            "snap": "0000000000000000000000000000000000000000000000000000000000000000"\n        },\n        {\n            "curr": "0000000000000000000000000000000000000000000000000000000000000000",\n            "next": {\n                "state": 0\n            },\n            "snap": "0000000000000000000000000000000000000000000000000000000000000000"\n        },\n        {\n            "curr": "0000000000000000000000000000000000000000000000000000000000000000",\n            "next": {\n                "state": 0\n            },\n            "snap": "0000000000000000000000000000000000000000000000000000000000000000"\n        },\n        {\n            "curr": "0000000000000000000000000000000000000000000000000000000000000000",\n            "next": {\n                "state": 0\n            },\n            "snap": "0000000000000000000000000000000000000000000000000000000000000000"\n        }\n    ]\n}
\.


--
-- Data for Name: trustlines; Type: TABLE DATA; Schema: public; Owner: -
--

COPY trustlines (accountid, assettype, issuer, assetcode, tlimit, balance, flags, lastmodified) FROM stdin;
GBA3P2QRTJNZWDKA7APZFHMP633A3BUXQ2E47VSIUP6BJBEI2WZWI5PI	1	GBVCMH6R7D4SOK2LDXN6YEFTDHUVYIEU3JCPGFS73CH7JX4CK2IX66TG	USD	9223372036854775807	0	1	3
GCOJGXHPDR4XAK74U4PY7SORGXBBMCYXMLDAAE4BJZXQEWYI23SSY7DO	1	GBVCMH6R7D4SOK2LDXN6YEFTDHUVYIEU3JCPGFS73CH7JX4CK2IX66TG	EUR	9223372036854775807	0	1	3
GD7HGSO6WKXLUJBHKI3NBK2R3L4L2PBAUA54TR24FZPNHAIHLIRPJWVO	1	GBVCMH6R7D4SOK2LDXN6YEFTDHUVYIEU3JCPGFS73CH7JX4CK2IX66TG	USD	9223372036854775807	5000	1	4
GBA3P2QRTJNZWDKA7APZFHMP633A3BUXQ2E47VSIUP6BJBEI2WZWI5PI	1	GBVCMH6R7D4SOK2LDXN6YEFTDHUVYIEU3JCPGFS73CH7JX4CK2IX66TG	EUR	9223372036854775807	5000	1	4
GBA3P2QRTJNZWDKA7APZFHMP633A3BUXQ2E47VSIUP6BJBEI2WZWI5PI	1	GBVCMH6R7D4SOK2LDXN6YEFTDHUVYIEU3JCPGFS73CH7JX4CK2IX66TG	1	9223372036854775807	5000	1	4
GBA3P2QRTJNZWDKA7APZFHMP633A3BUXQ2E47VSIUP6BJBEI2WZWI5PI	1	GBVCMH6R7D4SOK2LDXN6YEFTDHUVYIEU3JCPGFS73CH7JX4CK2IX66TG	21	9223372036854775807	5000	1	4
GBA3P2QRTJNZWDKA7APZFHMP633A3BUXQ2E47VSIUP6BJBEI2WZWI5PI	1	GBVCMH6R7D4SOK2LDXN6YEFTDHUVYIEU3JCPGFS73CH7JX4CK2IX66TG	22	9223372036854775807	5000	1	4
GBA3P2QRTJNZWDKA7APZFHMP633A3BUXQ2E47VSIUP6BJBEI2WZWI5PI	1	GBVCMH6R7D4SOK2LDXN6YEFTDHUVYIEU3JCPGFS73CH7JX4CK2IX66TG	31	9223372036854775807	5000	1	4
GBA3P2QRTJNZWDKA7APZFHMP633A3BUXQ2E47VSIUP6BJBEI2WZWI5PI	1	GBVCMH6R7D4SOK2LDXN6YEFTDHUVYIEU3JCPGFS73CH7JX4CK2IX66TG	32	9223372036854775807	5000	1	4
GBA3P2QRTJNZWDKA7APZFHMP633A3BUXQ2E47VSIUP6BJBEI2WZWI5PI	1	GBVCMH6R7D4SOK2LDXN6YEFTDHUVYIEU3JCPGFS73CH7JX4CK2IX66TG	33	9223372036854775807	5000	1	4
\.


--
-- Data for Name: txhistory; Type: TABLE DATA; Schema: public; Owner: -
--

COPY txhistory (txid, ledgerseq, txindex, txbody, txresult, txmeta) FROM stdin;
b7302fce43648b19556386c83d018a95ade94d4b7f592bf1068d2acc39144070	2	1	AAAAAImbKEDtVjbFbdxfFLI5dfefG6I4jSaU5MVuzd3JYOXvAAAACgAAAAAAAAABAAAAAAAAAAAAAAABAAAAAAAAAAAAAAAAaiYf0fj5JytLHdvsELMZ6VwglNpE8xZf2I/034JWkX8AAAACVAvkAAAAAAAAAAAByWDl7wAAAEC1UjdU3/PC7MiRmim2kQ3wYmLcsmLtgXnDxnHKbdexmFOc9g/mWM4OD2yjLVpjXn1Kxk3kBHbejH7pBKpd48sP	tzAvzkNkixlVY4bIPQGKla3pTUt/WSvxBo0qzDkUQHAAAAAAAAAACgAAAAAAAAABAAAAAAAAAAAAAAAAAAAAAA==	AAAAAAAAAAEAAAABAAAAAgAAAAAAAAAAiZsoQO1WNsVt3F8Usjl1958bojiNJpTkxW7N3clg5e8BY0V4XYn/9gAAAAAAAAABAAAAAAAAAAAAAAAAAAAAAAEAAAAAAAAAAAAAAAAAAAAAAAABAAAAAgAAAAAAAAACAAAAAAAAAABqJh/R+PknK0sd2+wQsxnpXCCU2kTzFl/Yj/TfglaRfwAAAAJUC+QAAAAAAgAAAAAAAAAAAAAAAAAAAAAAAAAAAQAAAAAAAAAAAAAAAAAAAAAAAAEAAAACAAAAAAAAAACJmyhA7VY2xW3cXxSyOXX3nxuiOI0mlOTFbs3dyWDl7wFjRXYJfhv2AAAAAAAAAAEAAAAAAAAAAAAAAAAAAAAAAQAAAAAAAAAAAAAAAAAAAA==
6abd01531cb5f958d3801255e50a26a17eda59d25aab50eb18d91ed2ccde4116	2	2	AAAAAImbKEDtVjbFbdxfFLI5dfefG6I4jSaU5MVuzd3JYOXvAAAACgAAAAAAAAACAAAAAAAAAAAAAAABAAAAAAAAAAAAAAAA/nNJ3rKuuiQnUjbQq1Ha+L08IKA7ycdcLl7TgQdaIvQAAAACVAvkAAAAAAAAAAAByWDl7wAAAECJ7wecsMUOYnvUyLuvG3MY0WCfJfLa5LrACo1IekEHuSKQGyCgY5neKtr+kQhskaO5xdMny8qkg+XtJum38noE	ar0BUxy1+VjTgBJV5QomoX7aWdJaq1DrGNke0szeQRYAAAAAAAAACgAAAAAAAAABAAAAAAAAAAAAAAAAAAAAAA==	AAAAAAAAAAEAAAABAAAAAgAAAAAAAAAAiZsoQO1WNsVt3F8Usjl1958bojiNJpTkxW7N3clg5e8BY0V2CX4b7AAAAAAAAAACAAAAAAAAAAAAAAAAAAAAAAEAAAAAAAAAAAAAAAAAAAAAAAABAAAAAgAAAAAAAAACAAAAAAAAAAD+c0nesq66JCdSNtCrUdr4vTwgoDvJx1wuXtOBB1oi9AAAAAJUC+QAAAAAAgAAAAAAAAAAAAAAAAAAAAAAAAAAAQAAAAAAAAAAAAAAAAAAAAAAAAEAAAACAAAAAAAAAACJmyhA7VY2xW3cXxSyOXX3nxuiOI0mlOTFbs3dyWDl7wFjRXO1cjfsAAAAAAAAAAIAAAAAAAAAAAAAAAAAAAAAAQAAAAAAAAAAAAAAAAAAAA==
e10599370a5465ce3682114df28fa57ee14d5c6bbbb0cd460d6835dd79aeddce	2	3	AAAAAImbKEDtVjbFbdxfFLI5dfefG6I4jSaU5MVuzd3JYOXvAAAACgAAAAAAAAADAAAAAAAAAAAAAAABAAAAAAAAAAAAAAAAnJNc7xx5cCv8px+PydE1whYLF2LGABOBTm8CWwjW5SwAAAACVAvkAAAAAAAAAAAByWDl7wAAAECRk5USwVNblFbWeWJ1Q6PQY3W+OHt/ewfKBXw0TZ/hj/xUtlPhlt1eaf4NisIMNnUmtaVE2ri119561Pqa4DoC	4QWZNwpUZc42ghFN8o+lfuFNXGu7sM1GDWg13Xmu3c4AAAAAAAAACgAAAAAAAAABAAAAAAAAAAAAAAAAAAAAAA==	AAAAAAAAAAEAAAABAAAAAgAAAAAAAAAAiZsoQO1WNsVt3F8Usjl1958bojiNJpTkxW7N3clg5e8BY0VztXI34gAAAAAAAAADAAAAAAAAAAAAAAAAAAAAAAEAAAAAAAAAAAAAAAAAAAAAAAABAAAAAgAAAAAAAAACAAAAAAAAAACck1zvHHlwK/ynH4/J0TXCFgsXYsYAE4FObwJbCNblLAAAAAJUC+QAAAAAAgAAAAAAAAAAAAAAAAAAAAAAAAAAAQAAAAAAAAAAAAAAAAAAAAAAAAEAAAACAAAAAAAAAACJmyhA7VY2xW3cXxSyOXX3nxuiOI0mlOTFbs3dyWDl7wFjRXFhZlPiAAAAAAAAAAMAAAAAAAAAAAAAAAAAAAAAAQAAAAAAAAAAAAAAAAAAAA==
0b53256aa7ffdde2b22075694b6ba62ff6d9421c1fd3211f5478456581080618	2	4	AAAAAImbKEDtVjbFbdxfFLI5dfefG6I4jSaU5MVuzd3JYOXvAAAACgAAAAAAAAAEAAAAAAAAAAAAAAABAAAAAAAAAAAAAAAAQbfqEZpbmw1A+B+SnY/29g2Gl4aJz9ZIo/wUhIjVs2QAAAACVAvkAAAAAAAAAAAByWDl7wAAAEC+PbuGeZ7t0aBz6C1T87ECvsk7HNiEXgD9LdkQAUKqinPW2CXmXsAR1+ToljPPeikS8NLrVFA0jta09HixNJcL	C1Mlaqf/3eKyIHVpS2umL/bZQhwf0yEfVHhFZYEIBhgAAAAAAAAACgAAAAAAAAABAAAAAAAAAAAAAAAAAAAAAA==	AAAAAAAAAAEAAAABAAAAAgAAAAAAAAAAiZsoQO1WNsVt3F8Usjl1958bojiNJpTkxW7N3clg5e8BY0VxYWZT2AAAAAAAAAAEAAAAAAAAAAAAAAAAAAAAAAEAAAAAAAAAAAAAAAAAAAAAAAABAAAAAgAAAAAAAAACAAAAAAAAAABBt+oRmlubDUD4H5Kdj/b2DYaXhonP1kij/BSEiNWzZAAAAAJUC+QAAAAAAgAAAAAAAAAAAAAAAAAAAAAAAAAAAQAAAAAAAAAAAAAAAAAAAAAAAAEAAAACAAAAAAAAAACJmyhA7VY2xW3cXxSyOXX3nxuiOI0mlOTFbs3dyWDl7wFjRW8NWm/YAAAAAAAAAAQAAAAAAAAAAAAAAAAAAAAAAQAAAAAAAAAAAAAAAAAAAA==
271729e29aabd083e330fb236f58e69a28fc6c101f70b4885a61e318be7c6a02	3	1	AAAAAEG36hGaW5sNQPgfkp2P9vYNhpeGic/WSKP8FISI1bNkAAAACgAAAAIAAAABAAAAAAAAAAAAAAABAAAAAAAAAAYAAAABVVNEAAAAAABqJh/R+PknK0sd2+wQsxnpXCCU2kTzFl/Yj/TfglaRf3//////////AAAAAAAAAAGI1bNkAAAAQHTv9A1ii1YAUR/iN4FyS6dSsVTmZVj3a2gE7IFRTwIonzC20SFTPK4UVk+IB+OmsUZQzjPvQIrmgSv2mra1FwY=	Jxcp4pqr0IPjMPsjb1jmmij8bBAfcLSIWmHjGL58agIAAAAAAAAACgAAAAAAAAABAAAAAAAAAAYAAAAAAAAAAA==	AAAAAAAAAAEAAAABAAAAAwAAAAAAAAAAQbfqEZpbmw1A+B+SnY/29g2Gl4aJz9ZIo/wUhIjVs2QAAAACVAvj9gAAAAIAAAABAAAAAAAAAAAAAAAAAAAAAAEAAAAAAAAAAAAAAAAAAAAAAAABAAAAAgAAAAAAAAADAAAAAQAAAABBt+oRmlubDUD4H5Kdj/b2DYaXhonP1kij/BSEiNWzZAAAAAFVU0QAAAAAAGomH9H4+ScrSx3b7BCzGelcIJTaRPMWX9iP9N+CVpF/AAAAAAAAAAB//////////wAAAAEAAAAAAAAAAAAAAAEAAAADAAAAAAAAAABBt+oRmlubDUD4H5Kdj/b2DYaXhonP1kij/BSEiNWzZAAAAAJUC+P2AAAAAgAAAAEAAAABAAAAAAAAAAAAAAAAAQAAAAAAAAAAAAAAAAAAAA==
ff8fcf7e27e61aa2f3fbecdfc886a3245ff6d3eef687a546b3f9b69c5661947f	3	2	AAAAAP5zSd6yrrokJ1I20KtR2vi9PCCgO8nHXC5e04EHWiL0AAAACgAAAAIAAAABAAAAAAAAAAAAAAABAAAAAAAAAAYAAAABVVNEAAAAAABqJh/R+PknK0sd2+wQsxnpXCCU2kTzFl/Yj/TfglaRf3//////////AAAAAAAAAAEHWiL0AAAAQPHk8kQ9CjPO8SqRYCzAJ65jG9HbslZ7+0iCMBWIZ2kKcdQdgnhp1UP9sreVR04izCTLu+lhmwBO4ZZ/uLfQIgA=	/4/PfifmGqLz++zfyIajJF/20+72h6VGs/m2nFZhlH8AAAAAAAAACgAAAAAAAAABAAAAAAAAAAYAAAAAAAAAAA==	AAAAAAAAAAEAAAABAAAAAwAAAAAAAAAA/nNJ3rKuuiQnUjbQq1Ha+L08IKA7ycdcLl7TgQdaIvQAAAACVAvj9gAAAAIAAAABAAAAAAAAAAAAAAAAAAAAAAEAAAAAAAAAAAAAAAAAAAAAAAABAAAAAgAAAAAAAAADAAAAAQAAAAD+c0nesq66JCdSNtCrUdr4vTwgoDvJx1wuXtOBB1oi9AAAAAFVU0QAAAAAAGomH9H4+ScrSx3b7BCzGelcIJTaRPMWX9iP9N+CVpF/AAAAAAAAAAB//////////wAAAAEAAAAAAAAAAAAAAAEAAAADAAAAAAAAAAD+c0nesq66JCdSNtCrUdr4vTwgoDvJx1wuXtOBB1oi9AAAAAJUC+P2AAAAAgAAAAEAAAABAAAAAAAAAAAAAAAAAQAAAAAAAAAAAAAAAAAAAA==
0d9505c9ac19dc9aae65816fb050a5da8d4767e9da36e89b461a438995408bc4	3	3	AAAAAJyTXO8ceXAr/Kcfj8nRNcIWCxdixgATgU5vAlsI1uUsAAAACgAAAAIAAAABAAAAAAAAAAAAAAABAAAAAAAAAAYAAAABRVVSAAAAAABqJh/R+PknK0sd2+wQsxnpXCCU2kTzFl/Yj/TfglaRf3//////////AAAAAAAAAAEI1uUsAAAAQGoksP5Be1hrd2laG/E5mgbDOf3+QUFv1ffF6/EB93w+qF9ssVS8wvBDqgFxtEKAtwuMo2Tk0jy+uGQUVE+d4A8=	DZUFyawZ3JquZYFvsFCl2o1HZ+naNuibRhpDiZVAi8QAAAAAAAAACgAAAAAAAAABAAAAAAAAAAYAAAAAAAAAAA==	AAAAAAAAAAEAAAABAAAAAwAAAAAAAAAAnJNc7xx5cCv8px+PydE1whYLF2LGABOBTm8CWwjW5SwAAAACVAvj9gAAAAIAAAABAAAAAAAAAAAAAAAAAAAAAAEAAAAAAAAAAAAAAAAAAAAAAAABAAAAAgAAAAAAAAADAAAAAQAAAACck1zvHHlwK/ynH4/J0TXCFgsXYsYAE4FObwJbCNblLAAAAAFFVVIAAAAAAGomH9H4+ScrSx3b7BCzGelcIJTaRPMWX9iP9N+CVpF/AAAAAAAAAAB//////////wAAAAEAAAAAAAAAAAAAAAEAAAADAAAAAAAAAACck1zvHHlwK/ynH4/J0TXCFgsXYsYAE4FObwJbCNblLAAAAAJUC+P2AAAAAgAAAAEAAAABAAAAAAAAAAAAAAAAAQAAAAAAAAAAAAAAAAAAAA==
41aa3eb899335993a03a642a7bc0b449f5a34833bb8b136dacea488c09fe47fd	3	4	AAAAAEG36hGaW5sNQPgfkp2P9vYNhpeGic/WSKP8FISI1bNkAAAACgAAAAIAAAACAAAAAAAAAAAAAAABAAAAAAAAAAYAAAABRVVSAAAAAABqJh/R+PknK0sd2+wQsxnpXCCU2kTzFl/Yj/TfglaRf3//////////AAAAAAAAAAGI1bNkAAAAQOQCB9c6YUlgnGbjvz5eKdBDhYnIrIRNwt1s3nuRBK9wQr6GURt51t8Xna3PGV6GN8Csh8eCAVacvD+u2Vt0Hws=	Qao+uJkzWZOgOmQqe8C0SfWjSDO7ixNtrOpIjAn+R/0AAAAAAAAACgAAAAAAAAABAAAAAAAAAAYAAAAAAAAAAA==	AAAAAAAAAAEAAAABAAAAAwAAAAAAAAAAQbfqEZpbmw1A+B+SnY/29g2Gl4aJz9ZIo/wUhIjVs2QAAAACVAvj7AAAAAIAAAACAAAAAQAAAAAAAAAAAAAAAAEAAAAAAAAAAAAAAAAAAAAAAAABAAAAAgAAAAAAAAADAAAAAQAAAABBt+oRmlubDUD4H5Kdj/b2DYaXhonP1kij/BSEiNWzZAAAAAFFVVIAAAAAAGomH9H4+ScrSx3b7BCzGelcIJTaRPMWX9iP9N+CVpF/AAAAAAAAAAB//////////wAAAAEAAAAAAAAAAAAAAAEAAAADAAAAAAAAAABBt+oRmlubDUD4H5Kdj/b2DYaXhonP1kij/BSEiNWzZAAAAAJUC+PsAAAAAgAAAAIAAAACAAAAAAAAAAAAAAAAAQAAAAAAAAAAAAAAAAAAAA==
539f44fe39f9906335ea2c47d4bc8599236e9b98c075f76670a909627ed704a1	3	5	AAAAAEG36hGaW5sNQPgfkp2P9vYNhpeGic/WSKP8FISI1bNkAAAACgAAAAIAAAADAAAAAAAAAAAAAAABAAAAAAAAAAYAAAABMQAAAAAAAABqJh/R+PknK0sd2+wQsxnpXCCU2kTzFl/Yj/TfglaRf3//////////AAAAAAAAAAGI1bNkAAAAQLW06TYfcRMhmypq0cG7sqT6tCAYvJ+oHMFeRoXv8kFnLvLIfh+Xx46uyFeASWvUxnUUCZRafd60DL4uGOTslgA=	U59E/jn5kGM16ixH1LyFmSNum5jAdfdmcKkJYn7XBKEAAAAAAAAACgAAAAAAAAABAAAAAAAAAAYAAAAAAAAAAA==	AAAAAAAAAAEAAAABAAAAAwAAAAAAAAAAQbfqEZpbmw1A+B+SnY/29g2Gl4aJz9ZIo/wUhIjVs2QAAAACVAvj4gAAAAIAAAADAAAAAgAAAAAAAAAAAAAAAAEAAAAAAAAAAAAAAAAAAAAAAAABAAAAAgAAAAAAAAADAAAAAQAAAABBt+oRmlubDUD4H5Kdj/b2DYaXhonP1kij/BSEiNWzZAAAAAExAAAAAAAAAGomH9H4+ScrSx3b7BCzGelcIJTaRPMWX9iP9N+CVpF/AAAAAAAAAAB//////////wAAAAEAAAAAAAAAAAAAAAEAAAADAAAAAAAAAABBt+oRmlubDUD4H5Kdj/b2DYaXhonP1kij/BSEiNWzZAAAAAJUC+PiAAAAAgAAAAMAAAADAAAAAAAAAAAAAAAAAQAAAAAAAAAAAAAAAAAAAA==
10dcc29f3407b3e08b0f2281da5b81206fd42fa39b52acfc85be038ff90cfb4b	3	6	AAAAAEG36hGaW5sNQPgfkp2P9vYNhpeGic/WSKP8FISI1bNkAAAACgAAAAIAAAAEAAAAAAAAAAAAAAABAAAAAAAAAAYAAAABMjEAAAAAAABqJh/R+PknK0sd2+wQsxnpXCCU2kTzFl/Yj/TfglaRf3//////////AAAAAAAAAAGI1bNkAAAAQDtuOs1QoKl59AR+dmUc/Ttxjc3FZUwlS5mEVVjhWyNzlX6zLwqNqPHzXfsFpveOz370yvuWe144VWGVd35Qzww=	ENzCnzQHs+CLDyKB2luBIG/UL6ObUqz8hb4Dj/kM+0sAAAAAAAAACgAAAAAAAAABAAAAAAAAAAYAAAAAAAAAAA==	AAAAAAAAAAEAAAABAAAAAwAAAAAAAAAAQbfqEZpbmw1A+B+SnY/29g2Gl4aJz9ZIo/wUhIjVs2QAAAACVAvj2AAAAAIAAAAEAAAAAwAAAAAAAAAAAAAAAAEAAAAAAAAAAAAAAAAAAAAAAAABAAAAAgAAAAAAAAADAAAAAQAAAABBt+oRmlubDUD4H5Kdj/b2DYaXhonP1kij/BSEiNWzZAAAAAEyMQAAAAAAAGomH9H4+ScrSx3b7BCzGelcIJTaRPMWX9iP9N+CVpF/AAAAAAAAAAB//////////wAAAAEAAAAAAAAAAAAAAAEAAAADAAAAAAAAAABBt+oRmlubDUD4H5Kdj/b2DYaXhonP1kij/BSEiNWzZAAAAAJUC+PYAAAAAgAAAAQAAAAEAAAAAAAAAAAAAAAAAQAAAAAAAAAAAAAAAAAAAA==
fcd0aebaae1c6e1e275d640af6d5dd644ca42e57b7c1e05d3a5fd6a925aae407	3	7	AAAAAEG36hGaW5sNQPgfkp2P9vYNhpeGic/WSKP8FISI1bNkAAAACgAAAAIAAAAFAAAAAAAAAAAAAAABAAAAAAAAAAYAAAABMjIAAAAAAABqJh/R+PknK0sd2+wQsxnpXCCU2kTzFl/Yj/TfglaRf3//////////AAAAAAAAAAGI1bNkAAAAQIvJoBqPp9h8IMfwX7V06R/hOXXblWmZIFpTaFoduL+jukqkev4S3fEBFRk1g9o8Z6n9R3aa747+mJikEzv1kAg=	/NCuuq4cbh4nXWQK9tXdZEykLle3weBdOl/WqSWq5AcAAAAAAAAACgAAAAAAAAABAAAAAAAAAAYAAAAAAAAAAA==	AAAAAAAAAAEAAAABAAAAAwAAAAAAAAAAQbfqEZpbmw1A+B+SnY/29g2Gl4aJz9ZIo/wUhIjVs2QAAAACVAvjzgAAAAIAAAAFAAAABAAAAAAAAAAAAAAAAAEAAAAAAAAAAAAAAAAAAAAAAAABAAAAAgAAAAAAAAADAAAAAQAAAABBt+oRmlubDUD4H5Kdj/b2DYaXhonP1kij/BSEiNWzZAAAAAEyMgAAAAAAAGomH9H4+ScrSx3b7BCzGelcIJTaRPMWX9iP9N+CVpF/AAAAAAAAAAB//////////wAAAAEAAAAAAAAAAAAAAAEAAAADAAAAAAAAAABBt+oRmlubDUD4H5Kdj/b2DYaXhonP1kij/BSEiNWzZAAAAAJUC+POAAAAAgAAAAUAAAAFAAAAAAAAAAAAAAAAAQAAAAAAAAAAAAAAAAAAAA==
d3c27b509222fbdee1386f2150c189f7f3d034693ada36538d9cd58c34af92c4	3	8	AAAAAEG36hGaW5sNQPgfkp2P9vYNhpeGic/WSKP8FISI1bNkAAAACgAAAAIAAAAGAAAAAAAAAAAAAAABAAAAAAAAAAYAAAABMzEAAAAAAABqJh/R+PknK0sd2+wQsxnpXCCU2kTzFl/Yj/TfglaRf3//////////AAAAAAAAAAGI1bNkAAAAQG17Q6ovtXur15KGCAv6j3lPZY7DX8/QcRCGj6SFYU/Rt/93YGJ978FZCprbor7oaABmikRQjtgCEgKS8YoDEwQ=	08J7UJIi+97hOG8hUMGJ9/PQNGk62jZTjZzVjDSvksQAAAAAAAAACgAAAAAAAAABAAAAAAAAAAYAAAAAAAAAAA==	AAAAAAAAAAEAAAABAAAAAwAAAAAAAAAAQbfqEZpbmw1A+B+SnY/29g2Gl4aJz9ZIo/wUhIjVs2QAAAACVAvjxAAAAAIAAAAGAAAABQAAAAAAAAAAAAAAAAEAAAAAAAAAAAAAAAAAAAAAAAABAAAAAgAAAAAAAAADAAAAAQAAAABBt+oRmlubDUD4H5Kdj/b2DYaXhonP1kij/BSEiNWzZAAAAAEzMQAAAAAAAGomH9H4+ScrSx3b7BCzGelcIJTaRPMWX9iP9N+CVpF/AAAAAAAAAAB//////////wAAAAEAAAAAAAAAAAAAAAEAAAADAAAAAAAAAABBt+oRmlubDUD4H5Kdj/b2DYaXhonP1kij/BSEiNWzZAAAAAJUC+PEAAAAAgAAAAYAAAAGAAAAAAAAAAAAAAAAAQAAAAAAAAAAAAAAAAAAAA==
0c776f6daa69d2dd4a4123274a0ac85970eae14e561386f8f139d262620b5a44	3	9	AAAAAEG36hGaW5sNQPgfkp2P9vYNhpeGic/WSKP8FISI1bNkAAAACgAAAAIAAAAHAAAAAAAAAAAAAAABAAAAAAAAAAYAAAABMzIAAAAAAABqJh/R+PknK0sd2+wQsxnpXCCU2kTzFl/Yj/TfglaRf3//////////AAAAAAAAAAGI1bNkAAAAQGe8p/UvKrduvw12om8BvyfjDZY+5kFz0TK2SGVtnRD6Q93BSQs/qpSA3NVIlvU/06OazDv7tCSpt0lw0pAftQE=	DHdvbapp0t1KQSMnSgrIWXDq4U5WE4b48TnSYmILWkQAAAAAAAAACgAAAAAAAAABAAAAAAAAAAYAAAAAAAAAAA==	AAAAAAAAAAEAAAABAAAAAwAAAAAAAAAAQbfqEZpbmw1A+B+SnY/29g2Gl4aJz9ZIo/wUhIjVs2QAAAACVAvjugAAAAIAAAAHAAAABgAAAAAAAAAAAAAAAAEAAAAAAAAAAAAAAAAAAAAAAAABAAAAAgAAAAAAAAADAAAAAQAAAABBt+oRmlubDUD4H5Kdj/b2DYaXhonP1kij/BSEiNWzZAAAAAEzMgAAAAAAAGomH9H4+ScrSx3b7BCzGelcIJTaRPMWX9iP9N+CVpF/AAAAAAAAAAB//////////wAAAAEAAAAAAAAAAAAAAAEAAAADAAAAAAAAAABBt+oRmlubDUD4H5Kdj/b2DYaXhonP1kij/BSEiNWzZAAAAAJUC+O6AAAAAgAAAAcAAAAHAAAAAAAAAAAAAAAAAQAAAAAAAAAAAAAAAAAAAA==
9dfc9c508e9accb555f0c9f4d22a315cc8d1003d9c484f73d3e1da97c718cbe4	3	10	AAAAAEG36hGaW5sNQPgfkp2P9vYNhpeGic/WSKP8FISI1bNkAAAACgAAAAIAAAAIAAAAAAAAAAAAAAABAAAAAAAAAAYAAAABMzMAAAAAAABqJh/R+PknK0sd2+wQsxnpXCCU2kTzFl/Yj/TfglaRf3//////////AAAAAAAAAAGI1bNkAAAAQB9JcPDzfd3OW0/6/YQzjkVcBRlzxQ8ubjXfpjC/SLB54whR4T86VprR+LYwrEoTGyspYfoZS2uxOMVP8Pg1Igk=	nfycUI6azLVV8Mn00ioxXMjRAD2cSE9z0+Hal8cYy+QAAAAAAAAACgAAAAAAAAABAAAAAAAAAAYAAAAAAAAAAA==	AAAAAAAAAAEAAAABAAAAAwAAAAAAAAAAQbfqEZpbmw1A+B+SnY/29g2Gl4aJz9ZIo/wUhIjVs2QAAAACVAvjsAAAAAIAAAAIAAAABwAAAAAAAAAAAAAAAAEAAAAAAAAAAAAAAAAAAAAAAAABAAAAAgAAAAAAAAADAAAAAQAAAABBt+oRmlubDUD4H5Kdj/b2DYaXhonP1kij/BSEiNWzZAAAAAEzMwAAAAAAAGomH9H4+ScrSx3b7BCzGelcIJTaRPMWX9iP9N+CVpF/AAAAAAAAAAB//////////wAAAAEAAAAAAAAAAAAAAAEAAAADAAAAAAAAAABBt+oRmlubDUD4H5Kdj/b2DYaXhonP1kij/BSEiNWzZAAAAAJUC+OwAAAAAgAAAAgAAAAIAAAAAAAAAAAAAAAAAQAAAAAAAAAAAAAAAAAAAA==
abf5f204b22827aea77a3988eea347bc6e17de41a68f0ab85cfa0c4c18fa0e83	4	1	AAAAAGomH9H4+ScrSx3b7BCzGelcIJTaRPMWX9iP9N+CVpF/AAAACgAAAAIAAAABAAAAAAAAAAAAAAABAAAAAAAAAAEAAAAA/nNJ3rKuuiQnUjbQq1Ha+L08IKA7ycdcLl7TgQdaIvQAAAABVVNEAAAAAABqJh/R+PknK0sd2+wQsxnpXCCU2kTzFl/Yj/TfglaRfwAAAAAAABOIAAAAAAAAAAGCVpF/AAAAQGUQy0c/XWsAE0TvRW0Xu1gFn0H3pfv5/iE8/S+S/O4XCdhYPQJTSJd7v+2KlXJg4y5kgyxXxB0BGeuI20O92gI=	q/XyBLIoJ66nejmI7qNHvG4X3kGmjwq4XPoMTBj6DoMAAAAAAAAACgAAAAAAAAABAAAAAAAAAAEAAAAAAAAAAA==	AAAAAAAAAAEAAAABAAAABAAAAAAAAAAAaiYf0fj5JytLHdvsELMZ6VwglNpE8xZf2I/034JWkX8AAAACVAvj9gAAAAIAAAABAAAAAAAAAAAAAAAAAAAAAAEAAAAAAAAAAAAAAAAAAAAAAAABAAAAAQAAAAEAAAAEAAAAAQAAAAD+c0nesq66JCdSNtCrUdr4vTwgoDvJx1wuXtOBB1oi9AAAAAFVU0QAAAAAAGomH9H4+ScrSx3b7BCzGelcIJTaRPMWX9iP9N+CVpF/AAAAAAAAE4h//////////wAAAAEAAAAAAAAAAA==
cd83c2c8d5778c895fb7bd47309c147b7eb3194d3a01ae17d222f5d530972c27	4	2	AAAAAGomH9H4+ScrSx3b7BCzGelcIJTaRPMWX9iP9N+CVpF/AAAACgAAAAIAAAACAAAAAAAAAAAAAAABAAAAAAAAAAEAAAAAQbfqEZpbmw1A+B+SnY/29g2Gl4aJz9ZIo/wUhIjVs2QAAAABRVVSAAAAAABqJh/R+PknK0sd2+wQsxnpXCCU2kTzFl/Yj/TfglaRfwAAAAAAABOIAAAAAAAAAAGCVpF/AAAAQB5EuoCqrz5wMYvA54/ivF62NvUJ2fCm3tJOsowdya4c2gPa23h1cQMQyfJB27UahjPbEHfO9WgExqGwi8xVHAc=	zYPCyNV3jIlft71HMJwUe36zGU06Aa4X0iL11TCXLCcAAAAAAAAACgAAAAAAAAABAAAAAAAAAAEAAAAAAAAAAA==	AAAAAAAAAAEAAAABAAAABAAAAAAAAAAAaiYf0fj5JytLHdvsELMZ6VwglNpE8xZf2I/034JWkX8AAAACVAvj7AAAAAIAAAACAAAAAAAAAAAAAAAAAAAAAAEAAAAAAAAAAAAAAAAAAAAAAAABAAAAAQAAAAEAAAAEAAAAAQAAAABBt+oRmlubDUD4H5Kdj/b2DYaXhonP1kij/BSEiNWzZAAAAAFFVVIAAAAAAGomH9H4+ScrSx3b7BCzGelcIJTaRPMWX9iP9N+CVpF/AAAAAAAAE4h//////////wAAAAEAAAAAAAAAAA==
b9e8fa74acbea070f7cacadfac4d57e6bfe6214f9cfe17245a89077fdd260dbf	4	3	AAAAAGomH9H4+ScrSx3b7BCzGelcIJTaRPMWX9iP9N+CVpF/AAAACgAAAAIAAAADAAAAAAAAAAAAAAABAAAAAAAAAAEAAAAAQbfqEZpbmw1A+B+SnY/29g2Gl4aJz9ZIo/wUhIjVs2QAAAABMQAAAAAAAABqJh/R+PknK0sd2+wQsxnpXCCU2kTzFl/Yj/TfglaRfwAAAAAAABOIAAAAAAAAAAGCVpF/AAAAQKdWODgFiqpSooP50+SfVcPo7EljK6TAZDBzU9rMkE1F5CeYWHeL2cRK4pweVQHJxKMrRo8kMN6u0KxNMrutTAY=	uej6dKy+oHD3ysrfrE1X5r/mIU+c/hckWokHf90mDb8AAAAAAAAACgAAAAAAAAABAAAAAAAAAAEAAAAAAAAAAA==	AAAAAAAAAAEAAAABAAAABAAAAAAAAAAAaiYf0fj5JytLHdvsELMZ6VwglNpE8xZf2I/034JWkX8AAAACVAvj4gAAAAIAAAADAAAAAAAAAAAAAAAAAAAAAAEAAAAAAAAAAAAAAAAAAAAAAAABAAAAAQAAAAEAAAAEAAAAAQAAAABBt+oRmlubDUD4H5Kdj/b2DYaXhonP1kij/BSEiNWzZAAAAAExAAAAAAAAAGomH9H4+ScrSx3b7BCzGelcIJTaRPMWX9iP9N+CVpF/AAAAAAAAE4h//////////wAAAAEAAAAAAAAAAA==
df073ff49bfabdc3d98ce0439ddd7ba4d04ffd4f2e3f1bc160a04e7c1ea24967	4	4	AAAAAGomH9H4+ScrSx3b7BCzGelcIJTaRPMWX9iP9N+CVpF/AAAACgAAAAIAAAAEAAAAAAAAAAAAAAABAAAAAAAAAAEAAAAAQbfqEZpbmw1A+B+SnY/29g2Gl4aJz9ZIo/wUhIjVs2QAAAABMjEAAAAAAABqJh/R+PknK0sd2+wQsxnpXCCU2kTzFl/Yj/TfglaRfwAAAAAAABOIAAAAAAAAAAGCVpF/AAAAQE/tGdELGQ40EQALdXQ7hdnO1Su85vGlb6QnbmfkPFgpPqhZ4CC9x7SlbryLlcz+OMJINZysa7xxyhyuMrU9RgQ=	3wc/9Jv6vcPZjOBDnd17pNBP/U8uPxvBYKBOfB6iSWcAAAAAAAAACgAAAAAAAAABAAAAAAAAAAEAAAAAAAAAAA==	AAAAAAAAAAEAAAABAAAABAAAAAAAAAAAaiYf0fj5JytLHdvsELMZ6VwglNpE8xZf2I/034JWkX8AAAACVAvj2AAAAAIAAAAEAAAAAAAAAAAAAAAAAAAAAAEAAAAAAAAAAAAAAAAAAAAAAAABAAAAAQAAAAEAAAAEAAAAAQAAAABBt+oRmlubDUD4H5Kdj/b2DYaXhonP1kij/BSEiNWzZAAAAAEyMQAAAAAAAGomH9H4+ScrSx3b7BCzGelcIJTaRPMWX9iP9N+CVpF/AAAAAAAAE4h//////////wAAAAEAAAAAAAAAAA==
b5e4de67a12366d10ac3df400708bd582b86148764852a6d828a6644fdfa4eba	4	5	AAAAAGomH9H4+ScrSx3b7BCzGelcIJTaRPMWX9iP9N+CVpF/AAAACgAAAAIAAAAFAAAAAAAAAAAAAAABAAAAAAAAAAEAAAAAQbfqEZpbmw1A+B+SnY/29g2Gl4aJz9ZIo/wUhIjVs2QAAAABMjIAAAAAAABqJh/R+PknK0sd2+wQsxnpXCCU2kTzFl/Yj/TfglaRfwAAAAAAABOIAAAAAAAAAAGCVpF/AAAAQOFG+llRjZ8wYBqo6I6q06lZPzfMH0RGxZ7vjHRiTkZL1AkwEzAbeV9UsFOlK6yn7W2b2k6X8lodTYA242R+kw0=	teTeZ6EjZtEKw99ABwi9WCuGFIdkhSptgopmRP36TroAAAAAAAAACgAAAAAAAAABAAAAAAAAAAEAAAAAAAAAAA==	AAAAAAAAAAEAAAABAAAABAAAAAAAAAAAaiYf0fj5JytLHdvsELMZ6VwglNpE8xZf2I/034JWkX8AAAACVAvjzgAAAAIAAAAFAAAAAAAAAAAAAAAAAAAAAAEAAAAAAAAAAAAAAAAAAAAAAAABAAAAAQAAAAEAAAAEAAAAAQAAAABBt+oRmlubDUD4H5Kdj/b2DYaXhonP1kij/BSEiNWzZAAAAAEyMgAAAAAAAGomH9H4+ScrSx3b7BCzGelcIJTaRPMWX9iP9N+CVpF/AAAAAAAAE4h//////////wAAAAEAAAAAAAAAAA==
e2fc7cb45a8d2f78686d46398e316b946ac0d3bc23dc57c1cf888d4b1eadda2c	4	6	AAAAAGomH9H4+ScrSx3b7BCzGelcIJTaRPMWX9iP9N+CVpF/AAAACgAAAAIAAAAGAAAAAAAAAAAAAAABAAAAAAAAAAEAAAAAQbfqEZpbmw1A+B+SnY/29g2Gl4aJz9ZIo/wUhIjVs2QAAAABMzEAAAAAAABqJh/R+PknK0sd2+wQsxnpXCCU2kTzFl/Yj/TfglaRfwAAAAAAABOIAAAAAAAAAAGCVpF/AAAAQFvCtrBM6Fib5OstsIilaYhllGJLXZ525Ki47ath0txhGQpWX2jJSAEx2KejweWw/aIuWJaxci6u7J5b3zk7cwk=	4vx8tFqNL3hobUY5jjFrlGrA07wj3FfBz4iNSx6t2iwAAAAAAAAACgAAAAAAAAABAAAAAAAAAAEAAAAAAAAAAA==	AAAAAAAAAAEAAAABAAAABAAAAAAAAAAAaiYf0fj5JytLHdvsELMZ6VwglNpE8xZf2I/034JWkX8AAAACVAvjxAAAAAIAAAAGAAAAAAAAAAAAAAAAAAAAAAEAAAAAAAAAAAAAAAAAAAAAAAABAAAAAQAAAAEAAAAEAAAAAQAAAABBt+oRmlubDUD4H5Kdj/b2DYaXhonP1kij/BSEiNWzZAAAAAEzMQAAAAAAAGomH9H4+ScrSx3b7BCzGelcIJTaRPMWX9iP9N+CVpF/AAAAAAAAE4h//////////wAAAAEAAAAAAAAAAA==
a2ddd705125af5e281e855cca3f87612c6182de46b37efa3e8cbae25ed0ef87b	4	7	AAAAAGomH9H4+ScrSx3b7BCzGelcIJTaRPMWX9iP9N+CVpF/AAAACgAAAAIAAAAHAAAAAAAAAAAAAAABAAAAAAAAAAEAAAAAQbfqEZpbmw1A+B+SnY/29g2Gl4aJz9ZIo/wUhIjVs2QAAAABMzIAAAAAAABqJh/R+PknK0sd2+wQsxnpXCCU2kTzFl/Yj/TfglaRfwAAAAAAABOIAAAAAAAAAAGCVpF/AAAAQN4q+xX1qFIUUjpmzRdKqMSTT15IESLQrBGNZPo/D/YwgTdQFgeGVIqahxP0i+sw6T0TyJBFV4j2VN0BnXu4ZAU=	ot3XBRJa9eKB6FXMo/h2EsYYLeRrN++j6MuuJe0O+HsAAAAAAAAACgAAAAAAAAABAAAAAAAAAAEAAAAAAAAAAA==	AAAAAAAAAAEAAAABAAAABAAAAAAAAAAAaiYf0fj5JytLHdvsELMZ6VwglNpE8xZf2I/034JWkX8AAAACVAvjugAAAAIAAAAHAAAAAAAAAAAAAAAAAAAAAAEAAAAAAAAAAAAAAAAAAAAAAAABAAAAAQAAAAEAAAAEAAAAAQAAAABBt+oRmlubDUD4H5Kdj/b2DYaXhonP1kij/BSEiNWzZAAAAAEzMgAAAAAAAGomH9H4+ScrSx3b7BCzGelcIJTaRPMWX9iP9N+CVpF/AAAAAAAAE4h//////////wAAAAEAAAAAAAAAAA==
d83117a5cc1f69ec6a478397202c83b259f5833c40ce8726ca975727bbaeee7e	4	8	AAAAAGomH9H4+ScrSx3b7BCzGelcIJTaRPMWX9iP9N+CVpF/AAAACgAAAAIAAAAIAAAAAAAAAAAAAAABAAAAAAAAAAEAAAAAQbfqEZpbmw1A+B+SnY/29g2Gl4aJz9ZIo/wUhIjVs2QAAAABMzMAAAAAAABqJh/R+PknK0sd2+wQsxnpXCCU2kTzFl/Yj/TfglaRfwAAAAAAABOIAAAAAAAAAAGCVpF/AAAAQCAc5YPqs66Ya2DsL66hlx3xGXtgp99Ml96LkDo7SDC4TtzfZzbUlXvWX/Hd4zJLud1j01MRsII1qylZ/9al7Ak=	2DEXpcwfaexqR4OXICyDsln1gzxAzocmypdXJ7uu7n4AAAAAAAAACgAAAAAAAAABAAAAAAAAAAEAAAAAAAAAAA==	AAAAAAAAAAEAAAABAAAABAAAAAAAAAAAaiYf0fj5JytLHdvsELMZ6VwglNpE8xZf2I/034JWkX8AAAACVAvjsAAAAAIAAAAIAAAAAAAAAAAAAAAAAAAAAAEAAAAAAAAAAAAAAAAAAAAAAAABAAAAAQAAAAEAAAAEAAAAAQAAAABBt+oRmlubDUD4H5Kdj/b2DYaXhonP1kij/BSEiNWzZAAAAAEzMwAAAAAAAGomH9H4+ScrSx3b7BCzGelcIJTaRPMWX9iP9N+CVpF/AAAAAAAAE4h//////////wAAAAEAAAAAAAAAAA==
744141653d75bb214ad590fa774ed7ace44be653771da2b8cf585114d06ebf36	5	1	AAAAAEG36hGaW5sNQPgfkp2P9vYNhpeGic/WSKP8FISI1bNkAAAACgAAAAIAAAAJAAAAAAAAAAAAAAABAAAAAAAAAAMAAAABRVVSAAAAAABqJh/R+PknK0sd2+wQsxnpXCCU2kTzFl/Yj/TfglaRfwAAAAFVU0QAAAAAAGomH9H4+ScrSx3b7BCzGelcIJTaRPMWX9iP9N+CVpF/AAAAAAAAAAoAAAABAAAAAQAAAAAAAAAAAAAAAAAAAAGI1bNkAAAAQPjUCYmFpbXp3qsZYmSXTCquFqLirlTIaz2mEyTvNenQ2SCita0j7+g6bXaIvwWF5D9cH50YFnll8rraq3fHfQQ=	dEFBZT11uyFK1ZD6d07XrORL5lN3HaK4z1hRFNBuvzYAAAAAAAAACgAAAAAAAAABAAAAAAAAAAMAAAAAAAAAAAAAAAAAAAAAQbfqEZpbmw1A+B+SnY/29g2Gl4aJz9ZIo/wUhIjVs2QAAAAAAAAAAQAAAAFFVVIAAAAAAGomH9H4+ScrSx3b7BCzGelcIJTaRPMWX9iP9N+CVpF/AAAAAVVTRAAAAAAAaiYf0fj5JytLHdvsELMZ6VwglNpE8xZf2I/034JWkX8AAAAAAAAACgAAAAEAAAABAAAAAAAAAAAAAAAA	AAAAAAAAAAEAAAABAAAABQAAAAAAAAAAQbfqEZpbmw1A+B+SnY/29g2Gl4aJz9ZIo/wUhIjVs2QAAAACVAvjpgAAAAIAAAAJAAAACAAAAAAAAAAAAAAAAAEAAAAAAAAAAAAAAAAAAAAAAAABAAAAAgAAAAAAAAAFAAAAAgAAAABBt+oRmlubDUD4H5Kdj/b2DYaXhonP1kij/BSEiNWzZAAAAAAAAAABAAAAAUVVUgAAAAAAaiYf0fj5JytLHdvsELMZ6VwglNpE8xZf2I/034JWkX8AAAABVVNEAAAAAABqJh/R+PknK0sd2+wQsxnpXCCU2kTzFl/Yj/TfglaRfwAAAAAAAAAKAAAAAQAAAAEAAAAAAAAAAAAAAAAAAAABAAAABQAAAAAAAAAAQbfqEZpbmw1A+B+SnY/29g2Gl4aJz9ZIo/wUhIjVs2QAAAACVAvjpgAAAAIAAAAJAAAACQAAAAAAAAAAAAAAAAEAAAAAAAAAAAAAAAAAAAA=
324bd1343959606f8541eeabd2209bc0991e2e4172db5e2675ae94d919976651	5	2	AAAAAEG36hGaW5sNQPgfkp2P9vYNhpeGic/WSKP8FISI1bNkAAAACgAAAAIAAAAKAAAAAAAAAAAAAAABAAAAAAAAAAMAAAABMQAAAAAAAABqJh/R+PknK0sd2+wQsxnpXCCU2kTzFl/Yj/TfglaRfwAAAAFVU0QAAAAAAGomH9H4+ScrSx3b7BCzGelcIJTaRPMWX9iP9N+CVpF/AAAAAAAAABQAAAABAAAAAQAAAAAAAAAAAAAAAAAAAAGI1bNkAAAAQD+WvG74t4XsXfx+xWybW0b/EUbaBjUq6f3X/gSWvqMbdSWj4+oP5T1o1L0vgg6KOdGQ5KB+ZzUgvBeBC4WxXQ0=	MkvRNDlZYG+FQe6r0iCbwJkeLkFy214mda6U2RmXZlEAAAAAAAAACgAAAAAAAAABAAAAAAAAAAMAAAAAAAAAAAAAAAAAAAAAQbfqEZpbmw1A+B+SnY/29g2Gl4aJz9ZIo/wUhIjVs2QAAAAAAAAAAgAAAAExAAAAAAAAAGomH9H4+ScrSx3b7BCzGelcIJTaRPMWX9iP9N+CVpF/AAAAAVVTRAAAAAAAaiYf0fj5JytLHdvsELMZ6VwglNpE8xZf2I/034JWkX8AAAAAAAAAFAAAAAEAAAABAAAAAAAAAAAAAAAA	AAAAAAAAAAEAAAABAAAABQAAAAAAAAAAQbfqEZpbmw1A+B+SnY/29g2Gl4aJz9ZIo/wUhIjVs2QAAAACVAvjnAAAAAIAAAAKAAAACQAAAAAAAAAAAAAAAAEAAAAAAAAAAAAAAAAAAAAAAAABAAAAAgAAAAAAAAAFAAAAAgAAAABBt+oRmlubDUD4H5Kdj/b2DYaXhonP1kij/BSEiNWzZAAAAAAAAAACAAAAATEAAAAAAAAAaiYf0fj5JytLHdvsELMZ6VwglNpE8xZf2I/034JWkX8AAAABVVNEAAAAAABqJh/R+PknK0sd2+wQsxnpXCCU2kTzFl/Yj/TfglaRfwAAAAAAAAAUAAAAAQAAAAEAAAAAAAAAAAAAAAAAAAABAAAABQAAAAAAAAAAQbfqEZpbmw1A+B+SnY/29g2Gl4aJz9ZIo/wUhIjVs2QAAAACVAvjnAAAAAIAAAAKAAAACgAAAAAAAAAAAAAAAAEAAAAAAAAAAAAAAAAAAAA=
71fe2dcc08fc3a00dc4450b117324530bddd4657af961361d2e50b4c3267e6b9	5	3	AAAAAEG36hGaW5sNQPgfkp2P9vYNhpeGic/WSKP8FISI1bNkAAAACgAAAAIAAAALAAAAAAAAAAAAAAABAAAAAAAAAAMAAAABRVVSAAAAAABqJh/R+PknK0sd2+wQsxnpXCCU2kTzFl/Yj/TfglaRfwAAAAExAAAAAAAAAGomH9H4+ScrSx3b7BCzGelcIJTaRPMWX9iP9N+CVpF/AAAAAAAAABQAAAABAAAAAQAAAAAAAAAAAAAAAAAAAAGI1bNkAAAAQHTSWjVcdd8SkbPADKh3SHCcojbuLY0amort/BSXkXekIz7TUjmc34Jj1BzJcsv+EelBfoavBqAInyWYk5umcQ8=	cf4tzAj8OgDcRFCxFzJFML3dRlevlhNh0uULTDJn5rkAAAAAAAAACgAAAAAAAAABAAAAAAAAAAMAAAAAAAAAAAAAAAAAAAAAQbfqEZpbmw1A+B+SnY/29g2Gl4aJz9ZIo/wUhIjVs2QAAAAAAAAAAwAAAAFFVVIAAAAAAGomH9H4+ScrSx3b7BCzGelcIJTaRPMWX9iP9N+CVpF/AAAAATEAAAAAAAAAaiYf0fj5JytLHdvsELMZ6VwglNpE8xZf2I/034JWkX8AAAAAAAAAFAAAAAEAAAABAAAAAAAAAAAAAAAA	AAAAAAAAAAEAAAABAAAABQAAAAAAAAAAQbfqEZpbmw1A+B+SnY/29g2Gl4aJz9ZIo/wUhIjVs2QAAAACVAvjkgAAAAIAAAALAAAACgAAAAAAAAAAAAAAAAEAAAAAAAAAAAAAAAAAAAAAAAABAAAAAgAAAAAAAAAFAAAAAgAAAABBt+oRmlubDUD4H5Kdj/b2DYaXhonP1kij/BSEiNWzZAAAAAAAAAADAAAAAUVVUgAAAAAAaiYf0fj5JytLHdvsELMZ6VwglNpE8xZf2I/034JWkX8AAAABMQAAAAAAAABqJh/R+PknK0sd2+wQsxnpXCCU2kTzFl/Yj/TfglaRfwAAAAAAAAAUAAAAAQAAAAEAAAAAAAAAAAAAAAAAAAABAAAABQAAAAAAAAAAQbfqEZpbmw1A+B+SnY/29g2Gl4aJz9ZIo/wUhIjVs2QAAAACVAvjkgAAAAIAAAALAAAACwAAAAAAAAAAAAAAAAEAAAAAAAAAAAAAAAAAAAA=
28806e726bedd18ac22cf24dd8ed4321f394ff53e02a7314d9a77562d6086798	5	4	AAAAAEG36hGaW5sNQPgfkp2P9vYNhpeGic/WSKP8FISI1bNkAAAACgAAAAIAAAAMAAAAAAAAAAAAAAABAAAAAAAAAAMAAAABMjEAAAAAAABqJh/R+PknK0sd2+wQsxnpXCCU2kTzFl/Yj/TfglaRfwAAAAFVU0QAAAAAAGomH9H4+ScrSx3b7BCzGelcIJTaRPMWX9iP9N+CVpF/AAAAAAAAAB4AAAABAAAAAQAAAAAAAAAAAAAAAAAAAAGI1bNkAAAAQD4LnI3VLzurT/miVtXbypXxlJ+lkGkPJohx7UGzuSzITb2MITS5wfMHtlWyCYvI8FeGSJzEIC4f9bkzKRKCXQQ=	KIBucmvt0YrCLPJN2O1DIfOU/1PgKnMU2ad1YtYIZ5gAAAAAAAAACgAAAAAAAAABAAAAAAAAAAMAAAAAAAAAAAAAAAAAAAAAQbfqEZpbmw1A+B+SnY/29g2Gl4aJz9ZIo/wUhIjVs2QAAAAAAAAABAAAAAEyMQAAAAAAAGomH9H4+ScrSx3b7BCzGelcIJTaRPMWX9iP9N+CVpF/AAAAAVVTRAAAAAAAaiYf0fj5JytLHdvsELMZ6VwglNpE8xZf2I/034JWkX8AAAAAAAAAHgAAAAEAAAABAAAAAAAAAAAAAAAA	AAAAAAAAAAEAAAABAAAABQAAAAAAAAAAQbfqEZpbmw1A+B+SnY/29g2Gl4aJz9ZIo/wUhIjVs2QAAAACVAvjiAAAAAIAAAAMAAAACwAAAAAAAAAAAAAAAAEAAAAAAAAAAAAAAAAAAAAAAAABAAAAAgAAAAAAAAAFAAAAAgAAAABBt+oRmlubDUD4H5Kdj/b2DYaXhonP1kij/BSEiNWzZAAAAAAAAAAEAAAAATIxAAAAAAAAaiYf0fj5JytLHdvsELMZ6VwglNpE8xZf2I/034JWkX8AAAABVVNEAAAAAABqJh/R+PknK0sd2+wQsxnpXCCU2kTzFl/Yj/TfglaRfwAAAAAAAAAeAAAAAQAAAAEAAAAAAAAAAAAAAAAAAAABAAAABQAAAAAAAAAAQbfqEZpbmw1A+B+SnY/29g2Gl4aJz9ZIo/wUhIjVs2QAAAACVAvjiAAAAAIAAAAMAAAADAAAAAAAAAAAAAAAAAEAAAAAAAAAAAAAAAAAAAA=
f7098f13cec513c4459e7b61c9e9494a94d2ff9309aac32a7231062ac308e5fc	5	5	AAAAAEG36hGaW5sNQPgfkp2P9vYNhpeGic/WSKP8FISI1bNkAAAACgAAAAIAAAANAAAAAAAAAAAAAAABAAAAAAAAAAMAAAABMjIAAAAAAABqJh/R+PknK0sd2+wQsxnpXCCU2kTzFl/Yj/TfglaRfwAAAAEyMQAAAAAAAGomH9H4+ScrSx3b7BCzGelcIJTaRPMWX9iP9N+CVpF/AAAAAAAAAB4AAAABAAAAAQAAAAAAAAAAAAAAAAAAAAGI1bNkAAAAQE7UCutLNeaBy1zZdfBqgmPe4y49zHedmhLh7M5roqiBJb4cqrMlSPKm/X+i9agY9b6ayX6+kr/4rsYGIYZqkgE=	9wmPE87FE8RFnnthyelJSpTS/5MJqsMqcjEGKsMI5fwAAAAAAAAACgAAAAAAAAABAAAAAAAAAAMAAAAAAAAAAAAAAAAAAAAAQbfqEZpbmw1A+B+SnY/29g2Gl4aJz9ZIo/wUhIjVs2QAAAAAAAAABQAAAAEyMgAAAAAAAGomH9H4+ScrSx3b7BCzGelcIJTaRPMWX9iP9N+CVpF/AAAAATIxAAAAAAAAaiYf0fj5JytLHdvsELMZ6VwglNpE8xZf2I/034JWkX8AAAAAAAAAHgAAAAEAAAABAAAAAAAAAAAAAAAA	AAAAAAAAAAEAAAABAAAABQAAAAAAAAAAQbfqEZpbmw1A+B+SnY/29g2Gl4aJz9ZIo/wUhIjVs2QAAAACVAvjfgAAAAIAAAANAAAADAAAAAAAAAAAAAAAAAEAAAAAAAAAAAAAAAAAAAAAAAABAAAAAgAAAAAAAAAFAAAAAgAAAABBt+oRmlubDUD4H5Kdj/b2DYaXhonP1kij/BSEiNWzZAAAAAAAAAAFAAAAATIyAAAAAAAAaiYf0fj5JytLHdvsELMZ6VwglNpE8xZf2I/034JWkX8AAAABMjEAAAAAAABqJh/R+PknK0sd2+wQsxnpXCCU2kTzFl/Yj/TfglaRfwAAAAAAAAAeAAAAAQAAAAEAAAAAAAAAAAAAAAAAAAABAAAABQAAAAAAAAAAQbfqEZpbmw1A+B+SnY/29g2Gl4aJz9ZIo/wUhIjVs2QAAAACVAvjfgAAAAIAAAANAAAADQAAAAAAAAAAAAAAAAEAAAAAAAAAAAAAAAAAAAA=
7c7123f0d7d5667ced03ce4af6a71645a7bac674f0afec5cf6838a0b05526ff7	5	6	AAAAAEG36hGaW5sNQPgfkp2P9vYNhpeGic/WSKP8FISI1bNkAAAACgAAAAIAAAAOAAAAAAAAAAAAAAABAAAAAAAAAAMAAAABRVVSAAAAAABqJh/R+PknK0sd2+wQsxnpXCCU2kTzFl/Yj/TfglaRfwAAAAEyMgAAAAAAAGomH9H4+ScrSx3b7BCzGelcIJTaRPMWX9iP9N+CVpF/AAAAAAAAAB4AAAABAAAAAQAAAAAAAAAAAAAAAAAAAAGI1bNkAAAAQF4uCpKUvupmNaDXLR+xF43piMQ1cCcur4h7BCk4jekil15VrB+k8YfeyUwGO0WDAGFIFxgn7I19RGsWJ3R76QU=	fHEj8NfVZnztA85K9qcWRae6xnTwr+xc9oOKCwVSb/cAAAAAAAAACgAAAAAAAAABAAAAAAAAAAMAAAAAAAAAAAAAAAAAAAAAQbfqEZpbmw1A+B+SnY/29g2Gl4aJz9ZIo/wUhIjVs2QAAAAAAAAABgAAAAFFVVIAAAAAAGomH9H4+ScrSx3b7BCzGelcIJTaRPMWX9iP9N+CVpF/AAAAATIyAAAAAAAAaiYf0fj5JytLHdvsELMZ6VwglNpE8xZf2I/034JWkX8AAAAAAAAAHgAAAAEAAAABAAAAAAAAAAAAAAAA	AAAAAAAAAAEAAAABAAAABQAAAAAAAAAAQbfqEZpbmw1A+B+SnY/29g2Gl4aJz9ZIo/wUhIjVs2QAAAACVAvjdAAAAAIAAAAOAAAADQAAAAAAAAAAAAAAAAEAAAAAAAAAAAAAAAAAAAAAAAABAAAAAgAAAAAAAAAFAAAAAgAAAABBt+oRmlubDUD4H5Kdj/b2DYaXhonP1kij/BSEiNWzZAAAAAAAAAAGAAAAAUVVUgAAAAAAaiYf0fj5JytLHdvsELMZ6VwglNpE8xZf2I/034JWkX8AAAABMjIAAAAAAABqJh/R+PknK0sd2+wQsxnpXCCU2kTzFl/Yj/TfglaRfwAAAAAAAAAeAAAAAQAAAAEAAAAAAAAAAAAAAAAAAAABAAAABQAAAAAAAAAAQbfqEZpbmw1A+B+SnY/29g2Gl4aJz9ZIo/wUhIjVs2QAAAACVAvjdAAAAAIAAAAOAAAADgAAAAAAAAAAAAAAAAEAAAAAAAAAAAAAAAAAAAA=
7717a1266f74cc2363b889ff6f5c9569e1f00a3ffb462290617e08522558781c	5	7	AAAAAEG36hGaW5sNQPgfkp2P9vYNhpeGic/WSKP8FISI1bNkAAAACgAAAAIAAAAPAAAAAAAAAAAAAAABAAAAAAAAAAMAAAABMzEAAAAAAABqJh/R+PknK0sd2+wQsxnpXCCU2kTzFl/Yj/TfglaRfwAAAAFVU0QAAAAAAGomH9H4+ScrSx3b7BCzGelcIJTaRPMWX9iP9N+CVpF/AAAAAAAAACgAAAABAAAAAQAAAAAAAAAAAAAAAAAAAAGI1bNkAAAAQOjrCmuy2/KheJxcEytbzcotoPm0U1DyL1c4/VXHCLbYc0hh+WFYi8Pp8PSa515Hfn2KTC12Yii9pDF7a1M/QgU=	dxehJm90zCNjuIn/b1yVaeHwCj/7RiKQYX4IUiVYeBwAAAAAAAAACgAAAAAAAAABAAAAAAAAAAMAAAAAAAAAAAAAAAAAAAAAQbfqEZpbmw1A+B+SnY/29g2Gl4aJz9ZIo/wUhIjVs2QAAAAAAAAABwAAAAEzMQAAAAAAAGomH9H4+ScrSx3b7BCzGelcIJTaRPMWX9iP9N+CVpF/AAAAAVVTRAAAAAAAaiYf0fj5JytLHdvsELMZ6VwglNpE8xZf2I/034JWkX8AAAAAAAAAKAAAAAEAAAABAAAAAAAAAAAAAAAA	AAAAAAAAAAEAAAABAAAABQAAAAAAAAAAQbfqEZpbmw1A+B+SnY/29g2Gl4aJz9ZIo/wUhIjVs2QAAAACVAvjagAAAAIAAAAPAAAADgAAAAAAAAAAAAAAAAEAAAAAAAAAAAAAAAAAAAAAAAABAAAAAgAAAAAAAAAFAAAAAgAAAABBt+oRmlubDUD4H5Kdj/b2DYaXhonP1kij/BSEiNWzZAAAAAAAAAAHAAAAATMxAAAAAAAAaiYf0fj5JytLHdvsELMZ6VwglNpE8xZf2I/034JWkX8AAAABVVNEAAAAAABqJh/R+PknK0sd2+wQsxnpXCCU2kTzFl/Yj/TfglaRfwAAAAAAAAAoAAAAAQAAAAEAAAAAAAAAAAAAAAAAAAABAAAABQAAAAAAAAAAQbfqEZpbmw1A+B+SnY/29g2Gl4aJz9ZIo/wUhIjVs2QAAAACVAvjagAAAAIAAAAPAAAADwAAAAAAAAAAAAAAAAEAAAAAAAAAAAAAAAAAAAA=
7fc963ba1ca6969b7265f6a85d98ec87668ad612208543694921994ed6e7a05e	5	8	AAAAAEG36hGaW5sNQPgfkp2P9vYNhpeGic/WSKP8FISI1bNkAAAACgAAAAIAAAAQAAAAAAAAAAAAAAABAAAAAAAAAAMAAAABMzIAAAAAAABqJh/R+PknK0sd2+wQsxnpXCCU2kTzFl/Yj/TfglaRfwAAAAEzMQAAAAAAAGomH9H4+ScrSx3b7BCzGelcIJTaRPMWX9iP9N+CVpF/AAAAAAAAACgAAAABAAAAAQAAAAAAAAAAAAAAAAAAAAGI1bNkAAAAQPftOww426DIIcnB9Ur/ZTIjjXr7vfKESOcVT5tmNv/Jsjlzwq3XSb1/sdY+Gk4/oC04uA36ZNkZWYHauH5Y5QA=	f8ljuhymlptyZfaoXZjsh2aK1hIghUNpSSGZTtbnoF4AAAAAAAAACgAAAAAAAAABAAAAAAAAAAMAAAAAAAAAAAAAAAAAAAAAQbfqEZpbmw1A+B+SnY/29g2Gl4aJz9ZIo/wUhIjVs2QAAAAAAAAACAAAAAEzMgAAAAAAAGomH9H4+ScrSx3b7BCzGelcIJTaRPMWX9iP9N+CVpF/AAAAATMxAAAAAAAAaiYf0fj5JytLHdvsELMZ6VwglNpE8xZf2I/034JWkX8AAAAAAAAAKAAAAAEAAAABAAAAAAAAAAAAAAAA	AAAAAAAAAAEAAAABAAAABQAAAAAAAAAAQbfqEZpbmw1A+B+SnY/29g2Gl4aJz9ZIo/wUhIjVs2QAAAACVAvjYAAAAAIAAAAQAAAADwAAAAAAAAAAAAAAAAEAAAAAAAAAAAAAAAAAAAAAAAABAAAAAgAAAAAAAAAFAAAAAgAAAABBt+oRmlubDUD4H5Kdj/b2DYaXhonP1kij/BSEiNWzZAAAAAAAAAAIAAAAATMyAAAAAAAAaiYf0fj5JytLHdvsELMZ6VwglNpE8xZf2I/034JWkX8AAAABMzEAAAAAAABqJh/R+PknK0sd2+wQsxnpXCCU2kTzFl/Yj/TfglaRfwAAAAAAAAAoAAAAAQAAAAEAAAAAAAAAAAAAAAAAAAABAAAABQAAAAAAAAAAQbfqEZpbmw1A+B+SnY/29g2Gl4aJz9ZIo/wUhIjVs2QAAAACVAvjYAAAAAIAAAAQAAAAEAAAAAAAAAAAAAAAAAEAAAAAAAAAAAAAAAAAAAA=
8dad24eada13af6c7101e9b1351261ac0c2ef73861827d1f79fe038b6900487e	5	9	AAAAAEG36hGaW5sNQPgfkp2P9vYNhpeGic/WSKP8FISI1bNkAAAACgAAAAIAAAARAAAAAAAAAAAAAAABAAAAAAAAAAMAAAABMzMAAAAAAABqJh/R+PknK0sd2+wQsxnpXCCU2kTzFl/Yj/TfglaRfwAAAAEzMgAAAAAAAGomH9H4+ScrSx3b7BCzGelcIJTaRPMWX9iP9N+CVpF/AAAAAAAAACgAAAABAAAAAQAAAAAAAAAAAAAAAAAAAAGI1bNkAAAAQOtSYI0XyHxVzp4QdrBF0KvblKQrQ/SPOmdM8xM1Xc4DWSSv6SpQKOaG3Ev2Yq3kStps8dqSZgXf5uvn4gFpVwo=	ja0k6toTr2xxAemxNRJhrAwu9zhhgn0fef4Di2kASH4AAAAAAAAACgAAAAAAAAABAAAAAAAAAAMAAAAAAAAAAAAAAAAAAAAAQbfqEZpbmw1A+B+SnY/29g2Gl4aJz9ZIo/wUhIjVs2QAAAAAAAAACQAAAAEzMwAAAAAAAGomH9H4+ScrSx3b7BCzGelcIJTaRPMWX9iP9N+CVpF/AAAAATMyAAAAAAAAaiYf0fj5JytLHdvsELMZ6VwglNpE8xZf2I/034JWkX8AAAAAAAAAKAAAAAEAAAABAAAAAAAAAAAAAAAA	AAAAAAAAAAEAAAABAAAABQAAAAAAAAAAQbfqEZpbmw1A+B+SnY/29g2Gl4aJz9ZIo/wUhIjVs2QAAAACVAvjVgAAAAIAAAARAAAAEAAAAAAAAAAAAAAAAAEAAAAAAAAAAAAAAAAAAAAAAAABAAAAAgAAAAAAAAAFAAAAAgAAAABBt+oRmlubDUD4H5Kdj/b2DYaXhonP1kij/BSEiNWzZAAAAAAAAAAJAAAAATMzAAAAAAAAaiYf0fj5JytLHdvsELMZ6VwglNpE8xZf2I/034JWkX8AAAABMzIAAAAAAABqJh/R+PknK0sd2+wQsxnpXCCU2kTzFl/Yj/TfglaRfwAAAAAAAAAoAAAAAQAAAAEAAAAAAAAAAAAAAAAAAAABAAAABQAAAAAAAAAAQbfqEZpbmw1A+B+SnY/29g2Gl4aJz9ZIo/wUhIjVs2QAAAACVAvjVgAAAAIAAAARAAAAEQAAAAAAAAAAAAAAAAEAAAAAAAAAAAAAAAAAAAA=
fb45948cff52b8b77357274eeb1d1b2f180d2020a2c042baf1bb6b342ac45da7	5	10	AAAAAEG36hGaW5sNQPgfkp2P9vYNhpeGic/WSKP8FISI1bNkAAAACgAAAAIAAAASAAAAAAAAAAAAAAABAAAAAAAAAAMAAAABRVVSAAAAAABqJh/R+PknK0sd2+wQsxnpXCCU2kTzFl/Yj/TfglaRfwAAAAEzMwAAAAAAAGomH9H4+ScrSx3b7BCzGelcIJTaRPMWX9iP9N+CVpF/AAAAAAAAACgAAAABAAAAAQAAAAAAAAAAAAAAAAAAAAGI1bNkAAAAQPVneZ94/QukVgUI00zyZP02fcMDknJc0RVvXURKxVsCK7BkKzXoSQRFD5EN5+KGpvP7b7HrHOkD5/EsYjkufAU=	+0WUjP9SuLdzVydO6x0bLxgNICCiwEK68btrNCrEXacAAAAAAAAACgAAAAAAAAABAAAAAAAAAAMAAAAAAAAAAAAAAAAAAAAAQbfqEZpbmw1A+B+SnY/29g2Gl4aJz9ZIo/wUhIjVs2QAAAAAAAAACgAAAAFFVVIAAAAAAGomH9H4+ScrSx3b7BCzGelcIJTaRPMWX9iP9N+CVpF/AAAAATMzAAAAAAAAaiYf0fj5JytLHdvsELMZ6VwglNpE8xZf2I/034JWkX8AAAAAAAAAKAAAAAEAAAABAAAAAAAAAAAAAAAA	AAAAAAAAAAEAAAABAAAABQAAAAAAAAAAQbfqEZpbmw1A+B+SnY/29g2Gl4aJz9ZIo/wUhIjVs2QAAAACVAvjTAAAAAIAAAASAAAAEQAAAAAAAAAAAAAAAAEAAAAAAAAAAAAAAAAAAAAAAAABAAAAAgAAAAAAAAAFAAAAAgAAAABBt+oRmlubDUD4H5Kdj/b2DYaXhonP1kij/BSEiNWzZAAAAAAAAAAKAAAAAUVVUgAAAAAAaiYf0fj5JytLHdvsELMZ6VwglNpE8xZf2I/034JWkX8AAAABMzMAAAAAAABqJh/R+PknK0sd2+wQsxnpXCCU2kTzFl/Yj/TfglaRfwAAAAAAAAAoAAAAAQAAAAEAAAAAAAAAAAAAAAAAAAABAAAABQAAAAAAAAAAQbfqEZpbmw1A+B+SnY/29g2Gl4aJz9ZIo/wUhIjVs2QAAAACVAvjTAAAAAIAAAASAAAAEgAAAAAAAAAAAAAAAAEAAAAAAAAAAAAAAAAAAAA=
\.


--
-- Name: accounts_pkey; Type: CONSTRAINT; Schema: public; Owner: -; Tablespace: 
--

ALTER TABLE ONLY accounts
    ADD CONSTRAINT accounts_pkey PRIMARY KEY (accountid);


--
-- Name: ledgerheaders_ledgerseq_key; Type: CONSTRAINT; Schema: public; Owner: -; Tablespace: 
--

ALTER TABLE ONLY ledgerheaders
    ADD CONSTRAINT ledgerheaders_ledgerseq_key UNIQUE (ledgerseq);


--
-- Name: ledgerheaders_pkey; Type: CONSTRAINT; Schema: public; Owner: -; Tablespace: 
--

ALTER TABLE ONLY ledgerheaders
    ADD CONSTRAINT ledgerheaders_pkey PRIMARY KEY (ledgerhash);


--
-- Name: offers_pkey; Type: CONSTRAINT; Schema: public; Owner: -; Tablespace: 
--

ALTER TABLE ONLY offers
    ADD CONSTRAINT offers_pkey PRIMARY KEY (offerid);


--
-- Name: peers_pkey; Type: CONSTRAINT; Schema: public; Owner: -; Tablespace: 
--

ALTER TABLE ONLY peers
    ADD CONSTRAINT peers_pkey PRIMARY KEY (ip, port);


--
-- Name: signers_pkey; Type: CONSTRAINT; Schema: public; Owner: -; Tablespace: 
--

ALTER TABLE ONLY signers
    ADD CONSTRAINT signers_pkey PRIMARY KEY (accountid, publickey);


--
-- Name: storestate_pkey; Type: CONSTRAINT; Schema: public; Owner: -; Tablespace: 
--

ALTER TABLE ONLY storestate
    ADD CONSTRAINT storestate_pkey PRIMARY KEY (statename);


--
-- Name: trustlines_pkey; Type: CONSTRAINT; Schema: public; Owner: -; Tablespace: 
--

ALTER TABLE ONLY trustlines
    ADD CONSTRAINT trustlines_pkey PRIMARY KEY (accountid, issuer, assetcode);


--
-- Name: txhistory_ledgerseq_txindex_key; Type: CONSTRAINT; Schema: public; Owner: -; Tablespace: 
--

ALTER TABLE ONLY txhistory
    ADD CONSTRAINT txhistory_ledgerseq_txindex_key UNIQUE (ledgerseq, txindex);


--
-- Name: txhistory_pkey; Type: CONSTRAINT; Schema: public; Owner: -; Tablespace: 
--

ALTER TABLE ONLY txhistory
    ADD CONSTRAINT txhistory_pkey PRIMARY KEY (txid, ledgerseq);


--
-- Name: accountbalances; Type: INDEX; Schema: public; Owner: -; Tablespace: 
--

CREATE INDEX accountbalances ON accounts USING btree (balance) WHERE (balance >= 1000000000);


--
-- Name: accountlines; Type: INDEX; Schema: public; Owner: -; Tablespace: 
--

CREATE INDEX accountlines ON trustlines USING btree (accountid);


--
-- Name: buyingissuerindex; Type: INDEX; Schema: public; Owner: -; Tablespace: 
--

CREATE INDEX buyingissuerindex ON offers USING btree (buyingissuer);


--
-- Name: ledgersbyseq; Type: INDEX; Schema: public; Owner: -; Tablespace: 
--

CREATE INDEX ledgersbyseq ON ledgerheaders USING btree (ledgerseq);


--
-- Name: priceindex; Type: INDEX; Schema: public; Owner: -; Tablespace: 
--

CREATE INDEX priceindex ON offers USING btree (price);


--
-- Name: sellingissuerindex; Type: INDEX; Schema: public; Owner: -; Tablespace: 
--

CREATE INDEX sellingissuerindex ON offers USING btree (sellingissuer);


--
-- Name: signersaccount; Type: INDEX; Schema: public; Owner: -; Tablespace: 
--

CREATE INDEX signersaccount ON signers USING btree (accountid);


--
-- PostgreSQL database dump complete
--

