--
-- PostgreSQL database dump
--

SET statement_timeout = 0;
SET lock_timeout = 0;
SET client_encoding = 'UTF8';
SET standard_conforming_strings = on;
SET check_function_bodies = false;
SET client_min_messages = warning;

SET search_path = public, pg_catalog;

DROP INDEX public.signersaccount;
DROP INDEX public.priceindex;
DROP INDEX public.paysissuerindex;
DROP INDEX public.ledgersbyseq;
DROP INDEX public.getsissuerindex;
DROP INDEX public.accountlines;
DROP INDEX public.accountbalances;
ALTER TABLE ONLY public.txhistory DROP CONSTRAINT txhistory_pkey;
ALTER TABLE ONLY public.txhistory DROP CONSTRAINT txhistory_ledgerseq_txindex_key;
ALTER TABLE ONLY public.trustlines DROP CONSTRAINT trustlines_pkey;
ALTER TABLE ONLY public.storestate DROP CONSTRAINT storestate_pkey;
ALTER TABLE ONLY public.signers DROP CONSTRAINT signers_pkey;
ALTER TABLE ONLY public.peers DROP CONSTRAINT peers_pkey;
ALTER TABLE ONLY public.offers DROP CONSTRAINT offers_pkey;
ALTER TABLE ONLY public.ledgerheaders DROP CONSTRAINT ledgerheaders_pkey;
ALTER TABLE ONLY public.ledgerheaders DROP CONSTRAINT ledgerheaders_ledgerseq_key;
ALTER TABLE ONLY public.accounts DROP CONSTRAINT accounts_pkey;
DROP TABLE public.txhistory;
DROP TABLE public.trustlines;
DROP TABLE public.storestate;
DROP TABLE public.signers;
DROP TABLE public.peers;
DROP TABLE public.offers;
DROP TABLE public.ledgerheaders;
DROP TABLE public.accounts;
DROP EXTENSION plpgsql;
DROP SCHEMA public;
--
-- Name: public; Type: SCHEMA; Schema: -; Owner: -
--

CREATE SCHEMA public;


--
-- Name: SCHEMA public; Type: COMMENT; Schema: -; Owner: -
--

COMMENT ON SCHEMA public IS 'standard public schema';


--
-- Name: plpgsql; Type: EXTENSION; Schema: -; Owner: -
--

CREATE EXTENSION IF NOT EXISTS plpgsql WITH SCHEMA pg_catalog;


--
-- Name: EXTENSION plpgsql; Type: COMMENT; Schema: -; Owner: -
--

COMMENT ON EXTENSION plpgsql IS 'PL/pgSQL procedural language';


SET search_path = public, pg_catalog;

SET default_tablespace = '';

SET default_with_oids = false;

--
-- Name: accounts; Type: TABLE; Schema: public; Owner: -; Tablespace: 
--

CREATE TABLE accounts (
    accountid character varying(51) NOT NULL,
    balance bigint NOT NULL,
    seqnum bigint NOT NULL,
    numsubentries integer NOT NULL,
    inflationdest character varying(51),
    homedomain character varying(32),
    thresholds text,
    flags integer NOT NULL,
    CONSTRAINT accounts_balance_check CHECK ((balance >= 0)),
    CONSTRAINT accounts_numsubentries_check CHECK ((numsubentries >= 0))
);


--
-- Name: ledgerheaders; Type: TABLE; Schema: public; Owner: -; Tablespace: 
--

CREATE TABLE ledgerheaders (
    ledgerhash character(64) NOT NULL,
    prevhash character(64) NOT NULL,
    bucketlisthash character(64) NOT NULL,
    ledgerseq integer,
    closetime bigint NOT NULL,
    data text NOT NULL,
    CONSTRAINT ledgerheaders_closetime_check CHECK ((closetime >= 0)),
    CONSTRAINT ledgerheaders_ledgerseq_check CHECK ((ledgerseq >= 0))
);


--
-- Name: offers; Type: TABLE; Schema: public; Owner: -; Tablespace: 
--

CREATE TABLE offers (
    accountid character varying(51) NOT NULL,
    offerid bigint NOT NULL,
    paysalphanumcurrency character varying(4),
    paysissuer character varying(51),
    getsalphanumcurrency character varying(4),
    getsissuer character varying(51),
    amount bigint NOT NULL,
    pricen integer NOT NULL,
    priced integer NOT NULL,
    price bigint NOT NULL,
    flags integer NOT NULL,
    CONSTRAINT offers_amount_check CHECK ((amount >= 0)),
    CONSTRAINT offers_offerid_check CHECK ((offerid >= 0))
);


--
-- Name: peers; Type: TABLE; Schema: public; Owner: -; Tablespace: 
--

CREATE TABLE peers (
    ip character varying(15) NOT NULL,
    port integer DEFAULT 0 NOT NULL,
    nextattempt timestamp without time zone NOT NULL,
    numfailures integer DEFAULT 0 NOT NULL,
    rank integer DEFAULT 0 NOT NULL,
    CONSTRAINT peers_numfailures_check CHECK ((numfailures >= 0)),
    CONSTRAINT peers_port_check CHECK (((port > 0) AND (port <= 65535))),
    CONSTRAINT peers_rank_check CHECK ((rank >= 0))
);


--
-- Name: signers; Type: TABLE; Schema: public; Owner: -; Tablespace: 
--

CREATE TABLE signers (
    accountid character varying(51) NOT NULL,
    publickey character varying(51) NOT NULL,
    weight integer NOT NULL
);


--
-- Name: storestate; Type: TABLE; Schema: public; Owner: -; Tablespace: 
--

CREATE TABLE storestate (
    statename character(32) NOT NULL,
    state text
);


--
-- Name: trustlines; Type: TABLE; Schema: public; Owner: -; Tablespace: 
--

CREATE TABLE trustlines (
    accountid character varying(51) NOT NULL,
    issuer character varying(51) NOT NULL,
    alphanumcurrency character varying(4) NOT NULL,
    tlimit bigint DEFAULT 0 NOT NULL,
    balance bigint DEFAULT 0 NOT NULL,
    flags integer NOT NULL,
    CONSTRAINT trustlines_balance_check CHECK ((balance >= 0)),
    CONSTRAINT trustlines_tlimit_check CHECK ((tlimit >= 0))
);


--
-- Name: txhistory; Type: TABLE; Schema: public; Owner: -; Tablespace: 
--

CREATE TABLE txhistory (
    txid character(64) NOT NULL,
    ledgerseq integer NOT NULL,
    txindex integer NOT NULL,
    txbody text NOT NULL,
    txresult text NOT NULL,
    txmeta text NOT NULL,
    CONSTRAINT txhistory_ledgerseq_check CHECK ((ledgerseq >= 0))
);


--
-- Data for Name: accounts; Type: TABLE DATA; Schema: public; Owner: -
--

COPY accounts (accountid, balance, seqnum, numsubentries, inflationdest, homedomain, thresholds, flags) FROM stdin;
gspbxqXqEUZkiCCEFFCN9Vu4FLucdjLLdLcsV6E82Qc1T7ehsTC	99999959999999960	4	0	\N		01000000	0
gsFJG8CkpJZYwp3zLyjnYzbDFD3jogJgSafpzuG6TgxjaXVVVQa	9999999820	12884901906	18	\N		01000000	0
g62GvcFEMMiz3ux5Cz6V49WTtQ2KJenahMdXGnt2V4AneQaZ2e	9999999990	12884901889	1	\N		01000000	0
gfrDLq9eLCPFqud45zE6bCHNc21wxPfW8AL4YPsa3zVbrzcC41	9999999990	12884901889	1	\N		01000000	0
gcACxiDEUZozNAc5eXKNJZesypjJnD4yd2z2MFhHfJ5SpkBqwn	9999999920	12884901896	0	\N		01000000	0
\.


--
-- Data for Name: ledgerheaders; Type: TABLE DATA; Schema: public; Owner: -
--

COPY ledgerheaders (ledgerhash, prevhash, bucketlisthash, ledgerseq, closetime, data) FROM stdin;
a9d12414d405652b752ce4425d3d94e7996a07a52228a58d7bf3bd35dd50eb46	0000000000000000000000000000000000000000000000000000000000000000	e71064e28d0740ac27cf07b267200ea9b8916ad1242195c015fa3012086588d3	1	0	AAAAAAAAAAAAAAAAAAAAAAAAAAAAAAAAAAAAAAAAAAAAAAAAAAAAAAAAAAAAAAAAAAAAAAAAAAAAAAAAAAAAAAAAAAAAAAAAAAAAAAAAAAAAAAAAAAAAAAAAAAAAAAAA5xBk4o0HQKwnzweyZyAOqbiRatEkIZXAFfowEghliNMAAAABAAAAAAAAAAABY0V4XYoAAAAAAAAAAAAAAAAAAAAAAAAAAAAAAAAACgCYloAAAAAAAAAAAAAAAAAAAAAAAAAAAAAAAAAAAAAAAAAAAAAAAAAAAAAAAAAAAAAAAAAAAAAAAAAAAAAAAAAAAAAAAAAAAAAAAAAAAAAAAAAAAAAAAAAAAAAAAAAAAAAAAAAAAAAAAAAAAAAAAAAAAAAAAAAAAAAAAAAAAAAAAAAAAA==
c0c9df658a141195f2df9ed21a25380ccf92badfe48c4b7b3e8e7d21c1544c3f	a9d12414d405652b752ce4425d3d94e7996a07a52228a58d7bf3bd35dd50eb46	24128cf784e4c94f58a5a72a5036a54e82b2e37c1b1b327bd8af8ab48684abf6	2	1435792822	qdEkFNQFZSt1LORCXT2U55lqB6UiKKWNe/O9Nd1Q60bWGQFaFjFEkPZuQGDTJ8o1Qnt8FuQMpJZu40ekvFPjPOOwxEKY/BwUmvv0yJlvuSQnrkHkZJuTTKSVmRt4UrhVJBKM94TkyU9YpacqUDalToKy43wbGzJ72K+KtIaEq/YAAAACAAAAAFWUdbYBY0V4XYoAAAAAAAAAAAAAAAAAAAAAAAAAAAAAAAAACgCYloAAAAAAAAAAAAAAAAAAAAAAAAAAAAAAAAAAAAAAAAAAAAAAAAAAAAAAAAAAAAAAAAAAAAAAAAAAAAAAAAAAAAAAAAAAAAAAAAAAAAAAAAAAAAAAAAAAAAAAAAAAAAAAAAAAAAAAAAAAAAAAAAAAAAAAAAAAAAAAAAAAAAAAAAAAAA==
835ec356c3b6f70e641b357b2e3125a68e8d63917c39d015fd501321f68c537b	c0c9df658a141195f2df9ed21a25380ccf92badfe48c4b7b3e8e7d21c1544c3f	3c1e7aee3344132489e63b8cdf8da1a45ad5da023b0fc0d3ffc23a05f882c5f8	3	1435792823	wMnfZYoUEZXy357SGiU4DM+Sut/kjEt7Po59IcFUTD9tm9wFp5GUgi8504c9HH53Mm+kW3ztQex1IgB2evkW3GkQHNJ9kinPdEp3fRMoEXtkZEsEi8rXnRoobyQFVY5EPB567jNEEySJ5juM342hpFrV2gI7D8DT/8I6BfiCxfgAAAADAAAAAFWUdbcBY0V4XYoAAAAAAAAAAAAoAAAAAAAAAAAAAAAAAAAACgCYloAAAAAAAAAAAAAAAAAAAAAAAAAAAAAAAAAAAAAAAAAAAAAAAAAAAAAAAAAAAAAAAAAAAAAAAAAAAAAAAAAAAAAAAAAAAAAAAAAAAAAAAAAAAAAAAAAAAAAAAAAAAAAAAAAAAAAAAAAAAAAAAAAAAAAAAAAAAAAAAAAAAAAAAAAAAA==
a21e183fd8b044eb6d7f32f4c634bbf7e4a5ff94c1d2db9efb225ab1b07e4e68	835ec356c3b6f70e641b357b2e3125a68e8d63917c39d015fd501321f68c537b	03ad4931b26f3328b834d1de5934680ae7a7c828e9183580aa475ec8527a9218	4	1435792824	g17DVsO29w5kGzV7LjElpo6NY5F8OdAV/VATIfaMU3shPHgk7qkUoYBLBhtXix6rCSuDQfQC3q2ovIQaG7Bgv5OUnXV/vmxEeuk68cX/9UfBMW5TwpYTjapH+5J1wMxyA61JMbJvMyi4NNHeWTRoCuenyCjpGDWAqkdeyFJ6khgAAAAEAAAAAFWUdbgBY0V4XYoAAAAAAAAAAACMAAAAAAAAAAAAAAAAAAAACgCYloAAAAAAAAAAAAAAAAAAAAAAAAAAAAAAAAAAAAAAAAAAAAAAAAAAAAAAAAAAAAAAAAAAAAAAAAAAAAAAAAAAAAAAAAAAAAAAAAAAAAAAAAAAAAAAAAAAAAAAAAAAAAAAAAAAAAAAAAAAAAAAAAAAAAAAAAAAAAAAAAAAAAAAAAAAAA==
ec9cc598ffd3f4f6ba13bf6dfc42800186e24dc3a84735d5032cf6fe05ed0dcc	a21e183fd8b044eb6d7f32f4c634bbf7e4a5ff94c1d2db9efb225ab1b07e4e68	12d0e65bdea9d89cf6c88d0983b252222220f50593bd52ac4974659b6d1fe560	5	1435792825	oh4YP9iwROttfzL0xjS79+Sl/5TB0tue+yJasbB+TmitdRVUQ22cx9UAIG66agH16ilaJGjFygZkw8ZB/y+FWmaFx6/Ho1kZPTmfYs08BW4AkiIii482PyfkuEyO5sxrEtDmW96p2Jz2yI0Jg7JSIiIg9QWTvVKsSXRlm20f5WAAAAAFAAAAAFWUdbkBY0V4XYoAAAAAAAAAAADcAAAAAAAAAAAAAAAAAAAACgCYloAAAAAAAAAAAAAAAAAAAAAAAAAAAAAAAAAAAAAAAAAAAAAAAAAAAAAAAAAAAAAAAAAAAAAAAAAAAAAAAAAAAAAAAAAAAAAAAAAAAAAAAAAAAAAAAAAAAAAAAAAAAAAAAAAAAAAAAAAAAAAAAAAAAAAAAAAAAAAAAAAAAAAAAAAAAA==
55837c42c2be9dd6feef81d8ca4ab7032840c4568b2c56feb023aef63f66a80b	ec9cc598ffd3f4f6ba13bf6dfc42800186e24dc3a84735d5032cf6fe05ed0dcc	10431052c8a2280186afaf71db4fc1f3dfcda29e9cf52be062c4c8310350235b	6	1435792826	7JzFmP/T9Pa6E79t/EKAAYbiTcOoRzXVAyz2/gXtDcwuOdPPmYyNTqbKzKOYI9YMjAEsdPAsO26QEmF5lpIW4f0b84X1kRpCEtny8Ip8+UQ9akN7if5F42JUXgsQr64SEEMQUsiiKAGGr69x20/B89/Nop6c9SvgYsTIMQNQI1sAAAAGAAAAAFWUdboBY0V4XYoAAAAAAAAAAAFAAAAAAAAAAAAAAAAKAAAACgCYloAAAAAAAAAAAAAAAAAAAAAAAAAAAAAAAAAAAAAAAAAAAAAAAAAAAAAAAAAAAAAAAAAAAAAAAAAAAAAAAAAAAAAAAAAAAAAAAAAAAAAAAAAAAAAAAAAAAAAAAAAAAAAAAAAAAAAAAAAAAAAAAAAAAAAAAAAAAAAAAAAAAAAAAAAAAA==
\.


--
-- Data for Name: offers; Type: TABLE DATA; Schema: public; Owner: -
--

COPY offers (accountid, offerid, paysalphanumcurrency, paysissuer, getsalphanumcurrency, getsissuer, amount, pricen, priced, price, flags) FROM stdin;
gsFJG8CkpJZYwp3zLyjnYzbDFD3jogJgSafpzuG6TgxjaXVVVQa	1	USD	gcACxiDEUZozNAc5eXKNJZesypjJnD4yd2z2MFhHfJ5SpkBqwn	EUR	gcACxiDEUZozNAc5eXKNJZesypjJnD4yd2z2MFhHfJ5SpkBqwn	10	1	1	10000000	0
gsFJG8CkpJZYwp3zLyjnYzbDFD3jogJgSafpzuG6TgxjaXVVVQa	2	USD	gcACxiDEUZozNAc5eXKNJZesypjJnD4yd2z2MFhHfJ5SpkBqwn	1	gcACxiDEUZozNAc5eXKNJZesypjJnD4yd2z2MFhHfJ5SpkBqwn	20	1	1	10000000	0
gsFJG8CkpJZYwp3zLyjnYzbDFD3jogJgSafpzuG6TgxjaXVVVQa	3	1	gcACxiDEUZozNAc5eXKNJZesypjJnD4yd2z2MFhHfJ5SpkBqwn	EUR	gcACxiDEUZozNAc5eXKNJZesypjJnD4yd2z2MFhHfJ5SpkBqwn	20	1	1	10000000	0
gsFJG8CkpJZYwp3zLyjnYzbDFD3jogJgSafpzuG6TgxjaXVVVQa	4	USD	gcACxiDEUZozNAc5eXKNJZesypjJnD4yd2z2MFhHfJ5SpkBqwn	21	gcACxiDEUZozNAc5eXKNJZesypjJnD4yd2z2MFhHfJ5SpkBqwn	30	1	1	10000000	0
gsFJG8CkpJZYwp3zLyjnYzbDFD3jogJgSafpzuG6TgxjaXVVVQa	5	21	gcACxiDEUZozNAc5eXKNJZesypjJnD4yd2z2MFhHfJ5SpkBqwn	22	gcACxiDEUZozNAc5eXKNJZesypjJnD4yd2z2MFhHfJ5SpkBqwn	30	1	1	10000000	0
gsFJG8CkpJZYwp3zLyjnYzbDFD3jogJgSafpzuG6TgxjaXVVVQa	6	22	gcACxiDEUZozNAc5eXKNJZesypjJnD4yd2z2MFhHfJ5SpkBqwn	EUR	gcACxiDEUZozNAc5eXKNJZesypjJnD4yd2z2MFhHfJ5SpkBqwn	30	1	1	10000000	0
gsFJG8CkpJZYwp3zLyjnYzbDFD3jogJgSafpzuG6TgxjaXVVVQa	7	USD	gcACxiDEUZozNAc5eXKNJZesypjJnD4yd2z2MFhHfJ5SpkBqwn	31	gcACxiDEUZozNAc5eXKNJZesypjJnD4yd2z2MFhHfJ5SpkBqwn	40	1	1	10000000	0
gsFJG8CkpJZYwp3zLyjnYzbDFD3jogJgSafpzuG6TgxjaXVVVQa	8	31	gcACxiDEUZozNAc5eXKNJZesypjJnD4yd2z2MFhHfJ5SpkBqwn	32	gcACxiDEUZozNAc5eXKNJZesypjJnD4yd2z2MFhHfJ5SpkBqwn	40	1	1	10000000	0
gsFJG8CkpJZYwp3zLyjnYzbDFD3jogJgSafpzuG6TgxjaXVVVQa	9	32	gcACxiDEUZozNAc5eXKNJZesypjJnD4yd2z2MFhHfJ5SpkBqwn	33	gcACxiDEUZozNAc5eXKNJZesypjJnD4yd2z2MFhHfJ5SpkBqwn	40	1	1	10000000	0
gsFJG8CkpJZYwp3zLyjnYzbDFD3jogJgSafpzuG6TgxjaXVVVQa	10	33	gcACxiDEUZozNAc5eXKNJZesypjJnD4yd2z2MFhHfJ5SpkBqwn	EUR	gcACxiDEUZozNAc5eXKNJZesypjJnD4yd2z2MFhHfJ5SpkBqwn	40	1	1	10000000	0
\.


--
-- Data for Name: peers; Type: TABLE DATA; Schema: public; Owner: -
--

COPY peers (ip, port, nextattempt, numfailures, rank) FROM stdin;
\.


--
-- Data for Name: signers; Type: TABLE DATA; Schema: public; Owner: -
--

COPY signers (accountid, publickey, weight) FROM stdin;
\.


--
-- Data for Name: storestate; Type: TABLE DATA; Schema: public; Owner: -
--

COPY storestate (statename, state) FROM stdin;
databaseinitialized             	true
forcescponnextlaunch            	false
lastclosedledger                	55837c42c2be9dd6feef81d8ca4ab7032840c4568b2c56feb023aef63f66a80b
historyarchivestate             	{\n    "version": 0,\n    "currentLedger": 6,\n    "currentBuckets": [\n        {\n            "curr": "9cee8da1736b8e789382cb174dae54cf2c047b40c111427bb4ca074aa82e58bd",\n            "next": {\n                "state": 0\n            },\n            "snap": "287191337e54ee4dfab3e3889a6e28596ac5910df54a8f593017d288e9788e21"\n        },\n        {\n            "curr": "ecbb9e293b4cc011840ed7fbfe55d6a4f367caf93502f5e786edabd9786a2455",\n            "next": {\n                "state": 1,\n                "output": "287191337e54ee4dfab3e3889a6e28596ac5910df54a8f593017d288e9788e21"\n            },\n            "snap": "0000000000000000000000000000000000000000000000000000000000000000"\n        },\n        {\n            "curr": "0000000000000000000000000000000000000000000000000000000000000000",\n            "next": {\n                "state": 0\n            },\n            "snap": "0000000000000000000000000000000000000000000000000000000000000000"\n        },\n        {\n            "curr": "0000000000000000000000000000000000000000000000000000000000000000",\n            "next": {\n                "state": 0\n            },\n            "snap": "0000000000000000000000000000000000000000000000000000000000000000"\n        },\n        {\n            "curr": "0000000000000000000000000000000000000000000000000000000000000000",\n            "next": {\n                "state": 0\n            },\n            "snap": "0000000000000000000000000000000000000000000000000000000000000000"\n        },\n        {\n            "curr": "0000000000000000000000000000000000000000000000000000000000000000",\n            "next": {\n                "state": 0\n            },\n            "snap": "0000000000000000000000000000000000000000000000000000000000000000"\n        },\n        {\n            "curr": "0000000000000000000000000000000000000000000000000000000000000000",\n            "next": {\n                "state": 0\n            },\n            "snap": "0000000000000000000000000000000000000000000000000000000000000000"\n        },\n        {\n            "curr": "0000000000000000000000000000000000000000000000000000000000000000",\n            "next": {\n                "state": 0\n            },\n            "snap": "0000000000000000000000000000000000000000000000000000000000000000"\n        },\n        {\n            "curr": "0000000000000000000000000000000000000000000000000000000000000000",\n            "next": {\n                "state": 0\n            },\n            "snap": "0000000000000000000000000000000000000000000000000000000000000000"\n        },\n        {\n            "curr": "0000000000000000000000000000000000000000000000000000000000000000",\n            "next": {\n                "state": 0\n            },\n            "snap": "0000000000000000000000000000000000000000000000000000000000000000"\n        },\n        {\n            "curr": "0000000000000000000000000000000000000000000000000000000000000000",\n            "next": {\n                "state": 0\n            },\n            "snap": "0000000000000000000000000000000000000000000000000000000000000000"\n        }\n    ]\n}
\.


--
-- Data for Name: trustlines; Type: TABLE DATA; Schema: public; Owner: -
--

COPY trustlines (accountid, issuer, alphanumcurrency, tlimit, balance, flags) FROM stdin;
gsFJG8CkpJZYwp3zLyjnYzbDFD3jogJgSafpzuG6TgxjaXVVVQa	gcACxiDEUZozNAc5eXKNJZesypjJnD4yd2z2MFhHfJ5SpkBqwn	USD	9223372036854775807	0	1
gfrDLq9eLCPFqud45zE6bCHNc21wxPfW8AL4YPsa3zVbrzcC41	gcACxiDEUZozNAc5eXKNJZesypjJnD4yd2z2MFhHfJ5SpkBqwn	EUR	9223372036854775807	0	1
g62GvcFEMMiz3ux5Cz6V49WTtQ2KJenahMdXGnt2V4AneQaZ2e	gcACxiDEUZozNAc5eXKNJZesypjJnD4yd2z2MFhHfJ5SpkBqwn	USD	9223372036854775807	5000	1
gsFJG8CkpJZYwp3zLyjnYzbDFD3jogJgSafpzuG6TgxjaXVVVQa	gcACxiDEUZozNAc5eXKNJZesypjJnD4yd2z2MFhHfJ5SpkBqwn	EUR	9223372036854775807	5000	1
gsFJG8CkpJZYwp3zLyjnYzbDFD3jogJgSafpzuG6TgxjaXVVVQa	gcACxiDEUZozNAc5eXKNJZesypjJnD4yd2z2MFhHfJ5SpkBqwn	1	9223372036854775807	5000	1
gsFJG8CkpJZYwp3zLyjnYzbDFD3jogJgSafpzuG6TgxjaXVVVQa	gcACxiDEUZozNAc5eXKNJZesypjJnD4yd2z2MFhHfJ5SpkBqwn	21	9223372036854775807	5000	1
gsFJG8CkpJZYwp3zLyjnYzbDFD3jogJgSafpzuG6TgxjaXVVVQa	gcACxiDEUZozNAc5eXKNJZesypjJnD4yd2z2MFhHfJ5SpkBqwn	22	9223372036854775807	5000	1
gsFJG8CkpJZYwp3zLyjnYzbDFD3jogJgSafpzuG6TgxjaXVVVQa	gcACxiDEUZozNAc5eXKNJZesypjJnD4yd2z2MFhHfJ5SpkBqwn	31	9223372036854775807	5000	1
gsFJG8CkpJZYwp3zLyjnYzbDFD3jogJgSafpzuG6TgxjaXVVVQa	gcACxiDEUZozNAc5eXKNJZesypjJnD4yd2z2MFhHfJ5SpkBqwn	32	9223372036854775807	5000	1
gsFJG8CkpJZYwp3zLyjnYzbDFD3jogJgSafpzuG6TgxjaXVVVQa	gcACxiDEUZozNAc5eXKNJZesypjJnD4yd2z2MFhHfJ5SpkBqwn	33	9223372036854775807	5000	1
\.


--
-- Data for Name: txhistory; Type: TABLE DATA; Schema: public; Owner: -
--

COPY txhistory (txid, ledgerseq, txindex, txbody, txresult, txmeta) FROM stdin;
ee950550e353e92b49e0df0b232afa2054658c60e5e4b5fc51cd6fe98a7d5b12	3	1	iZsoQO1WNsVt3F8Usjl1958bojiNJpTkxW7N3clg5e8AAAAKAAAAAAAAAAEAAAAAAAAAAAAAAAEAAAAAAAAAAFGcsyL01ViUC6qgxG+J96JQboLrWuMP+fAvNLYMkp3ZAAAAAlQL5AAAAAABiZsoQMnl5TX/KJRyNxtVoMQc5kXEstDvBFvG9Fd9hdOA7khaXwTgV44qMF+v/1TdNMKVF4ePAPQxDb3/fTvzqV56kwQ=	7pUFUONT6StJ4N8LIyr6IFRljGDl5LX8Uc1v6Yp9WxIAAAAAAAAACgAAAAAAAAABAAAAAAAAAAAAAAAA	AAAAAgAAAAAAAAAAUZyzIvTVWJQLqqDEb4n3olBuguta4w/58C80tgySndkAAAACVAvkAAAAAAMAAAAAAAAAAAAAAAAAAAAAAQAAAAAAAAAAAAAAAAAAAQAAAACJmyhA7VY2xW3cXxSyOXX3nxuiOI0mlOTFbs3dyWDl7wFjRXYJfhv2AAAAAAAAAAEAAAAAAAAAAAAAAAABAAAAAAAAAAAAAAA=
dce3d72f0312f86c27e4d56c48d58f6aa6a0515e0a899e4c5974e95376dc0556	3	2	iZsoQO1WNsVt3F8Usjl1958bojiNJpTkxW7N3clg5e8AAAAKAAAAAAAAAAIAAAAAAAAAAAAAAAEAAAAAAAAAAFwgpvhVN35so2GrWocE7A6QeF7HO3NNPamG1hbldUGsAAAAAlQL5AAAAAABiZsoQEsgICRw+LhaPnn0n8t5l2w0gzJLgaiNhy87WHKoVTwni6DNWD+ge047PKEPyA+ewh+TB/qgUeqjDNeYyGzkmAg=	3OPXLwMS+Gwn5NVsSNWPaqagUV4KiZ5MWXTpU3bcBVYAAAAAAAAACgAAAAAAAAABAAAAAAAAAAAAAAAA	AAAAAgAAAAAAAAAAXCCm+FU3fmyjYatahwTsDpB4Xsc7c009qYbWFuV1QawAAAACVAvkAAAAAAMAAAAAAAAAAAAAAAAAAAAAAQAAAAAAAAAAAAAAAAAAAQAAAACJmyhA7VY2xW3cXxSyOXX3nxuiOI0mlOTFbs3dyWDl7wFjRXO1cjfsAAAAAAAAAAIAAAAAAAAAAAAAAAABAAAAAAAAAAAAAAA=
84f5d5bfd9104e817bb36d5ae6258968cd6508bc31676cc5968476b4cbd78056	3	3	iZsoQO1WNsVt3F8Usjl1958bojiNJpTkxW7N3clg5e8AAAAKAAAAAAAAAAMAAAAAAAAAAAAAAAEAAAAAAAAAAA8oqzKiP4jnlVR0sPhUYFHPDcVFw/0FgCWmswE1kB5HAAAAAlQL5AAAAAABiZsoQNmOdV9Fdb4K76UeopDA6GXSzjj0/kNYkhfj1HaSfqVjiMssR1wo2671nMIse7dGZExfNy1m4udQZr7f5t19eg8=	hPXVv9kQToF7s21a5iWJaM1lCLwxZ2zFloR2tMvXgFYAAAAAAAAACgAAAAAAAAABAAAAAAAAAAAAAAAA	AAAAAgAAAAAAAAAADyirMqI/iOeVVHSw+FRgUc8NxUXD/QWAJaazATWQHkcAAAACVAvkAAAAAAMAAAAAAAAAAAAAAAAAAAAAAQAAAAAAAAAAAAAAAAAAAQAAAACJmyhA7VY2xW3cXxSyOXX3nxuiOI0mlOTFbs3dyWDl7wFjRXFhZlPiAAAAAAAAAAMAAAAAAAAAAAAAAAABAAAAAAAAAAAAAAA=
3c99b935d962fc673256b05a67f46c0918dc4eeb39000daeb52261be4e1b0a32	3	4	iZsoQO1WNsVt3F8Usjl1958bojiNJpTkxW7N3clg5e8AAAAKAAAAAAAAAAQAAAAAAAAAAAAAAAEAAAAAAAAAAO8XbmZokPBw/3ohqT5rNWcnofsesvwpvf4HpTOay+syAAAAAlQL5AAAAAABiZsoQAvhoiztnGrQLKhTFmY+q8YbljGHkdhPAbNtiSx8gCAJ2vx0GbAsb/W++mYl6rtJlVIyZ7ZPAnKTGoK/y8OXDQA=	PJm5Ndli/GcyVrBaZ/RsCRjcTus5AA2utSJhvk4bCjIAAAAAAAAACgAAAAAAAAABAAAAAAAAAAAAAAAA	AAAAAgAAAAAAAAAA7xduZmiQ8HD/eiGpPms1Zyeh+x6y/Cm9/gelM5rL6zIAAAACVAvkAAAAAAMAAAAAAAAAAAAAAAAAAAAAAQAAAAAAAAAAAAAAAAAAAQAAAACJmyhA7VY2xW3cXxSyOXX3nxuiOI0mlOTFbs3dyWDl7wFjRW8NWm/YAAAAAAAAAAQAAAAAAAAAAAAAAAABAAAAAAAAAAAAAAA=
177f95aa5af1bc5f18c9e5006b6157079713c2bcb98f617bd2106c726cf862e8	4	1	7xduZmiQ8HD/eiGpPms1Zyeh+x6y/Cm9/gelM5rL6zIAAAAKAAAAAwAAAAEAAAAAAAAAAAAAAAEAAAAAAAAABgAAAAFVU0QAUZyzIvTVWJQLqqDEb4n3olBuguta4w/58C80tgySndl//////////wAAAAHvF25m86fjaVc7m3DMXse6B6c9alX+hN6Rcuj96+j5p+L/pJzvccn2ITTlIG5ZNK64R5vtWGNIeRQ4zdkktW1Th8i3Cw==	F3+VqlrxvF8YyeUAa2FXB5cTwry5j2F70hBscmz4YugAAAAAAAAACgAAAAAAAAABAAAAAAAAAAYAAAAA	AAAAAgAAAAAAAAAB7xduZmiQ8HD/eiGpPms1Zyeh+x6y/Cm9/gelM5rL6zIAAAABVVNEAFGcsyL01ViUC6qgxG+J96JQboLrWuMP+fAvNLYMkp3ZAAAAAAAAAAB//////////wAAAAEAAAABAAAAAO8XbmZokPBw/3ohqT5rNWcnofsesvwpvf4HpTOay+syAAAAAlQL4/YAAAADAAAAAQAAAAEAAAAAAAAAAAEAAAAAAAAAAAAAAA==
a6233d334848ef9ebdc4059a813c5d3fd55354bf3b63e7f4c699dc6891872016	4	2	XCCm+FU3fmyjYatahwTsDpB4Xsc7c009qYbWFuV1QawAAAAKAAAAAwAAAAEAAAAAAAAAAAAAAAEAAAAAAAAABgAAAAFVU0QAUZyzIvTVWJQLqqDEb4n3olBuguta4w/58C80tgySndl//////////wAAAAFcIKb4oqUuACH3BJvZVz/PR4hXHz4QHL/ndWVFlyZgm7KsJKSmMGO8t1fx6yrC/bb0cz3/XxHf/+wOxt56GcNkPfcDAQ==	piM9M0hI7569xAWagTxdP9VTVL87Y+f0xpncaJGHIBYAAAAAAAAACgAAAAAAAAABAAAAAAAAAAYAAAAA	AAAAAgAAAAAAAAABXCCm+FU3fmyjYatahwTsDpB4Xsc7c009qYbWFuV1QawAAAABVVNEAFGcsyL01ViUC6qgxG+J96JQboLrWuMP+fAvNLYMkp3ZAAAAAAAAAAB//////////wAAAAEAAAABAAAAAFwgpvhVN35so2GrWocE7A6QeF7HO3NNPamG1hbldUGsAAAAAlQL4/YAAAADAAAAAQAAAAEAAAAAAAAAAAEAAAAAAAAAAAAAAA==
5b32841986587466c948f944b104ee5637511ea241d693346d23ca1bc658fe3d	4	3	DyirMqI/iOeVVHSw+FRgUc8NxUXD/QWAJaazATWQHkcAAAAKAAAAAwAAAAEAAAAAAAAAAAAAAAEAAAAAAAAABgAAAAFFVVIAUZyzIvTVWJQLqqDEb4n3olBuguta4w/58C80tgySndl//////////wAAAAEPKKsy6+KeOuZx2X5WfCptMi+9hoGjNgBviiWXHgb1jBvIkDch/JbUkLFFkl9UoN+/trnQYd1m8lUBGKoFDbXHn85EAg==	WzKEGYZYdGbJSPlEsQTuVjdRHqJB1pM0bSPKG8ZY/j0AAAAAAAAACgAAAAAAAAABAAAAAAAAAAYAAAAA	AAAAAgAAAAAAAAABDyirMqI/iOeVVHSw+FRgUc8NxUXD/QWAJaazATWQHkcAAAABRVVSAFGcsyL01ViUC6qgxG+J96JQboLrWuMP+fAvNLYMkp3ZAAAAAAAAAAB//////////wAAAAEAAAABAAAAAA8oqzKiP4jnlVR0sPhUYFHPDcVFw/0FgCWmswE1kB5HAAAAAlQL4/YAAAADAAAAAQAAAAEAAAAAAAAAAAEAAAAAAAAAAAAAAA==
299163167925d70d44b2632dfaaec8b6368646aeccfd0f7115007e1b035bdc2e	4	4	7xduZmiQ8HD/eiGpPms1Zyeh+x6y/Cm9/gelM5rL6zIAAAAKAAAAAwAAAAIAAAAAAAAAAAAAAAEAAAAAAAAABgAAAAFFVVIAUZyzIvTVWJQLqqDEb4n3olBuguta4w/58C80tgySndl//////////wAAAAHvF25mgXMFoJidkzA13QcRabySyrCY61K7v4lL7PO1T4uuIvwq0Th5I5JHXlwBpKlLb02Pko9u/290ldl3fR46sx9BBw==	KZFjFnkl1w1EsmMt+q7ItjaGRq7M/Q9xFQB+GwNb3C4AAAAAAAAACgAAAAAAAAABAAAAAAAAAAYAAAAA	AAAAAgAAAAAAAAAB7xduZmiQ8HD/eiGpPms1Zyeh+x6y/Cm9/gelM5rL6zIAAAABRVVSAFGcsyL01ViUC6qgxG+J96JQboLrWuMP+fAvNLYMkp3ZAAAAAAAAAAB//////////wAAAAEAAAABAAAAAO8XbmZokPBw/3ohqT5rNWcnofsesvwpvf4HpTOay+syAAAAAlQL4+wAAAADAAAAAgAAAAIAAAAAAAAAAAEAAAAAAAAAAAAAAA==
0f83a2eb879c9fe3934aae2b4773d0e66d0e1291b1168643cf36e99e2f4fcd8b	4	5	7xduZmiQ8HD/eiGpPms1Zyeh+x6y/Cm9/gelM5rL6zIAAAAKAAAAAwAAAAMAAAAAAAAAAAAAAAEAAAAAAAAABgAAAAExAAAAUZyzIvTVWJQLqqDEb4n3olBuguta4w/58C80tgySndl//////////wAAAAHvF25m/M0Qu1OwUoEkz/Ks2cJZRzY66a+eXIb3A1224WBHRjfMbe1RdJbaY19AAscQto72pawEkQYMlNLt7iYvbsJcAA==	D4Oi64ecn+OTSq4rR3PQ5m0OEpGxFoZDzzbpni9PzYsAAAAAAAAACgAAAAAAAAABAAAAAAAAAAYAAAAA	AAAAAgAAAAAAAAAB7xduZmiQ8HD/eiGpPms1Zyeh+x6y/Cm9/gelM5rL6zIAAAABMQAAAFGcsyL01ViUC6qgxG+J96JQboLrWuMP+fAvNLYMkp3ZAAAAAAAAAAB//////////wAAAAEAAAABAAAAAO8XbmZokPBw/3ohqT5rNWcnofsesvwpvf4HpTOay+syAAAAAlQL4+IAAAADAAAAAwAAAAMAAAAAAAAAAAEAAAAAAAAAAAAAAA==
79ea531295a5f04d37cf6e3393de246b65ba21e979f47bff7a56b06d73912583	4	6	7xduZmiQ8HD/eiGpPms1Zyeh+x6y/Cm9/gelM5rL6zIAAAAKAAAAAwAAAAQAAAAAAAAAAAAAAAEAAAAAAAAABgAAAAEyMQAAUZyzIvTVWJQLqqDEb4n3olBuguta4w/58C80tgySndl//////////wAAAAHvF25mvRedzg6/Amof2eb6og7o7ryou8ZJ+7MmSb/4QKxRQ+p4axj7kqqBZ6m3YdUlr1XqGd9ZU1ZtcJLKw8Me2KlCAA==	eepTEpWl8E03z24zk94ka2W6Iel59Hv/elawbXORJYMAAAAAAAAACgAAAAAAAAABAAAAAAAAAAYAAAAA	AAAAAgAAAAAAAAAB7xduZmiQ8HD/eiGpPms1Zyeh+x6y/Cm9/gelM5rL6zIAAAABMjEAAFGcsyL01ViUC6qgxG+J96JQboLrWuMP+fAvNLYMkp3ZAAAAAAAAAAB//////////wAAAAEAAAABAAAAAO8XbmZokPBw/3ohqT5rNWcnofsesvwpvf4HpTOay+syAAAAAlQL49gAAAADAAAABAAAAAQAAAAAAAAAAAEAAAAAAAAAAAAAAA==
cffb771bdc887e31cc6303e3f178ebebf58204b200dd82d9de705257090589f1	4	7	7xduZmiQ8HD/eiGpPms1Zyeh+x6y/Cm9/gelM5rL6zIAAAAKAAAAAwAAAAUAAAAAAAAAAAAAAAEAAAAAAAAABgAAAAEyMgAAUZyzIvTVWJQLqqDEb4n3olBuguta4w/58C80tgySndl//////////wAAAAHvF25m2P0sYDTef13QLeKR2SWwlc7KvCI1YQyMOevVdSpzI6k71XSo7ccG+DFU6tMmoVSsaazQABl+LAc3h1qlMluzDw==	z/t3G9yIfjHMYwPj8Xjr6/WCBLIA3YLZ3nBSVwkFifEAAAAAAAAACgAAAAAAAAABAAAAAAAAAAYAAAAA	AAAAAgAAAAAAAAAB7xduZmiQ8HD/eiGpPms1Zyeh+x6y/Cm9/gelM5rL6zIAAAABMjIAAFGcsyL01ViUC6qgxG+J96JQboLrWuMP+fAvNLYMkp3ZAAAAAAAAAAB//////////wAAAAEAAAABAAAAAO8XbmZokPBw/3ohqT5rNWcnofsesvwpvf4HpTOay+syAAAAAlQL484AAAADAAAABQAAAAUAAAAAAAAAAAEAAAAAAAAAAAAAAA==
6ce990ec2e483e381335d23b0806d9b003e4121df6d1260f5f7a105e75fe5f93	4	8	7xduZmiQ8HD/eiGpPms1Zyeh+x6y/Cm9/gelM5rL6zIAAAAKAAAAAwAAAAYAAAAAAAAAAAAAAAEAAAAAAAAABgAAAAEzMQAAUZyzIvTVWJQLqqDEb4n3olBuguta4w/58C80tgySndl//////////wAAAAHvF25meAqb5kc6t+zw594hV72GzpjBENbNZOEh8ibxKe6ouIXd1YUkt7sz/CxrJt1/EnkPLPPrjFghs5HjIYqMtWMhCA==	bOmQ7C5IPjgTNdI7CAbZsAPkEh320SYPX3oQXnX+X5MAAAAAAAAACgAAAAAAAAABAAAAAAAAAAYAAAAA	AAAAAgAAAAAAAAAB7xduZmiQ8HD/eiGpPms1Zyeh+x6y/Cm9/gelM5rL6zIAAAABMzEAAFGcsyL01ViUC6qgxG+J96JQboLrWuMP+fAvNLYMkp3ZAAAAAAAAAAB//////////wAAAAEAAAABAAAAAO8XbmZokPBw/3ohqT5rNWcnofsesvwpvf4HpTOay+syAAAAAlQL48QAAAADAAAABgAAAAYAAAAAAAAAAAEAAAAAAAAAAAAAAA==
ff62ab38df8decf97f0af415ab85464ecee9de0806e35833d665276378d6617e	4	9	7xduZmiQ8HD/eiGpPms1Zyeh+x6y/Cm9/gelM5rL6zIAAAAKAAAAAwAAAAcAAAAAAAAAAAAAAAEAAAAAAAAABgAAAAEzMgAAUZyzIvTVWJQLqqDEb4n3olBuguta4w/58C80tgySndl//////////wAAAAHvF25mFGGFBUYJxxNzLAkbesT2G6bMGziQGQbjqWzC5jGaMkd8xh0OZQtvo+V7JZYB/dURgPLgjAg+oJTbgKuHWJGbBA==	/2KrON+N7Pl/CvQVq4VGTs7p3ggG41gz1mUnY3jWYX4AAAAAAAAACgAAAAAAAAABAAAAAAAAAAYAAAAA	AAAAAgAAAAAAAAAB7xduZmiQ8HD/eiGpPms1Zyeh+x6y/Cm9/gelM5rL6zIAAAABMzIAAFGcsyL01ViUC6qgxG+J96JQboLrWuMP+fAvNLYMkp3ZAAAAAAAAAAB//////////wAAAAEAAAABAAAAAO8XbmZokPBw/3ohqT5rNWcnofsesvwpvf4HpTOay+syAAAAAlQL47oAAAADAAAABwAAAAcAAAAAAAAAAAEAAAAAAAAAAAAAAA==
a473c295e0fc3483f753c74c7b467f0db7b8fd7450f3eda013b4d8907fe7000b	4	10	7xduZmiQ8HD/eiGpPms1Zyeh+x6y/Cm9/gelM5rL6zIAAAAKAAAAAwAAAAgAAAAAAAAAAAAAAAEAAAAAAAAABgAAAAEzMwAAUZyzIvTVWJQLqqDEb4n3olBuguta4w/58C80tgySndl//////////wAAAAHvF25mLacD2HcCp+H1cfHR2MPjAvblCIY5zPzhw7yTorgiBSYwmgdrT/NaJs7pumm8XYT/JNWqR+HGHZRqce/JR2MhDg==	pHPCleD8NIP3U8dMe0Z/Dbe4/XRQ8+2gE7TYkH/nAAsAAAAAAAAACgAAAAAAAAABAAAAAAAAAAYAAAAA	AAAAAgAAAAAAAAAB7xduZmiQ8HD/eiGpPms1Zyeh+x6y/Cm9/gelM5rL6zIAAAABMzMAAFGcsyL01ViUC6qgxG+J96JQboLrWuMP+fAvNLYMkp3ZAAAAAAAAAAB//////////wAAAAEAAAABAAAAAO8XbmZokPBw/3ohqT5rNWcnofsesvwpvf4HpTOay+syAAAAAlQL47AAAAADAAAACAAAAAgAAAAAAAAAAAEAAAAAAAAAAAAAAA==
556c827c93b28e89a646fee61a9058571b7b5205e9ad5f99e035c703e08a8a84	5	1	UZyzIvTVWJQLqqDEb4n3olBuguta4w/58C80tgySndkAAAAKAAAAAwAAAAEAAAAAAAAAAAAAAAEAAAAAAAAAAVwgpvhVN35so2GrWocE7A6QeF7HO3NNPamG1hbldUGsAAAAAVVTRABRnLMi9NVYlAuqoMRvifeiUG6C61rjD/nwLzS2DJKd2QAAAAAAABOIAAAAAVGcsyJQQWzbo0D9de2dHNyiaybR1iyVvuYTFOsGOq6cZgei0hVoLDEdTTNFq8izqlAd3Nnxceim9SqQxn+AGvdILOoK	VWyCfJOyjommRv7mGpBYVxt7UgXprV+Z4DXHA+CKioQAAAAAAAAACgAAAAAAAAABAAAAAAAAAAEAAAAA	AAAAAgAAAAEAAAAAUZyzIvTVWJQLqqDEb4n3olBuguta4w/58C80tgySndkAAAACVAvj9gAAAAMAAAABAAAAAAAAAAAAAAAAAQAAAAAAAAAAAAAAAAAAAQAAAAFcIKb4VTd+bKNhq1qHBOwOkHhexztzTT2phtYW5XVBrAAAAAFVU0QAUZyzIvTVWJQLqqDEb4n3olBuguta4w/58C80tgySndkAAAAAAAATiH//////////AAAAAQ==
315a8f6be9649c8ce42205c2cdaf675dd11767a33a19f161d4fd76df86da6b83	5	2	UZyzIvTVWJQLqqDEb4n3olBuguta4w/58C80tgySndkAAAAKAAAAAwAAAAIAAAAAAAAAAAAAAAEAAAAAAAAAAe8XbmZokPBw/3ohqT5rNWcnofsesvwpvf4HpTOay+syAAAAAUVVUgBRnLMi9NVYlAuqoMRvifeiUG6C61rjD/nwLzS2DJKd2QAAAAAAABOIAAAAAVGcsyJ4wDfnbE6TT/q1XEvt87zfb7AR4x+XRD+87OgEZmc2/eHe+v0rhKNOZutmrQehE2Gm4T4RwgUqOlOgOwzKmFsP	MVqPa+lknIzkIgXCza9nXdEXZ6M6GfFh1P1234baa4MAAAAAAAAACgAAAAAAAAABAAAAAAAAAAEAAAAA	AAAAAgAAAAEAAAAAUZyzIvTVWJQLqqDEb4n3olBuguta4w/58C80tgySndkAAAACVAvj7AAAAAMAAAACAAAAAAAAAAAAAAAAAQAAAAAAAAAAAAAAAAAAAQAAAAHvF25maJDwcP96Iak+azVnJ6H7HrL8Kb3+B6UzmsvrMgAAAAFFVVIAUZyzIvTVWJQLqqDEb4n3olBuguta4w/58C80tgySndkAAAAAAAATiH//////////AAAAAQ==
208937c32be6da97d73da0d6ce11767415aa0e1093aa8c73bd9a172815557c7f	5	3	UZyzIvTVWJQLqqDEb4n3olBuguta4w/58C80tgySndkAAAAKAAAAAwAAAAMAAAAAAAAAAAAAAAEAAAAAAAAAAe8XbmZokPBw/3ohqT5rNWcnofsesvwpvf4HpTOay+syAAAAATEAAABRnLMi9NVYlAuqoMRvifeiUG6C61rjD/nwLzS2DJKd2QAAAAAAABOIAAAAAVGcsyLnw5fsaq64uBW4CqPW4gYsI9SNSLju9H1WmiI2UWgiT1zs/bDItPzH09UzwsMroEyW69dK/gW5hS0vrfwBJAoH	IIk3wyvm2pfXPaDWzhF2dBWqDhCTqoxzvZoXKBVVfH8AAAAAAAAACgAAAAAAAAABAAAAAAAAAAEAAAAA	AAAAAgAAAAEAAAAAUZyzIvTVWJQLqqDEb4n3olBuguta4w/58C80tgySndkAAAACVAvj4gAAAAMAAAADAAAAAAAAAAAAAAAAAQAAAAAAAAAAAAAAAAAAAQAAAAHvF25maJDwcP96Iak+azVnJ6H7HrL8Kb3+B6UzmsvrMgAAAAExAAAAUZyzIvTVWJQLqqDEb4n3olBuguta4w/58C80tgySndkAAAAAAAATiH//////////AAAAAQ==
012ade991fe738dac4d524f913fcd925619de8fb5073cedb23962e369315ce29	5	4	UZyzIvTVWJQLqqDEb4n3olBuguta4w/58C80tgySndkAAAAKAAAAAwAAAAQAAAAAAAAAAAAAAAEAAAAAAAAAAe8XbmZokPBw/3ohqT5rNWcnofsesvwpvf4HpTOay+syAAAAATIxAABRnLMi9NVYlAuqoMRvifeiUG6C61rjD/nwLzS2DJKd2QAAAAAAABOIAAAAAVGcsyLYkLU1broPJxFbz6MRDZ1tHk30cD3+4NODzaFN/XYLlxq3J+/43us4AqQjPfKR3RSSE/buwyBnLo/y7dIGm5UM	ASremR/nONrE1ST5E/zZJWGd6PtQc87bI5YuNpMVzikAAAAAAAAACgAAAAAAAAABAAAAAAAAAAEAAAAA	AAAAAgAAAAEAAAAAUZyzIvTVWJQLqqDEb4n3olBuguta4w/58C80tgySndkAAAACVAvj2AAAAAMAAAAEAAAAAAAAAAAAAAAAAQAAAAAAAAAAAAAAAAAAAQAAAAHvF25maJDwcP96Iak+azVnJ6H7HrL8Kb3+B6UzmsvrMgAAAAEyMQAAUZyzIvTVWJQLqqDEb4n3olBuguta4w/58C80tgySndkAAAAAAAATiH//////////AAAAAQ==
57a3f18d7f49389366a5edf2a6a930f95df4b651681bfd551ce023c64abaab1c	5	5	UZyzIvTVWJQLqqDEb4n3olBuguta4w/58C80tgySndkAAAAKAAAAAwAAAAUAAAAAAAAAAAAAAAEAAAAAAAAAAe8XbmZokPBw/3ohqT5rNWcnofsesvwpvf4HpTOay+syAAAAATIyAABRnLMi9NVYlAuqoMRvifeiUG6C61rjD/nwLzS2DJKd2QAAAAAAABOIAAAAAVGcsyK+K/ajtInxXlzx9tTLSvy9YMGkOgXLwI5zfrPQgDtqhuBnnryUPygW9E1Meo1ZXoGppODNrJ6ldWW/CSlywSIH	V6PxjX9JOJNmpe3ypqkw+V30tlFoG/1VHOAjxkq6qxwAAAAAAAAACgAAAAAAAAABAAAAAAAAAAEAAAAA	AAAAAgAAAAEAAAAAUZyzIvTVWJQLqqDEb4n3olBuguta4w/58C80tgySndkAAAACVAvjzgAAAAMAAAAFAAAAAAAAAAAAAAAAAQAAAAAAAAAAAAAAAAAAAQAAAAHvF25maJDwcP96Iak+azVnJ6H7HrL8Kb3+B6UzmsvrMgAAAAEyMgAAUZyzIvTVWJQLqqDEb4n3olBuguta4w/58C80tgySndkAAAAAAAATiH//////////AAAAAQ==
ae337f74457ca9d2375e3eb38ac0bf5fa6f89a82e41708fd6b25906178ba02ea	5	6	UZyzIvTVWJQLqqDEb4n3olBuguta4w/58C80tgySndkAAAAKAAAAAwAAAAYAAAAAAAAAAAAAAAEAAAAAAAAAAe8XbmZokPBw/3ohqT5rNWcnofsesvwpvf4HpTOay+syAAAAATMxAABRnLMi9NVYlAuqoMRvifeiUG6C61rjD/nwLzS2DJKd2QAAAAAAABOIAAAAAVGcsyKRmobJ4FZ9uUf1WZsZxvLslaTWTNTscNE0rH2wnrqgdDgeOJswSOGIUZKkk/vFqPuKx/QgDK8cU9CRGoypQ50C	rjN/dEV8qdI3Xj6zisC/X6b4moLkFwj9ayWQYXi6AuoAAAAAAAAACgAAAAAAAAABAAAAAAAAAAEAAAAA	AAAAAgAAAAEAAAAAUZyzIvTVWJQLqqDEb4n3olBuguta4w/58C80tgySndkAAAACVAvjxAAAAAMAAAAGAAAAAAAAAAAAAAAAAQAAAAAAAAAAAAAAAAAAAQAAAAHvF25maJDwcP96Iak+azVnJ6H7HrL8Kb3+B6UzmsvrMgAAAAEzMQAAUZyzIvTVWJQLqqDEb4n3olBuguta4w/58C80tgySndkAAAAAAAATiH//////////AAAAAQ==
c5da93996dbf0c1d3f8e0b33ae18f9ba0eb01c00ad5921b2330e8cbd777d4e37	5	7	UZyzIvTVWJQLqqDEb4n3olBuguta4w/58C80tgySndkAAAAKAAAAAwAAAAcAAAAAAAAAAAAAAAEAAAAAAAAAAe8XbmZokPBw/3ohqT5rNWcnofsesvwpvf4HpTOay+syAAAAATMyAABRnLMi9NVYlAuqoMRvifeiUG6C61rjD/nwLzS2DJKd2QAAAAAAABOIAAAAAVGcsyIdD2KnZmWuZwH7l3bQL/zuJpSdSR5PtlTzm+UrmJSUf9JLsPYpat2ZK5vvnGv50q6gw4o4ZLsAWrInTr78pJED	xdqTmW2/DB0/jgszrhj5ug6wHACtWSGyMw6MvXd9TjcAAAAAAAAACgAAAAAAAAABAAAAAAAAAAEAAAAA	AAAAAgAAAAEAAAAAUZyzIvTVWJQLqqDEb4n3olBuguta4w/58C80tgySndkAAAACVAvjugAAAAMAAAAHAAAAAAAAAAAAAAAAAQAAAAAAAAAAAAAAAAAAAQAAAAHvF25maJDwcP96Iak+azVnJ6H7HrL8Kb3+B6UzmsvrMgAAAAEzMgAAUZyzIvTVWJQLqqDEb4n3olBuguta4w/58C80tgySndkAAAAAAAATiH//////////AAAAAQ==
6994d8d3e10b08364136118b99d9bc0bd0d56efa6e7b758ab49f3d510a37f73e	5	8	UZyzIvTVWJQLqqDEb4n3olBuguta4w/58C80tgySndkAAAAKAAAAAwAAAAgAAAAAAAAAAAAAAAEAAAAAAAAAAe8XbmZokPBw/3ohqT5rNWcnofsesvwpvf4HpTOay+syAAAAATMzAABRnLMi9NVYlAuqoMRvifeiUG6C61rjD/nwLzS2DJKd2QAAAAAAABOIAAAAAVGcsyKMUCh3fs7xAIIwGvcr6OKkmtVFUDsWwJJMWAAbAnA3SevsgSUlONnjNmzsGS/9M/M0lUlvP2uMui/b7D7OCvUN	aZTY0+ELCDZBNhGLmdm8C9DVbvpue3WKtJ89UQo39z4AAAAAAAAACgAAAAAAAAABAAAAAAAAAAEAAAAA	AAAAAgAAAAEAAAAAUZyzIvTVWJQLqqDEb4n3olBuguta4w/58C80tgySndkAAAACVAvjsAAAAAMAAAAIAAAAAAAAAAAAAAAAAQAAAAAAAAAAAAAAAAAAAQAAAAHvF25maJDwcP96Iak+azVnJ6H7HrL8Kb3+B6UzmsvrMgAAAAEzMwAAUZyzIvTVWJQLqqDEb4n3olBuguta4w/58C80tgySndkAAAAAAAATiH//////////AAAAAQ==
e254419d1ffedd9afbd1db91a219fdcbff375b04515f942baee8f40d85af209e	6	1	7xduZmiQ8HD/eiGpPms1Zyeh+x6y/Cm9/gelM5rL6zIAAAAKAAAAAwAAAAkAAAAAAAAAAAAAAAEAAAAAAAAAAwAAAAFFVVIAUZyzIvTVWJQLqqDEb4n3olBuguta4w/58C80tgySndkAAAABVVNEAFGcsyL01ViUC6qgxG+J96JQboLrWuMP+fAvNLYMkp3ZAAAAAAAAAAoAAAABAAAAAQAAAAAAAAAAAAAAAe8XbmanFVKu0ukmMw8nFOJ60ysPJrqKzhbFDOnZ7nkwNvTqDF4ftmDw09S6ZAwTRH7uBUDfZ7hdILXn7eq6jigAXS0F	4lRBnR/+3Zr70duRohn9y/83WwRRX5Qrruj0DYWvIJ4AAAAAAAAACgAAAAAAAAABAAAAAAAAAAMAAAAAAAAAAAAAAADvF25maJDwcP96Iak+azVnJ6H7HrL8Kb3+B6UzmsvrMgAAAAAAAAABAAAAAUVVUgBRnLMi9NVYlAuqoMRvifeiUG6C61rjD/nwLzS2DJKd2QAAAAFVU0QAUZyzIvTVWJQLqqDEb4n3olBuguta4w/58C80tgySndkAAAAAAAAACgAAAAEAAAABAAAAAA==	AAAAAgAAAAAAAAAC7xduZmiQ8HD/eiGpPms1Zyeh+x6y/Cm9/gelM5rL6zIAAAAAAAAAAQAAAAFFVVIAUZyzIvTVWJQLqqDEb4n3olBuguta4w/58C80tgySndkAAAABVVNEAFGcsyL01ViUC6qgxG+J96JQboLrWuMP+fAvNLYMkp3ZAAAAAAAAAAoAAAABAAAAAQAAAAAAAAABAAAAAO8XbmZokPBw/3ohqT5rNWcnofsesvwpvf4HpTOay+syAAAAAlQL46YAAAADAAAACQAAAAkAAAAAAAAAAAEAAAAAAAAAAAAAAA==
fda3121593b39aa4273791fbb8e13b62a9653780abceb4eed95016540b756d39	6	2	7xduZmiQ8HD/eiGpPms1Zyeh+x6y/Cm9/gelM5rL6zIAAAAKAAAAAwAAAAoAAAAAAAAAAAAAAAEAAAAAAAAAAwAAAAExAAAAUZyzIvTVWJQLqqDEb4n3olBuguta4w/58C80tgySndkAAAABVVNEAFGcsyL01ViUC6qgxG+J96JQboLrWuMP+fAvNLYMkp3ZAAAAAAAAABQAAAABAAAAAQAAAAAAAAAAAAAAAe8XbmbNlRS1AC+w5A4+J7aUCLkyDsMID9n4CMpNwbB8aXN65rZtl+TjenPHKwKiNu/vQlxVjGbl2nMm26It4Acqh0MD	/aMSFZOzmqQnN5H7uOE7YqllN4CrzrTu2VAWVAt1bTkAAAAAAAAACgAAAAAAAAABAAAAAAAAAAMAAAAAAAAAAAAAAADvF25maJDwcP96Iak+azVnJ6H7HrL8Kb3+B6UzmsvrMgAAAAAAAAACAAAAATEAAABRnLMi9NVYlAuqoMRvifeiUG6C61rjD/nwLzS2DJKd2QAAAAFVU0QAUZyzIvTVWJQLqqDEb4n3olBuguta4w/58C80tgySndkAAAAAAAAAFAAAAAEAAAABAAAAAA==	AAAAAgAAAAAAAAAC7xduZmiQ8HD/eiGpPms1Zyeh+x6y/Cm9/gelM5rL6zIAAAAAAAAAAgAAAAExAAAAUZyzIvTVWJQLqqDEb4n3olBuguta4w/58C80tgySndkAAAABVVNEAFGcsyL01ViUC6qgxG+J96JQboLrWuMP+fAvNLYMkp3ZAAAAAAAAABQAAAABAAAAAQAAAAAAAAABAAAAAO8XbmZokPBw/3ohqT5rNWcnofsesvwpvf4HpTOay+syAAAAAlQL45wAAAADAAAACgAAAAoAAAAAAAAAAAEAAAAAAAAAAAAAAA==
bd95b76f8c560039ef4940b752b66c3410c757621b16b09463f53e659493591b	6	3	7xduZmiQ8HD/eiGpPms1Zyeh+x6y/Cm9/gelM5rL6zIAAAAKAAAAAwAAAAsAAAAAAAAAAAAAAAEAAAAAAAAAAwAAAAFFVVIAUZyzIvTVWJQLqqDEb4n3olBuguta4w/58C80tgySndkAAAABMQAAAFGcsyL01ViUC6qgxG+J96JQboLrWuMP+fAvNLYMkp3ZAAAAAAAAABQAAAABAAAAAQAAAAAAAAAAAAAAAe8Xbma6tJjgw31NPdr6h2F2BtMGXWnVrhofh2WyHsznpLYtiri6SBrbkqhODnDhiJHmLQ/vteoS+5KTQH7VbgJMlysF	vZW3b4xWADnvSUC3UrZsNBDHV2IbFrCUY/U+ZZSTWRsAAAAAAAAACgAAAAAAAAABAAAAAAAAAAMAAAAAAAAAAAAAAADvF25maJDwcP96Iak+azVnJ6H7HrL8Kb3+B6UzmsvrMgAAAAAAAAADAAAAAUVVUgBRnLMi9NVYlAuqoMRvifeiUG6C61rjD/nwLzS2DJKd2QAAAAExAAAAUZyzIvTVWJQLqqDEb4n3olBuguta4w/58C80tgySndkAAAAAAAAAFAAAAAEAAAABAAAAAA==	AAAAAgAAAAAAAAAC7xduZmiQ8HD/eiGpPms1Zyeh+x6y/Cm9/gelM5rL6zIAAAAAAAAAAwAAAAFFVVIAUZyzIvTVWJQLqqDEb4n3olBuguta4w/58C80tgySndkAAAABMQAAAFGcsyL01ViUC6qgxG+J96JQboLrWuMP+fAvNLYMkp3ZAAAAAAAAABQAAAABAAAAAQAAAAAAAAABAAAAAO8XbmZokPBw/3ohqT5rNWcnofsesvwpvf4HpTOay+syAAAAAlQL45IAAAADAAAACwAAAAsAAAAAAAAAAAEAAAAAAAAAAAAAAA==
9ff663d6c10e3138717e744536135b01829b79674eaa87b062bdcb1509c9be53	6	4	7xduZmiQ8HD/eiGpPms1Zyeh+x6y/Cm9/gelM5rL6zIAAAAKAAAAAwAAAAwAAAAAAAAAAAAAAAEAAAAAAAAAAwAAAAEyMQAAUZyzIvTVWJQLqqDEb4n3olBuguta4w/58C80tgySndkAAAABVVNEAFGcsyL01ViUC6qgxG+J96JQboLrWuMP+fAvNLYMkp3ZAAAAAAAAAB4AAAABAAAAAQAAAAAAAAAAAAAAAe8XbmaViBSA0iW4oyFv6qJoS+zPqNJREmMNxCLEveBuKhUg5VRz2x/p7Ro5vOOLx9b2OtceP3tFy2SoOOHTzLUOzOAH	n/Zj1sEOMThxfnRFNhNbAYKbeWdOqoewYr3LFQnJvlMAAAAAAAAACgAAAAAAAAABAAAAAAAAAAMAAAAAAAAAAAAAAADvF25maJDwcP96Iak+azVnJ6H7HrL8Kb3+B6UzmsvrMgAAAAAAAAAEAAAAATIxAABRnLMi9NVYlAuqoMRvifeiUG6C61rjD/nwLzS2DJKd2QAAAAFVU0QAUZyzIvTVWJQLqqDEb4n3olBuguta4w/58C80tgySndkAAAAAAAAAHgAAAAEAAAABAAAAAA==	AAAAAgAAAAAAAAAC7xduZmiQ8HD/eiGpPms1Zyeh+x6y/Cm9/gelM5rL6zIAAAAAAAAABAAAAAEyMQAAUZyzIvTVWJQLqqDEb4n3olBuguta4w/58C80tgySndkAAAABVVNEAFGcsyL01ViUC6qgxG+J96JQboLrWuMP+fAvNLYMkp3ZAAAAAAAAAB4AAAABAAAAAQAAAAAAAAABAAAAAO8XbmZokPBw/3ohqT5rNWcnofsesvwpvf4HpTOay+syAAAAAlQL44gAAAADAAAADAAAAAwAAAAAAAAAAAEAAAAAAAAAAAAAAA==
238f0419d20c0c30177ba1a72d78d1f58d3cca4ed0cd8f4ba7047993424c3708	6	5	7xduZmiQ8HD/eiGpPms1Zyeh+x6y/Cm9/gelM5rL6zIAAAAKAAAAAwAAAA0AAAAAAAAAAAAAAAEAAAAAAAAAAwAAAAEyMgAAUZyzIvTVWJQLqqDEb4n3olBuguta4w/58C80tgySndkAAAABMjEAAFGcsyL01ViUC6qgxG+J96JQboLrWuMP+fAvNLYMkp3ZAAAAAAAAAB4AAAABAAAAAQAAAAAAAAAAAAAAAe8XbmYnv8zmW2/hPUFTySpGHuEvuADf88TPmjKjCHO9gabbwCrSuTxRVBq9i5YyOB1HX+y6Qk3jrqtbLLoESFQgzAoO	I48EGdIMDDAXe6GnLXjR9Y08yk7QzY9LpwR5k0JMNwgAAAAAAAAACgAAAAAAAAABAAAAAAAAAAMAAAAAAAAAAAAAAADvF25maJDwcP96Iak+azVnJ6H7HrL8Kb3+B6UzmsvrMgAAAAAAAAAFAAAAATIyAABRnLMi9NVYlAuqoMRvifeiUG6C61rjD/nwLzS2DJKd2QAAAAEyMQAAUZyzIvTVWJQLqqDEb4n3olBuguta4w/58C80tgySndkAAAAAAAAAHgAAAAEAAAABAAAAAA==	AAAAAgAAAAAAAAAC7xduZmiQ8HD/eiGpPms1Zyeh+x6y/Cm9/gelM5rL6zIAAAAAAAAABQAAAAEyMgAAUZyzIvTVWJQLqqDEb4n3olBuguta4w/58C80tgySndkAAAABMjEAAFGcsyL01ViUC6qgxG+J96JQboLrWuMP+fAvNLYMkp3ZAAAAAAAAAB4AAAABAAAAAQAAAAAAAAABAAAAAO8XbmZokPBw/3ohqT5rNWcnofsesvwpvf4HpTOay+syAAAAAlQL434AAAADAAAADQAAAA0AAAAAAAAAAAEAAAAAAAAAAAAAAA==
2e5b428e2138afdca80bdbac054e3d0a2c843b3797d1f980acd00026af638a3e	6	6	7xduZmiQ8HD/eiGpPms1Zyeh+x6y/Cm9/gelM5rL6zIAAAAKAAAAAwAAAA4AAAAAAAAAAAAAAAEAAAAAAAAAAwAAAAFFVVIAUZyzIvTVWJQLqqDEb4n3olBuguta4w/58C80tgySndkAAAABMjIAAFGcsyL01ViUC6qgxG+J96JQboLrWuMP+fAvNLYMkp3ZAAAAAAAAAB4AAAABAAAAAQAAAAAAAAAAAAAAAe8Xbma4dHQned4/TlBodSoEGWA/foqI6imGqr6P1Oe4dk/drJ3L597hX//a4Z46G061rNX2jnN3w0QoarjB8CAITDkC	LltCjiE4r9yoC9usBU49CiyEOzeX0fmArNAAJq9jij4AAAAAAAAACgAAAAAAAAABAAAAAAAAAAMAAAAAAAAAAAAAAADvF25maJDwcP96Iak+azVnJ6H7HrL8Kb3+B6UzmsvrMgAAAAAAAAAGAAAAAUVVUgBRnLMi9NVYlAuqoMRvifeiUG6C61rjD/nwLzS2DJKd2QAAAAEyMgAAUZyzIvTVWJQLqqDEb4n3olBuguta4w/58C80tgySndkAAAAAAAAAHgAAAAEAAAABAAAAAA==	AAAAAgAAAAAAAAAC7xduZmiQ8HD/eiGpPms1Zyeh+x6y/Cm9/gelM5rL6zIAAAAAAAAABgAAAAFFVVIAUZyzIvTVWJQLqqDEb4n3olBuguta4w/58C80tgySndkAAAABMjIAAFGcsyL01ViUC6qgxG+J96JQboLrWuMP+fAvNLYMkp3ZAAAAAAAAAB4AAAABAAAAAQAAAAAAAAABAAAAAO8XbmZokPBw/3ohqT5rNWcnofsesvwpvf4HpTOay+syAAAAAlQL43QAAAADAAAADgAAAA4AAAAAAAAAAAEAAAAAAAAAAAAAAA==
bd4b08e05d21a2c803fa1f8cb82bcf326574b6dc9bb8bd34576ba990803f446d	6	7	7xduZmiQ8HD/eiGpPms1Zyeh+x6y/Cm9/gelM5rL6zIAAAAKAAAAAwAAAA8AAAAAAAAAAAAAAAEAAAAAAAAAAwAAAAEzMQAAUZyzIvTVWJQLqqDEb4n3olBuguta4w/58C80tgySndkAAAABVVNEAFGcsyL01ViUC6qgxG+J96JQboLrWuMP+fAvNLYMkp3ZAAAAAAAAACgAAAABAAAAAQAAAAAAAAAAAAAAAe8XbmbGHjiLw791BzbpRHgB6q80l3AMn6krJJoLn9Foy3j38JPYsCfiMrB2+SUrPHotvv5z3YNG6CKzLkEqX7Qwcd8E	vUsI4F0hosgD+h+MuCvPMmV0ttybuL00V2upkIA/RG0AAAAAAAAACgAAAAAAAAABAAAAAAAAAAMAAAAAAAAAAAAAAADvF25maJDwcP96Iak+azVnJ6H7HrL8Kb3+B6UzmsvrMgAAAAAAAAAHAAAAATMxAABRnLMi9NVYlAuqoMRvifeiUG6C61rjD/nwLzS2DJKd2QAAAAFVU0QAUZyzIvTVWJQLqqDEb4n3olBuguta4w/58C80tgySndkAAAAAAAAAKAAAAAEAAAABAAAAAA==	AAAAAgAAAAAAAAAC7xduZmiQ8HD/eiGpPms1Zyeh+x6y/Cm9/gelM5rL6zIAAAAAAAAABwAAAAEzMQAAUZyzIvTVWJQLqqDEb4n3olBuguta4w/58C80tgySndkAAAABVVNEAFGcsyL01ViUC6qgxG+J96JQboLrWuMP+fAvNLYMkp3ZAAAAAAAAACgAAAABAAAAAQAAAAAAAAABAAAAAO8XbmZokPBw/3ohqT5rNWcnofsesvwpvf4HpTOay+syAAAAAlQL42oAAAADAAAADwAAAA8AAAAAAAAAAAEAAAAAAAAAAAAAAA==
3adca7921f1c3de5637557f560a204e86d94d20f35586be79ce88af5714d903e	6	8	7xduZmiQ8HD/eiGpPms1Zyeh+x6y/Cm9/gelM5rL6zIAAAAKAAAAAwAAABAAAAAAAAAAAAAAAAEAAAAAAAAAAwAAAAEzMgAAUZyzIvTVWJQLqqDEb4n3olBuguta4w/58C80tgySndkAAAABMzEAAFGcsyL01ViUC6qgxG+J96JQboLrWuMP+fAvNLYMkp3ZAAAAAAAAACgAAAABAAAAAQAAAAAAAAAAAAAAAe8XbmYVI2azjE4ChNpMiyuqraVr88v8j1ix6ls2u9OvKktfWVpbSTS3F7eiRx0yuklYffihEpQux+ZF6AZ00rcVMKsC	Otynkh8cPeVjdVf1YKIE6G2U0g81WGvnnOiK9XFNkD4AAAAAAAAACgAAAAAAAAABAAAAAAAAAAMAAAAAAAAAAAAAAADvF25maJDwcP96Iak+azVnJ6H7HrL8Kb3+B6UzmsvrMgAAAAAAAAAIAAAAATMyAABRnLMi9NVYlAuqoMRvifeiUG6C61rjD/nwLzS2DJKd2QAAAAEzMQAAUZyzIvTVWJQLqqDEb4n3olBuguta4w/58C80tgySndkAAAAAAAAAKAAAAAEAAAABAAAAAA==	AAAAAgAAAAAAAAAC7xduZmiQ8HD/eiGpPms1Zyeh+x6y/Cm9/gelM5rL6zIAAAAAAAAACAAAAAEzMgAAUZyzIvTVWJQLqqDEb4n3olBuguta4w/58C80tgySndkAAAABMzEAAFGcsyL01ViUC6qgxG+J96JQboLrWuMP+fAvNLYMkp3ZAAAAAAAAACgAAAABAAAAAQAAAAAAAAABAAAAAO8XbmZokPBw/3ohqT5rNWcnofsesvwpvf4HpTOay+syAAAAAlQL42AAAAADAAAAEAAAABAAAAAAAAAAAAEAAAAAAAAAAAAAAA==
1d8d84bfea8a376128264558522c2090d22faaa49a574e6a15349a2a19077e2a	6	9	7xduZmiQ8HD/eiGpPms1Zyeh+x6y/Cm9/gelM5rL6zIAAAAKAAAAAwAAABEAAAAAAAAAAAAAAAEAAAAAAAAAAwAAAAEzMwAAUZyzIvTVWJQLqqDEb4n3olBuguta4w/58C80tgySndkAAAABMzIAAFGcsyL01ViUC6qgxG+J96JQboLrWuMP+fAvNLYMkp3ZAAAAAAAAACgAAAABAAAAAQAAAAAAAAAAAAAAAe8XbmaQM+AuTBZSdWJBxIOWivS/TIHAXBG6W8d38ZM/DWuofDGJ7Wk8hM8tPM+Ylz3Ob7bx5W2TEWTO2G3NaLd7/msF	HY2Ev+qKN2EoJkVYUiwgkNIvqqSaV05qFTSaKhkHfioAAAAAAAAACgAAAAAAAAABAAAAAAAAAAMAAAAAAAAAAAAAAADvF25maJDwcP96Iak+azVnJ6H7HrL8Kb3+B6UzmsvrMgAAAAAAAAAJAAAAATMzAABRnLMi9NVYlAuqoMRvifeiUG6C61rjD/nwLzS2DJKd2QAAAAEzMgAAUZyzIvTVWJQLqqDEb4n3olBuguta4w/58C80tgySndkAAAAAAAAAKAAAAAEAAAABAAAAAA==	AAAAAgAAAAAAAAAC7xduZmiQ8HD/eiGpPms1Zyeh+x6y/Cm9/gelM5rL6zIAAAAAAAAACQAAAAEzMwAAUZyzIvTVWJQLqqDEb4n3olBuguta4w/58C80tgySndkAAAABMzIAAFGcsyL01ViUC6qgxG+J96JQboLrWuMP+fAvNLYMkp3ZAAAAAAAAACgAAAABAAAAAQAAAAAAAAABAAAAAO8XbmZokPBw/3ohqT5rNWcnofsesvwpvf4HpTOay+syAAAAAlQL41YAAAADAAAAEQAAABEAAAAAAAAAAAEAAAAAAAAAAAAAAA==
f111bfcaf5d1657dfbc4b7120e50dc70002ce231860d20ab81f0a61279a3d605	6	10	7xduZmiQ8HD/eiGpPms1Zyeh+x6y/Cm9/gelM5rL6zIAAAAKAAAAAwAAABIAAAAAAAAAAAAAAAEAAAAAAAAAAwAAAAFFVVIAUZyzIvTVWJQLqqDEb4n3olBuguta4w/58C80tgySndkAAAABMzMAAFGcsyL01ViUC6qgxG+J96JQboLrWuMP+fAvNLYMkp3ZAAAAAAAAACgAAAABAAAAAQAAAAAAAAAAAAAAAe8XbmY5FjzMMN7agG0wWiGBCB+v3qO9zwJ/p6wmcvUcb1tVKGoAwWjYWjsy4u5Y259WCAwCx3/c1XFDM3IGIvhlSZsD	8RG/yvXRZX37xLcSDlDccAAs4jGGDSCrgfCmEnmj1gUAAAAAAAAACgAAAAAAAAABAAAAAAAAAAMAAAAAAAAAAAAAAADvF25maJDwcP96Iak+azVnJ6H7HrL8Kb3+B6UzmsvrMgAAAAAAAAAKAAAAAUVVUgBRnLMi9NVYlAuqoMRvifeiUG6C61rjD/nwLzS2DJKd2QAAAAEzMwAAUZyzIvTVWJQLqqDEb4n3olBuguta4w/58C80tgySndkAAAAAAAAAKAAAAAEAAAABAAAAAA==	AAAAAgAAAAAAAAAC7xduZmiQ8HD/eiGpPms1Zyeh+x6y/Cm9/gelM5rL6zIAAAAAAAAACgAAAAFFVVIAUZyzIvTVWJQLqqDEb4n3olBuguta4w/58C80tgySndkAAAABMzMAAFGcsyL01ViUC6qgxG+J96JQboLrWuMP+fAvNLYMkp3ZAAAAAAAAACgAAAABAAAAAQAAAAAAAAABAAAAAO8XbmZokPBw/3ohqT5rNWcnofsesvwpvf4HpTOay+syAAAAAlQL40wAAAADAAAAEgAAABIAAAAAAAAAAAEAAAAAAAAAAAAAAA==
\.


--
-- Name: accounts_pkey; Type: CONSTRAINT; Schema: public; Owner: -; Tablespace: 
--

ALTER TABLE ONLY accounts
    ADD CONSTRAINT accounts_pkey PRIMARY KEY (accountid);


--
-- Name: ledgerheaders_ledgerseq_key; Type: CONSTRAINT; Schema: public; Owner: -; Tablespace: 
--

ALTER TABLE ONLY ledgerheaders
    ADD CONSTRAINT ledgerheaders_ledgerseq_key UNIQUE (ledgerseq);


--
-- Name: ledgerheaders_pkey; Type: CONSTRAINT; Schema: public; Owner: -; Tablespace: 
--

ALTER TABLE ONLY ledgerheaders
    ADD CONSTRAINT ledgerheaders_pkey PRIMARY KEY (ledgerhash);


--
-- Name: offers_pkey; Type: CONSTRAINT; Schema: public; Owner: -; Tablespace: 
--

ALTER TABLE ONLY offers
    ADD CONSTRAINT offers_pkey PRIMARY KEY (offerid);


--
-- Name: peers_pkey; Type: CONSTRAINT; Schema: public; Owner: -; Tablespace: 
--

ALTER TABLE ONLY peers
    ADD CONSTRAINT peers_pkey PRIMARY KEY (ip, port);


--
-- Name: signers_pkey; Type: CONSTRAINT; Schema: public; Owner: -; Tablespace: 
--

ALTER TABLE ONLY signers
    ADD CONSTRAINT signers_pkey PRIMARY KEY (accountid, publickey);


--
-- Name: storestate_pkey; Type: CONSTRAINT; Schema: public; Owner: -; Tablespace: 
--

ALTER TABLE ONLY storestate
    ADD CONSTRAINT storestate_pkey PRIMARY KEY (statename);


--
-- Name: trustlines_pkey; Type: CONSTRAINT; Schema: public; Owner: -; Tablespace: 
--

ALTER TABLE ONLY trustlines
    ADD CONSTRAINT trustlines_pkey PRIMARY KEY (accountid, issuer, alphanumcurrency);


--
-- Name: txhistory_ledgerseq_txindex_key; Type: CONSTRAINT; Schema: public; Owner: -; Tablespace: 
--

ALTER TABLE ONLY txhistory
    ADD CONSTRAINT txhistory_ledgerseq_txindex_key UNIQUE (ledgerseq, txindex);


--
-- Name: txhistory_pkey; Type: CONSTRAINT; Schema: public; Owner: -; Tablespace: 
--

ALTER TABLE ONLY txhistory
    ADD CONSTRAINT txhistory_pkey PRIMARY KEY (txid, ledgerseq);


--
-- Name: accountbalances; Type: INDEX; Schema: public; Owner: -; Tablespace: 
--

CREATE INDEX accountbalances ON accounts USING btree (balance);


--
-- Name: accountlines; Type: INDEX; Schema: public; Owner: -; Tablespace: 
--

CREATE INDEX accountlines ON trustlines USING btree (accountid);


--
-- Name: getsissuerindex; Type: INDEX; Schema: public; Owner: -; Tablespace: 
--

CREATE INDEX getsissuerindex ON offers USING btree (getsissuer);


--
-- Name: ledgersbyseq; Type: INDEX; Schema: public; Owner: -; Tablespace: 
--

CREATE INDEX ledgersbyseq ON ledgerheaders USING btree (ledgerseq);


--
-- Name: paysissuerindex; Type: INDEX; Schema: public; Owner: -; Tablespace: 
--

CREATE INDEX paysissuerindex ON offers USING btree (paysissuer);


--
-- Name: priceindex; Type: INDEX; Schema: public; Owner: -; Tablespace: 
--

CREATE INDEX priceindex ON offers USING btree (price);


--
-- Name: signersaccount; Type: INDEX; Schema: public; Owner: -; Tablespace: 
--

CREATE INDEX signersaccount ON signers USING btree (accountid);


--
-- PostgreSQL database dump complete
--

