--
-- PostgreSQL database dump
--

SET statement_timeout = 0;
SET lock_timeout = 0;
SET client_encoding = 'UTF8';
SET standard_conforming_strings = on;
SET check_function_bodies = false;
SET client_min_messages = warning;

SET search_path = public, pg_catalog;

DROP INDEX public.signersaccount;
DROP INDEX public.priceindex;
DROP INDEX public.paysissuerindex;
DROP INDEX public.ledgersbyseq;
DROP INDEX public.getsissuerindex;
DROP INDEX public.accountlines;
DROP INDEX public.accountbalances;
ALTER TABLE ONLY public.txhistory DROP CONSTRAINT txhistory_pkey;
ALTER TABLE ONLY public.txhistory DROP CONSTRAINT txhistory_ledgerseq_txindex_key;
ALTER TABLE ONLY public.trustlines DROP CONSTRAINT trustlines_pkey;
ALTER TABLE ONLY public.storestate DROP CONSTRAINT storestate_pkey;
ALTER TABLE ONLY public.signers DROP CONSTRAINT signers_pkey;
ALTER TABLE ONLY public.peers DROP CONSTRAINT peers_pkey;
ALTER TABLE ONLY public.offers DROP CONSTRAINT offers_pkey;
ALTER TABLE ONLY public.ledgerheaders DROP CONSTRAINT ledgerheaders_pkey;
ALTER TABLE ONLY public.ledgerheaders DROP CONSTRAINT ledgerheaders_ledgerseq_key;
ALTER TABLE ONLY public.accounts DROP CONSTRAINT accounts_pkey;
DROP TABLE public.txhistory;
DROP TABLE public.trustlines;
DROP TABLE public.storestate;
DROP TABLE public.signers;
DROP TABLE public.peers;
DROP TABLE public.offers;
DROP TABLE public.ledgerheaders;
DROP TABLE public.accounts;
DROP EXTENSION plpgsql;
DROP SCHEMA public;
--
-- Name: public; Type: SCHEMA; Schema: -; Owner: -
--

CREATE SCHEMA public;


--
-- Name: SCHEMA public; Type: COMMENT; Schema: -; Owner: -
--

COMMENT ON SCHEMA public IS 'standard public schema';


--
-- Name: plpgsql; Type: EXTENSION; Schema: -; Owner: -
--

CREATE EXTENSION IF NOT EXISTS plpgsql WITH SCHEMA pg_catalog;


--
-- Name: EXTENSION plpgsql; Type: COMMENT; Schema: -; Owner: -
--

COMMENT ON EXTENSION plpgsql IS 'PL/pgSQL procedural language';


SET search_path = public, pg_catalog;

SET default_tablespace = '';

SET default_with_oids = false;

--
-- Name: accounts; Type: TABLE; Schema: public; Owner: -; Tablespace: 
--

CREATE TABLE accounts (
    accountid character varying(51) NOT NULL,
    balance bigint NOT NULL,
    seqnum bigint NOT NULL,
    numsubentries integer NOT NULL,
    inflationdest character varying(51),
    homedomain character varying(32),
    thresholds text,
    flags integer NOT NULL,
    CONSTRAINT accounts_balance_check CHECK ((balance >= 0)),
    CONSTRAINT accounts_numsubentries_check CHECK ((numsubentries >= 0))
);


--
-- Name: ledgerheaders; Type: TABLE; Schema: public; Owner: -; Tablespace: 
--

CREATE TABLE ledgerheaders (
    ledgerhash character(64) NOT NULL,
    prevhash character(64) NOT NULL,
    bucketlisthash character(64) NOT NULL,
    ledgerseq integer,
    closetime bigint NOT NULL,
    data text NOT NULL,
    CONSTRAINT ledgerheaders_closetime_check CHECK ((closetime >= 0)),
    CONSTRAINT ledgerheaders_ledgerseq_check CHECK ((ledgerseq >= 0))
);


--
-- Name: offers; Type: TABLE; Schema: public; Owner: -; Tablespace: 
--

CREATE TABLE offers (
    accountid character varying(51) NOT NULL,
    offerid bigint NOT NULL,
    paysalphanumcurrency character varying(4),
    paysissuer character varying(51),
    getsalphanumcurrency character varying(4),
    getsissuer character varying(51),
    amount bigint NOT NULL,
    pricen integer NOT NULL,
    priced integer NOT NULL,
    price bigint NOT NULL,
    flags integer NOT NULL,
    CONSTRAINT offers_amount_check CHECK ((amount >= 0)),
    CONSTRAINT offers_offerid_check CHECK ((offerid >= 0))
);


--
-- Name: peers; Type: TABLE; Schema: public; Owner: -; Tablespace: 
--

CREATE TABLE peers (
    ip character varying(15) NOT NULL,
    port integer DEFAULT 0 NOT NULL,
    nextattempt timestamp without time zone NOT NULL,
    numfailures integer DEFAULT 0 NOT NULL,
    rank integer DEFAULT 0 NOT NULL,
    CONSTRAINT peers_numfailures_check CHECK ((numfailures >= 0)),
    CONSTRAINT peers_port_check CHECK (((port > 0) AND (port <= 65535))),
    CONSTRAINT peers_rank_check CHECK ((rank >= 0))
);


--
-- Name: signers; Type: TABLE; Schema: public; Owner: -; Tablespace: 
--

CREATE TABLE signers (
    accountid character varying(51) NOT NULL,
    publickey character varying(51) NOT NULL,
    weight integer NOT NULL
);


--
-- Name: storestate; Type: TABLE; Schema: public; Owner: -; Tablespace: 
--

CREATE TABLE storestate (
    statename character(32) NOT NULL,
    state text
);


--
-- Name: trustlines; Type: TABLE; Schema: public; Owner: -; Tablespace: 
--

CREATE TABLE trustlines (
    accountid character varying(51) NOT NULL,
    issuer character varying(51) NOT NULL,
    alphanumcurrency character varying(4) NOT NULL,
    tlimit bigint DEFAULT 0 NOT NULL,
    balance bigint DEFAULT 0 NOT NULL,
    flags integer NOT NULL,
    CONSTRAINT trustlines_balance_check CHECK ((balance >= 0)),
    CONSTRAINT trustlines_tlimit_check CHECK ((tlimit >= 0))
);


--
-- Name: txhistory; Type: TABLE; Schema: public; Owner: -; Tablespace: 
--

CREATE TABLE txhistory (
    txid character(64) NOT NULL,
    ledgerseq integer NOT NULL,
    txindex integer NOT NULL,
    txbody text NOT NULL,
    txresult text NOT NULL,
    txmeta text NOT NULL,
    CONSTRAINT txhistory_ledgerseq_check CHECK ((ledgerseq >= 0))
);


--
-- Data for Name: accounts; Type: TABLE DATA; Schema: public; Owner: -
--

COPY accounts (accountid, balance, seqnum, numsubentries, inflationdest, homedomain, thresholds, flags) FROM stdin;
gspbxqXqEUZkiCCEFFCN9Vu4FLucdjLLdLcsV6E82Qc1T7ehsTC	99999959999999960	4	0	\N		01000000	0
gZikHQwScYTTpkcGmjziS8FTf8UxV5sWvFRj8ap3fbwW79KUtW	9999999820	12884901906	18	\N		01000000	0
gU6RrUSUcZpQjTWVsSrNDKvW7exzG25U18mHxE9dFRN3akkmgu	9999999990	12884901889	1	\N		01000000	0
gsCpJprcAE3mMhVEtmjzMJgiNf3aoQ7SwUpxSGs7YnwJNLVMo3N	9999999990	12884901889	1	\N		01000000	0
gCBGKZDTwK1Ywa7o437AXRogQkqAxB5x1Zzs9P8Ek82fL2TEeb	9999999920	12884901896	0	\N		01000000	0
\.


--
-- Data for Name: ledgerheaders; Type: TABLE DATA; Schema: public; Owner: -
--

COPY ledgerheaders (ledgerhash, prevhash, bucketlisthash, ledgerseq, closetime, data) FROM stdin;
a9d12414d405652b752ce4425d3d94e7996a07a52228a58d7bf3bd35dd50eb46	0000000000000000000000000000000000000000000000000000000000000000	e71064e28d0740ac27cf07b267200ea9b8916ad1242195c015fa3012086588d3	1	0	AAAAAAAAAAAAAAAAAAAAAAAAAAAAAAAAAAAAAAAAAAAAAAAAAAAAAAAAAAAAAAAAAAAAAAAAAAAAAAAAAAAAAAAAAAAAAAAAAAAAAAAAAAAAAAAAAAAAAAAAAAAAAAAA5xBk4o0HQKwnzweyZyAOqbiRatEkIZXAFfowEghliNMAAAABAAAAAAAAAAABY0V4XYoAAAAAAAAAAAAAAAAAAAAAAAAAAAAAAAAACgCYloAAAAAAAAAAAAAAAAAAAAAAAAAAAAAAAAAAAAAAAAAAAAAAAAAAAAAAAAAAAAAAAAAAAAAAAAAAAAAAAAAAAAAAAAAAAAAAAAAAAAAAAAAAAAAAAAAAAAAAAAAAAAAAAAAAAAAAAAAAAAAAAAAAAAAAAAAAAAAAAAAAAAAAAAAAAA==
b524791e8226a08bb6fae8f96631d61cbfe617be2fb325475cd614a7f6a24c91	a9d12414d405652b752ce4425d3d94e7996a07a52228a58d7bf3bd35dd50eb46	24128cf784e4c94f58a5a72a5036a54e82b2e37c1b1b327bd8af8ab48684abf6	2	1434040469	qdEkFNQFZSt1LORCXT2U55lqB6UiKKWNe/O9Nd1Q60bWGQFaFjFEkPZuQGDTJ8o1Qnt8FuQMpJZu40ekvFPjPOOwxEKY/BwUmvv0yJlvuSQnrkHkZJuTTKSVmRt4UrhVJBKM94TkyU9YpacqUDalToKy43wbGzJ72K+KtIaEq/YAAAACAAAAAFV5uJUBY0V4XYoAAAAAAAAAAAAAAAAAAAAAAAAAAAAAAAAACgCYloAAAAAAAAAAAAAAAAAAAAAAAAAAAAAAAAAAAAAAAAAAAAAAAAAAAAAAAAAAAAAAAAAAAAAAAAAAAAAAAAAAAAAAAAAAAAAAAAAAAAAAAAAAAAAAAAAAAAAAAAAAAAAAAAAAAAAAAAAAAAAAAAAAAAAAAAAAAAAAAAAAAAAAAAAAAA==
84c80a58a1077e25b04e77d72eca8b06a5c0791562c7b052224afc15b34752b9	b524791e8226a08bb6fae8f96631d61cbfe617be2fb325475cd614a7f6a24c91	1a056b7509fc2b081ac75055715bc4fc0b1706003e2df0e0c2412faa3a164849	3	1434040470	tSR5HoImoIu2+uj5ZjHWHL/mF74vsyVHXNYUp/aiTJFvNaSkDTvjPl6OkZKppXe7nGjceoUSVPclDa7ZV/RYw+Fh16BK4vCfXGMOCGpPnZton/k9LX/3UbpdUW5OIBb4GgVrdQn8Kwgax1BVcVvE/AsXBgA+LfDgwkEvqjoWSEkAAAADAAAAAFV5uJYBY0V4XYoAAAAAAAAAAAAoAAAAAAAAAAAAAAAAAAAACgCYloAAAAAAAAAAAAAAAAAAAAAAAAAAAAAAAAAAAAAAAAAAAAAAAAAAAAAAAAAAAAAAAAAAAAAAAAAAAAAAAAAAAAAAAAAAAAAAAAAAAAAAAAAAAAAAAAAAAAAAAAAAAAAAAAAAAAAAAAAAAAAAAAAAAAAAAAAAAAAAAAAAAAAAAAAAAA==
72f492587d995e9f0bb9a8c7aa051586801b82b727287a66db45b99753599122	84c80a58a1077e25b04e77d72eca8b06a5c0791562c7b052224afc15b34752b9	2a527559bfa1cdb27ac991b693cc906aa245e078db243d4110f8a7643657af56	4	1434040471	hMgKWKEHfiWwTnfXLsqLBqXAeRVix7BSIkr8FbNHUrndkAJvDib7gJNeFDL7/kr/KDhd1D4HFPNwvXcKI6Y2GfxyQwiL0HcgckA0+TGKE8NV8/8SjYzsNXObPVU+wnV7KlJ1Wb+hzbJ6yZG2k8yQaqJF4HjbJD1BEPinZDZXr1YAAAAEAAAAAFV5uJcBY0V4XYoAAAAAAAAAAACMAAAAAAAAAAAAAAAAAAAACgCYloAAAAAAAAAAAAAAAAAAAAAAAAAAAAAAAAAAAAAAAAAAAAAAAAAAAAAAAAAAAAAAAAAAAAAAAAAAAAAAAAAAAAAAAAAAAAAAAAAAAAAAAAAAAAAAAAAAAAAAAAAAAAAAAAAAAAAAAAAAAAAAAAAAAAAAAAAAAAAAAAAAAAAAAAAAAA==
aadfd9a86ebdf3fb660dce229d290c495d28b8cb1cfc98fc295a85a0acd64ab3	72f492587d995e9f0bb9a8c7aa051586801b82b727287a66db45b99753599122	07308ae14e58adbfaadf9481969aa0e5bb1f76be00861df9520906033ed9cc4b	5	1434040472	cvSSWH2ZXp8LuajHqgUVhoAbgrcnKHpm20W5l1NZkSKRvFdh1GMhBObSs2H3SihOcOp7KO8XaAldxLKau0vfHc+rp8jXr3pg0DLwlPz7foVJ08Fs1Ed2Jto3Y0+A9zaIBzCK4U5Yrb+q35SBlpqg5bsfdr4Ahh35UgkGAz7ZzEsAAAAFAAAAAFV5uJgBY0V4XYoAAAAAAAAAAADcAAAAAAAAAAAAAAAAAAAACgCYloAAAAAAAAAAAAAAAAAAAAAAAAAAAAAAAAAAAAAAAAAAAAAAAAAAAAAAAAAAAAAAAAAAAAAAAAAAAAAAAAAAAAAAAAAAAAAAAAAAAAAAAAAAAAAAAAAAAAAAAAAAAAAAAAAAAAAAAAAAAAAAAAAAAAAAAAAAAAAAAAAAAAAAAAAAAA==
8d23b9d784221e40bc3ca557f12cf5ce17b3fa81a5e70562a0588505ad2b45e7	aadfd9a86ebdf3fb660dce229d290c495d28b8cb1cfc98fc295a85a0acd64ab3	a05e1f0b4d204c1a14b843da7023c6620d4747e4db975698559e2034175a9b29	6	1434040473	qt/ZqG698/tmDc4inSkMSV0ouMsc/Jj8KVqFoKzWSrMCdAFanacWVRMlkmV8zij92iSfnoS9UE52SBeU+u5xltB4lnGqdlra7qQ9CoNnX7jHt8/Q14OVPdfBHe/FHedLoF4fC00gTBoUuEPacCPGYg1HR+Tbl1aYVZ4gNBdamykAAAAGAAAAAFV5uJkBY0V4XYoAAAAAAAAAAAFAAAAAAAAAAAAAAAAKAAAACgCYloAAAAAAAAAAAAAAAAAAAAAAAAAAAAAAAAAAAAAAAAAAAAAAAAAAAAAAAAAAAAAAAAAAAAAAAAAAAAAAAAAAAAAAAAAAAAAAAAAAAAAAAAAAAAAAAAAAAAAAAAAAAAAAAAAAAAAAAAAAAAAAAAAAAAAAAAAAAAAAAAAAAAAAAAAAAA==
\.


--
-- Data for Name: offers; Type: TABLE DATA; Schema: public; Owner: -
--

COPY offers (accountid, offerid, paysalphanumcurrency, paysissuer, getsalphanumcurrency, getsissuer, amount, pricen, priced, price, flags) FROM stdin;
gZikHQwScYTTpkcGmjziS8FTf8UxV5sWvFRj8ap3fbwW79KUtW	1	USD	gCBGKZDTwK1Ywa7o437AXRogQkqAxB5x1Zzs9P8Ek82fL2TEeb	EUR	gCBGKZDTwK1Ywa7o437AXRogQkqAxB5x1Zzs9P8Ek82fL2TEeb	10	1	1	10000000	0
gZikHQwScYTTpkcGmjziS8FTf8UxV5sWvFRj8ap3fbwW79KUtW	2	USD	gCBGKZDTwK1Ywa7o437AXRogQkqAxB5x1Zzs9P8Ek82fL2TEeb	1	gCBGKZDTwK1Ywa7o437AXRogQkqAxB5x1Zzs9P8Ek82fL2TEeb	20	1	1	10000000	0
gZikHQwScYTTpkcGmjziS8FTf8UxV5sWvFRj8ap3fbwW79KUtW	3	1	gCBGKZDTwK1Ywa7o437AXRogQkqAxB5x1Zzs9P8Ek82fL2TEeb	EUR	gCBGKZDTwK1Ywa7o437AXRogQkqAxB5x1Zzs9P8Ek82fL2TEeb	20	1	1	10000000	0
gZikHQwScYTTpkcGmjziS8FTf8UxV5sWvFRj8ap3fbwW79KUtW	4	USD	gCBGKZDTwK1Ywa7o437AXRogQkqAxB5x1Zzs9P8Ek82fL2TEeb	21	gCBGKZDTwK1Ywa7o437AXRogQkqAxB5x1Zzs9P8Ek82fL2TEeb	30	1	1	10000000	0
gZikHQwScYTTpkcGmjziS8FTf8UxV5sWvFRj8ap3fbwW79KUtW	5	21	gCBGKZDTwK1Ywa7o437AXRogQkqAxB5x1Zzs9P8Ek82fL2TEeb	22	gCBGKZDTwK1Ywa7o437AXRogQkqAxB5x1Zzs9P8Ek82fL2TEeb	30	1	1	10000000	0
gZikHQwScYTTpkcGmjziS8FTf8UxV5sWvFRj8ap3fbwW79KUtW	6	22	gCBGKZDTwK1Ywa7o437AXRogQkqAxB5x1Zzs9P8Ek82fL2TEeb	EUR	gCBGKZDTwK1Ywa7o437AXRogQkqAxB5x1Zzs9P8Ek82fL2TEeb	30	1	1	10000000	0
gZikHQwScYTTpkcGmjziS8FTf8UxV5sWvFRj8ap3fbwW79KUtW	7	USD	gCBGKZDTwK1Ywa7o437AXRogQkqAxB5x1Zzs9P8Ek82fL2TEeb	31	gCBGKZDTwK1Ywa7o437AXRogQkqAxB5x1Zzs9P8Ek82fL2TEeb	40	1	1	10000000	0
gZikHQwScYTTpkcGmjziS8FTf8UxV5sWvFRj8ap3fbwW79KUtW	8	31	gCBGKZDTwK1Ywa7o437AXRogQkqAxB5x1Zzs9P8Ek82fL2TEeb	32	gCBGKZDTwK1Ywa7o437AXRogQkqAxB5x1Zzs9P8Ek82fL2TEeb	40	1	1	10000000	0
gZikHQwScYTTpkcGmjziS8FTf8UxV5sWvFRj8ap3fbwW79KUtW	9	32	gCBGKZDTwK1Ywa7o437AXRogQkqAxB5x1Zzs9P8Ek82fL2TEeb	33	gCBGKZDTwK1Ywa7o437AXRogQkqAxB5x1Zzs9P8Ek82fL2TEeb	40	1	1	10000000	0
gZikHQwScYTTpkcGmjziS8FTf8UxV5sWvFRj8ap3fbwW79KUtW	10	33	gCBGKZDTwK1Ywa7o437AXRogQkqAxB5x1Zzs9P8Ek82fL2TEeb	EUR	gCBGKZDTwK1Ywa7o437AXRogQkqAxB5x1Zzs9P8Ek82fL2TEeb	40	1	1	10000000	0
\.


--
-- Data for Name: peers; Type: TABLE DATA; Schema: public; Owner: -
--

COPY peers (ip, port, nextattempt, numfailures, rank) FROM stdin;
\.


--
-- Data for Name: signers; Type: TABLE DATA; Schema: public; Owner: -
--

COPY signers (accountid, publickey, weight) FROM stdin;
\.


--
-- Data for Name: storestate; Type: TABLE DATA; Schema: public; Owner: -
--

COPY storestate (statename, state) FROM stdin;
databaseinitialized             	true
forcescponnextlaunch            	false
lastclosedledger                	8d23b9d784221e40bc3ca557f12cf5ce17b3fa81a5e70562a0588505ad2b45e7
historyarchivestate             	{\n    "version": 0,\n    "currentLedger": 6,\n    "currentBuckets": [\n        {\n            "curr": "62f0a604803acd8b3e50b32113e7e03991eb1fb630237d2bfb09f03619055321",\n            "next": {\n                "state": 0\n            },\n            "snap": "96d4e3216995fa528b71aaecc68e01919ae717e82162be71f77ed6570c090de4"\n        },\n        {\n            "curr": "3cef28042fe60a4d13d0f69db0e3c901183b633208d0233d0f5f686ca3dcf1fc",\n            "next": {\n                "state": 1,\n                "output": "96d4e3216995fa528b71aaecc68e01919ae717e82162be71f77ed6570c090de4"\n            },\n            "snap": "0000000000000000000000000000000000000000000000000000000000000000"\n        },\n        {\n            "curr": "0000000000000000000000000000000000000000000000000000000000000000",\n            "next": {\n                "state": 0\n            },\n            "snap": "0000000000000000000000000000000000000000000000000000000000000000"\n        },\n        {\n            "curr": "0000000000000000000000000000000000000000000000000000000000000000",\n            "next": {\n                "state": 0\n            },\n            "snap": "0000000000000000000000000000000000000000000000000000000000000000"\n        },\n        {\n            "curr": "0000000000000000000000000000000000000000000000000000000000000000",\n            "next": {\n                "state": 0\n            },\n            "snap": "0000000000000000000000000000000000000000000000000000000000000000"\n        },\n        {\n            "curr": "0000000000000000000000000000000000000000000000000000000000000000",\n            "next": {\n                "state": 0\n            },\n            "snap": "0000000000000000000000000000000000000000000000000000000000000000"\n        },\n        {\n            "curr": "0000000000000000000000000000000000000000000000000000000000000000",\n            "next": {\n                "state": 0\n            },\n            "snap": "0000000000000000000000000000000000000000000000000000000000000000"\n        },\n        {\n            "curr": "0000000000000000000000000000000000000000000000000000000000000000",\n            "next": {\n                "state": 0\n            },\n            "snap": "0000000000000000000000000000000000000000000000000000000000000000"\n        },\n        {\n            "curr": "0000000000000000000000000000000000000000000000000000000000000000",\n            "next": {\n                "state": 0\n            },\n            "snap": "0000000000000000000000000000000000000000000000000000000000000000"\n        },\n        {\n            "curr": "0000000000000000000000000000000000000000000000000000000000000000",\n            "next": {\n                "state": 0\n            },\n            "snap": "0000000000000000000000000000000000000000000000000000000000000000"\n        },\n        {\n            "curr": "0000000000000000000000000000000000000000000000000000000000000000",\n            "next": {\n                "state": 0\n            },\n            "snap": "0000000000000000000000000000000000000000000000000000000000000000"\n        }\n    ]\n}
\.


--
-- Data for Name: trustlines; Type: TABLE DATA; Schema: public; Owner: -
--

COPY trustlines (accountid, issuer, alphanumcurrency, tlimit, balance, flags) FROM stdin;
gZikHQwScYTTpkcGmjziS8FTf8UxV5sWvFRj8ap3fbwW79KUtW	gCBGKZDTwK1Ywa7o437AXRogQkqAxB5x1Zzs9P8Ek82fL2TEeb	USD	9223372036854775807	0	1
gsCpJprcAE3mMhVEtmjzMJgiNf3aoQ7SwUpxSGs7YnwJNLVMo3N	gCBGKZDTwK1Ywa7o437AXRogQkqAxB5x1Zzs9P8Ek82fL2TEeb	EUR	9223372036854775807	0	1
gU6RrUSUcZpQjTWVsSrNDKvW7exzG25U18mHxE9dFRN3akkmgu	gCBGKZDTwK1Ywa7o437AXRogQkqAxB5x1Zzs9P8Ek82fL2TEeb	USD	9223372036854775807	5000	1
gZikHQwScYTTpkcGmjziS8FTf8UxV5sWvFRj8ap3fbwW79KUtW	gCBGKZDTwK1Ywa7o437AXRogQkqAxB5x1Zzs9P8Ek82fL2TEeb	EUR	9223372036854775807	5000	1
gZikHQwScYTTpkcGmjziS8FTf8UxV5sWvFRj8ap3fbwW79KUtW	gCBGKZDTwK1Ywa7o437AXRogQkqAxB5x1Zzs9P8Ek82fL2TEeb	1	9223372036854775807	5000	1
gZikHQwScYTTpkcGmjziS8FTf8UxV5sWvFRj8ap3fbwW79KUtW	gCBGKZDTwK1Ywa7o437AXRogQkqAxB5x1Zzs9P8Ek82fL2TEeb	21	9223372036854775807	5000	1
gZikHQwScYTTpkcGmjziS8FTf8UxV5sWvFRj8ap3fbwW79KUtW	gCBGKZDTwK1Ywa7o437AXRogQkqAxB5x1Zzs9P8Ek82fL2TEeb	22	9223372036854775807	5000	1
gZikHQwScYTTpkcGmjziS8FTf8UxV5sWvFRj8ap3fbwW79KUtW	gCBGKZDTwK1Ywa7o437AXRogQkqAxB5x1Zzs9P8Ek82fL2TEeb	31	9223372036854775807	5000	1
gZikHQwScYTTpkcGmjziS8FTf8UxV5sWvFRj8ap3fbwW79KUtW	gCBGKZDTwK1Ywa7o437AXRogQkqAxB5x1Zzs9P8Ek82fL2TEeb	32	9223372036854775807	5000	1
gZikHQwScYTTpkcGmjziS8FTf8UxV5sWvFRj8ap3fbwW79KUtW	gCBGKZDTwK1Ywa7o437AXRogQkqAxB5x1Zzs9P8Ek82fL2TEeb	33	9223372036854775807	5000	1
\.


--
-- Data for Name: txhistory; Type: TABLE DATA; Schema: public; Owner: -
--

COPY txhistory (txid, ledgerseq, txindex, txbody, txresult, txmeta) FROM stdin;
134a0e4e9bf5f46ecd235adf376c78caa3d8d134a4e3f56d68455ff8a3ce053c	3	1	iZsoQO1WNsVt3F8Usjl1958bojiNJpTkxW7N3clg5e8AAAAKAAAAAAAAAAEAAAAAAAAAAAAAAAEAAAAAAAAAAFave1iG/2ArzXTPDE/M3Mfjn4BTBGrsmSGMdZVwWLM8AAAAAlQL5AAAAAABiZsoQEBPIkT6DRgZ/JCgcRC3J+DmdWlGiJS8XrzUwwJdL2zZGRQfbhFTc4M/PdN3bD7ui3jO903FrtDz/6Gxnx1Tkw0=	E0oOTpv19G7NI1rfN2x4yqPY0TSk4/VtaEVf+KPOBTwAAAAAAAAACgAAAAAAAAABAAAAAAAAAAAAAAAA	AAAAAgAAAAAAAAAAVq97WIb/YCvNdM8MT8zcx+OfgFMEauyZIYx1lXBYszwAAAACVAvkAAAAAAMAAAAAAAAAAAAAAAAAAAAAAQAAAAAAAAAAAAAAAAAAAQAAAACJmyhA7VY2xW3cXxSyOXX3nxuiOI0mlOTFbs3dyWDl7wFjRXYJfhv2AAAAAAAAAAEAAAAAAAAAAAAAAAABAAAAAAAAAAAAAAA=
80b78d4db2187843bc406e579b9cfa55f44b334c4b46b59885acebb5bb1f4c19	3	2	iZsoQO1WNsVt3F8Usjl1958bojiNJpTkxW7N3clg5e8AAAAKAAAAAAAAAAIAAAAAAAAAAAAAAAEAAAAAAAAAABqPN/b4dAzL0+GZmre5nVnFIFZc/FMJJE/W/0GbASSGAAAAAlQL5AAAAAABiZsoQHme9uIOE1ONzqw3YW9/HqW5hTjrt/2zTdEkrA/HHE/GDvQou/DK2uoau1cMauZ1CpIQzo81haMHIkcj+aglBAk=	gLeNTbIYeEO8QG5Xm5z6VfRLM0xLRrWYhazrtbsfTBkAAAAAAAAACgAAAAAAAAABAAAAAAAAAAAAAAAA	AAAAAgAAAAAAAAAAGo839vh0DMvT4Zmat7mdWcUgVlz8UwkkT9b/QZsBJIYAAAACVAvkAAAAAAMAAAAAAAAAAAAAAAAAAAAAAQAAAAAAAAAAAAAAAAAAAQAAAACJmyhA7VY2xW3cXxSyOXX3nxuiOI0mlOTFbs3dyWDl7wFjRXO1cjfsAAAAAAAAAAIAAAAAAAAAAAAAAAABAAAAAAAAAAAAAAA=
3c5d62a68430c6c5c0addb2b46f1913e02582fac7541dbfa6609d42e1d2ede83	3	3	iZsoQO1WNsVt3F8Usjl1958bojiNJpTkxW7N3clg5e8AAAAKAAAAAAAAAAMAAAAAAAAAAAAAAAEAAAAAAAAAANoRzdcmgzX/ablt+MPJeF8+pMuwuWi9ogaqgJEDrwv0AAAAAlQL5AAAAAABiZsoQCuwn5qbX6ezQ6rgjB7mwLiNP5S9Z1WU5uf/MLAUd4ijHBLFeO5QTW/vYBmEk2BKSGourFpdGWePe7fUxeQcqwY=	PF1ipoQwxsXArdsrRvGRPgJYL6x1Qdv6ZgnULh0u3oMAAAAAAAAACgAAAAAAAAABAAAAAAAAAAAAAAAA	AAAAAgAAAAAAAAAA2hHN1yaDNf9puW34w8l4Xz6ky7C5aL2iBqqAkQOvC/QAAAACVAvkAAAAAAMAAAAAAAAAAAAAAAAAAAAAAQAAAAAAAAAAAAAAAAAAAQAAAACJmyhA7VY2xW3cXxSyOXX3nxuiOI0mlOTFbs3dyWDl7wFjRXFhZlPiAAAAAAAAAAMAAAAAAAAAAAAAAAABAAAAAAAAAAAAAAA=
701d2b4daec74b69717c53389132053295b0174e014c92775303ad1ece2e53b1	3	4	iZsoQO1WNsVt3F8Usjl1958bojiNJpTkxW7N3clg5e8AAAAKAAAAAAAAAAQAAAAAAAAAAAAAAAEAAAAAAAAAAEqbf3ooVLBiCuIjQ3egUEuaFYYL6IdFXbXYpy5N2JZ3AAAAAlQL5AAAAAABiZsoQOt0h7sH1upe/EWnhn8IDf01/ibbi8JRTgMxTT8d7Vevuy/EX91/rP+dq1nifteCfr4q046hT+VuP/YoDMYkNAs=	cB0rTa7HS2lxfFM4kTIFMpWwF04BTJJ3UwOtHs4uU7EAAAAAAAAACgAAAAAAAAABAAAAAAAAAAAAAAAA	AAAAAgAAAAAAAAAASpt/eihUsGIK4iNDd6BQS5oVhgvoh0VdtdinLk3YlncAAAACVAvkAAAAAAMAAAAAAAAAAAAAAAAAAAAAAQAAAAAAAAAAAAAAAAAAAQAAAACJmyhA7VY2xW3cXxSyOXX3nxuiOI0mlOTFbs3dyWDl7wFjRW8NWm/YAAAAAAAAAAQAAAAAAAAAAAAAAAABAAAAAAAAAAAAAAA=
1eb6a57d072dcabfa06d297c5cd736fdf12bc669fa85ebed0f11fceb4ddf0ae1	4	1	Spt/eihUsGIK4iNDd6BQS5oVhgvoh0VdtdinLk3YlncAAAAKAAAAAwAAAAEAAAAAAAAAAAAAAAEAAAAAAAAABgAAAAFVU0QAVq97WIb/YCvNdM8MT8zcx+OfgFMEauyZIYx1lXBYszx//////////wAAAAFKm396keT1hfmml+dDTZO0vyQ4nLGfbMj53vOlnk44Og/O3wXnp0vQH7GXZEC+UM94WcYYVepU75WR6qJ1m8C9icjcCQ==	HralfQctyr+gbSl8XNc2/fErxmn6hevtDxH8603fCuEAAAAAAAAACgAAAAAAAAABAAAAAAAAAAYAAAAA	AAAAAgAAAAAAAAABSpt/eihUsGIK4iNDd6BQS5oVhgvoh0VdtdinLk3YlncAAAABVVNEAFave1iG/2ArzXTPDE/M3Mfjn4BTBGrsmSGMdZVwWLM8AAAAAAAAAAB//////////wAAAAEAAAABAAAAAEqbf3ooVLBiCuIjQ3egUEuaFYYL6IdFXbXYpy5N2JZ3AAAAAlQL4/YAAAADAAAAAQAAAAEAAAAAAAAAAAEAAAAAAAAAAAAAAA==
a6fcfa08f10609eea3ce899c206503fe18010dbceccd4695055ba9ada938cf6d	4	2	Go839vh0DMvT4Zmat7mdWcUgVlz8UwkkT9b/QZsBJIYAAAAKAAAAAwAAAAEAAAAAAAAAAAAAAAEAAAAAAAAABgAAAAFVU0QAVq97WIb/YCvNdM8MT8zcx+OfgFMEauyZIYx1lXBYszx//////////wAAAAEajzf2oE1sLf1TuJQ9x11gJSM97Y4tYOcTL9hG4xG7AOe0DKHb4uIozS/fpfYWX+7RnyBHFmF/IlcJp268NXM+eDznDw==	pvz6CPEGCe6jzomcIGUD/hgBDbzszUaVBVuprak4z20AAAAAAAAACgAAAAAAAAABAAAAAAAAAAYAAAAA	AAAAAgAAAAAAAAABGo839vh0DMvT4Zmat7mdWcUgVlz8UwkkT9b/QZsBJIYAAAABVVNEAFave1iG/2ArzXTPDE/M3Mfjn4BTBGrsmSGMdZVwWLM8AAAAAAAAAAB//////////wAAAAEAAAABAAAAABqPN/b4dAzL0+GZmre5nVnFIFZc/FMJJE/W/0GbASSGAAAAAlQL4/YAAAADAAAAAQAAAAEAAAAAAAAAAAEAAAAAAAAAAAAAAA==
09999bb1ed9b49990146f873d0868a0b7af0493b58f328b82a6341d3257431c8	4	3	2hHN1yaDNf9puW34w8l4Xz6ky7C5aL2iBqqAkQOvC/QAAAAKAAAAAwAAAAEAAAAAAAAAAAAAAAEAAAAAAAAABgAAAAFFVVIAVq97WIb/YCvNdM8MT8zcx+OfgFMEauyZIYx1lXBYszx//////////wAAAAHaEc3X53XAXF1QPWFP/CT105fhs59Q+1xZM+OQU2V8ON18WtImfL8Ym0lnYZz6wQvUjULsdPipk9JlifcLUSGPJYywAA==	CZmbse2bSZkBRvhz0IaKC3rwSTtY8yi4KmNB0yV0McgAAAAAAAAACgAAAAAAAAABAAAAAAAAAAYAAAAA	AAAAAgAAAAAAAAAB2hHN1yaDNf9puW34w8l4Xz6ky7C5aL2iBqqAkQOvC/QAAAABRVVSAFave1iG/2ArzXTPDE/M3Mfjn4BTBGrsmSGMdZVwWLM8AAAAAAAAAAB//////////wAAAAEAAAABAAAAANoRzdcmgzX/ablt+MPJeF8+pMuwuWi9ogaqgJEDrwv0AAAAAlQL4/YAAAADAAAAAQAAAAEAAAAAAAAAAAEAAAAAAAAAAAAAAA==
067dd8d6d6e259d51c0b41854bbdd296c91cedb8d2bb83342aa308bbebd4d499	4	4	Spt/eihUsGIK4iNDd6BQS5oVhgvoh0VdtdinLk3YlncAAAAKAAAAAwAAAAIAAAAAAAAAAAAAAAEAAAAAAAAABgAAAAFFVVIAVq97WIb/YCvNdM8MT8zcx+OfgFMEauyZIYx1lXBYszx//////////wAAAAFKm396Ft7nUuS7SYmXVMpfzBW4x6X+CfOvgH1ovum3Hi9ZN8fZrUaA93inMwIa6rV/eHlMkI5llABSkZXlPTD5gtA0Cw==	Bn3Y1tbiWdUcC0GFS73Slskc7bjSu4M0KqMIu+vU1JkAAAAAAAAACgAAAAAAAAABAAAAAAAAAAYAAAAA	AAAAAgAAAAAAAAABSpt/eihUsGIK4iNDd6BQS5oVhgvoh0VdtdinLk3YlncAAAABRVVSAFave1iG/2ArzXTPDE/M3Mfjn4BTBGrsmSGMdZVwWLM8AAAAAAAAAAB//////////wAAAAEAAAABAAAAAEqbf3ooVLBiCuIjQ3egUEuaFYYL6IdFXbXYpy5N2JZ3AAAAAlQL4+wAAAADAAAAAgAAAAIAAAAAAAAAAAEAAAAAAAAAAAAAAA==
b84da8270097b9d00f8a9a2fc4e4434d9694f4a121df1ac1607dc2f4f0c5da86	4	5	Spt/eihUsGIK4iNDd6BQS5oVhgvoh0VdtdinLk3YlncAAAAKAAAAAwAAAAMAAAAAAAAAAAAAAAEAAAAAAAAABgAAAAExAAAAVq97WIb/YCvNdM8MT8zcx+OfgFMEauyZIYx1lXBYszx//////////wAAAAFKm396QEWhEPM4bKycp0Ntu3ZWjqOBnstqcuzgPjDLCPykONgACrLcw5ne5wDAeOvgWmg3nbi/4pqtG9/k0mysyw4PDw==	uE2oJwCXudAPipovxORDTZaU9KEh3xrBYH3C9PDF2oYAAAAAAAAACgAAAAAAAAABAAAAAAAAAAYAAAAA	AAAAAgAAAAAAAAABSpt/eihUsGIK4iNDd6BQS5oVhgvoh0VdtdinLk3YlncAAAABMQAAAFave1iG/2ArzXTPDE/M3Mfjn4BTBGrsmSGMdZVwWLM8AAAAAAAAAAB//////////wAAAAEAAAABAAAAAEqbf3ooVLBiCuIjQ3egUEuaFYYL6IdFXbXYpy5N2JZ3AAAAAlQL4+IAAAADAAAAAwAAAAMAAAAAAAAAAAEAAAAAAAAAAAAAAA==
19113182d195406cf9737560a746f143c3bd1afdd1472b36eb03fccb3773b36e	4	6	Spt/eihUsGIK4iNDd6BQS5oVhgvoh0VdtdinLk3YlncAAAAKAAAAAwAAAAQAAAAAAAAAAAAAAAEAAAAAAAAABgAAAAEyMQAAVq97WIb/YCvNdM8MT8zcx+OfgFMEauyZIYx1lXBYszx//////////wAAAAFKm396hsJxskKFJJofTFYntGWz7NdLZwyxnAvQNzVSkerW3bAVD4CKjwhsZcZoJl/dt27cBJAz6zh1tSANEWi+WaULCA==	GRExgtGVQGz5c3Vgp0bxQ8O9Gv3RRys26wP8yzdzs24AAAAAAAAACgAAAAAAAAABAAAAAAAAAAYAAAAA	AAAAAgAAAAAAAAABSpt/eihUsGIK4iNDd6BQS5oVhgvoh0VdtdinLk3YlncAAAABMjEAAFave1iG/2ArzXTPDE/M3Mfjn4BTBGrsmSGMdZVwWLM8AAAAAAAAAAB//////////wAAAAEAAAABAAAAAEqbf3ooVLBiCuIjQ3egUEuaFYYL6IdFXbXYpy5N2JZ3AAAAAlQL49gAAAADAAAABAAAAAQAAAAAAAAAAAEAAAAAAAAAAAAAAA==
0b6d70d4addbb9e587a84e99d218d9f98e88e20a41044313d9ae236747619035	4	7	Spt/eihUsGIK4iNDd6BQS5oVhgvoh0VdtdinLk3YlncAAAAKAAAAAwAAAAUAAAAAAAAAAAAAAAEAAAAAAAAABgAAAAEyMgAAVq97WIb/YCvNdM8MT8zcx+OfgFMEauyZIYx1lXBYszx//////////wAAAAFKm396/CjnRzPixuawci36v90sPFLmf8luB3aYHru1t32gt9ab4NVU1e3zMKY1eE8dGFBarLPT37PMuFEhBMBAjQQzCg==	C21w1K3bueWHqE6Z0hjZ+Y6I4gpBBEMT2a4jZ0dhkDUAAAAAAAAACgAAAAAAAAABAAAAAAAAAAYAAAAA	AAAAAgAAAAAAAAABSpt/eihUsGIK4iNDd6BQS5oVhgvoh0VdtdinLk3YlncAAAABMjIAAFave1iG/2ArzXTPDE/M3Mfjn4BTBGrsmSGMdZVwWLM8AAAAAAAAAAB//////////wAAAAEAAAABAAAAAEqbf3ooVLBiCuIjQ3egUEuaFYYL6IdFXbXYpy5N2JZ3AAAAAlQL484AAAADAAAABQAAAAUAAAAAAAAAAAEAAAAAAAAAAAAAAA==
14e864a64fa7bacf5f7c001bc9b1df96930c7dc7ba22218cf80bf3f1e5180fba	4	8	Spt/eihUsGIK4iNDd6BQS5oVhgvoh0VdtdinLk3YlncAAAAKAAAAAwAAAAYAAAAAAAAAAAAAAAEAAAAAAAAABgAAAAEzMQAAVq97WIb/YCvNdM8MT8zcx+OfgFMEauyZIYx1lXBYszx//////////wAAAAFKm396UBOSFE7Np6u7FaViaqJfYE+YeKyHnU5I8QYN9lF4C4CueHTyeJJM7Er5SLoG5Zj+tiI8EnIBGqhRrQY+8t18BA==	FOhkpk+nus9ffAAbybHflpMMfce6IiGM+Avz8eUYD7oAAAAAAAAACgAAAAAAAAABAAAAAAAAAAYAAAAA	AAAAAgAAAAAAAAABSpt/eihUsGIK4iNDd6BQS5oVhgvoh0VdtdinLk3YlncAAAABMzEAAFave1iG/2ArzXTPDE/M3Mfjn4BTBGrsmSGMdZVwWLM8AAAAAAAAAAB//////////wAAAAEAAAABAAAAAEqbf3ooVLBiCuIjQ3egUEuaFYYL6IdFXbXYpy5N2JZ3AAAAAlQL48QAAAADAAAABgAAAAYAAAAAAAAAAAEAAAAAAAAAAAAAAA==
07a8ccddee897dfc80720c6888a196b93f9613e37f47eb8dd1d99d8d81347c81	4	9	Spt/eihUsGIK4iNDd6BQS5oVhgvoh0VdtdinLk3YlncAAAAKAAAAAwAAAAcAAAAAAAAAAAAAAAEAAAAAAAAABgAAAAEzMgAAVq97WIb/YCvNdM8MT8zcx+OfgFMEauyZIYx1lXBYszx//////////wAAAAFKm396g3nlDm5XWKEO0hkcgg8qcTljF8YDHTg08+7x+KD9/5BF0GsgqLB5ep0tveSatsRVO3fkasR48DsVrYKY2+WhAw==	B6jM3e6JffyAcgxoiKGWuT+WE+N/R+uN0dmdjYE0fIEAAAAAAAAACgAAAAAAAAABAAAAAAAAAAYAAAAA	AAAAAgAAAAAAAAABSpt/eihUsGIK4iNDd6BQS5oVhgvoh0VdtdinLk3YlncAAAABMzIAAFave1iG/2ArzXTPDE/M3Mfjn4BTBGrsmSGMdZVwWLM8AAAAAAAAAAB//////////wAAAAEAAAABAAAAAEqbf3ooVLBiCuIjQ3egUEuaFYYL6IdFXbXYpy5N2JZ3AAAAAlQL47oAAAADAAAABwAAAAcAAAAAAAAAAAEAAAAAAAAAAAAAAA==
5c605237b717e0e53fbd007641ee6dbdd43c06077cbd36c6f577bc32ac5553ab	4	10	Spt/eihUsGIK4iNDd6BQS5oVhgvoh0VdtdinLk3YlncAAAAKAAAAAwAAAAgAAAAAAAAAAAAAAAEAAAAAAAAABgAAAAEzMwAAVq97WIb/YCvNdM8MT8zcx+OfgFMEauyZIYx1lXBYszx//////////wAAAAFKm396kSdgm/+boGCrTToBjrtB7lYSkDYwXclu+Fs8NL+88jZhFM+5/4a5gtb29imiGqUERNd0g+hLcE5NWth+4zrAAg==	XGBSN7cX4OU/vQB2Qe5tvdQ8Bgd8vTbG9Xe8MqxVU6sAAAAAAAAACgAAAAAAAAABAAAAAAAAAAYAAAAA	AAAAAgAAAAAAAAABSpt/eihUsGIK4iNDd6BQS5oVhgvoh0VdtdinLk3YlncAAAABMzMAAFave1iG/2ArzXTPDE/M3Mfjn4BTBGrsmSGMdZVwWLM8AAAAAAAAAAB//////////wAAAAEAAAABAAAAAEqbf3ooVLBiCuIjQ3egUEuaFYYL6IdFXbXYpy5N2JZ3AAAAAlQL47AAAAADAAAACAAAAAgAAAAAAAAAAAEAAAAAAAAAAAAAAA==
a7573afa76f774a7546f3212b4b8caa6ee6a608e9041574add231149152bfcad	5	1	Vq97WIb/YCvNdM8MT8zcx+OfgFMEauyZIYx1lXBYszwAAAAKAAAAAwAAAAEAAAAAAAAAAAAAAAEAAAAAAAAAARqPN/b4dAzL0+GZmre5nVnFIFZc/FMJJE/W/0GbASSGAAAAAVVTRABWr3tYhv9gK810zwxPzNzH45+AUwRq7JkhjHWVcFizPAAAAAAAABOIAAAAAVave1hUMgPzSpKASDEgwAm/bEpRy0N23gxAHDY71Uj/gXd0AJrZWldKiz1phrd9KBwN1kN+qK3mdROlgyMpkZ4mEJ8K	p1c6+nb3dKdUbzIStLjKpu5qYI6QQVdK3SMRSRUr/K0AAAAAAAAACgAAAAAAAAABAAAAAAAAAAEAAAAA	AAAAAgAAAAEAAAAAVq97WIb/YCvNdM8MT8zcx+OfgFMEauyZIYx1lXBYszwAAAACVAvj9gAAAAMAAAABAAAAAAAAAAAAAAAAAQAAAAAAAAAAAAAAAAAAAQAAAAEajzf2+HQMy9PhmZq3uZ1ZxSBWXPxTCSRP1v9BmwEkhgAAAAFVU0QAVq97WIb/YCvNdM8MT8zcx+OfgFMEauyZIYx1lXBYszwAAAAAAAATiH//////////AAAAAQ==
202c53787d22fcc39424fc6b4cb803fde8be0ed1e2e38344332a41fe912ed1e6	5	2	Vq97WIb/YCvNdM8MT8zcx+OfgFMEauyZIYx1lXBYszwAAAAKAAAAAwAAAAIAAAAAAAAAAAAAAAEAAAAAAAAAAUqbf3ooVLBiCuIjQ3egUEuaFYYL6IdFXbXYpy5N2JZ3AAAAAUVVUgBWr3tYhv9gK810zwxPzNzH45+AUwRq7JkhjHWVcFizPAAAAAAAABOIAAAAAVave1iBYH/ap2sktRN/9AeqI1fWcJ8gKr8f5cHaEMEL1dBYsa0GT+OaE8GnFJzMIKL088kKeZ2ERWo4uw0K+cNKJ/YI	ICxTeH0i/MOUJPxrTLgD/ei+DtHi44NEMypB/pEu0eYAAAAAAAAACgAAAAAAAAABAAAAAAAAAAEAAAAA	AAAAAgAAAAEAAAAAVq97WIb/YCvNdM8MT8zcx+OfgFMEauyZIYx1lXBYszwAAAACVAvj7AAAAAMAAAACAAAAAAAAAAAAAAAAAQAAAAAAAAAAAAAAAAAAAQAAAAFKm396KFSwYgriI0N3oFBLmhWGC+iHRV212KcuTdiWdwAAAAFFVVIAVq97WIb/YCvNdM8MT8zcx+OfgFMEauyZIYx1lXBYszwAAAAAAAATiH//////////AAAAAQ==
a325424539a2e13e21ee991139f156ed73ac86c03c1e61cd4a616eb10f207a49	5	3	Vq97WIb/YCvNdM8MT8zcx+OfgFMEauyZIYx1lXBYszwAAAAKAAAAAwAAAAMAAAAAAAAAAAAAAAEAAAAAAAAAAUqbf3ooVLBiCuIjQ3egUEuaFYYL6IdFXbXYpy5N2JZ3AAAAATEAAABWr3tYhv9gK810zwxPzNzH45+AUwRq7JkhjHWVcFizPAAAAAAAABOIAAAAAVave1hA4tyVFcQaTUnaRP6PrBfiIrtL3jg5YXJU4s9l8HpiAW+H2sduEcJdXX45VwNLIfjCQTCmZYBABBKuU4C5LgUA	oyVCRTmi4T4h7pkROfFW7XOshsA8HmHNSmFusQ8gekkAAAAAAAAACgAAAAAAAAABAAAAAAAAAAEAAAAA	AAAAAgAAAAEAAAAAVq97WIb/YCvNdM8MT8zcx+OfgFMEauyZIYx1lXBYszwAAAACVAvj4gAAAAMAAAADAAAAAAAAAAAAAAAAAQAAAAAAAAAAAAAAAAAAAQAAAAFKm396KFSwYgriI0N3oFBLmhWGC+iHRV212KcuTdiWdwAAAAExAAAAVq97WIb/YCvNdM8MT8zcx+OfgFMEauyZIYx1lXBYszwAAAAAAAATiH//////////AAAAAQ==
8391035dd353651448b17e21fb6c10e7d394a5b37fc89a3e16eba033acc79a0a	5	4	Vq97WIb/YCvNdM8MT8zcx+OfgFMEauyZIYx1lXBYszwAAAAKAAAAAwAAAAQAAAAAAAAAAAAAAAEAAAAAAAAAAUqbf3ooVLBiCuIjQ3egUEuaFYYL6IdFXbXYpy5N2JZ3AAAAATIxAABWr3tYhv9gK810zwxPzNzH45+AUwRq7JkhjHWVcFizPAAAAAAAABOIAAAAAVave1h2VEo1vQnkGg6JKK5aE3H/TeHLtABPpYuK9y8M3ByMGccDRVcyYERILppbZX7vklRQmzkA9yzN0/wxFK1Y92EN	g5EDXdNTZRRIsX4h+2wQ59OUpbN/yJo+FuugM6zHmgoAAAAAAAAACgAAAAAAAAABAAAAAAAAAAEAAAAA	AAAAAgAAAAEAAAAAVq97WIb/YCvNdM8MT8zcx+OfgFMEauyZIYx1lXBYszwAAAACVAvj2AAAAAMAAAAEAAAAAAAAAAAAAAAAAQAAAAAAAAAAAAAAAAAAAQAAAAFKm396KFSwYgriI0N3oFBLmhWGC+iHRV212KcuTdiWdwAAAAEyMQAAVq97WIb/YCvNdM8MT8zcx+OfgFMEauyZIYx1lXBYszwAAAAAAAATiH//////////AAAAAQ==
b3c3a3864fc22cda7460ba0088846953fd765216754d7d8f9928bb3fb6b26e65	5	5	Vq97WIb/YCvNdM8MT8zcx+OfgFMEauyZIYx1lXBYszwAAAAKAAAAAwAAAAUAAAAAAAAAAAAAAAEAAAAAAAAAAUqbf3ooVLBiCuIjQ3egUEuaFYYL6IdFXbXYpy5N2JZ3AAAAATIyAABWr3tYhv9gK810zwxPzNzH45+AUwRq7JkhjHWVcFizPAAAAAAAABOIAAAAAVave1jI/o4zQoUdREHAZ64CkvUfQ629u96TWew3eL+sYoFVQiZa4Gl7SJNltI/bvLFJX3pNi3Rx7PYCLwYFhBWj4YIL	s8Ojhk/CLNp0YLoAiIRpU/12UhZ1TX2PmSi7P7aybmUAAAAAAAAACgAAAAAAAAABAAAAAAAAAAEAAAAA	AAAAAgAAAAEAAAAAVq97WIb/YCvNdM8MT8zcx+OfgFMEauyZIYx1lXBYszwAAAACVAvjzgAAAAMAAAAFAAAAAAAAAAAAAAAAAQAAAAAAAAAAAAAAAAAAAQAAAAFKm396KFSwYgriI0N3oFBLmhWGC+iHRV212KcuTdiWdwAAAAEyMgAAVq97WIb/YCvNdM8MT8zcx+OfgFMEauyZIYx1lXBYszwAAAAAAAATiH//////////AAAAAQ==
a070c8f1298dc2bc4781e4a8431ceb428205acd99879aaa07c6cf30051c50c4c	5	6	Vq97WIb/YCvNdM8MT8zcx+OfgFMEauyZIYx1lXBYszwAAAAKAAAAAwAAAAYAAAAAAAAAAAAAAAEAAAAAAAAAAUqbf3ooVLBiCuIjQ3egUEuaFYYL6IdFXbXYpy5N2JZ3AAAAATMxAABWr3tYhv9gK810zwxPzNzH45+AUwRq7JkhjHWVcFizPAAAAAAAABOIAAAAAVave1ik0YvXp4YDEXJvsQxfAEaVEmkSTUP4+todVYO1vBndIQv9eaciDLBccICpwgZe/bNEB9zfBzFQW3oKBN+fkZAK	oHDI8SmNwrxHgeSoQxzrQoIFrNmYeaqgfGzzAFHFDEwAAAAAAAAACgAAAAAAAAABAAAAAAAAAAEAAAAA	AAAAAgAAAAEAAAAAVq97WIb/YCvNdM8MT8zcx+OfgFMEauyZIYx1lXBYszwAAAACVAvjxAAAAAMAAAAGAAAAAAAAAAAAAAAAAQAAAAAAAAAAAAAAAAAAAQAAAAFKm396KFSwYgriI0N3oFBLmhWGC+iHRV212KcuTdiWdwAAAAEzMQAAVq97WIb/YCvNdM8MT8zcx+OfgFMEauyZIYx1lXBYszwAAAAAAAATiH//////////AAAAAQ==
1d2399eb61db32d96ed69965a5f6d1eb436f37896d9ae36ecf1f414e6d06e0b9	5	7	Vq97WIb/YCvNdM8MT8zcx+OfgFMEauyZIYx1lXBYszwAAAAKAAAAAwAAAAcAAAAAAAAAAAAAAAEAAAAAAAAAAUqbf3ooVLBiCuIjQ3egUEuaFYYL6IdFXbXYpy5N2JZ3AAAAATMyAABWr3tYhv9gK810zwxPzNzH45+AUwRq7JkhjHWVcFizPAAAAAAAABOIAAAAAVave1j5cb12qE0cn+ZpAmMPKVfV8dDiDJK0z1IXFXAERIuSxLlXUlFqD0AKFpmPq1JO6I6jJ1D5gnaMOdYreCQ9PdUP	HSOZ62HbMtlu1pllpfbR60NvN4ltmuNuzx9BTm0G4LkAAAAAAAAACgAAAAAAAAABAAAAAAAAAAEAAAAA	AAAAAgAAAAEAAAAAVq97WIb/YCvNdM8MT8zcx+OfgFMEauyZIYx1lXBYszwAAAACVAvjugAAAAMAAAAHAAAAAAAAAAAAAAAAAQAAAAAAAAAAAAAAAAAAAQAAAAFKm396KFSwYgriI0N3oFBLmhWGC+iHRV212KcuTdiWdwAAAAEzMgAAVq97WIb/YCvNdM8MT8zcx+OfgFMEauyZIYx1lXBYszwAAAAAAAATiH//////////AAAAAQ==
1117cb4f032c3dbad210ef536882a4caa51f3bf11922fdff4ec1fcfa3530286c	5	8	Vq97WIb/YCvNdM8MT8zcx+OfgFMEauyZIYx1lXBYszwAAAAKAAAAAwAAAAgAAAAAAAAAAAAAAAEAAAAAAAAAAUqbf3ooVLBiCuIjQ3egUEuaFYYL6IdFXbXYpy5N2JZ3AAAAATMzAABWr3tYhv9gK810zwxPzNzH45+AUwRq7JkhjHWVcFizPAAAAAAAABOIAAAAAVave1hz9sr63tcAvDHFzUI3Z0xe4t9u5FjuYVUYuSwpWLsvbncNcpiOv765babPEkzBxahIWMEUhjd8NFSGzMBgwOgF	ERfLTwMsPbrSEO9TaIKkyqUfO/EZIv3/TsH8+jUwKGwAAAAAAAAACgAAAAAAAAABAAAAAAAAAAEAAAAA	AAAAAgAAAAEAAAAAVq97WIb/YCvNdM8MT8zcx+OfgFMEauyZIYx1lXBYszwAAAACVAvjsAAAAAMAAAAIAAAAAAAAAAAAAAAAAQAAAAAAAAAAAAAAAAAAAQAAAAFKm396KFSwYgriI0N3oFBLmhWGC+iHRV212KcuTdiWdwAAAAEzMwAAVq97WIb/YCvNdM8MT8zcx+OfgFMEauyZIYx1lXBYszwAAAAAAAATiH//////////AAAAAQ==
aaf947893760b8be679cb19f5e19b0fd4201806ce000b851f74fcd0bd5365a52	6	1	Spt/eihUsGIK4iNDd6BQS5oVhgvoh0VdtdinLk3YlncAAAAKAAAAAwAAAAkAAAAAAAAAAAAAAAEAAAAAAAAAAwAAAAFFVVIAVq97WIb/YCvNdM8MT8zcx+OfgFMEauyZIYx1lXBYszwAAAABVVNEAFave1iG/2ArzXTPDE/M3Mfjn4BTBGrsmSGMdZVwWLM8AAAAAAAAAAoAAAABAAAAAQAAAAAAAAAAAAAAAUqbf3o27x5rYb4sEz+wKJbPc3h0NHQDnLuES8VhjwKsfUnn4dg1cvA/2cAHxQzN75FoRQZrxoV0bQBNeHlVEK8m3CkF	qvlHiTdguL5nnLGfXhmw/UIBgGzgALhR90/NC9U2WlIAAAAAAAAACgAAAAAAAAABAAAAAAAAAAMAAAAAAAAAAAAAAABKm396KFSwYgriI0N3oFBLmhWGC+iHRV212KcuTdiWdwAAAAAAAAABAAAAAUVVUgBWr3tYhv9gK810zwxPzNzH45+AUwRq7JkhjHWVcFizPAAAAAFVU0QAVq97WIb/YCvNdM8MT8zcx+OfgFMEauyZIYx1lXBYszwAAAAAAAAACgAAAAEAAAABAAAAAA==	AAAAAgAAAAAAAAACSpt/eihUsGIK4iNDd6BQS5oVhgvoh0VdtdinLk3YlncAAAAAAAAAAQAAAAFFVVIAVq97WIb/YCvNdM8MT8zcx+OfgFMEauyZIYx1lXBYszwAAAABVVNEAFave1iG/2ArzXTPDE/M3Mfjn4BTBGrsmSGMdZVwWLM8AAAAAAAAAAoAAAABAAAAAQAAAAAAAAABAAAAAEqbf3ooVLBiCuIjQ3egUEuaFYYL6IdFXbXYpy5N2JZ3AAAAAlQL46YAAAADAAAACQAAAAkAAAAAAAAAAAEAAAAAAAAAAAAAAA==
51d2aa637003115e3d03b7f97538db2a4e24bd6445d9d7895589a44d50a3c2ea	6	2	Spt/eihUsGIK4iNDd6BQS5oVhgvoh0VdtdinLk3YlncAAAAKAAAAAwAAAAoAAAAAAAAAAAAAAAEAAAAAAAAAAwAAAAExAAAAVq97WIb/YCvNdM8MT8zcx+OfgFMEauyZIYx1lXBYszwAAAABVVNEAFave1iG/2ArzXTPDE/M3Mfjn4BTBGrsmSGMdZVwWLM8AAAAAAAAABQAAAABAAAAAQAAAAAAAAAAAAAAAUqbf3rthI1DcUOULHOkgHZ2ZyuTNCVCKI34j+Uwt0jtgXhl0zw2dhoDCA/bVy4vEBItH4ISmWrXHTtnfvXN9Vfx3e4P	UdKqY3ADEV49A7f5dTjbKk4kvWRF2deJVYmkTVCjwuoAAAAAAAAACgAAAAAAAAABAAAAAAAAAAMAAAAAAAAAAAAAAABKm396KFSwYgriI0N3oFBLmhWGC+iHRV212KcuTdiWdwAAAAAAAAACAAAAATEAAABWr3tYhv9gK810zwxPzNzH45+AUwRq7JkhjHWVcFizPAAAAAFVU0QAVq97WIb/YCvNdM8MT8zcx+OfgFMEauyZIYx1lXBYszwAAAAAAAAAFAAAAAEAAAABAAAAAA==	AAAAAgAAAAAAAAACSpt/eihUsGIK4iNDd6BQS5oVhgvoh0VdtdinLk3YlncAAAAAAAAAAgAAAAExAAAAVq97WIb/YCvNdM8MT8zcx+OfgFMEauyZIYx1lXBYszwAAAABVVNEAFave1iG/2ArzXTPDE/M3Mfjn4BTBGrsmSGMdZVwWLM8AAAAAAAAABQAAAABAAAAAQAAAAAAAAABAAAAAEqbf3ooVLBiCuIjQ3egUEuaFYYL6IdFXbXYpy5N2JZ3AAAAAlQL45wAAAADAAAACgAAAAoAAAAAAAAAAAEAAAAAAAAAAAAAAA==
ae62f6f04893132a17bf7265882eb9b2b79db958d976b38e768ff71eeea9bc76	6	3	Spt/eihUsGIK4iNDd6BQS5oVhgvoh0VdtdinLk3YlncAAAAKAAAAAwAAAAsAAAAAAAAAAAAAAAEAAAAAAAAAAwAAAAFFVVIAVq97WIb/YCvNdM8MT8zcx+OfgFMEauyZIYx1lXBYszwAAAABMQAAAFave1iG/2ArzXTPDE/M3Mfjn4BTBGrsmSGMdZVwWLM8AAAAAAAAABQAAAABAAAAAQAAAAAAAAAAAAAAAUqbf3qy5WB5ofQ+xi9Em+8CioGJybeOFipGrQPq7d2l/w3La52jqWVHAIm+L+il4StquWVC/v6PcEA/bG4Aj2VFT/IO	rmL28EiTEyoXv3JliC65sreduVjZdrOOdo/3Hu6pvHYAAAAAAAAACgAAAAAAAAABAAAAAAAAAAMAAAAAAAAAAAAAAABKm396KFSwYgriI0N3oFBLmhWGC+iHRV212KcuTdiWdwAAAAAAAAADAAAAAUVVUgBWr3tYhv9gK810zwxPzNzH45+AUwRq7JkhjHWVcFizPAAAAAExAAAAVq97WIb/YCvNdM8MT8zcx+OfgFMEauyZIYx1lXBYszwAAAAAAAAAFAAAAAEAAAABAAAAAA==	AAAAAgAAAAAAAAACSpt/eihUsGIK4iNDd6BQS5oVhgvoh0VdtdinLk3YlncAAAAAAAAAAwAAAAFFVVIAVq97WIb/YCvNdM8MT8zcx+OfgFMEauyZIYx1lXBYszwAAAABMQAAAFave1iG/2ArzXTPDE/M3Mfjn4BTBGrsmSGMdZVwWLM8AAAAAAAAABQAAAABAAAAAQAAAAAAAAABAAAAAEqbf3ooVLBiCuIjQ3egUEuaFYYL6IdFXbXYpy5N2JZ3AAAAAlQL45IAAAADAAAACwAAAAsAAAAAAAAAAAEAAAAAAAAAAAAAAA==
4da0d5b01a494342d7754be504650be66feb6fa87805387701ea245bb0393c0f	6	4	Spt/eihUsGIK4iNDd6BQS5oVhgvoh0VdtdinLk3YlncAAAAKAAAAAwAAAAwAAAAAAAAAAAAAAAEAAAAAAAAAAwAAAAEyMQAAVq97WIb/YCvNdM8MT8zcx+OfgFMEauyZIYx1lXBYszwAAAABVVNEAFave1iG/2ArzXTPDE/M3Mfjn4BTBGrsmSGMdZVwWLM8AAAAAAAAAB4AAAABAAAAAQAAAAAAAAAAAAAAAUqbf3oNSa/rk2vP7DwtbsEaXT5gHPF5GX5cO+F8qOrP2CLi08KA1cu5XKibb1h6L3XkrmJQYWY/L8p4O/M5d0shcdIE	TaDVsBpJQ0LXdUvlBGUL5m/rb6h4BTh3AeokW7A5PA8AAAAAAAAACgAAAAAAAAABAAAAAAAAAAMAAAAAAAAAAAAAAABKm396KFSwYgriI0N3oFBLmhWGC+iHRV212KcuTdiWdwAAAAAAAAAEAAAAATIxAABWr3tYhv9gK810zwxPzNzH45+AUwRq7JkhjHWVcFizPAAAAAFVU0QAVq97WIb/YCvNdM8MT8zcx+OfgFMEauyZIYx1lXBYszwAAAAAAAAAHgAAAAEAAAABAAAAAA==	AAAAAgAAAAAAAAACSpt/eihUsGIK4iNDd6BQS5oVhgvoh0VdtdinLk3YlncAAAAAAAAABAAAAAEyMQAAVq97WIb/YCvNdM8MT8zcx+OfgFMEauyZIYx1lXBYszwAAAABVVNEAFave1iG/2ArzXTPDE/M3Mfjn4BTBGrsmSGMdZVwWLM8AAAAAAAAAB4AAAABAAAAAQAAAAAAAAABAAAAAEqbf3ooVLBiCuIjQ3egUEuaFYYL6IdFXbXYpy5N2JZ3AAAAAlQL44gAAAADAAAADAAAAAwAAAAAAAAAAAEAAAAAAAAAAAAAAA==
856199cd825977224dd744fb4ebb8cd571e406ff5ed4515b03d9885e394f1d51	6	5	Spt/eihUsGIK4iNDd6BQS5oVhgvoh0VdtdinLk3YlncAAAAKAAAAAwAAAA0AAAAAAAAAAAAAAAEAAAAAAAAAAwAAAAEyMgAAVq97WIb/YCvNdM8MT8zcx+OfgFMEauyZIYx1lXBYszwAAAABMjEAAFave1iG/2ArzXTPDE/M3Mfjn4BTBGrsmSGMdZVwWLM8AAAAAAAAAB4AAAABAAAAAQAAAAAAAAAAAAAAAUqbf3o8ytskIvt0KB+kDe9z1TiqSMo1B391zHEoBYA3Tnj2iVo7uqFg9+34e0jQizHs0PJMvWoroo229k6T8TjipK4N	hWGZzYJZdyJN10T7TruM1XHkBv9e1FFbA9mIXjlPHVEAAAAAAAAACgAAAAAAAAABAAAAAAAAAAMAAAAAAAAAAAAAAABKm396KFSwYgriI0N3oFBLmhWGC+iHRV212KcuTdiWdwAAAAAAAAAFAAAAATIyAABWr3tYhv9gK810zwxPzNzH45+AUwRq7JkhjHWVcFizPAAAAAEyMQAAVq97WIb/YCvNdM8MT8zcx+OfgFMEauyZIYx1lXBYszwAAAAAAAAAHgAAAAEAAAABAAAAAA==	AAAAAgAAAAAAAAACSpt/eihUsGIK4iNDd6BQS5oVhgvoh0VdtdinLk3YlncAAAAAAAAABQAAAAEyMgAAVq97WIb/YCvNdM8MT8zcx+OfgFMEauyZIYx1lXBYszwAAAABMjEAAFave1iG/2ArzXTPDE/M3Mfjn4BTBGrsmSGMdZVwWLM8AAAAAAAAAB4AAAABAAAAAQAAAAAAAAABAAAAAEqbf3ooVLBiCuIjQ3egUEuaFYYL6IdFXbXYpy5N2JZ3AAAAAlQL434AAAADAAAADQAAAA0AAAAAAAAAAAEAAAAAAAAAAAAAAA==
9fd8b715b26d1596534e13389efa4125e40093e12bc68d47e4f3686fbf492dd7	6	6	Spt/eihUsGIK4iNDd6BQS5oVhgvoh0VdtdinLk3YlncAAAAKAAAAAwAAAA4AAAAAAAAAAAAAAAEAAAAAAAAAAwAAAAFFVVIAVq97WIb/YCvNdM8MT8zcx+OfgFMEauyZIYx1lXBYszwAAAABMjIAAFave1iG/2ArzXTPDE/M3Mfjn4BTBGrsmSGMdZVwWLM8AAAAAAAAAB4AAAABAAAAAQAAAAAAAAAAAAAAAUqbf3qFus6/EhAguRBFPC/G9vevtQZXkG5bueWhtgrOxvaB9pqWqBSQvm1XwZ9+qps4mL3flLVYt9uXpFbf2OdX7NUN	n9i3FbJtFZZTThM4nvpBJeQAk+Erxo1H5PNob79JLdcAAAAAAAAACgAAAAAAAAABAAAAAAAAAAMAAAAAAAAAAAAAAABKm396KFSwYgriI0N3oFBLmhWGC+iHRV212KcuTdiWdwAAAAAAAAAGAAAAAUVVUgBWr3tYhv9gK810zwxPzNzH45+AUwRq7JkhjHWVcFizPAAAAAEyMgAAVq97WIb/YCvNdM8MT8zcx+OfgFMEauyZIYx1lXBYszwAAAAAAAAAHgAAAAEAAAABAAAAAA==	AAAAAgAAAAAAAAACSpt/eihUsGIK4iNDd6BQS5oVhgvoh0VdtdinLk3YlncAAAAAAAAABgAAAAFFVVIAVq97WIb/YCvNdM8MT8zcx+OfgFMEauyZIYx1lXBYszwAAAABMjIAAFave1iG/2ArzXTPDE/M3Mfjn4BTBGrsmSGMdZVwWLM8AAAAAAAAAB4AAAABAAAAAQAAAAAAAAABAAAAAEqbf3ooVLBiCuIjQ3egUEuaFYYL6IdFXbXYpy5N2JZ3AAAAAlQL43QAAAADAAAADgAAAA4AAAAAAAAAAAEAAAAAAAAAAAAAAA==
4298731edea30b9e6b09c6b709cf8020f9e0136cb1656d781e6bfd3bac5e527a	6	7	Spt/eihUsGIK4iNDd6BQS5oVhgvoh0VdtdinLk3YlncAAAAKAAAAAwAAAA8AAAAAAAAAAAAAAAEAAAAAAAAAAwAAAAEzMQAAVq97WIb/YCvNdM8MT8zcx+OfgFMEauyZIYx1lXBYszwAAAABVVNEAFave1iG/2ArzXTPDE/M3Mfjn4BTBGrsmSGMdZVwWLM8AAAAAAAAACgAAAABAAAAAQAAAAAAAAAAAAAAAUqbf3rgkQpUpANlo85zvf3tV96XpJJanApq9JVlBUQljNiqFrSdwv054aEwyibug/Ii9a3Y6RL8dsk4/oAI3Jjm1rMC	QphzHt6jC55rCca3Cc+AIPngE2yxZW14Hmv9O6xeUnoAAAAAAAAACgAAAAAAAAABAAAAAAAAAAMAAAAAAAAAAAAAAABKm396KFSwYgriI0N3oFBLmhWGC+iHRV212KcuTdiWdwAAAAAAAAAHAAAAATMxAABWr3tYhv9gK810zwxPzNzH45+AUwRq7JkhjHWVcFizPAAAAAFVU0QAVq97WIb/YCvNdM8MT8zcx+OfgFMEauyZIYx1lXBYszwAAAAAAAAAKAAAAAEAAAABAAAAAA==	AAAAAgAAAAAAAAACSpt/eihUsGIK4iNDd6BQS5oVhgvoh0VdtdinLk3YlncAAAAAAAAABwAAAAEzMQAAVq97WIb/YCvNdM8MT8zcx+OfgFMEauyZIYx1lXBYszwAAAABVVNEAFave1iG/2ArzXTPDE/M3Mfjn4BTBGrsmSGMdZVwWLM8AAAAAAAAACgAAAABAAAAAQAAAAAAAAABAAAAAEqbf3ooVLBiCuIjQ3egUEuaFYYL6IdFXbXYpy5N2JZ3AAAAAlQL42oAAAADAAAADwAAAA8AAAAAAAAAAAEAAAAAAAAAAAAAAA==
bb013139b5f14065c8294d063a1465b0c7e4ad410b7908d8e8281342281940fd	6	8	Spt/eihUsGIK4iNDd6BQS5oVhgvoh0VdtdinLk3YlncAAAAKAAAAAwAAABAAAAAAAAAAAAAAAAEAAAAAAAAAAwAAAAEzMgAAVq97WIb/YCvNdM8MT8zcx+OfgFMEauyZIYx1lXBYszwAAAABMzEAAFave1iG/2ArzXTPDE/M3Mfjn4BTBGrsmSGMdZVwWLM8AAAAAAAAACgAAAABAAAAAQAAAAAAAAAAAAAAAUqbf3p0uxdVcjBj8vktj+Grk+zV+FbIffrBrXGYAVmD31ajxh5Ejqag0ZM0wjMZGxeCyJIloyrwzZjWqSl8hzYjHMkD	uwExObXxQGXIKU0GOhRlsMfkrUELeQjY6CgTQigZQP0AAAAAAAAACgAAAAAAAAABAAAAAAAAAAMAAAAAAAAAAAAAAABKm396KFSwYgriI0N3oFBLmhWGC+iHRV212KcuTdiWdwAAAAAAAAAIAAAAATMyAABWr3tYhv9gK810zwxPzNzH45+AUwRq7JkhjHWVcFizPAAAAAEzMQAAVq97WIb/YCvNdM8MT8zcx+OfgFMEauyZIYx1lXBYszwAAAAAAAAAKAAAAAEAAAABAAAAAA==	AAAAAgAAAAAAAAACSpt/eihUsGIK4iNDd6BQS5oVhgvoh0VdtdinLk3YlncAAAAAAAAACAAAAAEzMgAAVq97WIb/YCvNdM8MT8zcx+OfgFMEauyZIYx1lXBYszwAAAABMzEAAFave1iG/2ArzXTPDE/M3Mfjn4BTBGrsmSGMdZVwWLM8AAAAAAAAACgAAAABAAAAAQAAAAAAAAABAAAAAEqbf3ooVLBiCuIjQ3egUEuaFYYL6IdFXbXYpy5N2JZ3AAAAAlQL42AAAAADAAAAEAAAABAAAAAAAAAAAAEAAAAAAAAAAAAAAA==
2837a6d0ab2dd177c41e9efb4a9ca757b1b4eed6de98701f2e6acffbb25d9126	6	9	Spt/eihUsGIK4iNDd6BQS5oVhgvoh0VdtdinLk3YlncAAAAKAAAAAwAAABEAAAAAAAAAAAAAAAEAAAAAAAAAAwAAAAEzMwAAVq97WIb/YCvNdM8MT8zcx+OfgFMEauyZIYx1lXBYszwAAAABMzIAAFave1iG/2ArzXTPDE/M3Mfjn4BTBGrsmSGMdZVwWLM8AAAAAAAAACgAAAABAAAAAQAAAAAAAAAAAAAAAUqbf3ozKYJ3CEIH4GgL0rMA41axmC2fRN8b5zWAb2qEQfuB8UwGXqJxoB7wPJo1Rjg/0B1UuQfemYr+rHqfW646Yo4O	KDem0Kst0XfEHp77SpynV7G07tbemHAfLmrP+7JdkSYAAAAAAAAACgAAAAAAAAABAAAAAAAAAAMAAAAAAAAAAAAAAABKm396KFSwYgriI0N3oFBLmhWGC+iHRV212KcuTdiWdwAAAAAAAAAJAAAAATMzAABWr3tYhv9gK810zwxPzNzH45+AUwRq7JkhjHWVcFizPAAAAAEzMgAAVq97WIb/YCvNdM8MT8zcx+OfgFMEauyZIYx1lXBYszwAAAAAAAAAKAAAAAEAAAABAAAAAA==	AAAAAgAAAAAAAAACSpt/eihUsGIK4iNDd6BQS5oVhgvoh0VdtdinLk3YlncAAAAAAAAACQAAAAEzMwAAVq97WIb/YCvNdM8MT8zcx+OfgFMEauyZIYx1lXBYszwAAAABMzIAAFave1iG/2ArzXTPDE/M3Mfjn4BTBGrsmSGMdZVwWLM8AAAAAAAAACgAAAABAAAAAQAAAAAAAAABAAAAAEqbf3ooVLBiCuIjQ3egUEuaFYYL6IdFXbXYpy5N2JZ3AAAAAlQL41YAAAADAAAAEQAAABEAAAAAAAAAAAEAAAAAAAAAAAAAAA==
ed5c89d96b5621002100b06f9341321aa9b0ef679ecb10acc834256276ab5e77	6	10	Spt/eihUsGIK4iNDd6BQS5oVhgvoh0VdtdinLk3YlncAAAAKAAAAAwAAABIAAAAAAAAAAAAAAAEAAAAAAAAAAwAAAAFFVVIAVq97WIb/YCvNdM8MT8zcx+OfgFMEauyZIYx1lXBYszwAAAABMzMAAFave1iG/2ArzXTPDE/M3Mfjn4BTBGrsmSGMdZVwWLM8AAAAAAAAACgAAAABAAAAAQAAAAAAAAAAAAAAAUqbf3rA5sCBu6ewxee02BSblC6S0pPAFJzGZhIJCRhScHESTBwy60Gxm+q9uidtQYaWK8UWPDsJBMt0j3ROSk5dZJoD	7VyJ2WtWIQAhALBvk0EyGqmw72eeyxCsyDQlYnarXncAAAAAAAAACgAAAAAAAAABAAAAAAAAAAMAAAAAAAAAAAAAAABKm396KFSwYgriI0N3oFBLmhWGC+iHRV212KcuTdiWdwAAAAAAAAAKAAAAAUVVUgBWr3tYhv9gK810zwxPzNzH45+AUwRq7JkhjHWVcFizPAAAAAEzMwAAVq97WIb/YCvNdM8MT8zcx+OfgFMEauyZIYx1lXBYszwAAAAAAAAAKAAAAAEAAAABAAAAAA==	AAAAAgAAAAAAAAACSpt/eihUsGIK4iNDd6BQS5oVhgvoh0VdtdinLk3YlncAAAAAAAAACgAAAAFFVVIAVq97WIb/YCvNdM8MT8zcx+OfgFMEauyZIYx1lXBYszwAAAABMzMAAFave1iG/2ArzXTPDE/M3Mfjn4BTBGrsmSGMdZVwWLM8AAAAAAAAACgAAAABAAAAAQAAAAAAAAABAAAAAEqbf3ooVLBiCuIjQ3egUEuaFYYL6IdFXbXYpy5N2JZ3AAAAAlQL40wAAAADAAAAEgAAABIAAAAAAAAAAAEAAAAAAAAAAAAAAA==
\.


--
-- Name: accounts_pkey; Type: CONSTRAINT; Schema: public; Owner: -; Tablespace: 
--

ALTER TABLE ONLY accounts
    ADD CONSTRAINT accounts_pkey PRIMARY KEY (accountid);


--
-- Name: ledgerheaders_ledgerseq_key; Type: CONSTRAINT; Schema: public; Owner: -; Tablespace: 
--

ALTER TABLE ONLY ledgerheaders
    ADD CONSTRAINT ledgerheaders_ledgerseq_key UNIQUE (ledgerseq);


--
-- Name: ledgerheaders_pkey; Type: CONSTRAINT; Schema: public; Owner: -; Tablespace: 
--

ALTER TABLE ONLY ledgerheaders
    ADD CONSTRAINT ledgerheaders_pkey PRIMARY KEY (ledgerhash);


--
-- Name: offers_pkey; Type: CONSTRAINT; Schema: public; Owner: -; Tablespace: 
--

ALTER TABLE ONLY offers
    ADD CONSTRAINT offers_pkey PRIMARY KEY (offerid);


--
-- Name: peers_pkey; Type: CONSTRAINT; Schema: public; Owner: -; Tablespace: 
--

ALTER TABLE ONLY peers
    ADD CONSTRAINT peers_pkey PRIMARY KEY (ip, port);


--
-- Name: signers_pkey; Type: CONSTRAINT; Schema: public; Owner: -; Tablespace: 
--

ALTER TABLE ONLY signers
    ADD CONSTRAINT signers_pkey PRIMARY KEY (accountid, publickey);


--
-- Name: storestate_pkey; Type: CONSTRAINT; Schema: public; Owner: -; Tablespace: 
--

ALTER TABLE ONLY storestate
    ADD CONSTRAINT storestate_pkey PRIMARY KEY (statename);


--
-- Name: trustlines_pkey; Type: CONSTRAINT; Schema: public; Owner: -; Tablespace: 
--

ALTER TABLE ONLY trustlines
    ADD CONSTRAINT trustlines_pkey PRIMARY KEY (accountid, issuer, alphanumcurrency);


--
-- Name: txhistory_ledgerseq_txindex_key; Type: CONSTRAINT; Schema: public; Owner: -; Tablespace: 
--

ALTER TABLE ONLY txhistory
    ADD CONSTRAINT txhistory_ledgerseq_txindex_key UNIQUE (ledgerseq, txindex);


--
-- Name: txhistory_pkey; Type: CONSTRAINT; Schema: public; Owner: -; Tablespace: 
--

ALTER TABLE ONLY txhistory
    ADD CONSTRAINT txhistory_pkey PRIMARY KEY (txid, ledgerseq);


--
-- Name: accountbalances; Type: INDEX; Schema: public; Owner: -; Tablespace: 
--

CREATE INDEX accountbalances ON accounts USING btree (balance);


--
-- Name: accountlines; Type: INDEX; Schema: public; Owner: -; Tablespace: 
--

CREATE INDEX accountlines ON trustlines USING btree (accountid);


--
-- Name: getsissuerindex; Type: INDEX; Schema: public; Owner: -; Tablespace: 
--

CREATE INDEX getsissuerindex ON offers USING btree (getsissuer);


--
-- Name: ledgersbyseq; Type: INDEX; Schema: public; Owner: -; Tablespace: 
--

CREATE INDEX ledgersbyseq ON ledgerheaders USING btree (ledgerseq);


--
-- Name: paysissuerindex; Type: INDEX; Schema: public; Owner: -; Tablespace: 
--

CREATE INDEX paysissuerindex ON offers USING btree (paysissuer);


--
-- Name: priceindex; Type: INDEX; Schema: public; Owner: -; Tablespace: 
--

CREATE INDEX priceindex ON offers USING btree (price);


--
-- Name: signersaccount; Type: INDEX; Schema: public; Owner: -; Tablespace: 
--

CREATE INDEX signersaccount ON signers USING btree (accountid);


--
-- PostgreSQL database dump complete
--

