--
-- PostgreSQL database dump
--

SET statement_timeout = 0;
SET lock_timeout = 0;
SET client_encoding = 'UTF8';
SET standard_conforming_strings = on;
SET check_function_bodies = false;
SET client_min_messages = warning;

SET search_path = public, pg_catalog;

DROP INDEX public.signersaccount;
DROP INDEX public.sellingissuerindex;
DROP INDEX public.priceindex;
DROP INDEX public.ledgersbyseq;
DROP INDEX public.histfeebyseq;
DROP INDEX public.histbyseq;
DROP INDEX public.buyingissuerindex;
DROP INDEX public.accountbalances;
ALTER TABLE ONLY public.txhistory DROP CONSTRAINT txhistory_pkey;
ALTER TABLE ONLY public.txfeehistory DROP CONSTRAINT txfeehistory_pkey;
ALTER TABLE ONLY public.trustlines DROP CONSTRAINT trustlines_pkey;
ALTER TABLE ONLY public.storestate DROP CONSTRAINT storestate_pkey;
ALTER TABLE ONLY public.signers DROP CONSTRAINT signers_pkey;
ALTER TABLE ONLY public.pubsub DROP CONSTRAINT pubsub_pkey;
ALTER TABLE ONLY public.peers DROP CONSTRAINT peers_pkey;
ALTER TABLE ONLY public.offers DROP CONSTRAINT offers_pkey;
ALTER TABLE ONLY public.ledgerheaders DROP CONSTRAINT ledgerheaders_pkey;
ALTER TABLE ONLY public.ledgerheaders DROP CONSTRAINT ledgerheaders_ledgerseq_key;
ALTER TABLE ONLY public.accounts DROP CONSTRAINT accounts_pkey;
DROP TABLE public.txhistory;
DROP TABLE public.txfeehistory;
DROP TABLE public.trustlines;
DROP TABLE public.storestate;
DROP TABLE public.signers;
DROP TABLE public.pubsub;
DROP TABLE public.peers;
DROP TABLE public.offers;
DROP TABLE public.ledgerheaders;
DROP TABLE public.accounts;
DROP EXTENSION plpgsql;
DROP SCHEMA public;
--
-- Name: public; Type: SCHEMA; Schema: -; Owner: -
--

CREATE SCHEMA public;


--
-- Name: SCHEMA public; Type: COMMENT; Schema: -; Owner: -
--

COMMENT ON SCHEMA public IS 'standard public schema';


--
-- Name: plpgsql; Type: EXTENSION; Schema: -; Owner: -
--

CREATE EXTENSION IF NOT EXISTS plpgsql WITH SCHEMA pg_catalog;


--
-- Name: EXTENSION plpgsql; Type: COMMENT; Schema: -; Owner: -
--

COMMENT ON EXTENSION plpgsql IS 'PL/pgSQL procedural language';


SET search_path = public, pg_catalog;

SET default_tablespace = '';

SET default_with_oids = false;

--
-- Name: accounts; Type: TABLE; Schema: public; Owner: -; Tablespace: 
--

CREATE TABLE accounts (
    accountid character varying(56) NOT NULL,
    balance bigint NOT NULL,
    seqnum bigint NOT NULL,
    numsubentries integer NOT NULL,
    inflationdest character varying(56),
    homedomain character varying(32) NOT NULL,
    thresholds text NOT NULL,
    flags integer NOT NULL,
    lastmodified integer NOT NULL,
    CONSTRAINT accounts_balance_check CHECK ((balance >= 0)),
    CONSTRAINT accounts_numsubentries_check CHECK ((numsubentries >= 0))
);


--
-- Name: ledgerheaders; Type: TABLE; Schema: public; Owner: -; Tablespace: 
--

CREATE TABLE ledgerheaders (
    ledgerhash character(64) NOT NULL,
    prevhash character(64) NOT NULL,
    bucketlisthash character(64) NOT NULL,
    ledgerseq integer,
    closetime bigint NOT NULL,
    data text NOT NULL,
    CONSTRAINT ledgerheaders_closetime_check CHECK ((closetime >= 0)),
    CONSTRAINT ledgerheaders_ledgerseq_check CHECK ((ledgerseq >= 0))
);


--
-- Name: offers; Type: TABLE; Schema: public; Owner: -; Tablespace: 
--

CREATE TABLE offers (
    sellerid character varying(56) NOT NULL,
    offerid bigint NOT NULL,
    sellingassettype integer NOT NULL,
    sellingassetcode character varying(12),
    sellingissuer character varying(56),
    buyingassettype integer NOT NULL,
    buyingassetcode character varying(12),
    buyingissuer character varying(56),
    amount bigint NOT NULL,
    pricen integer NOT NULL,
    priced integer NOT NULL,
    price double precision NOT NULL,
    flags integer NOT NULL,
    lastmodified integer NOT NULL,
    CONSTRAINT offers_amount_check CHECK ((amount >= 0)),
    CONSTRAINT offers_offerid_check CHECK ((offerid >= 0))
);


--
-- Name: peers; Type: TABLE; Schema: public; Owner: -; Tablespace: 
--

CREATE TABLE peers (
    ip character varying(15) NOT NULL,
    port integer DEFAULT 0 NOT NULL,
    nextattempt timestamp without time zone NOT NULL,
    numfailures integer DEFAULT 0 NOT NULL,
    CONSTRAINT peers_numfailures_check CHECK ((numfailures >= 0)),
    CONSTRAINT peers_port_check CHECK (((port > 0) AND (port <= 65535)))
);


--
-- Name: pubsub; Type: TABLE; Schema: public; Owner: -; Tablespace: 
--

CREATE TABLE pubsub (
    resid character(32) NOT NULL,
    lastread integer
);


--
-- Name: signers; Type: TABLE; Schema: public; Owner: -; Tablespace: 
--

CREATE TABLE signers (
    accountid character varying(56) NOT NULL,
    publickey character varying(56) NOT NULL,
    weight integer NOT NULL
);


--
-- Name: storestate; Type: TABLE; Schema: public; Owner: -; Tablespace: 
--

CREATE TABLE storestate (
    statename character(32) NOT NULL,
    state text
);


--
-- Name: trustlines; Type: TABLE; Schema: public; Owner: -; Tablespace: 
--

CREATE TABLE trustlines (
    accountid character varying(56) NOT NULL,
    assettype integer NOT NULL,
    issuer character varying(56) NOT NULL,
    assetcode character varying(12) NOT NULL,
    tlimit bigint NOT NULL,
    balance bigint NOT NULL,
    flags integer NOT NULL,
    lastmodified integer NOT NULL,
    CONSTRAINT trustlines_balance_check CHECK ((balance >= 0)),
    CONSTRAINT trustlines_tlimit_check CHECK ((tlimit > 0))
);


--
-- Name: txfeehistory; Type: TABLE; Schema: public; Owner: -; Tablespace: 
--

CREATE TABLE txfeehistory (
    txid character(64) NOT NULL,
    ledgerseq integer NOT NULL,
    txindex integer NOT NULL,
    txchanges text NOT NULL,
    CONSTRAINT txfeehistory_ledgerseq_check CHECK ((ledgerseq >= 0))
);


--
-- Name: txhistory; Type: TABLE; Schema: public; Owner: -; Tablespace: 
--

CREATE TABLE txhistory (
    txid character(64) NOT NULL,
    ledgerseq integer NOT NULL,
    txindex integer NOT NULL,
    txbody text NOT NULL,
    txresult text NOT NULL,
    txmeta text NOT NULL,
    CONSTRAINT txhistory_ledgerseq_check CHECK ((ledgerseq >= 0))
);


--
-- Data for Name: accounts; Type: TABLE DATA; Schema: public; Owner: -
--

COPY accounts (accountid, balance, seqnum, numsubentries, inflationdest, homedomain, thresholds, flags, lastmodified) FROM stdin;
GBRPYHIL2CI3FNQ4BXLFMNDLFJUNPU2HY3ZMFSHONUCEOASW7QC7OX2H	999999959999999600	4	0	\N		AQAAAA==	0	2
GCMKZPQEWBKQO6RLCVEXMHONKBI7XUDJMJVFYTGGIWXML4HJSRKRCM7V	9999999900	8589934593	1	\N		AQAAAA==	0	3
GBKEPUYSXQ3I7P33BJTJUD4SOBS6OGFSP76M3RBLR4FMBXWUV35ONTZS	9999999900	8589934593	1	\N		AQAAAA==	0	3
GC4K7LOEVAU3GT5P65PQWJQRVPMST33U6HSB2CHEXH7VNSMLF4FKVB3N	9999999200	8589934600	0	\N		AQAAAA==	0	4
GA6G7LNU3AHAQC547MS4XTXWCIAY7AC35LCA4F7ZMJRUMFVX7HCIAMPQ	9999998200	8589934610	18	\N		AQAAAA==	0	5
\.


--
-- Data for Name: ledgerheaders; Type: TABLE DATA; Schema: public; Owner: -
--

COPY ledgerheaders (ledgerhash, prevhash, bucketlisthash, ledgerseq, closetime, data) FROM stdin;
63d98f536ee68d1b27b5b89f23af5311b7569a24faf1403ad0b52b633b07be99	0000000000000000000000000000000000000000000000000000000000000000	572a2e32ff248a07b0e70fd1f6d318c1facd20b6cc08c33d5775259868125a16	1	0	AAAAAAAAAAAAAAAAAAAAAAAAAAAAAAAAAAAAAAAAAAAAAAAAAAAAAAAAAAAAAAAAAAAAAAAAAAAAAAAAAAAAAAAAAAAAAAAAAAAAAAAAAAAAAAAAAAAAAAAAAAAAAAAAAAAAAAAAAAAAAAAAAAAAAAAAAABXKi4y/ySKB7DnD9H20xjB+s0gtswIwz1XdSWYaBJaFgAAAAEN4Lazp2QAAAAAAAAAAAAAAAAAAAAAAAAAAAAAAAAAZAX14QAAAABkAAAAAAAAAAAAAAAAAAAAAAAAAAAAAAAAAAAAAAAAAAAAAAAAAAAAAAAAAAAAAAAAAAAAAAAAAAAAAAAAAAAAAAAAAAAAAAAAAAAAAAAAAAAAAAAAAAAAAAAAAAAAAAAAAAAAAAAAAAAAAAAAAAAAAAAAAAAAAAAAAAAAAAAAAAAAAAAA
7fcc0743d1ce6b9bd2992f355ee69e2f61e23cff9083a3899e230c2608049e19	63d98f536ee68d1b27b5b89f23af5311b7569a24faf1403ad0b52b633b07be99	245010b23bee82186035ec53ce6f03ea6f8607cc26b8575f50c81ef838a6fb11	2	1443559045	AAAAAWPZj1Nu5o0bJ7W4nyOvUxG3Vpok+vFAOtC1K2M7B76ZKg3EJ2nESejvP8+mVt3MFTsOKAJKJlC0BRK/bHVfm4sAAAAAVgr2hQAAAAIAAAAIAAAAAQAAAAEAAAAIAAAAAwAAAfQAAAAAlNOar70DEsr3vg8lMCbLihdaK8qX9+r4dJqSS5t+rsIkUBCyO+6CGGA17FPObwPqb4YHzCa4V19QyB74OKb7EQAAAAIN4Lazp2QAAAAAAAAAAAGQAAAAAAAAAAAAAAAAAAAAZAX14QAAAAH0AAAAAAAAAAAAAAAAAAAAAAAAAAAAAAAAAAAAAAAAAAAAAAAAAAAAAAAAAAAAAAAAAAAAAAAAAAAAAAAAAAAAAAAAAAAAAAAAAAAAAAAAAAAAAAAAAAAAAAAAAAAAAAAAAAAAAAAAAAAAAAAAAAAAAAAAAAAAAAAAAAAAAAAAAAAAAAAA
4891e40d7deca547374c6bceb3f8ad46be01e1f06f104e66713a921c734002ca	7fcc0743d1ce6b9bd2992f355ee69e2f61e23cff9083a3899e230c2608049e19	b5b40bc162ed0b7580fc70735275e20e450b9efba723cd81ddaf1e2c486c00a3	3	1443559046	AAAAAX/MB0PRzmub0pkvNV7mni9h4jz/kIOjiZ4jDCYIBJ4ZYGgE9dEWXI1h5cvFP22DqIPOobgC0HHLyR5qNKTJWrkAAAAAVgr2hgAAAAAAAAAAaqhzeu/So3cx4HTYOgugOSYf/9rQqBDSLimLAJQ6uuW1tAvBYu0LdYD8cHNSdeIORQue+6cjzYHdrx4sSGwAowAAAAMN4Lazp2QAAAAAAAAAAAV4AAAAAAAAAAAAAAAAAAAAZAX14QAAAAH0AAAAAAAAAAAAAAAAAAAAAAAAAAAAAAAAAAAAAAAAAAAAAAAAAAAAAAAAAAAAAAAAAAAAAAAAAAAAAAAAAAAAAAAAAAAAAAAAAAAAAAAAAAAAAAAAAAAAAAAAAAAAAAAAAAAAAAAAAAAAAAAAAAAAAAAAAAAAAAAAAAAAAAAAAAAAAAAA
64532c710deac4b90f019061c6c5a5f26bd2b1169b8ca38dcebd3ac626012a46	4891e40d7deca547374c6bceb3f8ad46be01e1f06f104e66713a921c734002ca	a0e709d1cc8dd163ae0373009da363ed6daab911f8320f7ab330ada0b3378243	4	1443559047	AAAAAUiR5A197KVHN0xrzrP4rUa+AeHwbxBOZnE6khxzQALKMGO/HGO6kChVyr+8bIWsw/L51iw1uQ/74+cJdgO9JB0AAAAAVgr2hwAAAAAAAAAA1H8OIo2c1tXWf4pVc87+sWhEYo5zgM/lNITtvwbey0qg5wnRzI3RY64DcwCdo2Ptbaq5EfgyD3qzMK2gszeCQwAAAAQN4Lazp2QAAAAAAAAAAAiYAAAAAAAAAAAAAAAAAAAAZAX14QAAAAH0AAAAAAAAAAAAAAAAAAAAAAAAAAAAAAAAAAAAAAAAAAAAAAAAAAAAAAAAAAAAAAAAAAAAAAAAAAAAAAAAAAAAAAAAAAAAAAAAAAAAAAAAAAAAAAAAAAAAAAAAAAAAAAAAAAAAAAAAAAAAAAAAAAAAAAAAAAAAAAAAAAAAAAAAAAAAAAAA
8f81488bdda1e84e9ec6aa961cb65c27a4a7bca4e2edbe4c5740f50580a32a6f	64532c710deac4b90f019061c6c5a5f26bd2b1169b8ca38dcebd3ac626012a46	212d58f185737e26dcba5af59c8e42c9366163340aecbbf9be8e99fe1855cc38	5	1443559048	AAAAAWRTLHEN6sS5DwGQYcbFpfJr0rEWm4yjjc69OsYmASpGZrWa5nmr6ZVRvTQ4kpETGpSz4RNn6vl6vKfPZBu0ClIAAAAAVgr2iAAAAAAAAAAAsShA9nBqU8tZReoY3kCNWetZeFKQ+LPvVDm2KVJUNighLVjxhXN+Jty6WvWcjkLJNmFjNArsu/m+jpn+GFXMOAAAAAUN4Lazp2QAAAAAAAAAAAyAAAAAAAAAAAAAAAAKAAAAZAX14QAAAAH0AAAAAAAAAAAAAAAAAAAAAAAAAAAAAAAAAAAAAAAAAAAAAAAAAAAAAAAAAAAAAAAAAAAAAAAAAAAAAAAAAAAAAAAAAAAAAAAAAAAAAAAAAAAAAAAAAAAAAAAAAAAAAAAAAAAAAAAAAAAAAAAAAAAAAAAAAAAAAAAAAAAAAAAAAAAAAAAA
\.


--
-- Data for Name: offers; Type: TABLE DATA; Schema: public; Owner: -
--

COPY offers (sellerid, offerid, sellingassettype, sellingassetcode, sellingissuer, buyingassettype, buyingassetcode, buyingissuer, amount, pricen, priced, price, flags, lastmodified) FROM stdin;
GA6G7LNU3AHAQC547MS4XTXWCIAY7AC35LCA4F7ZMJRUMFVX7HCIAMPQ	1	1	EUR	GC4K7LOEVAU3GT5P65PQWJQRVPMST33U6HSB2CHEXH7VNSMLF4FKVB3N	1	USD	GC4K7LOEVAU3GT5P65PQWJQRVPMST33U6HSB2CHEXH7VNSMLF4FKVB3N	100000000	1	1	1	0	5
GA6G7LNU3AHAQC547MS4XTXWCIAY7AC35LCA4F7ZMJRUMFVX7HCIAMPQ	2	1	1	GC4K7LOEVAU3GT5P65PQWJQRVPMST33U6HSB2CHEXH7VNSMLF4FKVB3N	1	USD	GC4K7LOEVAU3GT5P65PQWJQRVPMST33U6HSB2CHEXH7VNSMLF4FKVB3N	200000000	1	1	1	0	5
GA6G7LNU3AHAQC547MS4XTXWCIAY7AC35LCA4F7ZMJRUMFVX7HCIAMPQ	3	1	EUR	GC4K7LOEVAU3GT5P65PQWJQRVPMST33U6HSB2CHEXH7VNSMLF4FKVB3N	1	1	GC4K7LOEVAU3GT5P65PQWJQRVPMST33U6HSB2CHEXH7VNSMLF4FKVB3N	200000000	1	1	1	0	5
GA6G7LNU3AHAQC547MS4XTXWCIAY7AC35LCA4F7ZMJRUMFVX7HCIAMPQ	4	1	21	GC4K7LOEVAU3GT5P65PQWJQRVPMST33U6HSB2CHEXH7VNSMLF4FKVB3N	1	USD	GC4K7LOEVAU3GT5P65PQWJQRVPMST33U6HSB2CHEXH7VNSMLF4FKVB3N	300000000	1	1	1	0	5
GA6G7LNU3AHAQC547MS4XTXWCIAY7AC35LCA4F7ZMJRUMFVX7HCIAMPQ	5	1	22	GC4K7LOEVAU3GT5P65PQWJQRVPMST33U6HSB2CHEXH7VNSMLF4FKVB3N	1	21	GC4K7LOEVAU3GT5P65PQWJQRVPMST33U6HSB2CHEXH7VNSMLF4FKVB3N	300000000	1	1	1	0	5
GA6G7LNU3AHAQC547MS4XTXWCIAY7AC35LCA4F7ZMJRUMFVX7HCIAMPQ	6	1	EUR	GC4K7LOEVAU3GT5P65PQWJQRVPMST33U6HSB2CHEXH7VNSMLF4FKVB3N	1	22	GC4K7LOEVAU3GT5P65PQWJQRVPMST33U6HSB2CHEXH7VNSMLF4FKVB3N	300000000	1	1	1	0	5
GA6G7LNU3AHAQC547MS4XTXWCIAY7AC35LCA4F7ZMJRUMFVX7HCIAMPQ	7	1	31	GC4K7LOEVAU3GT5P65PQWJQRVPMST33U6HSB2CHEXH7VNSMLF4FKVB3N	1	USD	GC4K7LOEVAU3GT5P65PQWJQRVPMST33U6HSB2CHEXH7VNSMLF4FKVB3N	400000000	1	1	1	0	5
GA6G7LNU3AHAQC547MS4XTXWCIAY7AC35LCA4F7ZMJRUMFVX7HCIAMPQ	8	1	32	GC4K7LOEVAU3GT5P65PQWJQRVPMST33U6HSB2CHEXH7VNSMLF4FKVB3N	1	31	GC4K7LOEVAU3GT5P65PQWJQRVPMST33U6HSB2CHEXH7VNSMLF4FKVB3N	400000000	1	1	1	0	5
GA6G7LNU3AHAQC547MS4XTXWCIAY7AC35LCA4F7ZMJRUMFVX7HCIAMPQ	9	1	33	GC4K7LOEVAU3GT5P65PQWJQRVPMST33U6HSB2CHEXH7VNSMLF4FKVB3N	1	32	GC4K7LOEVAU3GT5P65PQWJQRVPMST33U6HSB2CHEXH7VNSMLF4FKVB3N	400000000	1	1	1	0	5
GA6G7LNU3AHAQC547MS4XTXWCIAY7AC35LCA4F7ZMJRUMFVX7HCIAMPQ	10	1	EUR	GC4K7LOEVAU3GT5P65PQWJQRVPMST33U6HSB2CHEXH7VNSMLF4FKVB3N	1	33	GC4K7LOEVAU3GT5P65PQWJQRVPMST33U6HSB2CHEXH7VNSMLF4FKVB3N	400000000	1	1	1	0	5
\.


--
-- Data for Name: peers; Type: TABLE DATA; Schema: public; Owner: -
--

COPY peers (ip, port, nextattempt, numfailures) FROM stdin;
\.


--
-- Data for Name: pubsub; Type: TABLE DATA; Schema: public; Owner: -
--

COPY pubsub (resid, lastread) FROM stdin;
\.


--
-- Data for Name: signers; Type: TABLE DATA; Schema: public; Owner: -
--

COPY signers (accountid, publickey, weight) FROM stdin;
\.


--
-- Data for Name: storestate; Type: TABLE DATA; Schema: public; Owner: -
--

COPY storestate (statename, state) FROM stdin;
databaseinitialized             	true
forcescponnextlaunch            	false
lastclosedledger                	8f81488bdda1e84e9ec6aa961cb65c27a4a7bca4e2edbe4c5740f50580a32a6f
historyarchivestate             	{\n    "version": 1,\n    "server": "ad22bcc-dirty",\n    "currentLedger": 5,\n    "currentBuckets": [\n        {\n            "curr": "191ac4169abd90735749af34e424fbb2c3e7a2ee669439600a0277a2b1a15a7d",\n            "next": {\n                "state": 0\n            },\n            "snap": "b470255c265c6afae77ce7f528fcd56449960bca46f05907edb6511609cbeaf6"\n        },\n        {\n            "curr": "ef31a20a398ee73ce22275ea8177786bac54656f33dcc4f3fec60d55ddf163d9",\n            "next": {\n                "state": 1,\n                "output": "b470255c265c6afae77ce7f528fcd56449960bca46f05907edb6511609cbeaf6"\n            },\n            "snap": "0000000000000000000000000000000000000000000000000000000000000000"\n        },\n        {\n            "curr": "0000000000000000000000000000000000000000000000000000000000000000",\n            "next": {\n                "state": 0\n            },\n            "snap": "0000000000000000000000000000000000000000000000000000000000000000"\n        },\n        {\n            "curr": "0000000000000000000000000000000000000000000000000000000000000000",\n            "next": {\n                "state": 0\n            },\n            "snap": "0000000000000000000000000000000000000000000000000000000000000000"\n        },\n        {\n            "curr": "0000000000000000000000000000000000000000000000000000000000000000",\n            "next": {\n                "state": 0\n            },\n            "snap": "0000000000000000000000000000000000000000000000000000000000000000"\n        },\n        {\n            "curr": "0000000000000000000000000000000000000000000000000000000000000000",\n            "next": {\n                "state": 0\n            },\n            "snap": "0000000000000000000000000000000000000000000000000000000000000000"\n        },\n        {\n            "curr": "0000000000000000000000000000000000000000000000000000000000000000",\n            "next": {\n                "state": 0\n            },\n            "snap": "0000000000000000000000000000000000000000000000000000000000000000"\n        },\n        {\n            "curr": "0000000000000000000000000000000000000000000000000000000000000000",\n            "next": {\n                "state": 0\n            },\n            "snap": "0000000000000000000000000000000000000000000000000000000000000000"\n        },\n        {\n            "curr": "0000000000000000000000000000000000000000000000000000000000000000",\n            "next": {\n                "state": 0\n            },\n            "snap": "0000000000000000000000000000000000000000000000000000000000000000"\n        },\n        {\n            "curr": "0000000000000000000000000000000000000000000000000000000000000000",\n            "next": {\n                "state": 0\n            },\n            "snap": "0000000000000000000000000000000000000000000000000000000000000000"\n        },\n        {\n            "curr": "0000000000000000000000000000000000000000000000000000000000000000",\n            "next": {\n                "state": 0\n            },\n            "snap": "0000000000000000000000000000000000000000000000000000000000000000"\n        }\n    ]\n}
\.


--
-- Data for Name: trustlines; Type: TABLE DATA; Schema: public; Owner: -
--

COPY trustlines (accountid, assettype, issuer, assetcode, tlimit, balance, flags, lastmodified) FROM stdin;
GA6G7LNU3AHAQC547MS4XTXWCIAY7AC35LCA4F7ZMJRUMFVX7HCIAMPQ	1	GC4K7LOEVAU3GT5P65PQWJQRVPMST33U6HSB2CHEXH7VNSMLF4FKVB3N	USD	9223372036854775807	0	1	3
GBKEPUYSXQ3I7P33BJTJUD4SOBS6OGFSP76M3RBLR4FMBXWUV35ONTZS	1	GC4K7LOEVAU3GT5P65PQWJQRVPMST33U6HSB2CHEXH7VNSMLF4FKVB3N	EUR	9223372036854775807	0	1	3
GCMKZPQEWBKQO6RLCVEXMHONKBI7XUDJMJVFYTGGIWXML4HJSRKRCM7V	1	GC4K7LOEVAU3GT5P65PQWJQRVPMST33U6HSB2CHEXH7VNSMLF4FKVB3N	USD	9223372036854775807	50000000000	1	4
GA6G7LNU3AHAQC547MS4XTXWCIAY7AC35LCA4F7ZMJRUMFVX7HCIAMPQ	1	GC4K7LOEVAU3GT5P65PQWJQRVPMST33U6HSB2CHEXH7VNSMLF4FKVB3N	EUR	9223372036854775807	50000000000	1	4
GA6G7LNU3AHAQC547MS4XTXWCIAY7AC35LCA4F7ZMJRUMFVX7HCIAMPQ	1	GC4K7LOEVAU3GT5P65PQWJQRVPMST33U6HSB2CHEXH7VNSMLF4FKVB3N	1	9223372036854775807	50000000000	1	4
GA6G7LNU3AHAQC547MS4XTXWCIAY7AC35LCA4F7ZMJRUMFVX7HCIAMPQ	1	GC4K7LOEVAU3GT5P65PQWJQRVPMST33U6HSB2CHEXH7VNSMLF4FKVB3N	21	9223372036854775807	50000000000	1	4
GA6G7LNU3AHAQC547MS4XTXWCIAY7AC35LCA4F7ZMJRUMFVX7HCIAMPQ	1	GC4K7LOEVAU3GT5P65PQWJQRVPMST33U6HSB2CHEXH7VNSMLF4FKVB3N	22	9223372036854775807	50000000000	1	4
GA6G7LNU3AHAQC547MS4XTXWCIAY7AC35LCA4F7ZMJRUMFVX7HCIAMPQ	1	GC4K7LOEVAU3GT5P65PQWJQRVPMST33U6HSB2CHEXH7VNSMLF4FKVB3N	31	9223372036854775807	50000000000	1	4
GA6G7LNU3AHAQC547MS4XTXWCIAY7AC35LCA4F7ZMJRUMFVX7HCIAMPQ	1	GC4K7LOEVAU3GT5P65PQWJQRVPMST33U6HSB2CHEXH7VNSMLF4FKVB3N	32	9223372036854775807	50000000000	1	4
GA6G7LNU3AHAQC547MS4XTXWCIAY7AC35LCA4F7ZMJRUMFVX7HCIAMPQ	1	GC4K7LOEVAU3GT5P65PQWJQRVPMST33U6HSB2CHEXH7VNSMLF4FKVB3N	33	9223372036854775807	50000000000	1	4
\.


--
-- Data for Name: txfeehistory; Type: TABLE DATA; Schema: public; Owner: -
--

COPY txfeehistory (txid, ledgerseq, txindex, txchanges) FROM stdin;
7523376d95132b046ab7eaa2f7f7059f4366797fd3cd087a7f41f35c7e3c84b1	2	1	AAAAAQAAAAEAAAACAAAAAAAAAABi/B0L0JGythwN1lY0aypo19NHxvLCyO5tBEcCVvwF9w3gtrOnY/+cAAAAAAAAAAEAAAAAAAAAAAAAAAAAAAAAAQAAAAAAAAAAAAAAAAAAAA==
b2694d40d9fe74803b257df512cb18e8ef40077ef99b7539e7e5986dcc07c315	2	2	AAAAAQAAAAEAAAACAAAAAAAAAABi/B0L0JGythwN1lY0aypo19NHxvLCyO5tBEcCVvwF9w3gtrOnY/84AAAAAAAAAAIAAAAAAAAAAAAAAAAAAAAAAQAAAAAAAAAAAAAAAAAAAA==
4df3938e145dd9b78c56ec32c5026034f03ef8f251561a0936cd2dd684e271a8	2	3	AAAAAQAAAAEAAAACAAAAAAAAAABi/B0L0JGythwN1lY0aypo19NHxvLCyO5tBEcCVvwF9w3gtrOnY/7UAAAAAAAAAAMAAAAAAAAAAAAAAAAAAAAAAQAAAAAAAAAAAAAAAAAAAA==
74ccf7afe277d67c29e98bef6bca3c7629f700110375223918d0d04670d515de	2	4	AAAAAQAAAAEAAAACAAAAAAAAAABi/B0L0JGythwN1lY0aypo19NHxvLCyO5tBEcCVvwF9w3gtrOnY/5wAAAAAAAAAAQAAAAAAAAAAAAAAAAAAAAAAQAAAAAAAAAAAAAAAAAAAA==
c258f8f7dacb93b8aab962152e0f174d760a4f8bc3f93927f31d97f9c5bafcd6	3	1	AAAAAQAAAAEAAAADAAAAAAAAAACYrL4EsFUHeisVSXYdzVBR+9BpYmpcTMZFrsXw6ZRVEQAAAAJUC+OcAAAAAgAAAAEAAAAAAAAAAAAAAAAAAAAAAQAAAAAAAAAAAAAAAAAAAA==
b3dbd5aa0555e89fb404173077892d4032bce2573ba348e619bbb42543b8d8ce	3	2	AAAAAQAAAAEAAAADAAAAAAAAAAA8b6202A4IC7z7JcvO9hIBj4Bb6sQOF/liY0YWt/nEgAAAAAJUC+OcAAAAAgAAAAEAAAAAAAAAAAAAAAAAAAAAAQAAAAAAAAAAAAAAAAAAAA==
77abad6def58d15c5fdd8b0c5b493b53bcb50bfd298430bec5c6fe458629a4ce	3	3	AAAAAQAAAAEAAAADAAAAAAAAAABUR9MSvDaPv3sKZpoPknBl5xiyf/zNxCuPCsDe1K765gAAAAJUC+OcAAAAAgAAAAEAAAAAAAAAAAAAAAAAAAAAAQAAAAAAAAAAAAAAAAAAAA==
fa62a0728302709808b19de6616160ce4576faf96c4a4bbaea1b06eed2fae68b	3	4	AAAAAQAAAAEAAAADAAAAAAAAAAA8b6202A4IC7z7JcvO9hIBj4Bb6sQOF/liY0YWt/nEgAAAAAJUC+M4AAAAAgAAAAIAAAAAAAAAAAAAAAAAAAAAAQAAAAAAAAAAAAAAAAAAAA==
5c544fcdb32eec75ee06121c96542f881a057b50bae4af5666bee1d587b3cacc	3	5	AAAAAQAAAAEAAAADAAAAAAAAAAA8b6202A4IC7z7JcvO9hIBj4Bb6sQOF/liY0YWt/nEgAAAAAJUC+LUAAAAAgAAAAMAAAAAAAAAAAAAAAAAAAAAAQAAAAAAAAAAAAAAAAAAAA==
39ff9e1d91138e87f3aa9b5b69db0b6e79d002979fa64926553d7a45f2c6a2e3	3	6	AAAAAQAAAAEAAAADAAAAAAAAAAA8b6202A4IC7z7JcvO9hIBj4Bb6sQOF/liY0YWt/nEgAAAAAJUC+JwAAAAAgAAAAQAAAAAAAAAAAAAAAAAAAAAAQAAAAAAAAAAAAAAAAAAAA==
9b54f35e953be7731771714301bc6c0734fbb78254d321c5d4c39ee7fe105dc8	3	7	AAAAAQAAAAEAAAADAAAAAAAAAAA8b6202A4IC7z7JcvO9hIBj4Bb6sQOF/liY0YWt/nEgAAAAAJUC+IMAAAAAgAAAAUAAAAAAAAAAAAAAAAAAAAAAQAAAAAAAAAAAAAAAAAAAA==
8ab3b5f8608b973238d54aec648f948c18b49dcfa7595bf5b73314026a284df6	3	8	AAAAAQAAAAEAAAADAAAAAAAAAAA8b6202A4IC7z7JcvO9hIBj4Bb6sQOF/liY0YWt/nEgAAAAAJUC+GoAAAAAgAAAAYAAAAAAAAAAAAAAAAAAAAAAQAAAAAAAAAAAAAAAAAAAA==
6167933eda709ff1869d28b1c002f1a7d16dd05417b3ba20d7094f0768b0ba32	3	9	AAAAAQAAAAEAAAADAAAAAAAAAAA8b6202A4IC7z7JcvO9hIBj4Bb6sQOF/liY0YWt/nEgAAAAAJUC+FEAAAAAgAAAAcAAAAAAAAAAAAAAAAAAAAAAQAAAAAAAAAAAAAAAAAAAA==
3b8548c4a237bb7f6316ac0ef093ccb6e9463ce9f480102e5243e2e0130bfd5b	3	10	AAAAAQAAAAEAAAADAAAAAAAAAAA8b6202A4IC7z7JcvO9hIBj4Bb6sQOF/liY0YWt/nEgAAAAAJUC+DgAAAAAgAAAAgAAAAAAAAAAAAAAAAAAAAAAQAAAAAAAAAAAAAAAAAAAA==
e4674e819e33e7fa74db1ca01cdbac3366a8ac890c2f43e31a48997e9d326436	4	1	AAAAAQAAAAEAAAAEAAAAAAAAAAC4r63EqCmzT6/3XwsmEavZKe908eQdCOS5/1bJiy8KqgAAAAJUC+OcAAAAAgAAAAEAAAAAAAAAAAAAAAAAAAAAAQAAAAAAAAAAAAAAAAAAAA==
d7bde9f20b2018e68c805fbf7c5c0bf4c2aa7f3542fa91733e3d648be266fb3b	4	2	AAAAAQAAAAEAAAAEAAAAAAAAAAC4r63EqCmzT6/3XwsmEavZKe908eQdCOS5/1bJiy8KqgAAAAJUC+M4AAAAAgAAAAIAAAAAAAAAAAAAAAAAAAAAAQAAAAAAAAAAAAAAAAAAAA==
e905cddd5d19154011f7cd10577ac62fb96db0876481e65a800b5a7532cf6839	4	3	AAAAAQAAAAEAAAAEAAAAAAAAAAC4r63EqCmzT6/3XwsmEavZKe908eQdCOS5/1bJiy8KqgAAAAJUC+LUAAAAAgAAAAMAAAAAAAAAAAAAAAAAAAAAAQAAAAAAAAAAAAAAAAAAAA==
c535a6ac7dc3919bc078b95b8e33e0a1446478952e7dd490366d89f619a6723d	4	4	AAAAAQAAAAEAAAAEAAAAAAAAAAC4r63EqCmzT6/3XwsmEavZKe908eQdCOS5/1bJiy8KqgAAAAJUC+JwAAAAAgAAAAQAAAAAAAAAAAAAAAAAAAAAAQAAAAAAAAAAAAAAAAAAAA==
36f6cd6aeb6fd7cd94bfa35a69bee5ec9bb7d2fdfa68a1dd4351f4bf8df25d3c	4	5	AAAAAQAAAAEAAAAEAAAAAAAAAAC4r63EqCmzT6/3XwsmEavZKe908eQdCOS5/1bJiy8KqgAAAAJUC+IMAAAAAgAAAAUAAAAAAAAAAAAAAAAAAAAAAQAAAAAAAAAAAAAAAAAAAA==
75133892157b602f480b3332eeee699bcd5e557ccac100cab71b5bc55d53c30f	4	6	AAAAAQAAAAEAAAAEAAAAAAAAAAC4r63EqCmzT6/3XwsmEavZKe908eQdCOS5/1bJiy8KqgAAAAJUC+GoAAAAAgAAAAYAAAAAAAAAAAAAAAAAAAAAAQAAAAAAAAAAAAAAAAAAAA==
0de222ac77ead53950f8856766269679cced0f5a0ebb6c244c5133405873cd9a	4	7	AAAAAQAAAAEAAAAEAAAAAAAAAAC4r63EqCmzT6/3XwsmEavZKe908eQdCOS5/1bJiy8KqgAAAAJUC+FEAAAAAgAAAAcAAAAAAAAAAAAAAAAAAAAAAQAAAAAAAAAAAAAAAAAAAA==
5706a601405f98d1567fe9433e1391d10bee9872118fbdab07e6854fb588baa1	4	8	AAAAAQAAAAEAAAAEAAAAAAAAAAC4r63EqCmzT6/3XwsmEavZKe908eQdCOS5/1bJiy8KqgAAAAJUC+DgAAAAAgAAAAgAAAAAAAAAAAAAAAAAAAAAAQAAAAAAAAAAAAAAAAAAAA==
899e9ee79360b79ebcaa7bd6bc837aa4b9889d8015692c565790e9705e6188be	5	1	AAAAAQAAAAEAAAAFAAAAAAAAAAA8b6202A4IC7z7JcvO9hIBj4Bb6sQOF/liY0YWt/nEgAAAAAJUC+B8AAAAAgAAAAkAAAAIAAAAAAAAAAAAAAAAAQAAAAAAAAAAAAAAAAAAAA==
f0d80fd2ef5fdda4ba423ca4575e503fb0ca662236d8f889200a8944fbaffb6d	5	2	AAAAAQAAAAEAAAAFAAAAAAAAAAA8b6202A4IC7z7JcvO9hIBj4Bb6sQOF/liY0YWt/nEgAAAAAJUC+AYAAAAAgAAAAoAAAAIAAAAAAAAAAAAAAAAAQAAAAAAAAAAAAAAAAAAAA==
95cc8f77c577062645e11113bc29ea124e1c2f70393d25ebe6095f87c41c37d3	5	3	AAAAAQAAAAEAAAAFAAAAAAAAAAA8b6202A4IC7z7JcvO9hIBj4Bb6sQOF/liY0YWt/nEgAAAAAJUC9+0AAAAAgAAAAsAAAAIAAAAAAAAAAAAAAAAAQAAAAAAAAAAAAAAAAAAAA==
08162b3c62763527a4cd278061c34736c2a8918b07f99571e5bba946723a2b02	5	4	AAAAAQAAAAEAAAAFAAAAAAAAAAA8b6202A4IC7z7JcvO9hIBj4Bb6sQOF/liY0YWt/nEgAAAAAJUC99QAAAAAgAAAAwAAAAIAAAAAAAAAAAAAAAAAQAAAAAAAAAAAAAAAAAAAA==
03872ed73280a56d65969df8aa4e28c0794197ea41ebd31bc8abec8d1e087114	5	5	AAAAAQAAAAEAAAAFAAAAAAAAAAA8b6202A4IC7z7JcvO9hIBj4Bb6sQOF/liY0YWt/nEgAAAAAJUC97sAAAAAgAAAA0AAAAIAAAAAAAAAAAAAAAAAQAAAAAAAAAAAAAAAAAAAA==
deeead1a0c982d4afc78a8727088fadf52febd64ed67b11a97a68bc70d73371a	5	6	AAAAAQAAAAEAAAAFAAAAAAAAAAA8b6202A4IC7z7JcvO9hIBj4Bb6sQOF/liY0YWt/nEgAAAAAJUC96IAAAAAgAAAA4AAAAIAAAAAAAAAAAAAAAAAQAAAAAAAAAAAAAAAAAAAA==
ad196a5c78155bf61db9fc189c2d63885b25474ddc411cbad3b4728192273ef2	5	7	AAAAAQAAAAEAAAAFAAAAAAAAAAA8b6202A4IC7z7JcvO9hIBj4Bb6sQOF/liY0YWt/nEgAAAAAJUC94kAAAAAgAAAA8AAAAIAAAAAAAAAAAAAAAAAQAAAAAAAAAAAAAAAAAAAA==
8d72ccad11276165c9ad8491dbcb73b0e7c5abfbd815a0a7204e58d8937f9143	5	8	AAAAAQAAAAEAAAAFAAAAAAAAAAA8b6202A4IC7z7JcvO9hIBj4Bb6sQOF/liY0YWt/nEgAAAAAJUC93AAAAAAgAAABAAAAAIAAAAAAAAAAAAAAAAAQAAAAAAAAAAAAAAAAAAAA==
0312e8eb42166f206fb28c36b4f8247df3ddfc72b9a19118a38e6bb724227493	5	9	AAAAAQAAAAEAAAAFAAAAAAAAAAA8b6202A4IC7z7JcvO9hIBj4Bb6sQOF/liY0YWt/nEgAAAAAJUC91cAAAAAgAAABEAAAAIAAAAAAAAAAAAAAAAAQAAAAAAAAAAAAAAAAAAAA==
93f3775f312b32f9a8657875d3a54ce7b6829d699d3dcf1d124958b54919fa6d	5	10	AAAAAQAAAAEAAAAFAAAAAAAAAAA8b6202A4IC7z7JcvO9hIBj4Bb6sQOF/liY0YWt/nEgAAAAAJUC9z4AAAAAgAAABIAAAAIAAAAAAAAAAAAAAAAAQAAAAAAAAAAAAAAAAAAAA==
\.


--
-- Data for Name: txhistory; Type: TABLE DATA; Schema: public; Owner: -
--

COPY txhistory (txid, ledgerseq, txindex, txbody, txresult, txmeta) FROM stdin;
7523376d95132b046ab7eaa2f7f7059f4366797fd3cd087a7f41f35c7e3c84b1	2	1	AAAAAGL8HQvQkbK2HA3WVjRrKmjX00fG8sLI7m0ERwJW/AX3AAAAZAAAAAAAAAABAAAAAAAAAAAAAAABAAAAAAAAAAAAAAAAuK+txKgps0+v918LJhGr2SnvdPHkHQjkuf9WyYsvCqoAAAACVAvkAAAAAAAAAAABVvwF9wAAAEC+16sVPibBpm8j32yAXCNVFD9lpODo6xJ+ndBzmAFS5vnBB+YADyTr/krE7dMaHy91mH9ngK+3VBC4iBZlpRwM	dSM3bZUTKwRqt+qi9/cFn0NmeX/TzQh6f0HzXH48hLEAAAAAAAAAZAAAAAAAAAABAAAAAAAAAAAAAAAAAAAAAA==	AAAAAAAAAAEAAAACAAAAAAAAAAIAAAAAAAAAALivrcSoKbNPr/dfCyYRq9kp73Tx5B0I5Ln/VsmLLwqqAAAAAlQL5AAAAAACAAAAAAAAAAAAAAAAAAAAAAAAAAABAAAAAAAAAAAAAAAAAAAAAAAAAQAAAAIAAAAAAAAAAGL8HQvQkbK2HA3WVjRrKmjX00fG8sLI7m0ERwJW/AX3DeC2sVNYGnAAAAAAAAAABAAAAAAAAAAAAAAAAAAAAAABAAAAAAAAAAAAAAAAAAAA
b2694d40d9fe74803b257df512cb18e8ef40077ef99b7539e7e5986dcc07c315	2	2	AAAAAGL8HQvQkbK2HA3WVjRrKmjX00fG8sLI7m0ERwJW/AX3AAAAZAAAAAAAAAACAAAAAAAAAAAAAAABAAAAAAAAAAAAAAAAmKy+BLBVB3orFUl2Hc1QUfvQaWJqXEzGRa7F8OmUVREAAAACVAvkAAAAAAAAAAABVvwF9wAAAECywl3XfUXZfEbUC5cVSWcsw32yokJJ5uhG03PkqEeqKCWfKLCCL0rbJNrupZ9qG1yxSiX34ncJSiEluvZvB2QA	smlNQNn+dIA7JX31EssY6O9AB375m3U55+WYbcwHwxUAAAAAAAAAZAAAAAAAAAABAAAAAAAAAAAAAAAAAAAAAA==	AAAAAAAAAAEAAAACAAAAAAAAAAIAAAAAAAAAAJisvgSwVQd6KxVJdh3NUFH70GlialxMxkWuxfDplFURAAAAAlQL5AAAAAACAAAAAAAAAAAAAAAAAAAAAAAAAAABAAAAAAAAAAAAAAAAAAAAAAAAAQAAAAIAAAAAAAAAAGL8HQvQkbK2HA3WVjRrKmjX00fG8sLI7m0ERwJW/AX3DeC2rv9MNnAAAAAAAAAABAAAAAAAAAAAAAAAAAAAAAABAAAAAAAAAAAAAAAAAAAA
4df3938e145dd9b78c56ec32c5026034f03ef8f251561a0936cd2dd684e271a8	2	3	AAAAAGL8HQvQkbK2HA3WVjRrKmjX00fG8sLI7m0ERwJW/AX3AAAAZAAAAAAAAAADAAAAAAAAAAAAAAABAAAAAAAAAAAAAAAAVEfTErw2j797CmaaD5JwZecYsn/8zcQrjwrA3tSu+uYAAAACVAvkAAAAAAAAAAABVvwF9wAAAEBBXlnbZ3qHmUtW1rYwoCDVmL/4E1T8X8atUcxT29kgQpe3eBfRl3FkMwBsePgiozKl/dIJXd3tof+Mg5QUK9cE	TfOTjhRd2beMVuwyxQJgNPA++PJRVhoJNs0t1oTicagAAAAAAAAAZAAAAAAAAAABAAAAAAAAAAAAAAAAAAAAAA==	AAAAAAAAAAEAAAACAAAAAAAAAAIAAAAAAAAAAFRH0xK8No+/ewpmmg+ScGXnGLJ//M3EK48KwN7UrvrmAAAAAlQL5AAAAAACAAAAAAAAAAAAAAAAAAAAAAAAAAABAAAAAAAAAAAAAAAAAAAAAAAAAQAAAAIAAAAAAAAAAGL8HQvQkbK2HA3WVjRrKmjX00fG8sLI7m0ERwJW/AX3DeC2rKtAUnAAAAAAAAAABAAAAAAAAAAAAAAAAAAAAAABAAAAAAAAAAAAAAAAAAAA
74ccf7afe277d67c29e98bef6bca3c7629f700110375223918d0d04670d515de	2	4	AAAAAGL8HQvQkbK2HA3WVjRrKmjX00fG8sLI7m0ERwJW/AX3AAAAZAAAAAAAAAAEAAAAAAAAAAAAAAABAAAAAAAAAAAAAAAAPG+ttNgOCAu8+yXLzvYSAY+AW+rEDhf5YmNGFrf5xIAAAAACVAvkAAAAAAAAAAABVvwF9wAAAEAxlK59P/F+qW5jZM7eLZA+oraPdU/gHrrv+qi5C679ip6sJcTyqgzyQJV6reV6VWQavr8G16TtgNk3kUI566UI	dMz3r+J31nwp6Yvva8o8din3ABEDdSI5GNDQRnDVFd4AAAAAAAAAZAAAAAAAAAABAAAAAAAAAAAAAAAAAAAAAA==	AAAAAAAAAAEAAAACAAAAAAAAAAIAAAAAAAAAADxvrbTYDggLvPsly872EgGPgFvqxA4X+WJjRha3+cSAAAAAAlQL5AAAAAACAAAAAAAAAAAAAAAAAAAAAAAAAAABAAAAAAAAAAAAAAAAAAAAAAAAAQAAAAIAAAAAAAAAAGL8HQvQkbK2HA3WVjRrKmjX00fG8sLI7m0ERwJW/AX3DeC2qlc0bnAAAAAAAAAABAAAAAAAAAAAAAAAAAAAAAABAAAAAAAAAAAAAAAAAAAA
c258f8f7dacb93b8aab962152e0f174d760a4f8bc3f93927f31d97f9c5bafcd6	3	1	AAAAAJisvgSwVQd6KxVJdh3NUFH70GlialxMxkWuxfDplFURAAAAZAAAAAIAAAABAAAAAAAAAAAAAAABAAAAAAAAAAYAAAABVVNEAAAAAAC4r63EqCmzT6/3XwsmEavZKe908eQdCOS5/1bJiy8Kqn//////////AAAAAAAAAAHplFURAAAAQM9DgN3r53m5EexYxjJqBzURvy8ppg8rGrYQ/B4t1OrcqvYpsUg9w6FO7Og2wIlbpj98nVIhvcONcMaNoGESZgk=	wlj499rLk7iquWIVLg8XTXYKT4vD+Tkn8x2X+cW6/NYAAAAAAAAAZAAAAAAAAAABAAAAAAAAAAYAAAAAAAAAAA==	AAAAAAAAAAEAAAACAAAAAAAAAAMAAAABAAAAAJisvgSwVQd6KxVJdh3NUFH70GlialxMxkWuxfDplFURAAAAAVVTRAAAAAAAuK+txKgps0+v918LJhGr2SnvdPHkHQjkuf9WyYsvCqoAAAAAAAAAAH//////////AAAAAQAAAAAAAAAAAAAAAQAAAAMAAAAAAAAAAJisvgSwVQd6KxVJdh3NUFH70GlialxMxkWuxfDplFURAAAAAlQL45wAAAACAAAAAQAAAAEAAAAAAAAAAAAAAAABAAAAAAAAAAAAAAAAAAAA
b3dbd5aa0555e89fb404173077892d4032bce2573ba348e619bbb42543b8d8ce	3	2	AAAAADxvrbTYDggLvPsly872EgGPgFvqxA4X+WJjRha3+cSAAAAAZAAAAAIAAAABAAAAAAAAAAAAAAABAAAAAAAAAAYAAAABVVNEAAAAAAC4r63EqCmzT6/3XwsmEavZKe908eQdCOS5/1bJiy8Kqn//////////AAAAAAAAAAG3+cSAAAAAQNQLjix13/4S8gJW8TuDNUH5hAI17yxs7XMQTeY/DWcJ9HZEhJ2mgKccHH2htn4zAaRtglGTRk2Z3sLE6mXxhAQ=	s9vVqgVV6J+0BBcwd4ktQDK84lc7o0jmGbu0JUO42M4AAAAAAAAAZAAAAAAAAAABAAAAAAAAAAYAAAAAAAAAAA==	AAAAAAAAAAEAAAACAAAAAAAAAAMAAAABAAAAADxvrbTYDggLvPsly872EgGPgFvqxA4X+WJjRha3+cSAAAAAAVVTRAAAAAAAuK+txKgps0+v918LJhGr2SnvdPHkHQjkuf9WyYsvCqoAAAAAAAAAAH//////////AAAAAQAAAAAAAAAAAAAAAQAAAAMAAAAAAAAAADxvrbTYDggLvPsly872EgGPgFvqxA4X+WJjRha3+cSAAAAAAlQL4OAAAAACAAAACAAAAAEAAAAAAAAAAAAAAAABAAAAAAAAAAAAAAAAAAAA
77abad6def58d15c5fdd8b0c5b493b53bcb50bfd298430bec5c6fe458629a4ce	3	3	AAAAAFRH0xK8No+/ewpmmg+ScGXnGLJ//M3EK48KwN7UrvrmAAAAZAAAAAIAAAABAAAAAAAAAAAAAAABAAAAAAAAAAYAAAABRVVSAAAAAAC4r63EqCmzT6/3XwsmEavZKe908eQdCOS5/1bJiy8Kqn//////////AAAAAAAAAAHUrvrmAAAAQLhNFfVtnTyfPfMxUyT1aVJabpP+PWeiKNbC9oo7HrokOskh/TcyaC/abITnm9YbMLNLwnhhfHYB4FWIY7vzcAI=	d6utbe9Y0Vxf3YsMW0k7U7y1C/0phDC+xcb+RYYppM4AAAAAAAAAZAAAAAAAAAABAAAAAAAAAAYAAAAAAAAAAA==	AAAAAAAAAAEAAAACAAAAAAAAAAMAAAABAAAAAFRH0xK8No+/ewpmmg+ScGXnGLJ//M3EK48KwN7UrvrmAAAAAUVVUgAAAAAAuK+txKgps0+v918LJhGr2SnvdPHkHQjkuf9WyYsvCqoAAAAAAAAAAH//////////AAAAAQAAAAAAAAAAAAAAAQAAAAMAAAAAAAAAAFRH0xK8No+/ewpmmg+ScGXnGLJ//M3EK48KwN7UrvrmAAAAAlQL45wAAAACAAAAAQAAAAEAAAAAAAAAAAAAAAABAAAAAAAAAAAAAAAAAAAA
fa62a0728302709808b19de6616160ce4576faf96c4a4bbaea1b06eed2fae68b	3	4	AAAAADxvrbTYDggLvPsly872EgGPgFvqxA4X+WJjRha3+cSAAAAAZAAAAAIAAAACAAAAAAAAAAAAAAABAAAAAAAAAAYAAAABRVVSAAAAAAC4r63EqCmzT6/3XwsmEavZKe908eQdCOS5/1bJiy8Kqn//////////AAAAAAAAAAG3+cSAAAAAQD0H17OVpapt2PWvfu5mYD7z2n7OyjoJhs5b9yASOdfQ++Q2pztrG0OsC8V/n0MsrUuhsorTonPLnNpQhhLRUgQ=	+mKgcoMCcJgIsZ3mYWFgzkV2+vlsSku66hsG7tL65osAAAAAAAAAZAAAAAAAAAABAAAAAAAAAAYAAAAAAAAAAA==	AAAAAAAAAAEAAAACAAAAAAAAAAMAAAABAAAAADxvrbTYDggLvPsly872EgGPgFvqxA4X+WJjRha3+cSAAAAAAUVVUgAAAAAAuK+txKgps0+v918LJhGr2SnvdPHkHQjkuf9WyYsvCqoAAAAAAAAAAH//////////AAAAAQAAAAAAAAAAAAAAAQAAAAMAAAAAAAAAADxvrbTYDggLvPsly872EgGPgFvqxA4X+WJjRha3+cSAAAAAAlQL4OAAAAACAAAACAAAAAIAAAAAAAAAAAAAAAABAAAAAAAAAAAAAAAAAAAA
5c544fcdb32eec75ee06121c96542f881a057b50bae4af5666bee1d587b3cacc	3	5	AAAAADxvrbTYDggLvPsly872EgGPgFvqxA4X+WJjRha3+cSAAAAAZAAAAAIAAAADAAAAAAAAAAAAAAABAAAAAAAAAAYAAAABMQAAAAAAAAC4r63EqCmzT6/3XwsmEavZKe908eQdCOS5/1bJiy8Kqn//////////AAAAAAAAAAG3+cSAAAAAQKpXQQDWdks4CUBNFQhvGvMjzpbj6f3Mfvya4ZVj5jE8rjn0DMs3QOAC7r1/T1Tvf4by4qgeXtL98yek3rmASQc=	XFRPzbMu7HXuBhIcllQviBoFe1C65K9WZr7h1YezyswAAAAAAAAAZAAAAAAAAAABAAAAAAAAAAYAAAAAAAAAAA==	AAAAAAAAAAEAAAACAAAAAAAAAAMAAAABAAAAADxvrbTYDggLvPsly872EgGPgFvqxA4X+WJjRha3+cSAAAAAATEAAAAAAAAAuK+txKgps0+v918LJhGr2SnvdPHkHQjkuf9WyYsvCqoAAAAAAAAAAH//////////AAAAAQAAAAAAAAAAAAAAAQAAAAMAAAAAAAAAADxvrbTYDggLvPsly872EgGPgFvqxA4X+WJjRha3+cSAAAAAAlQL4OAAAAACAAAACAAAAAMAAAAAAAAAAAAAAAABAAAAAAAAAAAAAAAAAAAA
39ff9e1d91138e87f3aa9b5b69db0b6e79d002979fa64926553d7a45f2c6a2e3	3	6	AAAAADxvrbTYDggLvPsly872EgGPgFvqxA4X+WJjRha3+cSAAAAAZAAAAAIAAAAEAAAAAAAAAAAAAAABAAAAAAAAAAYAAAABMjEAAAAAAAC4r63EqCmzT6/3XwsmEavZKe908eQdCOS5/1bJiy8Kqn//////////AAAAAAAAAAG3+cSAAAAAQPQS6PWdRJGsKhpbDpGAsOXzR9B1UNXlniwHiyLDB5vdSVI+rcEeoh6JcWW4nIy3lQmHc+Lum5WGc7IUWUAgOwE=	Of+eHZETjofzqptbadsLbnnQApefpkkmVT16RfLGouMAAAAAAAAAZAAAAAAAAAABAAAAAAAAAAYAAAAAAAAAAA==	AAAAAAAAAAEAAAACAAAAAAAAAAMAAAABAAAAADxvrbTYDggLvPsly872EgGPgFvqxA4X+WJjRha3+cSAAAAAATIxAAAAAAAAuK+txKgps0+v918LJhGr2SnvdPHkHQjkuf9WyYsvCqoAAAAAAAAAAH//////////AAAAAQAAAAAAAAAAAAAAAQAAAAMAAAAAAAAAADxvrbTYDggLvPsly872EgGPgFvqxA4X+WJjRha3+cSAAAAAAlQL4OAAAAACAAAACAAAAAQAAAAAAAAAAAAAAAABAAAAAAAAAAAAAAAAAAAA
9b54f35e953be7731771714301bc6c0734fbb78254d321c5d4c39ee7fe105dc8	3	7	AAAAADxvrbTYDggLvPsly872EgGPgFvqxA4X+WJjRha3+cSAAAAAZAAAAAIAAAAFAAAAAAAAAAAAAAABAAAAAAAAAAYAAAABMjIAAAAAAAC4r63EqCmzT6/3XwsmEavZKe908eQdCOS5/1bJiy8Kqn//////////AAAAAAAAAAG3+cSAAAAAQLcREFteMT1hrHW5z4hsjMNb9l4RtAE1cKTNPjcysxcK/0La5z+XdrzvyE3RBuBEihWNDGh91tCPQ03bZDI0iwM=	m1TzXpU753MXcXFDAbxsBzT7t4JU0yHF1MOe5/4QXcgAAAAAAAAAZAAAAAAAAAABAAAAAAAAAAYAAAAAAAAAAA==	AAAAAAAAAAEAAAACAAAAAAAAAAMAAAABAAAAADxvrbTYDggLvPsly872EgGPgFvqxA4X+WJjRha3+cSAAAAAATIyAAAAAAAAuK+txKgps0+v918LJhGr2SnvdPHkHQjkuf9WyYsvCqoAAAAAAAAAAH//////////AAAAAQAAAAAAAAAAAAAAAQAAAAMAAAAAAAAAADxvrbTYDggLvPsly872EgGPgFvqxA4X+WJjRha3+cSAAAAAAlQL4OAAAAACAAAACAAAAAUAAAAAAAAAAAAAAAABAAAAAAAAAAAAAAAAAAAA
8ab3b5f8608b973238d54aec648f948c18b49dcfa7595bf5b73314026a284df6	3	8	AAAAADxvrbTYDggLvPsly872EgGPgFvqxA4X+WJjRha3+cSAAAAAZAAAAAIAAAAGAAAAAAAAAAAAAAABAAAAAAAAAAYAAAABMzEAAAAAAAC4r63EqCmzT6/3XwsmEavZKe908eQdCOS5/1bJiy8Kqn//////////AAAAAAAAAAG3+cSAAAAAQO1d2FcjFYDcaz4ftrO3RmFLax5sn8jWsdjCV/J6WmxUvBpDgZumV2UaAx+4UDYXTWAkYXQ7PoDVmhwhzEJjcg0=	irO1+GCLlzI41UrsZI+UjBi0nc+nWVv1tzMUAmooTfYAAAAAAAAAZAAAAAAAAAABAAAAAAAAAAYAAAAAAAAAAA==	AAAAAAAAAAEAAAACAAAAAAAAAAMAAAABAAAAADxvrbTYDggLvPsly872EgGPgFvqxA4X+WJjRha3+cSAAAAAATMxAAAAAAAAuK+txKgps0+v918LJhGr2SnvdPHkHQjkuf9WyYsvCqoAAAAAAAAAAH//////////AAAAAQAAAAAAAAAAAAAAAQAAAAMAAAAAAAAAADxvrbTYDggLvPsly872EgGPgFvqxA4X+WJjRha3+cSAAAAAAlQL4OAAAAACAAAACAAAAAYAAAAAAAAAAAAAAAABAAAAAAAAAAAAAAAAAAAA
6167933eda709ff1869d28b1c002f1a7d16dd05417b3ba20d7094f0768b0ba32	3	9	AAAAADxvrbTYDggLvPsly872EgGPgFvqxA4X+WJjRha3+cSAAAAAZAAAAAIAAAAHAAAAAAAAAAAAAAABAAAAAAAAAAYAAAABMzIAAAAAAAC4r63EqCmzT6/3XwsmEavZKe908eQdCOS5/1bJiy8Kqn//////////AAAAAAAAAAG3+cSAAAAAQL9dgF0hxWWq0zoF3vPXImBPpuTaHRQR+FgMxT/ZUZfiCqap+v8hnKjoh0mIdovaQVWKDDOMMGHSTeFQLgQptQU=	YWeTPtpwn/GGnSixwALxp9Ft0FQXs7og1wlPB2iwujIAAAAAAAAAZAAAAAAAAAABAAAAAAAAAAYAAAAAAAAAAA==	AAAAAAAAAAEAAAACAAAAAAAAAAMAAAABAAAAADxvrbTYDggLvPsly872EgGPgFvqxA4X+WJjRha3+cSAAAAAATMyAAAAAAAAuK+txKgps0+v918LJhGr2SnvdPHkHQjkuf9WyYsvCqoAAAAAAAAAAH//////////AAAAAQAAAAAAAAAAAAAAAQAAAAMAAAAAAAAAADxvrbTYDggLvPsly872EgGPgFvqxA4X+WJjRha3+cSAAAAAAlQL4OAAAAACAAAACAAAAAcAAAAAAAAAAAAAAAABAAAAAAAAAAAAAAAAAAAA
3b8548c4a237bb7f6316ac0ef093ccb6e9463ce9f480102e5243e2e0130bfd5b	3	10	AAAAADxvrbTYDggLvPsly872EgGPgFvqxA4X+WJjRha3+cSAAAAAZAAAAAIAAAAIAAAAAAAAAAAAAAABAAAAAAAAAAYAAAABMzMAAAAAAAC4r63EqCmzT6/3XwsmEavZKe908eQdCOS5/1bJiy8Kqn//////////AAAAAAAAAAG3+cSAAAAAQIx10lKxDtf8mxyGN7yQsRqF/wwM+Na1eW5fL8FQQ+uVREhexhoU9D+6Pkuqt92YcF4LhEDizVEdOOQCNSgxXgc=	O4VIxKI3u39jFqwO8JPMtulGPOn0gBAuUkPi4BML/VsAAAAAAAAAZAAAAAAAAAABAAAAAAAAAAYAAAAAAAAAAA==	AAAAAAAAAAEAAAACAAAAAAAAAAMAAAABAAAAADxvrbTYDggLvPsly872EgGPgFvqxA4X+WJjRha3+cSAAAAAATMzAAAAAAAAuK+txKgps0+v918LJhGr2SnvdPHkHQjkuf9WyYsvCqoAAAAAAAAAAH//////////AAAAAQAAAAAAAAAAAAAAAQAAAAMAAAAAAAAAADxvrbTYDggLvPsly872EgGPgFvqxA4X+WJjRha3+cSAAAAAAlQL4OAAAAACAAAACAAAAAgAAAAAAAAAAAAAAAABAAAAAAAAAAAAAAAAAAAA
e4674e819e33e7fa74db1ca01cdbac3366a8ac890c2f43e31a48997e9d326436	4	1	AAAAALivrcSoKbNPr/dfCyYRq9kp73Tx5B0I5Ln/VsmLLwqqAAAAZAAAAAIAAAABAAAAAAAAAAAAAAABAAAAAAAAAAEAAAAAmKy+BLBVB3orFUl2Hc1QUfvQaWJqXEzGRa7F8OmUVREAAAABVVNEAAAAAAC4r63EqCmzT6/3XwsmEavZKe908eQdCOS5/1bJiy8KqgAAAAukO3QAAAAAAAAAAAGLLwqqAAAAQDvHT+7aitRLTHKxg6haM4Y28gWtiixrHNupRy/lsDKRKvmuonSO5HQs4UFWKYRhcWQFjnZRoVNI9QHaftxyxAE=	5GdOgZ4z5/p02xygHNusM2aorIkML0PjGkiZfp0yZDYAAAAAAAAAZAAAAAAAAAABAAAAAAAAAAEAAAAAAAAAAA==	AAAAAAAAAAEAAAABAAAAAQAAAAQAAAABAAAAAJisvgSwVQd6KxVJdh3NUFH70GlialxMxkWuxfDplFURAAAAAVVTRAAAAAAAuK+txKgps0+v918LJhGr2SnvdPHkHQjkuf9WyYsvCqoAAAALpDt0AH//////////AAAAAQAAAAAAAAAA
d7bde9f20b2018e68c805fbf7c5c0bf4c2aa7f3542fa91733e3d648be266fb3b	4	2	AAAAALivrcSoKbNPr/dfCyYRq9kp73Tx5B0I5Ln/VsmLLwqqAAAAZAAAAAIAAAACAAAAAAAAAAAAAAABAAAAAAAAAAEAAAAAPG+ttNgOCAu8+yXLzvYSAY+AW+rEDhf5YmNGFrf5xIAAAAABRVVSAAAAAAC4r63EqCmzT6/3XwsmEavZKe908eQdCOS5/1bJiy8KqgAAAAukO3QAAAAAAAAAAAGLLwqqAAAAQOYePIHKghJnSev1rtCiUAmVoeTZnKV3Z97NvDy1fUWxADH80CV35EE3mANqicVieY6j/nO3rPKuHSHH+EeeSQ4=	173p8gsgGOaMgF+/fFwL9MKqfzVC+pFzPj1ki+Jm+zsAAAAAAAAAZAAAAAAAAAABAAAAAAAAAAEAAAAAAAAAAA==	AAAAAAAAAAEAAAABAAAAAQAAAAQAAAABAAAAADxvrbTYDggLvPsly872EgGPgFvqxA4X+WJjRha3+cSAAAAAAUVVUgAAAAAAuK+txKgps0+v918LJhGr2SnvdPHkHQjkuf9WyYsvCqoAAAALpDt0AH//////////AAAAAQAAAAAAAAAA
e905cddd5d19154011f7cd10577ac62fb96db0876481e65a800b5a7532cf6839	4	3	AAAAALivrcSoKbNPr/dfCyYRq9kp73Tx5B0I5Ln/VsmLLwqqAAAAZAAAAAIAAAADAAAAAAAAAAAAAAABAAAAAAAAAAEAAAAAPG+ttNgOCAu8+yXLzvYSAY+AW+rEDhf5YmNGFrf5xIAAAAABMQAAAAAAAAC4r63EqCmzT6/3XwsmEavZKe908eQdCOS5/1bJiy8KqgAAAAukO3QAAAAAAAAAAAGLLwqqAAAAQE6gDg4KD2Tl3LiORPwvwIZlB1yaRTYgTVz6HN1w8yTBIl3ZY6jj9v7QmF+B1XJ2bx5JJgDQAZJiKsnpTGPo4A4=	6QXN3V0ZFUAR980QV3rGL7ltsIdkgeZagAtadTLPaDkAAAAAAAAAZAAAAAAAAAABAAAAAAAAAAEAAAAAAAAAAA==	AAAAAAAAAAEAAAABAAAAAQAAAAQAAAABAAAAADxvrbTYDggLvPsly872EgGPgFvqxA4X+WJjRha3+cSAAAAAATEAAAAAAAAAuK+txKgps0+v918LJhGr2SnvdPHkHQjkuf9WyYsvCqoAAAALpDt0AH//////////AAAAAQAAAAAAAAAA
c535a6ac7dc3919bc078b95b8e33e0a1446478952e7dd490366d89f619a6723d	4	4	AAAAALivrcSoKbNPr/dfCyYRq9kp73Tx5B0I5Ln/VsmLLwqqAAAAZAAAAAIAAAAEAAAAAAAAAAAAAAABAAAAAAAAAAEAAAAAPG+ttNgOCAu8+yXLzvYSAY+AW+rEDhf5YmNGFrf5xIAAAAABMjEAAAAAAAC4r63EqCmzT6/3XwsmEavZKe908eQdCOS5/1bJiy8KqgAAAAukO3QAAAAAAAAAAAGLLwqqAAAAQCBF9sP9TwkA/4DURG7Inf5cz2Voyw/Oh8J/HFEeczwsrxfgDcCCjbOfhr5c2FTScaNqNl1gQDuQgPEFCvbi0AQ=	xTWmrH3DkZvAeLlbjjPgoURkeJUufdSQNm2J9hmmcj0AAAAAAAAAZAAAAAAAAAABAAAAAAAAAAEAAAAAAAAAAA==	AAAAAAAAAAEAAAABAAAAAQAAAAQAAAABAAAAADxvrbTYDggLvPsly872EgGPgFvqxA4X+WJjRha3+cSAAAAAATIxAAAAAAAAuK+txKgps0+v918LJhGr2SnvdPHkHQjkuf9WyYsvCqoAAAALpDt0AH//////////AAAAAQAAAAAAAAAA
36f6cd6aeb6fd7cd94bfa35a69bee5ec9bb7d2fdfa68a1dd4351f4bf8df25d3c	4	5	AAAAALivrcSoKbNPr/dfCyYRq9kp73Tx5B0I5Ln/VsmLLwqqAAAAZAAAAAIAAAAFAAAAAAAAAAAAAAABAAAAAAAAAAEAAAAAPG+ttNgOCAu8+yXLzvYSAY+AW+rEDhf5YmNGFrf5xIAAAAABMjIAAAAAAAC4r63EqCmzT6/3XwsmEavZKe908eQdCOS5/1bJiy8KqgAAAAukO3QAAAAAAAAAAAGLLwqqAAAAQHdPT1gIL7UDDoQVGQc7QE9ptCqUEutXhC0KbsGz/XqhO24l6LLCFoDPkX7r78rCGAnjjfrfJT8w8IT2zkhFqgo=	NvbNautv182Uv6Naab7l7Ju30v36aKHdQ1H0v43yXTwAAAAAAAAAZAAAAAAAAAABAAAAAAAAAAEAAAAAAAAAAA==	AAAAAAAAAAEAAAABAAAAAQAAAAQAAAABAAAAADxvrbTYDggLvPsly872EgGPgFvqxA4X+WJjRha3+cSAAAAAATIyAAAAAAAAuK+txKgps0+v918LJhGr2SnvdPHkHQjkuf9WyYsvCqoAAAALpDt0AH//////////AAAAAQAAAAAAAAAA
75133892157b602f480b3332eeee699bcd5e557ccac100cab71b5bc55d53c30f	4	6	AAAAALivrcSoKbNPr/dfCyYRq9kp73Tx5B0I5Ln/VsmLLwqqAAAAZAAAAAIAAAAGAAAAAAAAAAAAAAABAAAAAAAAAAEAAAAAPG+ttNgOCAu8+yXLzvYSAY+AW+rEDhf5YmNGFrf5xIAAAAABMzEAAAAAAAC4r63EqCmzT6/3XwsmEavZKe908eQdCOS5/1bJiy8KqgAAAAukO3QAAAAAAAAAAAGLLwqqAAAAQAGWu58/HHP1130wD2H6bz7W/SbbCE4K9VtPgSQ/HR2A6kskvlgASdJsnAIjjQkeeHR1+x2H64WzjWIc1EF3NwI=	dRM4khV7YC9ICzMy7u5pm81eVXzKwQDKtxtbxV1Tww8AAAAAAAAAZAAAAAAAAAABAAAAAAAAAAEAAAAAAAAAAA==	AAAAAAAAAAEAAAABAAAAAQAAAAQAAAABAAAAADxvrbTYDggLvPsly872EgGPgFvqxA4X+WJjRha3+cSAAAAAATMxAAAAAAAAuK+txKgps0+v918LJhGr2SnvdPHkHQjkuf9WyYsvCqoAAAALpDt0AH//////////AAAAAQAAAAAAAAAA
0de222ac77ead53950f8856766269679cced0f5a0ebb6c244c5133405873cd9a	4	7	AAAAALivrcSoKbNPr/dfCyYRq9kp73Tx5B0I5Ln/VsmLLwqqAAAAZAAAAAIAAAAHAAAAAAAAAAAAAAABAAAAAAAAAAEAAAAAPG+ttNgOCAu8+yXLzvYSAY+AW+rEDhf5YmNGFrf5xIAAAAABMzIAAAAAAAC4r63EqCmzT6/3XwsmEavZKe908eQdCOS5/1bJiy8KqgAAAAukO3QAAAAAAAAAAAGLLwqqAAAAQLGin5bRPCL0JCKpJ9/4gw/lycpfxZsBSBqD2V/biro0VWps8gGcHJG34HOFbJr2GFmSgP0fp+sE6OUYd7TLGgw=	DeIirHfq1TlQ+IVnZiaWecztD1oOu2wkTFEzQFhzzZoAAAAAAAAAZAAAAAAAAAABAAAAAAAAAAEAAAAAAAAAAA==	AAAAAAAAAAEAAAABAAAAAQAAAAQAAAABAAAAADxvrbTYDggLvPsly872EgGPgFvqxA4X+WJjRha3+cSAAAAAATMyAAAAAAAAuK+txKgps0+v918LJhGr2SnvdPHkHQjkuf9WyYsvCqoAAAALpDt0AH//////////AAAAAQAAAAAAAAAA
5706a601405f98d1567fe9433e1391d10bee9872118fbdab07e6854fb588baa1	4	8	AAAAALivrcSoKbNPr/dfCyYRq9kp73Tx5B0I5Ln/VsmLLwqqAAAAZAAAAAIAAAAIAAAAAAAAAAAAAAABAAAAAAAAAAEAAAAAPG+ttNgOCAu8+yXLzvYSAY+AW+rEDhf5YmNGFrf5xIAAAAABMzMAAAAAAAC4r63EqCmzT6/3XwsmEavZKe908eQdCOS5/1bJiy8KqgAAAAukO3QAAAAAAAAAAAGLLwqqAAAAQCaeJqPNblM6D5vxlPDK57xhCRFd1Ft25Kz2XNo8kBcUV9INh+ewZXonRnufgNV//sDsARqaZ7DU7F/SCGKVfgI=	VwamAUBfmNFWf+lDPhOR0QvumHIRj72rB+aFT7WIuqEAAAAAAAAAZAAAAAAAAAABAAAAAAAAAAEAAAAAAAAAAA==	AAAAAAAAAAEAAAABAAAAAQAAAAQAAAABAAAAADxvrbTYDggLvPsly872EgGPgFvqxA4X+WJjRha3+cSAAAAAATMzAAAAAAAAuK+txKgps0+v918LJhGr2SnvdPHkHQjkuf9WyYsvCqoAAAALpDt0AH//////////AAAAAQAAAAAAAAAA
899e9ee79360b79ebcaa7bd6bc837aa4b9889d8015692c565790e9705e6188be	5	1	AAAAADxvrbTYDggLvPsly872EgGPgFvqxA4X+WJjRha3+cSAAAAAZAAAAAIAAAAJAAAAAAAAAAAAAAABAAAAAAAAAAMAAAABRVVSAAAAAAC4r63EqCmzT6/3XwsmEavZKe908eQdCOS5/1bJiy8KqgAAAAFVU0QAAAAAALivrcSoKbNPr/dfCyYRq9kp73Tx5B0I5Ln/VsmLLwqqAAAAAAX14QAAAAABAAAAAQAAAAAAAAAAAAAAAAAAAAG3+cSAAAAAQBUP8l1MVDZY+tcvC0rOqF9wn+89wVZ+v/tzf5bJ4msQBtQ//xhdXRTvvbSpCzOKnzmFJRhbYGFwDCeKBglCkAw=	iZ6e55Ngt568qnvWvIN6pLmInYAVaSxWV5DpcF5hiL4AAAAAAAAAZAAAAAAAAAABAAAAAAAAAAMAAAAAAAAAAAAAAAAAAAAAPG+ttNgOCAu8+yXLzvYSAY+AW+rEDhf5YmNGFrf5xIAAAAAAAAAAAQAAAAFFVVIAAAAAALivrcSoKbNPr/dfCyYRq9kp73Tx5B0I5Ln/VsmLLwqqAAAAAVVTRAAAAAAAuK+txKgps0+v918LJhGr2SnvdPHkHQjkuf9WyYsvCqoAAAAABfXhAAAAAAEAAAABAAAAAAAAAAAAAAAA	AAAAAAAAAAEAAAACAAAAAAAAAAUAAAACAAAAADxvrbTYDggLvPsly872EgGPgFvqxA4X+WJjRha3+cSAAAAAAAAAAAEAAAABRVVSAAAAAAC4r63EqCmzT6/3XwsmEavZKe908eQdCOS5/1bJiy8KqgAAAAFVU0QAAAAAALivrcSoKbNPr/dfCyYRq9kp73Tx5B0I5Ln/VsmLLwqqAAAAAAX14QAAAAABAAAAAQAAAAAAAAAAAAAAAAAAAAEAAAAFAAAAAAAAAAA8b6202A4IC7z7JcvO9hIBj4Bb6sQOF/liY0YWt/nEgAAAAAJUC9z4AAAAAgAAABIAAAAJAAAAAAAAAAAAAAAAAQAAAAAAAAAAAAAAAAAAAA==
f0d80fd2ef5fdda4ba423ca4575e503fb0ca662236d8f889200a8944fbaffb6d	5	2	AAAAADxvrbTYDggLvPsly872EgGPgFvqxA4X+WJjRha3+cSAAAAAZAAAAAIAAAAKAAAAAAAAAAAAAAABAAAAAAAAAAMAAAABMQAAAAAAAAC4r63EqCmzT6/3XwsmEavZKe908eQdCOS5/1bJiy8KqgAAAAFVU0QAAAAAALivrcSoKbNPr/dfCyYRq9kp73Tx5B0I5Ln/VsmLLwqqAAAAAAvrwgAAAAABAAAAAQAAAAAAAAAAAAAAAAAAAAG3+cSAAAAAQE5i/ekEzPH2gjh7Q7FtHiORiLD+54mACggy4izXoZYurnHH/9UP+WLNTJsG8dXF3eaaiBoH5bOZkLR0mYszrgM=	8NgP0u9f3aS6QjykV15QP7DKZiI22PiJIAqJRPuv+20AAAAAAAAAZAAAAAAAAAABAAAAAAAAAAMAAAAAAAAAAAAAAAAAAAAAPG+ttNgOCAu8+yXLzvYSAY+AW+rEDhf5YmNGFrf5xIAAAAAAAAAAAgAAAAExAAAAAAAAALivrcSoKbNPr/dfCyYRq9kp73Tx5B0I5Ln/VsmLLwqqAAAAAVVTRAAAAAAAuK+txKgps0+v918LJhGr2SnvdPHkHQjkuf9WyYsvCqoAAAAAC+vCAAAAAAEAAAABAAAAAAAAAAAAAAAA	AAAAAAAAAAEAAAACAAAAAAAAAAUAAAACAAAAADxvrbTYDggLvPsly872EgGPgFvqxA4X+WJjRha3+cSAAAAAAAAAAAIAAAABMQAAAAAAAAC4r63EqCmzT6/3XwsmEavZKe908eQdCOS5/1bJiy8KqgAAAAFVU0QAAAAAALivrcSoKbNPr/dfCyYRq9kp73Tx5B0I5Ln/VsmLLwqqAAAAAAvrwgAAAAABAAAAAQAAAAAAAAAAAAAAAAAAAAEAAAAFAAAAAAAAAAA8b6202A4IC7z7JcvO9hIBj4Bb6sQOF/liY0YWt/nEgAAAAAJUC9z4AAAAAgAAABIAAAAKAAAAAAAAAAAAAAAAAQAAAAAAAAAAAAAAAAAAAA==
95cc8f77c577062645e11113bc29ea124e1c2f70393d25ebe6095f87c41c37d3	5	3	AAAAADxvrbTYDggLvPsly872EgGPgFvqxA4X+WJjRha3+cSAAAAAZAAAAAIAAAALAAAAAAAAAAAAAAABAAAAAAAAAAMAAAABRVVSAAAAAAC4r63EqCmzT6/3XwsmEavZKe908eQdCOS5/1bJiy8KqgAAAAExAAAAAAAAALivrcSoKbNPr/dfCyYRq9kp73Tx5B0I5Ln/VsmLLwqqAAAAAAvrwgAAAAABAAAAAQAAAAAAAAAAAAAAAAAAAAG3+cSAAAAAQElXYVymotoykCk8gyme4HgxUq8M7dV7Tq4TiS7NLjdCFSeeL1oArbDqNTnFDlwfKuKeZBRE4WvAYp+BOod7wgk=	lcyPd8V3BiZF4RETvCnqEk4cL3A5PSXr5glfh8QcN9MAAAAAAAAAZAAAAAAAAAABAAAAAAAAAAMAAAAAAAAAAAAAAAAAAAAAPG+ttNgOCAu8+yXLzvYSAY+AW+rEDhf5YmNGFrf5xIAAAAAAAAAAAwAAAAFFVVIAAAAAALivrcSoKbNPr/dfCyYRq9kp73Tx5B0I5Ln/VsmLLwqqAAAAATEAAAAAAAAAuK+txKgps0+v918LJhGr2SnvdPHkHQjkuf9WyYsvCqoAAAAAC+vCAAAAAAEAAAABAAAAAAAAAAAAAAAA	AAAAAAAAAAEAAAACAAAAAAAAAAUAAAACAAAAADxvrbTYDggLvPsly872EgGPgFvqxA4X+WJjRha3+cSAAAAAAAAAAAMAAAABRVVSAAAAAAC4r63EqCmzT6/3XwsmEavZKe908eQdCOS5/1bJiy8KqgAAAAExAAAAAAAAALivrcSoKbNPr/dfCyYRq9kp73Tx5B0I5Ln/VsmLLwqqAAAAAAvrwgAAAAABAAAAAQAAAAAAAAAAAAAAAAAAAAEAAAAFAAAAAAAAAAA8b6202A4IC7z7JcvO9hIBj4Bb6sQOF/liY0YWt/nEgAAAAAJUC9z4AAAAAgAAABIAAAALAAAAAAAAAAAAAAAAAQAAAAAAAAAAAAAAAAAAAA==
08162b3c62763527a4cd278061c34736c2a8918b07f99571e5bba946723a2b02	5	4	AAAAADxvrbTYDggLvPsly872EgGPgFvqxA4X+WJjRha3+cSAAAAAZAAAAAIAAAAMAAAAAAAAAAAAAAABAAAAAAAAAAMAAAABMjEAAAAAAAC4r63EqCmzT6/3XwsmEavZKe908eQdCOS5/1bJiy8KqgAAAAFVU0QAAAAAALivrcSoKbNPr/dfCyYRq9kp73Tx5B0I5Ln/VsmLLwqqAAAAABHhowAAAAABAAAAAQAAAAAAAAAAAAAAAAAAAAG3+cSAAAAAQJb9DQkoYQjeQ6q0YMXt+7ghoNv6GSHXApvUzmmmxTgTRA9lI0/b+UfYdZxmPcmENhTSRcbr8qGfz0MVk2dUhgo=	CBYrPGJ2NSekzSeAYcNHNsKokYsH+ZVx5bupRnI6KwIAAAAAAAAAZAAAAAAAAAABAAAAAAAAAAMAAAAAAAAAAAAAAAAAAAAAPG+ttNgOCAu8+yXLzvYSAY+AW+rEDhf5YmNGFrf5xIAAAAAAAAAABAAAAAEyMQAAAAAAALivrcSoKbNPr/dfCyYRq9kp73Tx5B0I5Ln/VsmLLwqqAAAAAVVTRAAAAAAAuK+txKgps0+v918LJhGr2SnvdPHkHQjkuf9WyYsvCqoAAAAAEeGjAAAAAAEAAAABAAAAAAAAAAAAAAAA	AAAAAAAAAAEAAAACAAAAAAAAAAUAAAACAAAAADxvrbTYDggLvPsly872EgGPgFvqxA4X+WJjRha3+cSAAAAAAAAAAAQAAAABMjEAAAAAAAC4r63EqCmzT6/3XwsmEavZKe908eQdCOS5/1bJiy8KqgAAAAFVU0QAAAAAALivrcSoKbNPr/dfCyYRq9kp73Tx5B0I5Ln/VsmLLwqqAAAAABHhowAAAAABAAAAAQAAAAAAAAAAAAAAAAAAAAEAAAAFAAAAAAAAAAA8b6202A4IC7z7JcvO9hIBj4Bb6sQOF/liY0YWt/nEgAAAAAJUC9z4AAAAAgAAABIAAAAMAAAAAAAAAAAAAAAAAQAAAAAAAAAAAAAAAAAAAA==
03872ed73280a56d65969df8aa4e28c0794197ea41ebd31bc8abec8d1e087114	5	5	AAAAADxvrbTYDggLvPsly872EgGPgFvqxA4X+WJjRha3+cSAAAAAZAAAAAIAAAANAAAAAAAAAAAAAAABAAAAAAAAAAMAAAABMjIAAAAAAAC4r63EqCmzT6/3XwsmEavZKe908eQdCOS5/1bJiy8KqgAAAAEyMQAAAAAAALivrcSoKbNPr/dfCyYRq9kp73Tx5B0I5Ln/VsmLLwqqAAAAABHhowAAAAABAAAAAQAAAAAAAAAAAAAAAAAAAAG3+cSAAAAAQBMsozFsE9BgydwhSZRxO/3IzuOEVXlWo8kZ2Q1ljJxQT9ndsNVcjIb4xzM/qFN6po0CtbM39ohhbDg3wVipewQ=	A4cu1zKApW1llp34qk4owHlBl+pB69MbyKvsjR4IcRQAAAAAAAAAZAAAAAAAAAABAAAAAAAAAAMAAAAAAAAAAAAAAAAAAAAAPG+ttNgOCAu8+yXLzvYSAY+AW+rEDhf5YmNGFrf5xIAAAAAAAAAABQAAAAEyMgAAAAAAALivrcSoKbNPr/dfCyYRq9kp73Tx5B0I5Ln/VsmLLwqqAAAAATIxAAAAAAAAuK+txKgps0+v918LJhGr2SnvdPHkHQjkuf9WyYsvCqoAAAAAEeGjAAAAAAEAAAABAAAAAAAAAAAAAAAA	AAAAAAAAAAEAAAACAAAAAAAAAAUAAAACAAAAADxvrbTYDggLvPsly872EgGPgFvqxA4X+WJjRha3+cSAAAAAAAAAAAUAAAABMjIAAAAAAAC4r63EqCmzT6/3XwsmEavZKe908eQdCOS5/1bJiy8KqgAAAAEyMQAAAAAAALivrcSoKbNPr/dfCyYRq9kp73Tx5B0I5Ln/VsmLLwqqAAAAABHhowAAAAABAAAAAQAAAAAAAAAAAAAAAAAAAAEAAAAFAAAAAAAAAAA8b6202A4IC7z7JcvO9hIBj4Bb6sQOF/liY0YWt/nEgAAAAAJUC9z4AAAAAgAAABIAAAANAAAAAAAAAAAAAAAAAQAAAAAAAAAAAAAAAAAAAA==
deeead1a0c982d4afc78a8727088fadf52febd64ed67b11a97a68bc70d73371a	5	6	AAAAADxvrbTYDggLvPsly872EgGPgFvqxA4X+WJjRha3+cSAAAAAZAAAAAIAAAAOAAAAAAAAAAAAAAABAAAAAAAAAAMAAAABRVVSAAAAAAC4r63EqCmzT6/3XwsmEavZKe908eQdCOS5/1bJiy8KqgAAAAEyMgAAAAAAALivrcSoKbNPr/dfCyYRq9kp73Tx5B0I5Ln/VsmLLwqqAAAAABHhowAAAAABAAAAAQAAAAAAAAAAAAAAAAAAAAG3+cSAAAAAQMjGb6qrvut2qu39ugQTWQLnKqYcGvXc4Z6OKX+vUFBdjpf6/jIbW/wX29gmZz4p7CUBGvS2+yl2RJoW+y2PhAM=	3u6tGgyYLUr8eKhycIj631L+vWTtZ7Eal6aLxw1zNxoAAAAAAAAAZAAAAAAAAAABAAAAAAAAAAMAAAAAAAAAAAAAAAAAAAAAPG+ttNgOCAu8+yXLzvYSAY+AW+rEDhf5YmNGFrf5xIAAAAAAAAAABgAAAAFFVVIAAAAAALivrcSoKbNPr/dfCyYRq9kp73Tx5B0I5Ln/VsmLLwqqAAAAATIyAAAAAAAAuK+txKgps0+v918LJhGr2SnvdPHkHQjkuf9WyYsvCqoAAAAAEeGjAAAAAAEAAAABAAAAAAAAAAAAAAAA	AAAAAAAAAAEAAAACAAAAAAAAAAUAAAACAAAAADxvrbTYDggLvPsly872EgGPgFvqxA4X+WJjRha3+cSAAAAAAAAAAAYAAAABRVVSAAAAAAC4r63EqCmzT6/3XwsmEavZKe908eQdCOS5/1bJiy8KqgAAAAEyMgAAAAAAALivrcSoKbNPr/dfCyYRq9kp73Tx5B0I5Ln/VsmLLwqqAAAAABHhowAAAAABAAAAAQAAAAAAAAAAAAAAAAAAAAEAAAAFAAAAAAAAAAA8b6202A4IC7z7JcvO9hIBj4Bb6sQOF/liY0YWt/nEgAAAAAJUC9z4AAAAAgAAABIAAAAOAAAAAAAAAAAAAAAAAQAAAAAAAAAAAAAAAAAAAA==
ad196a5c78155bf61db9fc189c2d63885b25474ddc411cbad3b4728192273ef2	5	7	AAAAADxvrbTYDggLvPsly872EgGPgFvqxA4X+WJjRha3+cSAAAAAZAAAAAIAAAAPAAAAAAAAAAAAAAABAAAAAAAAAAMAAAABMzEAAAAAAAC4r63EqCmzT6/3XwsmEavZKe908eQdCOS5/1bJiy8KqgAAAAFVU0QAAAAAALivrcSoKbNPr/dfCyYRq9kp73Tx5B0I5Ln/VsmLLwqqAAAAABfXhAAAAAABAAAAAQAAAAAAAAAAAAAAAAAAAAG3+cSAAAAAQFpzdeXlMm7dYGx21oc1qviKOzaeB2OXmDQUAs01BZRAFdifR23hAhz2PUGHc2tvzMDYcUUJUsXWsM782yGVhQc=	rRlqXHgVW/YdufwYnC1jiFslR03cQRy607RygZInPvIAAAAAAAAAZAAAAAAAAAABAAAAAAAAAAMAAAAAAAAAAAAAAAAAAAAAPG+ttNgOCAu8+yXLzvYSAY+AW+rEDhf5YmNGFrf5xIAAAAAAAAAABwAAAAEzMQAAAAAAALivrcSoKbNPr/dfCyYRq9kp73Tx5B0I5Ln/VsmLLwqqAAAAAVVTRAAAAAAAuK+txKgps0+v918LJhGr2SnvdPHkHQjkuf9WyYsvCqoAAAAAF9eEAAAAAAEAAAABAAAAAAAAAAAAAAAA	AAAAAAAAAAEAAAACAAAAAAAAAAUAAAACAAAAADxvrbTYDggLvPsly872EgGPgFvqxA4X+WJjRha3+cSAAAAAAAAAAAcAAAABMzEAAAAAAAC4r63EqCmzT6/3XwsmEavZKe908eQdCOS5/1bJiy8KqgAAAAFVU0QAAAAAALivrcSoKbNPr/dfCyYRq9kp73Tx5B0I5Ln/VsmLLwqqAAAAABfXhAAAAAABAAAAAQAAAAAAAAAAAAAAAAAAAAEAAAAFAAAAAAAAAAA8b6202A4IC7z7JcvO9hIBj4Bb6sQOF/liY0YWt/nEgAAAAAJUC9z4AAAAAgAAABIAAAAPAAAAAAAAAAAAAAAAAQAAAAAAAAAAAAAAAAAAAA==
8d72ccad11276165c9ad8491dbcb73b0e7c5abfbd815a0a7204e58d8937f9143	5	8	AAAAADxvrbTYDggLvPsly872EgGPgFvqxA4X+WJjRha3+cSAAAAAZAAAAAIAAAAQAAAAAAAAAAAAAAABAAAAAAAAAAMAAAABMzIAAAAAAAC4r63EqCmzT6/3XwsmEavZKe908eQdCOS5/1bJiy8KqgAAAAEzMQAAAAAAALivrcSoKbNPr/dfCyYRq9kp73Tx5B0I5Ln/VsmLLwqqAAAAABfXhAAAAAABAAAAAQAAAAAAAAAAAAAAAAAAAAG3+cSAAAAAQBZK20a5+6nmL2o3hYCEnNpTTykx9ejG1Y2Zt219gD5pAAXCGWrSAYod5750pngei/kNlTSRI/bcPg7jps8EBQQ=	jXLMrREnYWXJrYSR28tzsOfFq/vYFaCnIE5Y2JN/kUMAAAAAAAAAZAAAAAAAAAABAAAAAAAAAAMAAAAAAAAAAAAAAAAAAAAAPG+ttNgOCAu8+yXLzvYSAY+AW+rEDhf5YmNGFrf5xIAAAAAAAAAACAAAAAEzMgAAAAAAALivrcSoKbNPr/dfCyYRq9kp73Tx5B0I5Ln/VsmLLwqqAAAAATMxAAAAAAAAuK+txKgps0+v918LJhGr2SnvdPHkHQjkuf9WyYsvCqoAAAAAF9eEAAAAAAEAAAABAAAAAAAAAAAAAAAA	AAAAAAAAAAEAAAACAAAAAAAAAAUAAAACAAAAADxvrbTYDggLvPsly872EgGPgFvqxA4X+WJjRha3+cSAAAAAAAAAAAgAAAABMzIAAAAAAAC4r63EqCmzT6/3XwsmEavZKe908eQdCOS5/1bJiy8KqgAAAAEzMQAAAAAAALivrcSoKbNPr/dfCyYRq9kp73Tx5B0I5Ln/VsmLLwqqAAAAABfXhAAAAAABAAAAAQAAAAAAAAAAAAAAAAAAAAEAAAAFAAAAAAAAAAA8b6202A4IC7z7JcvO9hIBj4Bb6sQOF/liY0YWt/nEgAAAAAJUC9z4AAAAAgAAABIAAAAQAAAAAAAAAAAAAAAAAQAAAAAAAAAAAAAAAAAAAA==
0312e8eb42166f206fb28c36b4f8247df3ddfc72b9a19118a38e6bb724227493	5	9	AAAAADxvrbTYDggLvPsly872EgGPgFvqxA4X+WJjRha3+cSAAAAAZAAAAAIAAAARAAAAAAAAAAAAAAABAAAAAAAAAAMAAAABMzMAAAAAAAC4r63EqCmzT6/3XwsmEavZKe908eQdCOS5/1bJiy8KqgAAAAEzMgAAAAAAALivrcSoKbNPr/dfCyYRq9kp73Tx5B0I5Ln/VsmLLwqqAAAAABfXhAAAAAABAAAAAQAAAAAAAAAAAAAAAAAAAAG3+cSAAAAAQK6i5VqAmLcUxLNWiHuBdS91csSVXGxQstxKQdEL1up3Kv3bSyHCaA/hrp7Cbj7La/M/Qb5l8CoCs1bf7NPJpwI=	AxLo60IWbyBvsow2tPgkffPd/HK5oZEYo45rtyQidJMAAAAAAAAAZAAAAAAAAAABAAAAAAAAAAMAAAAAAAAAAAAAAAAAAAAAPG+ttNgOCAu8+yXLzvYSAY+AW+rEDhf5YmNGFrf5xIAAAAAAAAAACQAAAAEzMwAAAAAAALivrcSoKbNPr/dfCyYRq9kp73Tx5B0I5Ln/VsmLLwqqAAAAATMyAAAAAAAAuK+txKgps0+v918LJhGr2SnvdPHkHQjkuf9WyYsvCqoAAAAAF9eEAAAAAAEAAAABAAAAAAAAAAAAAAAA	AAAAAAAAAAEAAAACAAAAAAAAAAUAAAACAAAAADxvrbTYDggLvPsly872EgGPgFvqxA4X+WJjRha3+cSAAAAAAAAAAAkAAAABMzMAAAAAAAC4r63EqCmzT6/3XwsmEavZKe908eQdCOS5/1bJiy8KqgAAAAEzMgAAAAAAALivrcSoKbNPr/dfCyYRq9kp73Tx5B0I5Ln/VsmLLwqqAAAAABfXhAAAAAABAAAAAQAAAAAAAAAAAAAAAAAAAAEAAAAFAAAAAAAAAAA8b6202A4IC7z7JcvO9hIBj4Bb6sQOF/liY0YWt/nEgAAAAAJUC9z4AAAAAgAAABIAAAARAAAAAAAAAAAAAAAAAQAAAAAAAAAAAAAAAAAAAA==
93f3775f312b32f9a8657875d3a54ce7b6829d699d3dcf1d124958b54919fa6d	5	10	AAAAADxvrbTYDggLvPsly872EgGPgFvqxA4X+WJjRha3+cSAAAAAZAAAAAIAAAASAAAAAAAAAAAAAAABAAAAAAAAAAMAAAABRVVSAAAAAAC4r63EqCmzT6/3XwsmEavZKe908eQdCOS5/1bJiy8KqgAAAAEzMwAAAAAAALivrcSoKbNPr/dfCyYRq9kp73Tx5B0I5Ln/VsmLLwqqAAAAABfXhAAAAAABAAAAAQAAAAAAAAAAAAAAAAAAAAG3+cSAAAAAQKmtA2Y1wtM+pgZLBEqTStQg84ad01FjBDDYp+7TTS9bRK8D9eEhosD+vdkuHfUUNfmqRnGERN6A6znFzD0JqQY=	k/N3XzErMvmoZXh106VM57aCnWmdPc8dEklYtUkZ+m0AAAAAAAAAZAAAAAAAAAABAAAAAAAAAAMAAAAAAAAAAAAAAAAAAAAAPG+ttNgOCAu8+yXLzvYSAY+AW+rEDhf5YmNGFrf5xIAAAAAAAAAACgAAAAFFVVIAAAAAALivrcSoKbNPr/dfCyYRq9kp73Tx5B0I5Ln/VsmLLwqqAAAAATMzAAAAAAAAuK+txKgps0+v918LJhGr2SnvdPHkHQjkuf9WyYsvCqoAAAAAF9eEAAAAAAEAAAABAAAAAAAAAAAAAAAA	AAAAAAAAAAEAAAACAAAAAAAAAAUAAAACAAAAADxvrbTYDggLvPsly872EgGPgFvqxA4X+WJjRha3+cSAAAAAAAAAAAoAAAABRVVSAAAAAAC4r63EqCmzT6/3XwsmEavZKe908eQdCOS5/1bJiy8KqgAAAAEzMwAAAAAAALivrcSoKbNPr/dfCyYRq9kp73Tx5B0I5Ln/VsmLLwqqAAAAABfXhAAAAAABAAAAAQAAAAAAAAAAAAAAAAAAAAEAAAAFAAAAAAAAAAA8b6202A4IC7z7JcvO9hIBj4Bb6sQOF/liY0YWt/nEgAAAAAJUC9z4AAAAAgAAABIAAAASAAAAAAAAAAAAAAAAAQAAAAAAAAAAAAAAAAAAAA==
\.


--
-- Name: accounts_pkey; Type: CONSTRAINT; Schema: public; Owner: -; Tablespace: 
--

ALTER TABLE ONLY accounts
    ADD CONSTRAINT accounts_pkey PRIMARY KEY (accountid);


--
-- Name: ledgerheaders_ledgerseq_key; Type: CONSTRAINT; Schema: public; Owner: -; Tablespace: 
--

ALTER TABLE ONLY ledgerheaders
    ADD CONSTRAINT ledgerheaders_ledgerseq_key UNIQUE (ledgerseq);


--
-- Name: ledgerheaders_pkey; Type: CONSTRAINT; Schema: public; Owner: -; Tablespace: 
--

ALTER TABLE ONLY ledgerheaders
    ADD CONSTRAINT ledgerheaders_pkey PRIMARY KEY (ledgerhash);


--
-- Name: offers_pkey; Type: CONSTRAINT; Schema: public; Owner: -; Tablespace: 
--

ALTER TABLE ONLY offers
    ADD CONSTRAINT offers_pkey PRIMARY KEY (offerid);


--
-- Name: peers_pkey; Type: CONSTRAINT; Schema: public; Owner: -; Tablespace: 
--

ALTER TABLE ONLY peers
    ADD CONSTRAINT peers_pkey PRIMARY KEY (ip, port);


--
-- Name: pubsub_pkey; Type: CONSTRAINT; Schema: public; Owner: -; Tablespace: 
--

ALTER TABLE ONLY pubsub
    ADD CONSTRAINT pubsub_pkey PRIMARY KEY (resid);


--
-- Name: signers_pkey; Type: CONSTRAINT; Schema: public; Owner: -; Tablespace: 
--

ALTER TABLE ONLY signers
    ADD CONSTRAINT signers_pkey PRIMARY KEY (accountid, publickey);


--
-- Name: storestate_pkey; Type: CONSTRAINT; Schema: public; Owner: -; Tablespace: 
--

ALTER TABLE ONLY storestate
    ADD CONSTRAINT storestate_pkey PRIMARY KEY (statename);


--
-- Name: trustlines_pkey; Type: CONSTRAINT; Schema: public; Owner: -; Tablespace: 
--

ALTER TABLE ONLY trustlines
    ADD CONSTRAINT trustlines_pkey PRIMARY KEY (accountid, issuer, assetcode);


--
-- Name: txfeehistory_pkey; Type: CONSTRAINT; Schema: public; Owner: -; Tablespace: 
--

ALTER TABLE ONLY txfeehistory
    ADD CONSTRAINT txfeehistory_pkey PRIMARY KEY (ledgerseq, txindex);


--
-- Name: txhistory_pkey; Type: CONSTRAINT; Schema: public; Owner: -; Tablespace: 
--

ALTER TABLE ONLY txhistory
    ADD CONSTRAINT txhistory_pkey PRIMARY KEY (ledgerseq, txindex);


--
-- Name: accountbalances; Type: INDEX; Schema: public; Owner: -; Tablespace: 
--

CREATE INDEX accountbalances ON accounts USING btree (balance) WHERE (balance >= 1000000000);


--
-- Name: buyingissuerindex; Type: INDEX; Schema: public; Owner: -; Tablespace: 
--

CREATE INDEX buyingissuerindex ON offers USING btree (buyingissuer);


--
-- Name: histbyseq; Type: INDEX; Schema: public; Owner: -; Tablespace: 
--

CREATE INDEX histbyseq ON txhistory USING btree (ledgerseq);


--
-- Name: histfeebyseq; Type: INDEX; Schema: public; Owner: -; Tablespace: 
--

CREATE INDEX histfeebyseq ON txfeehistory USING btree (ledgerseq);


--
-- Name: ledgersbyseq; Type: INDEX; Schema: public; Owner: -; Tablespace: 
--

CREATE INDEX ledgersbyseq ON ledgerheaders USING btree (ledgerseq);


--
-- Name: priceindex; Type: INDEX; Schema: public; Owner: -; Tablespace: 
--

CREATE INDEX priceindex ON offers USING btree (price);


--
-- Name: sellingissuerindex; Type: INDEX; Schema: public; Owner: -; Tablespace: 
--

CREATE INDEX sellingissuerindex ON offers USING btree (sellingissuer);


--
-- Name: signersaccount; Type: INDEX; Schema: public; Owner: -; Tablespace: 
--

CREATE INDEX signersaccount ON signers USING btree (accountid);


--
-- PostgreSQL database dump complete
--

