--
-- PostgreSQL database dump
--

SET statement_timeout = 0;
SET lock_timeout = 0;
SET client_encoding = 'UTF8';
SET standard_conforming_strings = on;
SET check_function_bodies = false;
SET client_min_messages = warning;

SET search_path = public, pg_catalog;

DROP INDEX public.signersaccount;
DROP INDEX public.sellingissuerindex;
DROP INDEX public.priceindex;
DROP INDEX public.ledgersbyseq;
DROP INDEX public.buyingissuerindex;
DROP INDEX public.accountlines;
DROP INDEX public.accountbalances;
ALTER TABLE ONLY public.txhistory DROP CONSTRAINT txhistory_pkey;
ALTER TABLE ONLY public.txhistory DROP CONSTRAINT txhistory_ledgerseq_txindex_key;
ALTER TABLE ONLY public.trustlines DROP CONSTRAINT trustlines_pkey;
ALTER TABLE ONLY public.storestate DROP CONSTRAINT storestate_pkey;
ALTER TABLE ONLY public.signers DROP CONSTRAINT signers_pkey;
ALTER TABLE ONLY public.peers DROP CONSTRAINT peers_pkey;
ALTER TABLE ONLY public.offers DROP CONSTRAINT offers_pkey;
ALTER TABLE ONLY public.ledgerheaders DROP CONSTRAINT ledgerheaders_pkey;
ALTER TABLE ONLY public.ledgerheaders DROP CONSTRAINT ledgerheaders_ledgerseq_key;
ALTER TABLE ONLY public.accounts DROP CONSTRAINT accounts_pkey;
DROP TABLE public.txhistory;
DROP TABLE public.trustlines;
DROP TABLE public.storestate;
DROP TABLE public.signers;
DROP TABLE public.peers;
DROP TABLE public.offers;
DROP TABLE public.ledgerheaders;
DROP TABLE public.accounts;
DROP EXTENSION plpgsql;
DROP SCHEMA public;
--
-- Name: public; Type: SCHEMA; Schema: -; Owner: -
--

CREATE SCHEMA public;


--
-- Name: SCHEMA public; Type: COMMENT; Schema: -; Owner: -
--

COMMENT ON SCHEMA public IS 'standard public schema';


--
-- Name: plpgsql; Type: EXTENSION; Schema: -; Owner: -
--

CREATE EXTENSION IF NOT EXISTS plpgsql WITH SCHEMA pg_catalog;


--
-- Name: EXTENSION plpgsql; Type: COMMENT; Schema: -; Owner: -
--

COMMENT ON EXTENSION plpgsql IS 'PL/pgSQL procedural language';


SET search_path = public, pg_catalog;

SET default_tablespace = '';

SET default_with_oids = false;

--
-- Name: accounts; Type: TABLE; Schema: public; Owner: -; Tablespace: 
--

CREATE TABLE accounts (
    accountid character varying(56) NOT NULL,
    balance bigint NOT NULL,
    seqnum bigint NOT NULL,
    numsubentries integer NOT NULL,
    inflationdest character varying(56),
    homedomain character varying(32),
    thresholds text,
    flags integer NOT NULL,
    CONSTRAINT accounts_balance_check CHECK ((balance >= 0)),
    CONSTRAINT accounts_numsubentries_check CHECK ((numsubentries >= 0))
);


--
-- Name: ledgerheaders; Type: TABLE; Schema: public; Owner: -; Tablespace: 
--

CREATE TABLE ledgerheaders (
    ledgerhash character(64) NOT NULL,
    prevhash character(64) NOT NULL,
    bucketlisthash character(64) NOT NULL,
    ledgerseq integer,
    closetime bigint NOT NULL,
    data text NOT NULL,
    CONSTRAINT ledgerheaders_closetime_check CHECK ((closetime >= 0)),
    CONSTRAINT ledgerheaders_ledgerseq_check CHECK ((ledgerseq >= 0))
);


--
-- Name: offers; Type: TABLE; Schema: public; Owner: -; Tablespace: 
--

CREATE TABLE offers (
    sellerid character varying(56) NOT NULL,
    offerid bigint NOT NULL,
    sellingassettype integer,
    sellingassetcode character varying(12),
    sellingissuer character varying(56),
    buyingassettype integer,
    buyingassetcode character varying(12),
    buyingissuer character varying(56),
    amount bigint NOT NULL,
    pricen integer NOT NULL,
    priced integer NOT NULL,
    price bigint NOT NULL,
    flags integer NOT NULL,
    CONSTRAINT offers_amount_check CHECK ((amount >= 0)),
    CONSTRAINT offers_offerid_check CHECK ((offerid >= 0))
);


--
-- Name: peers; Type: TABLE; Schema: public; Owner: -; Tablespace: 
--

CREATE TABLE peers (
    ip character varying(15) NOT NULL,
    port integer DEFAULT 0 NOT NULL,
    nextattempt timestamp without time zone NOT NULL,
    numfailures integer DEFAULT 0 NOT NULL,
    rank integer DEFAULT 0 NOT NULL,
    CONSTRAINT peers_numfailures_check CHECK ((numfailures >= 0)),
    CONSTRAINT peers_port_check CHECK (((port > 0) AND (port <= 65535))),
    CONSTRAINT peers_rank_check CHECK ((rank >= 0))
);


--
-- Name: signers; Type: TABLE; Schema: public; Owner: -; Tablespace: 
--

CREATE TABLE signers (
    accountid character varying(56) NOT NULL,
    publickey character varying(56) NOT NULL,
    weight integer NOT NULL
);


--
-- Name: storestate; Type: TABLE; Schema: public; Owner: -; Tablespace: 
--

CREATE TABLE storestate (
    statename character(32) NOT NULL,
    state text
);


--
-- Name: trustlines; Type: TABLE; Schema: public; Owner: -; Tablespace: 
--

CREATE TABLE trustlines (
    accountid character varying(56) NOT NULL,
    assettype integer NOT NULL,
    issuer character varying(56) NOT NULL,
    assetcode character varying(12) NOT NULL,
    tlimit bigint DEFAULT 0 NOT NULL,
    balance bigint DEFAULT 0 NOT NULL,
    flags integer NOT NULL,
    CONSTRAINT trustlines_balance_check CHECK ((balance >= 0)),
    CONSTRAINT trustlines_tlimit_check CHECK ((tlimit >= 0))
);


--
-- Name: txhistory; Type: TABLE; Schema: public; Owner: -; Tablespace: 
--

CREATE TABLE txhistory (
    txid character(64) NOT NULL,
    ledgerseq integer NOT NULL,
    txindex integer NOT NULL,
    txbody text NOT NULL,
    txresult text NOT NULL,
    txmeta text NOT NULL,
    CONSTRAINT txhistory_ledgerseq_check CHECK ((ledgerseq >= 0))
);


--
-- Data for Name: accounts; Type: TABLE DATA; Schema: public; Owner: -
--

COPY accounts (accountid, balance, seqnum, numsubentries, inflationdest, homedomain, thresholds, flags) FROM stdin;
GCEZWKCA5VLDNRLN3RPRJMRZOX3Z6G5CHCGSNFHEYVXM3XOJMDS674JZ	99999959999999960	4	0	\N		AQAAAA==	0
GDN3IKKPCCOZP64RA2ZN5JWUXIKVIMKJPOTD3ID7SJCYDDHQLHBXMIQP	9999999990	8589934593	1	\N		AQAAAA==	0
GBGX3YA7WQX3ONL5RJUWKNOCV6MV65PUHOWN5I2J4VS5MQIHSCS7K7VK	9999999990	8589934593	1	\N		AQAAAA==	0
GDJE5TGX6SFM5RJILUQNBKJMTXCVB7LVJZOGGI3ENU7S5MLHYD3V547N	9999999820	8589934610	18	\N		AQAAAA==	0
GDH7ORX4EFMGLIJMYPBKCZNTRDFCKMBLAPEREW4TW3LFQM5YTDZNMSQ4	9999999920	8589934600	0	\N		AQAAAA==	0
\.


--
-- Data for Name: ledgerheaders; Type: TABLE DATA; Schema: public; Owner: -
--

COPY ledgerheaders (ledgerhash, prevhash, bucketlisthash, ledgerseq, closetime, data) FROM stdin;
e8e10918f9c000c73119abe54cf089f59f9015cc93c49ccf00b5e8b9afb6e6b1	0000000000000000000000000000000000000000000000000000000000000000	366ab1da319554c51293d7cbf7893a2373dbb0adb73bc8f86d4842995a948be6	1	0	AAAAAAAAAAAAAAAAAAAAAAAAAAAAAAAAAAAAAAAAAAAAAAAAAAAAAAAAAAAAAAAAAAAAAAAAAAAAAAAAAAAAAAAAAAAAAAAAAAAAAAAAAAAAAAAAAAAAAAAAAAAAAAAAAAAAAAAAAAAAAAAAAAAAAAAAAAA2arHaMZVUxRKT18v3iTojc9uwrbc7yPhtSEKZWpSL5gAAAAEBY0V4XYoAAAAAAAAAAAAAAAAAAAAAAAAAAAAAAAAACgCYloAAAAAAAAAAAAAAAAAAAAAAAAAAAAAAAAAAAAAAAAAAAAAAAAAAAAAAAAAAAAAAAAAAAAAAAAAAAAAAAAAAAAAAAAAAAAAAAAAAAAAAAAAAAAAAAAAAAAAAAAAAAAAAAAAAAAAAAAAAAAAAAAAAAAAAAAAAAAAAAAAAAAAAAAAAAAAAAAA=
239cff35058ca3d43203bbac58e772abf802b6f463d4285d12c3cb1421aa2289	e8e10918f9c000c73119abe54cf089f59f9015cc93c49ccf00b5e8b9afb6e6b1	b51aafe7fe2f9d74ed0a0415dc14e77a06211890f8074ba8f07cf4b0af154538	2	1440802937	AAAAAejhCRj5wADHMRmr5UzwifWfkBXMk8SczwC16Lmvtuax6DTqgbUBnK9ui7+EFPQblEtkXZ9e77Si2yHlNhGEpwsAAAAAVeDoeQAAAAEAAAAIAAAAAQAAAAEAAAAAdB5b7CbMptdbtORiSUyIk4Ux/ZeSBDFppD+fva+37YK1Gq/n/i+ddO0KBBXcFOd6BiEYkPgHS6jwfPSwrxVFOAAAAAIBY0V4XYoAAAAAAAAAAAAoAAAAAAAAAAAAAAAAAAAACgCYloAAAAAAAAAAAAAAAAAAAAAAAAAAAAAAAAAAAAAAAAAAAAAAAAAAAAAAAAAAAAAAAAAAAAAAAAAAAAAAAAAAAAAAAAAAAAAAAAAAAAAAAAAAAAAAAAAAAAAAAAAAAAAAAAAAAAAAAAAAAAAAAAAAAAAAAAAAAAAAAAAAAAAAAAAAAAAAAAA=
3ad0871132ca04a6f37b77c6f0e7869da3bd282451e7a057209b864a0892c299	239cff35058ca3d43203bbac58e772abf802b6f463d4285d12c3cb1421aa2289	85d1d6eaf3cb7d3de846b7e294f5029bc1089420b53da690b7f0f16f3e601d6d	3	1440802938	AAAAASOc/zUFjKPUMgO7rFjncqv4Arb0Y9QoXRLDyxQhqiKJDnj4s7AcRP3mL4OGUiWxkrCKFHmn2qqgvaCOGMe1JgwAAAAAVeDoegAAAAAAAAAAQbWsTmXqqhIb31R7VHkulz9y64Dh+wRgPpBe3VaCgN+F0dbq88t9PehGt+KU9QKbwQiUILU9ppC38PFvPmAdbQAAAAMBY0V4XYoAAAAAAAAAAACMAAAAAAAAAAAAAAAAAAAACgCYloAAAAAAAAAAAAAAAAAAAAAAAAAAAAAAAAAAAAAAAAAAAAAAAAAAAAAAAAAAAAAAAAAAAAAAAAAAAAAAAAAAAAAAAAAAAAAAAAAAAAAAAAAAAAAAAAAAAAAAAAAAAAAAAAAAAAAAAAAAAAAAAAAAAAAAAAAAAAAAAAAAAAAAAAAAAAAAAAA=
1ea2291393993ac769429987053aa4d12935e10700da11ce44c767523f64583c	3ad0871132ca04a6f37b77c6f0e7869da3bd282451e7a057209b864a0892c299	a52a3104a856d07fab954c2456c85259c61ed82b82d96a8a696f4babc3de3d6b	4	1440802939	AAAAATrQhxEyygSm83t3xvDnhp2jvSgkUeegVyCbhkoIksKZ4VGIwfcl3+tq1FblP6aqMYRKi4jMR9PA+5XHH3cZ1MEAAAAAVeDoewAAAAAAAAAAXpUIxsvQLFsMp2+AcrkMd7pUnS6IySgSnEM9+e5N4zelKjEEqFbQf6uVTCRWyFJZxh7YK4LZaoppb0urw949awAAAAQBY0V4XYoAAAAAAAAAAADcAAAAAAAAAAAAAAAAAAAACgCYloAAAAAAAAAAAAAAAAAAAAAAAAAAAAAAAAAAAAAAAAAAAAAAAAAAAAAAAAAAAAAAAAAAAAAAAAAAAAAAAAAAAAAAAAAAAAAAAAAAAAAAAAAAAAAAAAAAAAAAAAAAAAAAAAAAAAAAAAAAAAAAAAAAAAAAAAAAAAAAAAAAAAAAAAAAAAAAAAA=
e13b8ed9cdfb60fe23c6747b533c21a9fc74bffebd7bd70657e5540218ca25c2	1ea2291393993ac769429987053aa4d12935e10700da11ce44c767523f64583c	d1ead3c5f49f675c73ea79f95a219b365d3fe9473412a3fb3d65fba18a3d69d1	5	1440802940	AAAAAR6iKROTmTrHaUKZhwU6pNEpNeEHANoRzkTHZ1I/ZFg8SM6eJ02r01SieSzsB+HCw3kzDnZr1jwPixL+PKpcnKwAAAAAVeDofAAAAAAAAAAAYxGSAxAbvjAUsiR+0vfitN/SAmEK9pKjNvHzQGVxotbR6tPF9J9nXHPqeflaIZs2XT/pRzQSo/s9Zfuhij1p0QAAAAUBY0V4XYoAAAAAAAAAAAFAAAAAAAAAAAAAAAAKAAAACgCYloAAAAAAAAAAAAAAAAAAAAAAAAAAAAAAAAAAAAAAAAAAAAAAAAAAAAAAAAAAAAAAAAAAAAAAAAAAAAAAAAAAAAAAAAAAAAAAAAAAAAAAAAAAAAAAAAAAAAAAAAAAAAAAAAAAAAAAAAAAAAAAAAAAAAAAAAAAAAAAAAAAAAAAAAAAAAAAAAA=
\.


--
-- Data for Name: offers; Type: TABLE DATA; Schema: public; Owner: -
--

COPY offers (sellerid, offerid, sellingassettype, sellingassetcode, sellingissuer, buyingassettype, buyingassetcode, buyingissuer, amount, pricen, priced, price, flags) FROM stdin;
GDJE5TGX6SFM5RJILUQNBKJMTXCVB7LVJZOGGI3ENU7S5MLHYD3V547N	1	1	EUR	GDH7ORX4EFMGLIJMYPBKCZNTRDFCKMBLAPEREW4TW3LFQM5YTDZNMSQ4	1	USD	GDH7ORX4EFMGLIJMYPBKCZNTRDFCKMBLAPEREW4TW3LFQM5YTDZNMSQ4	10	1	1	10000000	0
GDJE5TGX6SFM5RJILUQNBKJMTXCVB7LVJZOGGI3ENU7S5MLHYD3V547N	2	1	1	GDH7ORX4EFMGLIJMYPBKCZNTRDFCKMBLAPEREW4TW3LFQM5YTDZNMSQ4	1	USD	GDH7ORX4EFMGLIJMYPBKCZNTRDFCKMBLAPEREW4TW3LFQM5YTDZNMSQ4	20	1	1	10000000	0
GDJE5TGX6SFM5RJILUQNBKJMTXCVB7LVJZOGGI3ENU7S5MLHYD3V547N	3	1	EUR	GDH7ORX4EFMGLIJMYPBKCZNTRDFCKMBLAPEREW4TW3LFQM5YTDZNMSQ4	1	1	GDH7ORX4EFMGLIJMYPBKCZNTRDFCKMBLAPEREW4TW3LFQM5YTDZNMSQ4	20	1	1	10000000	0
GDJE5TGX6SFM5RJILUQNBKJMTXCVB7LVJZOGGI3ENU7S5MLHYD3V547N	4	1	21	GDH7ORX4EFMGLIJMYPBKCZNTRDFCKMBLAPEREW4TW3LFQM5YTDZNMSQ4	1	USD	GDH7ORX4EFMGLIJMYPBKCZNTRDFCKMBLAPEREW4TW3LFQM5YTDZNMSQ4	30	1	1	10000000	0
GDJE5TGX6SFM5RJILUQNBKJMTXCVB7LVJZOGGI3ENU7S5MLHYD3V547N	5	1	22	GDH7ORX4EFMGLIJMYPBKCZNTRDFCKMBLAPEREW4TW3LFQM5YTDZNMSQ4	1	21	GDH7ORX4EFMGLIJMYPBKCZNTRDFCKMBLAPEREW4TW3LFQM5YTDZNMSQ4	30	1	1	10000000	0
GDJE5TGX6SFM5RJILUQNBKJMTXCVB7LVJZOGGI3ENU7S5MLHYD3V547N	6	1	EUR	GDH7ORX4EFMGLIJMYPBKCZNTRDFCKMBLAPEREW4TW3LFQM5YTDZNMSQ4	1	22	GDH7ORX4EFMGLIJMYPBKCZNTRDFCKMBLAPEREW4TW3LFQM5YTDZNMSQ4	30	1	1	10000000	0
GDJE5TGX6SFM5RJILUQNBKJMTXCVB7LVJZOGGI3ENU7S5MLHYD3V547N	7	1	31	GDH7ORX4EFMGLIJMYPBKCZNTRDFCKMBLAPEREW4TW3LFQM5YTDZNMSQ4	1	USD	GDH7ORX4EFMGLIJMYPBKCZNTRDFCKMBLAPEREW4TW3LFQM5YTDZNMSQ4	40	1	1	10000000	0
GDJE5TGX6SFM5RJILUQNBKJMTXCVB7LVJZOGGI3ENU7S5MLHYD3V547N	8	1	32	GDH7ORX4EFMGLIJMYPBKCZNTRDFCKMBLAPEREW4TW3LFQM5YTDZNMSQ4	1	31	GDH7ORX4EFMGLIJMYPBKCZNTRDFCKMBLAPEREW4TW3LFQM5YTDZNMSQ4	40	1	1	10000000	0
GDJE5TGX6SFM5RJILUQNBKJMTXCVB7LVJZOGGI3ENU7S5MLHYD3V547N	9	1	33	GDH7ORX4EFMGLIJMYPBKCZNTRDFCKMBLAPEREW4TW3LFQM5YTDZNMSQ4	1	32	GDH7ORX4EFMGLIJMYPBKCZNTRDFCKMBLAPEREW4TW3LFQM5YTDZNMSQ4	40	1	1	10000000	0
GDJE5TGX6SFM5RJILUQNBKJMTXCVB7LVJZOGGI3ENU7S5MLHYD3V547N	10	1	EUR	GDH7ORX4EFMGLIJMYPBKCZNTRDFCKMBLAPEREW4TW3LFQM5YTDZNMSQ4	1	33	GDH7ORX4EFMGLIJMYPBKCZNTRDFCKMBLAPEREW4TW3LFQM5YTDZNMSQ4	40	1	1	10000000	0
\.


--
-- Data for Name: peers; Type: TABLE DATA; Schema: public; Owner: -
--

COPY peers (ip, port, nextattempt, numfailures, rank) FROM stdin;
\.


--
-- Data for Name: signers; Type: TABLE DATA; Schema: public; Owner: -
--

COPY signers (accountid, publickey, weight) FROM stdin;
\.


--
-- Data for Name: storestate; Type: TABLE DATA; Schema: public; Owner: -
--

COPY storestate (statename, state) FROM stdin;
databaseinitialized             	true
forcescponnextlaunch            	false
lastclosedledger                	e13b8ed9cdfb60fe23c6747b533c21a9fc74bffebd7bd70657e5540218ca25c2
historyarchivestate             	{\n    "version": 1,\n    "server": "72b501f-dirty",\n    "currentLedger": 5,\n    "currentBuckets": [\n        {\n            "curr": "5e9b86002ec503b2464489a12883d64d6e3e1052b5d038c4c6de3588bba89ec9",\n            "next": {\n                "state": 0\n            },\n            "snap": "4d187bf7dc51a67a0b46f1177593b72a2e096c65cc8e1faf2fb3bb17d034be13"\n        },\n        {\n            "curr": "88af31f4c51afe5ea75861642359376feb623de5bec4354fa56ab752aeec8f36",\n            "next": {\n                "state": 1,\n                "output": "4d187bf7dc51a67a0b46f1177593b72a2e096c65cc8e1faf2fb3bb17d034be13"\n            },\n            "snap": "0000000000000000000000000000000000000000000000000000000000000000"\n        },\n        {\n            "curr": "0000000000000000000000000000000000000000000000000000000000000000",\n            "next": {\n                "state": 0\n            },\n            "snap": "0000000000000000000000000000000000000000000000000000000000000000"\n        },\n        {\n            "curr": "0000000000000000000000000000000000000000000000000000000000000000",\n            "next": {\n                "state": 0\n            },\n            "snap": "0000000000000000000000000000000000000000000000000000000000000000"\n        },\n        {\n            "curr": "0000000000000000000000000000000000000000000000000000000000000000",\n            "next": {\n                "state": 0\n            },\n            "snap": "0000000000000000000000000000000000000000000000000000000000000000"\n        },\n        {\n            "curr": "0000000000000000000000000000000000000000000000000000000000000000",\n            "next": {\n                "state": 0\n            },\n            "snap": "0000000000000000000000000000000000000000000000000000000000000000"\n        },\n        {\n            "curr": "0000000000000000000000000000000000000000000000000000000000000000",\n            "next": {\n                "state": 0\n            },\n            "snap": "0000000000000000000000000000000000000000000000000000000000000000"\n        },\n        {\n            "curr": "0000000000000000000000000000000000000000000000000000000000000000",\n            "next": {\n                "state": 0\n            },\n            "snap": "0000000000000000000000000000000000000000000000000000000000000000"\n        },\n        {\n            "curr": "0000000000000000000000000000000000000000000000000000000000000000",\n            "next": {\n                "state": 0\n            },\n            "snap": "0000000000000000000000000000000000000000000000000000000000000000"\n        },\n        {\n            "curr": "0000000000000000000000000000000000000000000000000000000000000000",\n            "next": {\n                "state": 0\n            },\n            "snap": "0000000000000000000000000000000000000000000000000000000000000000"\n        },\n        {\n            "curr": "0000000000000000000000000000000000000000000000000000000000000000",\n            "next": {\n                "state": 0\n            },\n            "snap": "0000000000000000000000000000000000000000000000000000000000000000"\n        }\n    ]\n}
\.


--
-- Data for Name: trustlines; Type: TABLE DATA; Schema: public; Owner: -
--

COPY trustlines (accountid, assettype, issuer, assetcode, tlimit, balance, flags) FROM stdin;
GDJE5TGX6SFM5RJILUQNBKJMTXCVB7LVJZOGGI3ENU7S5MLHYD3V547N	1	GDH7ORX4EFMGLIJMYPBKCZNTRDFCKMBLAPEREW4TW3LFQM5YTDZNMSQ4	USD	9223372036854775807	0	1
GDN3IKKPCCOZP64RA2ZN5JWUXIKVIMKJPOTD3ID7SJCYDDHQLHBXMIQP	1	GDH7ORX4EFMGLIJMYPBKCZNTRDFCKMBLAPEREW4TW3LFQM5YTDZNMSQ4	EUR	9223372036854775807	0	1
GBGX3YA7WQX3ONL5RJUWKNOCV6MV65PUHOWN5I2J4VS5MQIHSCS7K7VK	1	GDH7ORX4EFMGLIJMYPBKCZNTRDFCKMBLAPEREW4TW3LFQM5YTDZNMSQ4	USD	9223372036854775807	5000	1
GDJE5TGX6SFM5RJILUQNBKJMTXCVB7LVJZOGGI3ENU7S5MLHYD3V547N	1	GDH7ORX4EFMGLIJMYPBKCZNTRDFCKMBLAPEREW4TW3LFQM5YTDZNMSQ4	EUR	9223372036854775807	5000	1
GDJE5TGX6SFM5RJILUQNBKJMTXCVB7LVJZOGGI3ENU7S5MLHYD3V547N	1	GDH7ORX4EFMGLIJMYPBKCZNTRDFCKMBLAPEREW4TW3LFQM5YTDZNMSQ4	1	9223372036854775807	5000	1
GDJE5TGX6SFM5RJILUQNBKJMTXCVB7LVJZOGGI3ENU7S5MLHYD3V547N	1	GDH7ORX4EFMGLIJMYPBKCZNTRDFCKMBLAPEREW4TW3LFQM5YTDZNMSQ4	21	9223372036854775807	5000	1
GDJE5TGX6SFM5RJILUQNBKJMTXCVB7LVJZOGGI3ENU7S5MLHYD3V547N	1	GDH7ORX4EFMGLIJMYPBKCZNTRDFCKMBLAPEREW4TW3LFQM5YTDZNMSQ4	22	9223372036854775807	5000	1
GDJE5TGX6SFM5RJILUQNBKJMTXCVB7LVJZOGGI3ENU7S5MLHYD3V547N	1	GDH7ORX4EFMGLIJMYPBKCZNTRDFCKMBLAPEREW4TW3LFQM5YTDZNMSQ4	31	9223372036854775807	5000	1
GDJE5TGX6SFM5RJILUQNBKJMTXCVB7LVJZOGGI3ENU7S5MLHYD3V547N	1	GDH7ORX4EFMGLIJMYPBKCZNTRDFCKMBLAPEREW4TW3LFQM5YTDZNMSQ4	32	9223372036854775807	5000	1
GDJE5TGX6SFM5RJILUQNBKJMTXCVB7LVJZOGGI3ENU7S5MLHYD3V547N	1	GDH7ORX4EFMGLIJMYPBKCZNTRDFCKMBLAPEREW4TW3LFQM5YTDZNMSQ4	33	9223372036854775807	5000	1
\.


--
-- Data for Name: txhistory; Type: TABLE DATA; Schema: public; Owner: -
--

COPY txhistory (txid, ledgerseq, txindex, txbody, txresult, txmeta) FROM stdin;
5fc12731a3874fdbc6505eebcdf5a2a22cdd50df7d0d14479a38dac6638cb820	2	1	AAAAAImbKEDtVjbFbdxfFLI5dfefG6I4jSaU5MVuzd3JYOXvAAAACgAAAAAAAAABAAAAAAAAAAAAAAABAAAAAAAAAAAAAAAAz/dG/CFYZaEsw8KhZbOIyiUwKwPJEluTttZYM7iY8tYAAAACVAvkAAAAAAAAAAAByWDl7wAAAECuFxgt9zNfFNIIxV0YlynMVRUSaiz5plFJIPpQNKxj/gWSM8ASMMcb0DBDhXyACa3sgy1zAyc29+drf9H2OE4G	X8EnMaOHT9vGUF7rzfWioizdUN99DRRHmjjaxmOMuCAAAAAAAAAACgAAAAAAAAABAAAAAAAAAAAAAAAAAAAAAA==	AAAAAAAAAAEAAAABAAAAAAAAAACJmyhA7VY2xW3cXxSyOXX3nxuiOI0mlOTFbs3dyWDl7wFjRXhdif/2AAAAAAAAAAEAAAAAAAAAAAAAAAAAAAAAAQAAAAAAAAAAAAAAAAAAAQAAAAIAAAAAAAAAAAAAAADP90b8IVhloSzDwqFls4jKJTArA8kSW5O21lgzuJjy1gAAAAJUC+QAAAAAAgAAAAAAAAAAAAAAAAAAAAAAAAAAAQAAAAAAAAAAAAAAAAAAAQAAAAAAAAAAiZsoQO1WNsVt3F8Usjl1958bojiNJpTkxW7N3clg5e8BY0V2CX4b9gAAAAAAAAABAAAAAAAAAAAAAAAAAAAAAAEAAAAAAAAAAAAAAA==
e56a42242cd992d4060629eb5fbd375754a80e41eb7ecc72ec6be2b1315955d1	2	2	AAAAAImbKEDtVjbFbdxfFLI5dfefG6I4jSaU5MVuzd3JYOXvAAAACgAAAAAAAAACAAAAAAAAAAAAAAABAAAAAAAAAAAAAAAATX3gH7QvtzV9imllNcKvmV919Dus3qNJ5WXWQQeQpfUAAAACVAvkAAAAAAAAAAAByWDl7wAAAEDPIi3cNg7Et/jbVHXo49M5yIplikz5xTmEpfGMdxp2/spX3vh9Jai0LwEIDn6r4Ry9RNVbxOXRXp/+7RP3yPoG	5WpCJCzZktQGBinrX703V1SoDkHrfsxy7GvisTFZVdEAAAAAAAAACgAAAAAAAAABAAAAAAAAAAAAAAAAAAAAAA==	AAAAAAAAAAEAAAABAAAAAAAAAACJmyhA7VY2xW3cXxSyOXX3nxuiOI0mlOTFbs3dyWDl7wFjRXYJfhvsAAAAAAAAAAIAAAAAAAAAAAAAAAAAAAAAAQAAAAAAAAAAAAAAAAAAAQAAAAIAAAAAAAAAAAAAAABNfeAftC+3NX2KaWU1wq+ZX3X0O6zeo0nlZdZBB5Cl9QAAAAJUC+QAAAAAAgAAAAAAAAAAAAAAAAAAAAAAAAAAAQAAAAAAAAAAAAAAAAAAAQAAAAAAAAAAiZsoQO1WNsVt3F8Usjl1958bojiNJpTkxW7N3clg5e8BY0VztXI37AAAAAAAAAACAAAAAAAAAAAAAAAAAAAAAAEAAAAAAAAAAAAAAA==
280b8cbf52a1b97b0ee8de8292de84cc0999ed39e682486c359a982e77271ec3	2	3	AAAAAImbKEDtVjbFbdxfFLI5dfefG6I4jSaU5MVuzd3JYOXvAAAACgAAAAAAAAADAAAAAAAAAAAAAAABAAAAAAAAAAAAAAAA27QpTxCdl/uRBrLeptS6FVQxSXumPaB/kkWBjPBZw3YAAAACVAvkAAAAAAAAAAAByWDl7wAAAEDkSjfop6MkSF/FccLnUtJ2O6R9r67+S3n3DAy88TZNrJ6dNMUTPihj/NCA20sPU5S8u8UXIIiI7bxOF8dd99IE	KAuMv1KhuXsO6N6Ckt6EzAmZ7TnmgkhsNZqYLncnHsMAAAAAAAAACgAAAAAAAAABAAAAAAAAAAAAAAAAAAAAAA==	AAAAAAAAAAEAAAABAAAAAAAAAACJmyhA7VY2xW3cXxSyOXX3nxuiOI0mlOTFbs3dyWDl7wFjRXO1cjfiAAAAAAAAAAMAAAAAAAAAAAAAAAAAAAAAAQAAAAAAAAAAAAAAAAAAAQAAAAIAAAAAAAAAAAAAAADbtClPEJ2X+5EGst6m1LoVVDFJe6Y9oH+SRYGM8FnDdgAAAAJUC+QAAAAAAgAAAAAAAAAAAAAAAAAAAAAAAAAAAQAAAAAAAAAAAAAAAAAAAQAAAAAAAAAAiZsoQO1WNsVt3F8Usjl1958bojiNJpTkxW7N3clg5e8BY0VxYWZT4gAAAAAAAAADAAAAAAAAAAAAAAAAAAAAAAEAAAAAAAAAAAAAAA==
f2dbb3e4a00077874e055da5cfd0674d7044d8826ff1a7e2a1a1e01893f5d66c	2	4	AAAAAImbKEDtVjbFbdxfFLI5dfefG6I4jSaU5MVuzd3JYOXvAAAACgAAAAAAAAAEAAAAAAAAAAAAAAABAAAAAAAAAAAAAAAA0k7M1/SKzsUoXSDQqSydxVD9dU5cYyNkbT8usWfA914AAAACVAvkAAAAAAAAAAAByWDl7wAAAEBN5J1VKwRpWRsEjOY9GIhLei/PPE559j3XmRG9BotFKo/CDfY/wzYSaESKP3zx1NNwqkIscBklV7Ke4cZtw8gD	8tuz5KAAd4dOBV2lz9BnTXBE2IJv8afioaHgGJP11mwAAAAAAAAACgAAAAAAAAABAAAAAAAAAAAAAAAAAAAAAA==	AAAAAAAAAAEAAAABAAAAAAAAAACJmyhA7VY2xW3cXxSyOXX3nxuiOI0mlOTFbs3dyWDl7wFjRXFhZlPYAAAAAAAAAAQAAAAAAAAAAAAAAAAAAAAAAQAAAAAAAAAAAAAAAAAAAQAAAAIAAAAAAAAAAAAAAADSTszX9IrOxShdINCpLJ3FUP11TlxjI2RtPy6xZ8D3XgAAAAJUC+QAAAAAAgAAAAAAAAAAAAAAAAAAAAAAAAAAAQAAAAAAAAAAAAAAAAAAAQAAAAAAAAAAiZsoQO1WNsVt3F8Usjl1958bojiNJpTkxW7N3clg5e8BY0VvDVpv2AAAAAAAAAAEAAAAAAAAAAAAAAAAAAAAAAEAAAAAAAAAAAAAAA==
9544803733234422b75fee16b9508ba74556ccff460876a196054d12064cde5d	3	1	AAAAANJOzNf0is7FKF0g0KksncVQ/XVOXGMjZG0/LrFnwPdeAAAACgAAAAIAAAABAAAAAAAAAAAAAAABAAAAAAAAAAYAAAABVVNEAAAAAADP90b8IVhloSzDwqFls4jKJTArA8kSW5O21lgzuJjy1n//////////AAAAAAAAAAFnwPdeAAAAQLzYIe9iTbL62YqRnHj9szARIaec8Gu/JGVOn/C2Y60qpyhRD5AgLmgGKmAGGEk/RMq1D68Jgy/7jbzBgwdejQU=	lUSANzMjRCK3X+4WuVCLp0VWzP9GCHahlgVNEgZM3l0AAAAAAAAACgAAAAAAAAABAAAAAAAAAAYAAAAAAAAAAA==	AAAAAAAAAAEAAAABAAAAAAAAAADSTszX9IrOxShdINCpLJ3FUP11TlxjI2RtPy6xZ8D3XgAAAAJUC+P2AAAAAgAAAAEAAAAAAAAAAAAAAAAAAAAAAQAAAAAAAAAAAAAAAAAAAQAAAAIAAAAAAAAAAQAAAADSTszX9IrOxShdINCpLJ3FUP11TlxjI2RtPy6xZ8D3XgAAAAFVU0QAAAAAAM/3RvwhWGWhLMPCoWWziMolMCsDyRJbk7bWWDO4mPLWAAAAAAAAAAB//////////wAAAAEAAAAAAAAAAQAAAAAAAAAA0k7M1/SKzsUoXSDQqSydxVD9dU5cYyNkbT8usWfA914AAAACVAvj9gAAAAIAAAABAAAAAQAAAAAAAAAAAAAAAAEAAAAAAAAAAAAAAA==
a03f28bb4dd80a75d149b2cee913b20eef6bb6b833cfe41befdc90a715d28f4a	3	2	AAAAANu0KU8QnZf7kQay3qbUuhVUMUl7pj2gf5JFgYzwWcN2AAAACgAAAAIAAAABAAAAAAAAAAAAAAABAAAAAAAAAAYAAAABRVVSAAAAAADP90b8IVhloSzDwqFls4jKJTArA8kSW5O21lgzuJjy1n//////////AAAAAAAAAAHwWcN2AAAAQJBd5LpYZCLInOLM684hnh0uUhkI6Rix4Thz/mLC5tppspJp77LZ3nBWFT2Mk13bRltsq0x/RJTyW/o1KBmgjwc=	oD8ou03YCnXRSbLO6ROyDu9rtrgzz+Qb79yQpxXSj0oAAAAAAAAACgAAAAAAAAABAAAAAAAAAAYAAAAAAAAAAA==	AAAAAAAAAAEAAAABAAAAAAAAAADbtClPEJ2X+5EGst6m1LoVVDFJe6Y9oH+SRYGM8FnDdgAAAAJUC+P2AAAAAgAAAAEAAAAAAAAAAAAAAAAAAAAAAQAAAAAAAAAAAAAAAAAAAQAAAAIAAAAAAAAAAQAAAADbtClPEJ2X+5EGst6m1LoVVDFJe6Y9oH+SRYGM8FnDdgAAAAFFVVIAAAAAAM/3RvwhWGWhLMPCoWWziMolMCsDyRJbk7bWWDO4mPLWAAAAAAAAAAB//////////wAAAAEAAAAAAAAAAQAAAAAAAAAA27QpTxCdl/uRBrLeptS6FVQxSXumPaB/kkWBjPBZw3YAAAACVAvj9gAAAAIAAAABAAAAAQAAAAAAAAAAAAAAAAEAAAAAAAAAAAAAAA==
9970167f3b3a971b293a302bb5e123a46a03212af84f365e4648ebcd0fa3e7c9	3	3	AAAAAE194B+0L7c1fYppZTXCr5lfdfQ7rN6jSeVl1kEHkKX1AAAACgAAAAIAAAABAAAAAAAAAAAAAAABAAAAAAAAAAYAAAABVVNEAAAAAADP90b8IVhloSzDwqFls4jKJTArA8kSW5O21lgzuJjy1n//////////AAAAAAAAAAEHkKX1AAAAQE7xpclCw989cY8VUPp9nsiQJMIWkYy2gdA5NtbeD75wbQXnR3WEBfmWfvt9p4Et50b3l2mR0K+2JfX765Uctws=	mXAWfzs6lxspOjArteEjpGoDISr4TzZeRkjrzQ+j58kAAAAAAAAACgAAAAAAAAABAAAAAAAAAAYAAAAAAAAAAA==	AAAAAAAAAAEAAAABAAAAAAAAAABNfeAftC+3NX2KaWU1wq+ZX3X0O6zeo0nlZdZBB5Cl9QAAAAJUC+P2AAAAAgAAAAEAAAAAAAAAAAAAAAAAAAAAAQAAAAAAAAAAAAAAAAAAAQAAAAIAAAAAAAAAAQAAAABNfeAftC+3NX2KaWU1wq+ZX3X0O6zeo0nlZdZBB5Cl9QAAAAFVU0QAAAAAAM/3RvwhWGWhLMPCoWWziMolMCsDyRJbk7bWWDO4mPLWAAAAAAAAAAB//////////wAAAAEAAAAAAAAAAQAAAAAAAAAATX3gH7QvtzV9imllNcKvmV919Dus3qNJ5WXWQQeQpfUAAAACVAvj9gAAAAIAAAABAAAAAQAAAAAAAAAAAAAAAAEAAAAAAAAAAAAAAA==
f4a159d76ea0002a720dc81a9bda22779856e12528e01676c5dee1c9d47c5132	3	4	AAAAANJOzNf0is7FKF0g0KksncVQ/XVOXGMjZG0/LrFnwPdeAAAACgAAAAIAAAACAAAAAAAAAAAAAAABAAAAAAAAAAYAAAABRVVSAAAAAADP90b8IVhloSzDwqFls4jKJTArA8kSW5O21lgzuJjy1n//////////AAAAAAAAAAFnwPdeAAAAQDs5mzH2dJGMFkMe7oss7N9vObe5bi1Vi1jflDyl02i6aGzs/+GKMQfYIVqFJp6wEV+87fI6ezgjpulPWgo6ZAA=	9KFZ126gACpyDcgam9oid5hW4SUo4BZ2xd7hydR8UTIAAAAAAAAACgAAAAAAAAABAAAAAAAAAAYAAAAAAAAAAA==	AAAAAAAAAAEAAAABAAAAAAAAAADSTszX9IrOxShdINCpLJ3FUP11TlxjI2RtPy6xZ8D3XgAAAAJUC+PsAAAAAgAAAAIAAAABAAAAAAAAAAAAAAAAAQAAAAAAAAAAAAAAAAAAAQAAAAIAAAAAAAAAAQAAAADSTszX9IrOxShdINCpLJ3FUP11TlxjI2RtPy6xZ8D3XgAAAAFFVVIAAAAAAM/3RvwhWGWhLMPCoWWziMolMCsDyRJbk7bWWDO4mPLWAAAAAAAAAAB//////////wAAAAEAAAAAAAAAAQAAAAAAAAAA0k7M1/SKzsUoXSDQqSydxVD9dU5cYyNkbT8usWfA914AAAACVAvj7AAAAAIAAAACAAAAAgAAAAAAAAAAAAAAAAEAAAAAAAAAAAAAAA==
cb26197e94a26992b7577235160a1e1c9139a3a633f4b76c3ead62a16b86b2dc	3	5	AAAAANJOzNf0is7FKF0g0KksncVQ/XVOXGMjZG0/LrFnwPdeAAAACgAAAAIAAAADAAAAAAAAAAAAAAABAAAAAAAAAAYAAAABMQAAAAAAAADP90b8IVhloSzDwqFls4jKJTArA8kSW5O21lgzuJjy1n//////////AAAAAAAAAAFnwPdeAAAAQKJrydElx2Yo3rg+XtMITjpTqXStdj7ZWkE9IxtgTB7ZiK/KEoT7Q3xSJ5hVZq3sJaEVtWnAFf56e48pQkh5vQs=	yyYZfpSiaZK3V3I1FgoeHJE5o6Yz9LdsPq1ioWuGstwAAAAAAAAACgAAAAAAAAABAAAAAAAAAAYAAAAAAAAAAA==	AAAAAAAAAAEAAAABAAAAAAAAAADSTszX9IrOxShdINCpLJ3FUP11TlxjI2RtPy6xZ8D3XgAAAAJUC+PiAAAAAgAAAAMAAAACAAAAAAAAAAAAAAAAAQAAAAAAAAAAAAAAAAAAAQAAAAIAAAAAAAAAAQAAAADSTszX9IrOxShdINCpLJ3FUP11TlxjI2RtPy6xZ8D3XgAAAAExAAAAAAAAAM/3RvwhWGWhLMPCoWWziMolMCsDyRJbk7bWWDO4mPLWAAAAAAAAAAB//////////wAAAAEAAAAAAAAAAQAAAAAAAAAA0k7M1/SKzsUoXSDQqSydxVD9dU5cYyNkbT8usWfA914AAAACVAvj4gAAAAIAAAADAAAAAwAAAAAAAAAAAAAAAAEAAAAAAAAAAAAAAA==
26aa4091f71718851902f4c22ff1c8d75be92e69757f5ae4816dae0eae5c93e5	3	6	AAAAANJOzNf0is7FKF0g0KksncVQ/XVOXGMjZG0/LrFnwPdeAAAACgAAAAIAAAAEAAAAAAAAAAAAAAABAAAAAAAAAAYAAAABMjEAAAAAAADP90b8IVhloSzDwqFls4jKJTArA8kSW5O21lgzuJjy1n//////////AAAAAAAAAAFnwPdeAAAAQOgHLoz3ZxPX5wnU8FibPThsSPRAmhMy14fuYXbnEvabQgq01TPJ8U/ZB+Stb4MCqThwS35bfoIpuvrrdVVHkgE=	JqpAkfcXGIUZAvTCL/HI11vpLml1f1rkgW2uDq5ck+UAAAAAAAAACgAAAAAAAAABAAAAAAAAAAYAAAAAAAAAAA==	AAAAAAAAAAEAAAABAAAAAAAAAADSTszX9IrOxShdINCpLJ3FUP11TlxjI2RtPy6xZ8D3XgAAAAJUC+PYAAAAAgAAAAQAAAADAAAAAAAAAAAAAAAAAQAAAAAAAAAAAAAAAAAAAQAAAAIAAAAAAAAAAQAAAADSTszX9IrOxShdINCpLJ3FUP11TlxjI2RtPy6xZ8D3XgAAAAEyMQAAAAAAAM/3RvwhWGWhLMPCoWWziMolMCsDyRJbk7bWWDO4mPLWAAAAAAAAAAB//////////wAAAAEAAAAAAAAAAQAAAAAAAAAA0k7M1/SKzsUoXSDQqSydxVD9dU5cYyNkbT8usWfA914AAAACVAvj2AAAAAIAAAAEAAAABAAAAAAAAAAAAAAAAAEAAAAAAAAAAAAAAA==
6567cb96772fab0f72463e4ce673a5799bb88a5f1339bc8fe054a3fecd192597	3	7	AAAAANJOzNf0is7FKF0g0KksncVQ/XVOXGMjZG0/LrFnwPdeAAAACgAAAAIAAAAFAAAAAAAAAAAAAAABAAAAAAAAAAYAAAABMjIAAAAAAADP90b8IVhloSzDwqFls4jKJTArA8kSW5O21lgzuJjy1n//////////AAAAAAAAAAFnwPdeAAAAQLm2v5/5zkEkbC/KqM3v0NzR76eFHCBLFBxQTLrslNKsnLEYJzbQN4xh2ihFjT7JF+BKBeMr2l/+AsQ4uI1nUAI=	ZWfLlncvqw9yRj5M5nOleZu4il8TObyP4FSj/s0ZJZcAAAAAAAAACgAAAAAAAAABAAAAAAAAAAYAAAAAAAAAAA==	AAAAAAAAAAEAAAABAAAAAAAAAADSTszX9IrOxShdINCpLJ3FUP11TlxjI2RtPy6xZ8D3XgAAAAJUC+POAAAAAgAAAAUAAAAEAAAAAAAAAAAAAAAAAQAAAAAAAAAAAAAAAAAAAQAAAAIAAAAAAAAAAQAAAADSTszX9IrOxShdINCpLJ3FUP11TlxjI2RtPy6xZ8D3XgAAAAEyMgAAAAAAAM/3RvwhWGWhLMPCoWWziMolMCsDyRJbk7bWWDO4mPLWAAAAAAAAAAB//////////wAAAAEAAAAAAAAAAQAAAAAAAAAA0k7M1/SKzsUoXSDQqSydxVD9dU5cYyNkbT8usWfA914AAAACVAvjzgAAAAIAAAAFAAAABQAAAAAAAAAAAAAAAAEAAAAAAAAAAAAAAA==
e30e3a06c5de5036d4250260d49b09b047b66694541155880f35fbe5870a5809	3	8	AAAAANJOzNf0is7FKF0g0KksncVQ/XVOXGMjZG0/LrFnwPdeAAAACgAAAAIAAAAGAAAAAAAAAAAAAAABAAAAAAAAAAYAAAABMzEAAAAAAADP90b8IVhloSzDwqFls4jKJTArA8kSW5O21lgzuJjy1n//////////AAAAAAAAAAFnwPdeAAAAQE14DBqh73BNZm63sevdTt43Oj0jjSZYX3vxXb97YDDzoWEuFTIIV6T7WD7Pu7xCoUfmMAY46uskS8YWsdP9pQc=	4w46BsXeUDbUJQJg1JsJsEe2ZpRUEVWIDzX75YcKWAkAAAAAAAAACgAAAAAAAAABAAAAAAAAAAYAAAAAAAAAAA==	AAAAAAAAAAEAAAABAAAAAAAAAADSTszX9IrOxShdINCpLJ3FUP11TlxjI2RtPy6xZ8D3XgAAAAJUC+PEAAAAAgAAAAYAAAAFAAAAAAAAAAAAAAAAAQAAAAAAAAAAAAAAAAAAAQAAAAIAAAAAAAAAAQAAAADSTszX9IrOxShdINCpLJ3FUP11TlxjI2RtPy6xZ8D3XgAAAAEzMQAAAAAAAM/3RvwhWGWhLMPCoWWziMolMCsDyRJbk7bWWDO4mPLWAAAAAAAAAAB//////////wAAAAEAAAAAAAAAAQAAAAAAAAAA0k7M1/SKzsUoXSDQqSydxVD9dU5cYyNkbT8usWfA914AAAACVAvjxAAAAAIAAAAGAAAABgAAAAAAAAAAAAAAAAEAAAAAAAAAAAAAAA==
efe1fe93070c429bcf36304d83402abaf762e4c761329075ddf5fc6a08c19b88	3	9	AAAAANJOzNf0is7FKF0g0KksncVQ/XVOXGMjZG0/LrFnwPdeAAAACgAAAAIAAAAHAAAAAAAAAAAAAAABAAAAAAAAAAYAAAABMzIAAAAAAADP90b8IVhloSzDwqFls4jKJTArA8kSW5O21lgzuJjy1n//////////AAAAAAAAAAFnwPdeAAAAQIlgnlYd52dxSl1fJwr4oo8If02EEFXWLVRJqho/A5QXksS5n9k1SWUDPccb2b4eOZE4VUlEfB89DSXPNQpb+Q4=	7+H+kwcMQpvPNjBNg0Aquvdi5MdhMpB13fX8agjBm4gAAAAAAAAACgAAAAAAAAABAAAAAAAAAAYAAAAAAAAAAA==	AAAAAAAAAAEAAAABAAAAAAAAAADSTszX9IrOxShdINCpLJ3FUP11TlxjI2RtPy6xZ8D3XgAAAAJUC+O6AAAAAgAAAAcAAAAGAAAAAAAAAAAAAAAAAQAAAAAAAAAAAAAAAAAAAQAAAAIAAAAAAAAAAQAAAADSTszX9IrOxShdINCpLJ3FUP11TlxjI2RtPy6xZ8D3XgAAAAEzMgAAAAAAAM/3RvwhWGWhLMPCoWWziMolMCsDyRJbk7bWWDO4mPLWAAAAAAAAAAB//////////wAAAAEAAAAAAAAAAQAAAAAAAAAA0k7M1/SKzsUoXSDQqSydxVD9dU5cYyNkbT8usWfA914AAAACVAvjugAAAAIAAAAHAAAABwAAAAAAAAAAAAAAAAEAAAAAAAAAAAAAAA==
770e9913d05af9caed8377225306a4e460825e03c755b2211644e36ae2628088	3	10	AAAAANJOzNf0is7FKF0g0KksncVQ/XVOXGMjZG0/LrFnwPdeAAAACgAAAAIAAAAIAAAAAAAAAAAAAAABAAAAAAAAAAYAAAABMzMAAAAAAADP90b8IVhloSzDwqFls4jKJTArA8kSW5O21lgzuJjy1n//////////AAAAAAAAAAFnwPdeAAAAQK+ISnIIXZt7IWMpej3ebvylWp5jmTgvhHBSSnzpTOovH0RNQ5eug2PkdFaaDRzoim9wAdcOrYL9hOwLwa7jpgU=	dw6ZE9Ba+crtg3ciUwak5GCCXgPHVbIhFkTjauJigIgAAAAAAAAACgAAAAAAAAABAAAAAAAAAAYAAAAAAAAAAA==	AAAAAAAAAAEAAAABAAAAAAAAAADSTszX9IrOxShdINCpLJ3FUP11TlxjI2RtPy6xZ8D3XgAAAAJUC+OwAAAAAgAAAAgAAAAHAAAAAAAAAAAAAAAAAQAAAAAAAAAAAAAAAAAAAQAAAAIAAAAAAAAAAQAAAADSTszX9IrOxShdINCpLJ3FUP11TlxjI2RtPy6xZ8D3XgAAAAEzMwAAAAAAAM/3RvwhWGWhLMPCoWWziMolMCsDyRJbk7bWWDO4mPLWAAAAAAAAAAB//////////wAAAAEAAAAAAAAAAQAAAAAAAAAA0k7M1/SKzsUoXSDQqSydxVD9dU5cYyNkbT8usWfA914AAAACVAvjsAAAAAIAAAAIAAAACAAAAAAAAAAAAAAAAAEAAAAAAAAAAAAAAA==
d3af4af75f37bcd5ab9c03d8d37f9f6dd75e29023197546185a885bde7f08f7f	4	1	AAAAAM/3RvwhWGWhLMPCoWWziMolMCsDyRJbk7bWWDO4mPLWAAAACgAAAAIAAAABAAAAAAAAAAAAAAABAAAAAAAAAAEAAAAATX3gH7QvtzV9imllNcKvmV919Dus3qNJ5WXWQQeQpfUAAAABVVNEAAAAAADP90b8IVhloSzDwqFls4jKJTArA8kSW5O21lgzuJjy1gAAAAAAABOIAAAAAAAAAAG4mPLWAAAAQCp7TC+2yfAFzMUlJJ03G6J0BqlOoTjm8pBAcNI18MfrAKGeA4Y8DQVZ1SoF66vGiQxiMZSeNRi6xoVQIT5LfAQ=	069K9183vNWrnAPY03+fbddeKQIxl1RhhaiFvefwj38AAAAAAAAACgAAAAAAAAABAAAAAAAAAAEAAAAAAAAAAA==	AAAAAAAAAAEAAAABAAAAAAAAAADP90b8IVhloSzDwqFls4jKJTArA8kSW5O21lgzuJjy1gAAAAJUC+P2AAAAAgAAAAEAAAAAAAAAAAAAAAAAAAAAAQAAAAAAAAAAAAAAAAAAAQAAAAEAAAABAAAAAQAAAABNfeAftC+3NX2KaWU1wq+ZX3X0O6zeo0nlZdZBB5Cl9QAAAAFVU0QAAAAAAM/3RvwhWGWhLMPCoWWziMolMCsDyRJbk7bWWDO4mPLWAAAAAAAAE4h//////////wAAAAEAAAAA
fe0bfb75412b23ef58364a541e7a4d26e0b00f3be420949ff5061308ab969b81	4	2	AAAAAM/3RvwhWGWhLMPCoWWziMolMCsDyRJbk7bWWDO4mPLWAAAACgAAAAIAAAACAAAAAAAAAAAAAAABAAAAAAAAAAEAAAAA0k7M1/SKzsUoXSDQqSydxVD9dU5cYyNkbT8usWfA914AAAABRVVSAAAAAADP90b8IVhloSzDwqFls4jKJTArA8kSW5O21lgzuJjy1gAAAAAAABOIAAAAAAAAAAG4mPLWAAAAQE94ofmFtspq+X9+pk95rxlGAOT7kV5fXip3Ge2NN2SzJM28ncjohWjEYz7dhk/qSLVeWxZZAWFnv6H/0T043ws=	/gv7dUErI+9YNkpUHnpNJuCwDzvkIJSf9QYTCKuWm4EAAAAAAAAACgAAAAAAAAABAAAAAAAAAAEAAAAAAAAAAA==	AAAAAAAAAAEAAAABAAAAAAAAAADP90b8IVhloSzDwqFls4jKJTArA8kSW5O21lgzuJjy1gAAAAJUC+PsAAAAAgAAAAIAAAAAAAAAAAAAAAAAAAAAAQAAAAAAAAAAAAAAAAAAAQAAAAEAAAABAAAAAQAAAADSTszX9IrOxShdINCpLJ3FUP11TlxjI2RtPy6xZ8D3XgAAAAFFVVIAAAAAAM/3RvwhWGWhLMPCoWWziMolMCsDyRJbk7bWWDO4mPLWAAAAAAAAE4h//////////wAAAAEAAAAA
5874c0cc3f4d572321705faebdaf51e4b331dff3dd3c1702a57269ede9218ab9	4	3	AAAAAM/3RvwhWGWhLMPCoWWziMolMCsDyRJbk7bWWDO4mPLWAAAACgAAAAIAAAADAAAAAAAAAAAAAAABAAAAAAAAAAEAAAAA0k7M1/SKzsUoXSDQqSydxVD9dU5cYyNkbT8usWfA914AAAABMQAAAAAAAADP90b8IVhloSzDwqFls4jKJTArA8kSW5O21lgzuJjy1gAAAAAAABOIAAAAAAAAAAG4mPLWAAAAQKmw3TGVNEIkuvqMX9iY/HmUFUpjdos8No3axvyHrJM70NVbjYFT8ri/AtbD1Fv0fz+xv6/BgiC5qg7pDET/rQU=	WHTAzD9NVyMhcF+uva9R5LMx3/PdPBcCpXJp7ekhirkAAAAAAAAACgAAAAAAAAABAAAAAAAAAAEAAAAAAAAAAA==	AAAAAAAAAAEAAAABAAAAAAAAAADP90b8IVhloSzDwqFls4jKJTArA8kSW5O21lgzuJjy1gAAAAJUC+PiAAAAAgAAAAMAAAAAAAAAAAAAAAAAAAAAAQAAAAAAAAAAAAAAAAAAAQAAAAEAAAABAAAAAQAAAADSTszX9IrOxShdINCpLJ3FUP11TlxjI2RtPy6xZ8D3XgAAAAExAAAAAAAAAM/3RvwhWGWhLMPCoWWziMolMCsDyRJbk7bWWDO4mPLWAAAAAAAAE4h//////////wAAAAEAAAAA
09b7946d8f76a2e155834f7ed3bac8d7e4cd6ac97d1c4dc5e80bc38d000a4ff1	4	4	AAAAAM/3RvwhWGWhLMPCoWWziMolMCsDyRJbk7bWWDO4mPLWAAAACgAAAAIAAAAEAAAAAAAAAAAAAAABAAAAAAAAAAEAAAAA0k7M1/SKzsUoXSDQqSydxVD9dU5cYyNkbT8usWfA914AAAABMjEAAAAAAADP90b8IVhloSzDwqFls4jKJTArA8kSW5O21lgzuJjy1gAAAAAAABOIAAAAAAAAAAG4mPLWAAAAQOqHbsx6z7wO3nxTHzilxZH8b5Vrrjff3QEsH43zfjibuoqbBKYk6USeRS9ZQMG5Hf7oAIT5Va4lLESBHIVVoQs=	CbeUbY92ouFVg09+07rI1+TNasl9HE3F6AvDjQAKT/EAAAAAAAAACgAAAAAAAAABAAAAAAAAAAEAAAAAAAAAAA==	AAAAAAAAAAEAAAABAAAAAAAAAADP90b8IVhloSzDwqFls4jKJTArA8kSW5O21lgzuJjy1gAAAAJUC+PYAAAAAgAAAAQAAAAAAAAAAAAAAAAAAAAAAQAAAAAAAAAAAAAAAAAAAQAAAAEAAAABAAAAAQAAAADSTszX9IrOxShdINCpLJ3FUP11TlxjI2RtPy6xZ8D3XgAAAAEyMQAAAAAAAM/3RvwhWGWhLMPCoWWziMolMCsDyRJbk7bWWDO4mPLWAAAAAAAAE4h//////////wAAAAEAAAAA
a2bc6e58f0df806cbd6a1d34c3a8c7cd9aeae1fdde1ebbd0ebb2c1d8b866f6cf	4	5	AAAAAM/3RvwhWGWhLMPCoWWziMolMCsDyRJbk7bWWDO4mPLWAAAACgAAAAIAAAAFAAAAAAAAAAAAAAABAAAAAAAAAAEAAAAA0k7M1/SKzsUoXSDQqSydxVD9dU5cYyNkbT8usWfA914AAAABMjIAAAAAAADP90b8IVhloSzDwqFls4jKJTArA8kSW5O21lgzuJjy1gAAAAAAABOIAAAAAAAAAAG4mPLWAAAAQOv4FDhpcu7k3oN640dwxNu/KejO5DfAfjtun2EKssSozA2JWDJ6ynPAbyIrLDZLrF4M5F4+nKGj9oLRllO6rws=	orxuWPDfgGy9ah00w6jHzZrq4f3eHrvQ67LB2Lhm9s8AAAAAAAAACgAAAAAAAAABAAAAAAAAAAEAAAAAAAAAAA==	AAAAAAAAAAEAAAABAAAAAAAAAADP90b8IVhloSzDwqFls4jKJTArA8kSW5O21lgzuJjy1gAAAAJUC+POAAAAAgAAAAUAAAAAAAAAAAAAAAAAAAAAAQAAAAAAAAAAAAAAAAAAAQAAAAEAAAABAAAAAQAAAADSTszX9IrOxShdINCpLJ3FUP11TlxjI2RtPy6xZ8D3XgAAAAEyMgAAAAAAAM/3RvwhWGWhLMPCoWWziMolMCsDyRJbk7bWWDO4mPLWAAAAAAAAE4h//////////wAAAAEAAAAA
34cc21153798a664f1175f949a753901924dcf9951af1642dee01d0df259b51b	4	6	AAAAAM/3RvwhWGWhLMPCoWWziMolMCsDyRJbk7bWWDO4mPLWAAAACgAAAAIAAAAGAAAAAAAAAAAAAAABAAAAAAAAAAEAAAAA0k7M1/SKzsUoXSDQqSydxVD9dU5cYyNkbT8usWfA914AAAABMzEAAAAAAADP90b8IVhloSzDwqFls4jKJTArA8kSW5O21lgzuJjy1gAAAAAAABOIAAAAAAAAAAG4mPLWAAAAQFIiKQo83OOYq8YhHSXmTQIXrWrksBn2+KlSSTvYXxCbRMrb/RdxjJPvCcqJW+K8R/jwg69BNexJw6BJ58ta/wM=	NMwhFTeYpmTxF1+UmnU5AZJNz5lRrxZC3uAdDfJZtRsAAAAAAAAACgAAAAAAAAABAAAAAAAAAAEAAAAAAAAAAA==	AAAAAAAAAAEAAAABAAAAAAAAAADP90b8IVhloSzDwqFls4jKJTArA8kSW5O21lgzuJjy1gAAAAJUC+PEAAAAAgAAAAYAAAAAAAAAAAAAAAAAAAAAAQAAAAAAAAAAAAAAAAAAAQAAAAEAAAABAAAAAQAAAADSTszX9IrOxShdINCpLJ3FUP11TlxjI2RtPy6xZ8D3XgAAAAEzMQAAAAAAAM/3RvwhWGWhLMPCoWWziMolMCsDyRJbk7bWWDO4mPLWAAAAAAAAE4h//////////wAAAAEAAAAA
4f7d456b5ffc3e95aa99eb64c9e47302eb932780b29d38d6ec71d9dd60e043c1	4	7	AAAAAM/3RvwhWGWhLMPCoWWziMolMCsDyRJbk7bWWDO4mPLWAAAACgAAAAIAAAAHAAAAAAAAAAAAAAABAAAAAAAAAAEAAAAA0k7M1/SKzsUoXSDQqSydxVD9dU5cYyNkbT8usWfA914AAAABMzIAAAAAAADP90b8IVhloSzDwqFls4jKJTArA8kSW5O21lgzuJjy1gAAAAAAABOIAAAAAAAAAAG4mPLWAAAAQOW//yX/7Qa1IJrPlgKItTP7GnDE8bsn9N09QR64V2NH8wTDK7iRtdsQ4OJSWaW20HU9f3C+kZOpgfyZb7+0KAk=	T31Fa1/8PpWqmetkyeRzAuuTJ4CynTjW7HHZ3WDgQ8EAAAAAAAAACgAAAAAAAAABAAAAAAAAAAEAAAAAAAAAAA==	AAAAAAAAAAEAAAABAAAAAAAAAADP90b8IVhloSzDwqFls4jKJTArA8kSW5O21lgzuJjy1gAAAAJUC+O6AAAAAgAAAAcAAAAAAAAAAAAAAAAAAAAAAQAAAAAAAAAAAAAAAAAAAQAAAAEAAAABAAAAAQAAAADSTszX9IrOxShdINCpLJ3FUP11TlxjI2RtPy6xZ8D3XgAAAAEzMgAAAAAAAM/3RvwhWGWhLMPCoWWziMolMCsDyRJbk7bWWDO4mPLWAAAAAAAAE4h//////////wAAAAEAAAAA
27d0e801ada04be7fd56e316378696945480b893a1a736d7f0e582328ff669c2	4	8	AAAAAM/3RvwhWGWhLMPCoWWziMolMCsDyRJbk7bWWDO4mPLWAAAACgAAAAIAAAAIAAAAAAAAAAAAAAABAAAAAAAAAAEAAAAA0k7M1/SKzsUoXSDQqSydxVD9dU5cYyNkbT8usWfA914AAAABMzMAAAAAAADP90b8IVhloSzDwqFls4jKJTArA8kSW5O21lgzuJjy1gAAAAAAABOIAAAAAAAAAAG4mPLWAAAAQB2cgESQUK4+7wyloe5KwGeyxjD4WfhEEf7sik6iD0QXSanztILGH4ffu5B6TxqQYYthz2Dmt5TZcmaSezP9yQQ=	J9DoAa2gS+f9VuMWN4aWlFSAuJOhpzbX8OWCMo/2acIAAAAAAAAACgAAAAAAAAABAAAAAAAAAAEAAAAAAAAAAA==	AAAAAAAAAAEAAAABAAAAAAAAAADP90b8IVhloSzDwqFls4jKJTArA8kSW5O21lgzuJjy1gAAAAJUC+OwAAAAAgAAAAgAAAAAAAAAAAAAAAAAAAAAAQAAAAAAAAAAAAAAAAAAAQAAAAEAAAABAAAAAQAAAADSTszX9IrOxShdINCpLJ3FUP11TlxjI2RtPy6xZ8D3XgAAAAEzMwAAAAAAAM/3RvwhWGWhLMPCoWWziMolMCsDyRJbk7bWWDO4mPLWAAAAAAAAE4h//////////wAAAAEAAAAA
7f62001ba7c523349a807b0db0478252da164f53c74ee0f90d2df551bb9d00d4	5	1	AAAAANJOzNf0is7FKF0g0KksncVQ/XVOXGMjZG0/LrFnwPdeAAAACgAAAAIAAAAJAAAAAAAAAAAAAAABAAAAAAAAAAMAAAABRVVSAAAAAADP90b8IVhloSzDwqFls4jKJTArA8kSW5O21lgzuJjy1gAAAAFVU0QAAAAAAM/3RvwhWGWhLMPCoWWziMolMCsDyRJbk7bWWDO4mPLWAAAAAAAAAAoAAAABAAAAAQAAAAAAAAAAAAAAAAAAAAFnwPdeAAAAQLJQE/zVqiT4tAfaLO9x8Ia3pncVr30r9j0FufMYl0A9Oiuw9Xa5a1NvkUFoVh3r7f7Jx6dvog9uOEifgAinjAI=	f2IAG6fFIzSagHsNsEeCUtoWT1PHTuD5DS31UbudANQAAAAAAAAACgAAAAAAAAABAAAAAAAAAAMAAAAAAAAAAAAAAAAAAAAA0k7M1/SKzsUoXSDQqSydxVD9dU5cYyNkbT8usWfA914AAAAAAAAAAQAAAAFFVVIAAAAAAM/3RvwhWGWhLMPCoWWziMolMCsDyRJbk7bWWDO4mPLWAAAAAVVTRAAAAAAAz/dG/CFYZaEsw8KhZbOIyiUwKwPJEluTttZYM7iY8tYAAAAAAAAACgAAAAEAAAABAAAAAAAAAAAAAAAA	AAAAAAAAAAEAAAABAAAAAAAAAADSTszX9IrOxShdINCpLJ3FUP11TlxjI2RtPy6xZ8D3XgAAAAJUC+OmAAAAAgAAAAkAAAAIAAAAAAAAAAAAAAAAAQAAAAAAAAAAAAAAAAAAAQAAAAIAAAAAAAAAAgAAAADSTszX9IrOxShdINCpLJ3FUP11TlxjI2RtPy6xZ8D3XgAAAAAAAAABAAAAAUVVUgAAAAAAz/dG/CFYZaEsw8KhZbOIyiUwKwPJEluTttZYM7iY8tYAAAABVVNEAAAAAADP90b8IVhloSzDwqFls4jKJTArA8kSW5O21lgzuJjy1gAAAAAAAAAKAAAAAQAAAAEAAAAAAAAAAAAAAAEAAAAAAAAAANJOzNf0is7FKF0g0KksncVQ/XVOXGMjZG0/LrFnwPdeAAAAAlQL46YAAAACAAAACQAAAAkAAAAAAAAAAAAAAAABAAAAAAAAAAAAAAA=
91a4cac0c5da9ae53a4f6806532012cc38b6d407d31c9c433e9c4eb5bbc7f416	5	2	AAAAANJOzNf0is7FKF0g0KksncVQ/XVOXGMjZG0/LrFnwPdeAAAACgAAAAIAAAAKAAAAAAAAAAAAAAABAAAAAAAAAAMAAAABMQAAAAAAAADP90b8IVhloSzDwqFls4jKJTArA8kSW5O21lgzuJjy1gAAAAFVU0QAAAAAAM/3RvwhWGWhLMPCoWWziMolMCsDyRJbk7bWWDO4mPLWAAAAAAAAABQAAAABAAAAAQAAAAAAAAAAAAAAAAAAAAFnwPdeAAAAQBce5uLoR4T3Utjlf4EYvQkTTMY8gseKUucwUIP6YLgZDPg/Q6VJvsHIHfNP/P73x+25VEeUUg2YA8Cx7b5tlgY=	kaTKwMXamuU6T2gGUyASzDi21AfTHJxDPpxOtbvH9BYAAAAAAAAACgAAAAAAAAABAAAAAAAAAAMAAAAAAAAAAAAAAAAAAAAA0k7M1/SKzsUoXSDQqSydxVD9dU5cYyNkbT8usWfA914AAAAAAAAAAgAAAAExAAAAAAAAAM/3RvwhWGWhLMPCoWWziMolMCsDyRJbk7bWWDO4mPLWAAAAAVVTRAAAAAAAz/dG/CFYZaEsw8KhZbOIyiUwKwPJEluTttZYM7iY8tYAAAAAAAAAFAAAAAEAAAABAAAAAAAAAAAAAAAA	AAAAAAAAAAEAAAABAAAAAAAAAADSTszX9IrOxShdINCpLJ3FUP11TlxjI2RtPy6xZ8D3XgAAAAJUC+OcAAAAAgAAAAoAAAAJAAAAAAAAAAAAAAAAAQAAAAAAAAAAAAAAAAAAAQAAAAIAAAAAAAAAAgAAAADSTszX9IrOxShdINCpLJ3FUP11TlxjI2RtPy6xZ8D3XgAAAAAAAAACAAAAATEAAAAAAAAAz/dG/CFYZaEsw8KhZbOIyiUwKwPJEluTttZYM7iY8tYAAAABVVNEAAAAAADP90b8IVhloSzDwqFls4jKJTArA8kSW5O21lgzuJjy1gAAAAAAAAAUAAAAAQAAAAEAAAAAAAAAAAAAAAEAAAAAAAAAANJOzNf0is7FKF0g0KksncVQ/XVOXGMjZG0/LrFnwPdeAAAAAlQL45wAAAACAAAACgAAAAoAAAAAAAAAAAAAAAABAAAAAAAAAAAAAAA=
1794152bddd5a48ab88aaac17fd864577a0f785d2b86f813a8fbf0ddeb3360ed	5	3	AAAAANJOzNf0is7FKF0g0KksncVQ/XVOXGMjZG0/LrFnwPdeAAAACgAAAAIAAAALAAAAAAAAAAAAAAABAAAAAAAAAAMAAAABRVVSAAAAAADP90b8IVhloSzDwqFls4jKJTArA8kSW5O21lgzuJjy1gAAAAExAAAAAAAAAM/3RvwhWGWhLMPCoWWziMolMCsDyRJbk7bWWDO4mPLWAAAAAAAAABQAAAABAAAAAQAAAAAAAAAAAAAAAAAAAAFnwPdeAAAAQBiM/jl3FVXv4ca3vYyZcsdIlfrqYhSKsLoJA4bE5aDy770IQldPSb5Li4sd66Yjc8aiORe0BwTzjh2FgV2mqgU=	F5QVK93VpIq4iqrBf9hkV3oPeF0rhvgTqPvw3eszYO0AAAAAAAAACgAAAAAAAAABAAAAAAAAAAMAAAAAAAAAAAAAAAAAAAAA0k7M1/SKzsUoXSDQqSydxVD9dU5cYyNkbT8usWfA914AAAAAAAAAAwAAAAFFVVIAAAAAAM/3RvwhWGWhLMPCoWWziMolMCsDyRJbk7bWWDO4mPLWAAAAATEAAAAAAAAAz/dG/CFYZaEsw8KhZbOIyiUwKwPJEluTttZYM7iY8tYAAAAAAAAAFAAAAAEAAAABAAAAAAAAAAAAAAAA	AAAAAAAAAAEAAAABAAAAAAAAAADSTszX9IrOxShdINCpLJ3FUP11TlxjI2RtPy6xZ8D3XgAAAAJUC+OSAAAAAgAAAAsAAAAKAAAAAAAAAAAAAAAAAQAAAAAAAAAAAAAAAAAAAQAAAAIAAAAAAAAAAgAAAADSTszX9IrOxShdINCpLJ3FUP11TlxjI2RtPy6xZ8D3XgAAAAAAAAADAAAAAUVVUgAAAAAAz/dG/CFYZaEsw8KhZbOIyiUwKwPJEluTttZYM7iY8tYAAAABMQAAAAAAAADP90b8IVhloSzDwqFls4jKJTArA8kSW5O21lgzuJjy1gAAAAAAAAAUAAAAAQAAAAEAAAAAAAAAAAAAAAEAAAAAAAAAANJOzNf0is7FKF0g0KksncVQ/XVOXGMjZG0/LrFnwPdeAAAAAlQL45IAAAACAAAACwAAAAsAAAAAAAAAAAAAAAABAAAAAAAAAAAAAAA=
6d872d49c7571f234459df0c0bf9e737fbc4435a3fc4abfd18afa249cec70ac9	5	4	AAAAANJOzNf0is7FKF0g0KksncVQ/XVOXGMjZG0/LrFnwPdeAAAACgAAAAIAAAAMAAAAAAAAAAAAAAABAAAAAAAAAAMAAAABMjEAAAAAAADP90b8IVhloSzDwqFls4jKJTArA8kSW5O21lgzuJjy1gAAAAFVU0QAAAAAAM/3RvwhWGWhLMPCoWWziMolMCsDyRJbk7bWWDO4mPLWAAAAAAAAAB4AAAABAAAAAQAAAAAAAAAAAAAAAAAAAAFnwPdeAAAAQBkBYXYJA35d40RqjISm/1t5/PkAMg1QY3Z+Jeu1QaJSuer0orA8SfANi/IaIulimOYu/qLpOoE8wWtxlbuyrwc=	bYctScdXHyNEWd8MC/nnN/vEQ1o/xKv9GK+iSc7HCskAAAAAAAAACgAAAAAAAAABAAAAAAAAAAMAAAAAAAAAAAAAAAAAAAAA0k7M1/SKzsUoXSDQqSydxVD9dU5cYyNkbT8usWfA914AAAAAAAAABAAAAAEyMQAAAAAAAM/3RvwhWGWhLMPCoWWziMolMCsDyRJbk7bWWDO4mPLWAAAAAVVTRAAAAAAAz/dG/CFYZaEsw8KhZbOIyiUwKwPJEluTttZYM7iY8tYAAAAAAAAAHgAAAAEAAAABAAAAAAAAAAAAAAAA	AAAAAAAAAAEAAAABAAAAAAAAAADSTszX9IrOxShdINCpLJ3FUP11TlxjI2RtPy6xZ8D3XgAAAAJUC+OIAAAAAgAAAAwAAAALAAAAAAAAAAAAAAAAAQAAAAAAAAAAAAAAAAAAAQAAAAIAAAAAAAAAAgAAAADSTszX9IrOxShdINCpLJ3FUP11TlxjI2RtPy6xZ8D3XgAAAAAAAAAEAAAAATIxAAAAAAAAz/dG/CFYZaEsw8KhZbOIyiUwKwPJEluTttZYM7iY8tYAAAABVVNEAAAAAADP90b8IVhloSzDwqFls4jKJTArA8kSW5O21lgzuJjy1gAAAAAAAAAeAAAAAQAAAAEAAAAAAAAAAAAAAAEAAAAAAAAAANJOzNf0is7FKF0g0KksncVQ/XVOXGMjZG0/LrFnwPdeAAAAAlQL44gAAAACAAAADAAAAAwAAAAAAAAAAAAAAAABAAAAAAAAAAAAAAA=
27c8adc85a03bf805047e6194f13c9727e1ad40fa41b9a5f047bb0bf65f19a81	5	5	AAAAANJOzNf0is7FKF0g0KksncVQ/XVOXGMjZG0/LrFnwPdeAAAACgAAAAIAAAANAAAAAAAAAAAAAAABAAAAAAAAAAMAAAABMjIAAAAAAADP90b8IVhloSzDwqFls4jKJTArA8kSW5O21lgzuJjy1gAAAAEyMQAAAAAAAM/3RvwhWGWhLMPCoWWziMolMCsDyRJbk7bWWDO4mPLWAAAAAAAAAB4AAAABAAAAAQAAAAAAAAAAAAAAAAAAAAFnwPdeAAAAQDloGx8XTbkcbVlFcM8hxrB43INY6U830NW+L6gnDhEhdp/Z5k1A5YJL+1emefYEO1x2NwwC0FDPlppH03mVPQ8=	J8ityFoDv4BQR+YZTxPJcn4a1A+kG5pfBHuwv2XxmoEAAAAAAAAACgAAAAAAAAABAAAAAAAAAAMAAAAAAAAAAAAAAAAAAAAA0k7M1/SKzsUoXSDQqSydxVD9dU5cYyNkbT8usWfA914AAAAAAAAABQAAAAEyMgAAAAAAAM/3RvwhWGWhLMPCoWWziMolMCsDyRJbk7bWWDO4mPLWAAAAATIxAAAAAAAAz/dG/CFYZaEsw8KhZbOIyiUwKwPJEluTttZYM7iY8tYAAAAAAAAAHgAAAAEAAAABAAAAAAAAAAAAAAAA	AAAAAAAAAAEAAAABAAAAAAAAAADSTszX9IrOxShdINCpLJ3FUP11TlxjI2RtPy6xZ8D3XgAAAAJUC+N+AAAAAgAAAA0AAAAMAAAAAAAAAAAAAAAAAQAAAAAAAAAAAAAAAAAAAQAAAAIAAAAAAAAAAgAAAADSTszX9IrOxShdINCpLJ3FUP11TlxjI2RtPy6xZ8D3XgAAAAAAAAAFAAAAATIyAAAAAAAAz/dG/CFYZaEsw8KhZbOIyiUwKwPJEluTttZYM7iY8tYAAAABMjEAAAAAAADP90b8IVhloSzDwqFls4jKJTArA8kSW5O21lgzuJjy1gAAAAAAAAAeAAAAAQAAAAEAAAAAAAAAAAAAAAEAAAAAAAAAANJOzNf0is7FKF0g0KksncVQ/XVOXGMjZG0/LrFnwPdeAAAAAlQL434AAAACAAAADQAAAA0AAAAAAAAAAAAAAAABAAAAAAAAAAAAAAA=
dccb2d3b9104eba833408f2aab800c6d9fff1548c8f97b3d3d510c752ffb167e	5	6	AAAAANJOzNf0is7FKF0g0KksncVQ/XVOXGMjZG0/LrFnwPdeAAAACgAAAAIAAAAOAAAAAAAAAAAAAAABAAAAAAAAAAMAAAABRVVSAAAAAADP90b8IVhloSzDwqFls4jKJTArA8kSW5O21lgzuJjy1gAAAAEyMgAAAAAAAM/3RvwhWGWhLMPCoWWziMolMCsDyRJbk7bWWDO4mPLWAAAAAAAAAB4AAAABAAAAAQAAAAAAAAAAAAAAAAAAAAFnwPdeAAAAQOJoGd3pREjFRvF3WqujbrKn3FpXUHXxktE5dQkKVYn/4OitfwPxnNkfQarGDbLkwbq/a70FJfgRfweC+XF1ogQ=	3MstO5EE66gzQI8qq4AMbZ//FUjI+Xs9PVEMdS/7Fn4AAAAAAAAACgAAAAAAAAABAAAAAAAAAAMAAAAAAAAAAAAAAAAAAAAA0k7M1/SKzsUoXSDQqSydxVD9dU5cYyNkbT8usWfA914AAAAAAAAABgAAAAFFVVIAAAAAAM/3RvwhWGWhLMPCoWWziMolMCsDyRJbk7bWWDO4mPLWAAAAATIyAAAAAAAAz/dG/CFYZaEsw8KhZbOIyiUwKwPJEluTttZYM7iY8tYAAAAAAAAAHgAAAAEAAAABAAAAAAAAAAAAAAAA	AAAAAAAAAAEAAAABAAAAAAAAAADSTszX9IrOxShdINCpLJ3FUP11TlxjI2RtPy6xZ8D3XgAAAAJUC+N0AAAAAgAAAA4AAAANAAAAAAAAAAAAAAAAAQAAAAAAAAAAAAAAAAAAAQAAAAIAAAAAAAAAAgAAAADSTszX9IrOxShdINCpLJ3FUP11TlxjI2RtPy6xZ8D3XgAAAAAAAAAGAAAAAUVVUgAAAAAAz/dG/CFYZaEsw8KhZbOIyiUwKwPJEluTttZYM7iY8tYAAAABMjIAAAAAAADP90b8IVhloSzDwqFls4jKJTArA8kSW5O21lgzuJjy1gAAAAAAAAAeAAAAAQAAAAEAAAAAAAAAAAAAAAEAAAAAAAAAANJOzNf0is7FKF0g0KksncVQ/XVOXGMjZG0/LrFnwPdeAAAAAlQL43QAAAACAAAADgAAAA4AAAAAAAAAAAAAAAABAAAAAAAAAAAAAAA=
c70d6ddbab654e83a7109d8ab416a48539b2878b897d29d7239cf9a0b9c89665	5	7	AAAAANJOzNf0is7FKF0g0KksncVQ/XVOXGMjZG0/LrFnwPdeAAAACgAAAAIAAAAPAAAAAAAAAAAAAAABAAAAAAAAAAMAAAABMzEAAAAAAADP90b8IVhloSzDwqFls4jKJTArA8kSW5O21lgzuJjy1gAAAAFVU0QAAAAAAM/3RvwhWGWhLMPCoWWziMolMCsDyRJbk7bWWDO4mPLWAAAAAAAAACgAAAABAAAAAQAAAAAAAAAAAAAAAAAAAAFnwPdeAAAAQCyz3NnR2CtmRxxSK14nfjOZMDdt14qVK5j0TEY9hdDCfjkNecJxTZNM0sg90F5+oXBp9vq0bB4jc3pfq3Teow4=	xw1t26tlToOnEJ2KtBakhTmyh4uJfSnXI5z5oLnIlmUAAAAAAAAACgAAAAAAAAABAAAAAAAAAAMAAAAAAAAAAAAAAAAAAAAA0k7M1/SKzsUoXSDQqSydxVD9dU5cYyNkbT8usWfA914AAAAAAAAABwAAAAEzMQAAAAAAAM/3RvwhWGWhLMPCoWWziMolMCsDyRJbk7bWWDO4mPLWAAAAAVVTRAAAAAAAz/dG/CFYZaEsw8KhZbOIyiUwKwPJEluTttZYM7iY8tYAAAAAAAAAKAAAAAEAAAABAAAAAAAAAAAAAAAA	AAAAAAAAAAEAAAABAAAAAAAAAADSTszX9IrOxShdINCpLJ3FUP11TlxjI2RtPy6xZ8D3XgAAAAJUC+NqAAAAAgAAAA8AAAAOAAAAAAAAAAAAAAAAAQAAAAAAAAAAAAAAAAAAAQAAAAIAAAAAAAAAAgAAAADSTszX9IrOxShdINCpLJ3FUP11TlxjI2RtPy6xZ8D3XgAAAAAAAAAHAAAAATMxAAAAAAAAz/dG/CFYZaEsw8KhZbOIyiUwKwPJEluTttZYM7iY8tYAAAABVVNEAAAAAADP90b8IVhloSzDwqFls4jKJTArA8kSW5O21lgzuJjy1gAAAAAAAAAoAAAAAQAAAAEAAAAAAAAAAAAAAAEAAAAAAAAAANJOzNf0is7FKF0g0KksncVQ/XVOXGMjZG0/LrFnwPdeAAAAAlQL42oAAAACAAAADwAAAA8AAAAAAAAAAAAAAAABAAAAAAAAAAAAAAA=
c103cf7010970e101a57d606f5e9c86b853811c27aca7cc3be1761bd95c573fc	5	8	AAAAANJOzNf0is7FKF0g0KksncVQ/XVOXGMjZG0/LrFnwPdeAAAACgAAAAIAAAAQAAAAAAAAAAAAAAABAAAAAAAAAAMAAAABMzIAAAAAAADP90b8IVhloSzDwqFls4jKJTArA8kSW5O21lgzuJjy1gAAAAEzMQAAAAAAAM/3RvwhWGWhLMPCoWWziMolMCsDyRJbk7bWWDO4mPLWAAAAAAAAACgAAAABAAAAAQAAAAAAAAAAAAAAAAAAAAFnwPdeAAAAQCZbuXyw40OpotDNFGwT8psEIfl3ZP1fj7DRzba1csV4yRKLJk/NLREvkrZBEFjFO/cJWKPgclIuQw26gjMlgAQ=	wQPPcBCXDhAaV9YG9enIa4U4EcJ6ynzDvhdhvZXFc/wAAAAAAAAACgAAAAAAAAABAAAAAAAAAAMAAAAAAAAAAAAAAAAAAAAA0k7M1/SKzsUoXSDQqSydxVD9dU5cYyNkbT8usWfA914AAAAAAAAACAAAAAEzMgAAAAAAAM/3RvwhWGWhLMPCoWWziMolMCsDyRJbk7bWWDO4mPLWAAAAATMxAAAAAAAAz/dG/CFYZaEsw8KhZbOIyiUwKwPJEluTttZYM7iY8tYAAAAAAAAAKAAAAAEAAAABAAAAAAAAAAAAAAAA	AAAAAAAAAAEAAAABAAAAAAAAAADSTszX9IrOxShdINCpLJ3FUP11TlxjI2RtPy6xZ8D3XgAAAAJUC+NgAAAAAgAAABAAAAAPAAAAAAAAAAAAAAAAAQAAAAAAAAAAAAAAAAAAAQAAAAIAAAAAAAAAAgAAAADSTszX9IrOxShdINCpLJ3FUP11TlxjI2RtPy6xZ8D3XgAAAAAAAAAIAAAAATMyAAAAAAAAz/dG/CFYZaEsw8KhZbOIyiUwKwPJEluTttZYM7iY8tYAAAABMzEAAAAAAADP90b8IVhloSzDwqFls4jKJTArA8kSW5O21lgzuJjy1gAAAAAAAAAoAAAAAQAAAAEAAAAAAAAAAAAAAAEAAAAAAAAAANJOzNf0is7FKF0g0KksncVQ/XVOXGMjZG0/LrFnwPdeAAAAAlQL42AAAAACAAAAEAAAABAAAAAAAAAAAAAAAAABAAAAAAAAAAAAAAA=
4598690d22ee39cc5168df9ca67b360801e9c5c729bf074c510ed5d791481c29	5	9	AAAAANJOzNf0is7FKF0g0KksncVQ/XVOXGMjZG0/LrFnwPdeAAAACgAAAAIAAAARAAAAAAAAAAAAAAABAAAAAAAAAAMAAAABMzMAAAAAAADP90b8IVhloSzDwqFls4jKJTArA8kSW5O21lgzuJjy1gAAAAEzMgAAAAAAAM/3RvwhWGWhLMPCoWWziMolMCsDyRJbk7bWWDO4mPLWAAAAAAAAACgAAAABAAAAAQAAAAAAAAAAAAAAAAAAAAFnwPdeAAAAQPEsA5z7mb2O0/WesK41hQUlUzhVp23tvdeLZOCXKLyIhMeFpGVN5IhT8GXymXpEdBe9vtJ7l137R37Gu2ZxggY=	RZhpDSLuOcxRaN+cpns2CAHpxccpvwdMUQ7V15FIHCkAAAAAAAAACgAAAAAAAAABAAAAAAAAAAMAAAAAAAAAAAAAAAAAAAAA0k7M1/SKzsUoXSDQqSydxVD9dU5cYyNkbT8usWfA914AAAAAAAAACQAAAAEzMwAAAAAAAM/3RvwhWGWhLMPCoWWziMolMCsDyRJbk7bWWDO4mPLWAAAAATMyAAAAAAAAz/dG/CFYZaEsw8KhZbOIyiUwKwPJEluTttZYM7iY8tYAAAAAAAAAKAAAAAEAAAABAAAAAAAAAAAAAAAA	AAAAAAAAAAEAAAABAAAAAAAAAADSTszX9IrOxShdINCpLJ3FUP11TlxjI2RtPy6xZ8D3XgAAAAJUC+NWAAAAAgAAABEAAAAQAAAAAAAAAAAAAAAAAQAAAAAAAAAAAAAAAAAAAQAAAAIAAAAAAAAAAgAAAADSTszX9IrOxShdINCpLJ3FUP11TlxjI2RtPy6xZ8D3XgAAAAAAAAAJAAAAATMzAAAAAAAAz/dG/CFYZaEsw8KhZbOIyiUwKwPJEluTttZYM7iY8tYAAAABMzIAAAAAAADP90b8IVhloSzDwqFls4jKJTArA8kSW5O21lgzuJjy1gAAAAAAAAAoAAAAAQAAAAEAAAAAAAAAAAAAAAEAAAAAAAAAANJOzNf0is7FKF0g0KksncVQ/XVOXGMjZG0/LrFnwPdeAAAAAlQL41YAAAACAAAAEQAAABEAAAAAAAAAAAAAAAABAAAAAAAAAAAAAAA=
8bf8c6346f4ae2ec8a6fddb277d37f4257a32600f37cf5b52d5a756db3bb908e	5	10	AAAAANJOzNf0is7FKF0g0KksncVQ/XVOXGMjZG0/LrFnwPdeAAAACgAAAAIAAAASAAAAAAAAAAAAAAABAAAAAAAAAAMAAAABRVVSAAAAAADP90b8IVhloSzDwqFls4jKJTArA8kSW5O21lgzuJjy1gAAAAEzMwAAAAAAAM/3RvwhWGWhLMPCoWWziMolMCsDyRJbk7bWWDO4mPLWAAAAAAAAACgAAAABAAAAAQAAAAAAAAAAAAAAAAAAAAFnwPdeAAAAQPBd/XVuxcq2slgxESiNlqBORpHVjah9GDlp3HxjikoyNyPr3bQUBaDaVvevil4dydzdgoTifHLtpjVvW+XELwA=	i/jGNG9K4uyKb92yd9N/QlejJgDzfPW1LVp1bbO7kI4AAAAAAAAACgAAAAAAAAABAAAAAAAAAAMAAAAAAAAAAAAAAAAAAAAA0k7M1/SKzsUoXSDQqSydxVD9dU5cYyNkbT8usWfA914AAAAAAAAACgAAAAFFVVIAAAAAAM/3RvwhWGWhLMPCoWWziMolMCsDyRJbk7bWWDO4mPLWAAAAATMzAAAAAAAAz/dG/CFYZaEsw8KhZbOIyiUwKwPJEluTttZYM7iY8tYAAAAAAAAAKAAAAAEAAAABAAAAAAAAAAAAAAAA	AAAAAAAAAAEAAAABAAAAAAAAAADSTszX9IrOxShdINCpLJ3FUP11TlxjI2RtPy6xZ8D3XgAAAAJUC+NMAAAAAgAAABIAAAARAAAAAAAAAAAAAAAAAQAAAAAAAAAAAAAAAAAAAQAAAAIAAAAAAAAAAgAAAADSTszX9IrOxShdINCpLJ3FUP11TlxjI2RtPy6xZ8D3XgAAAAAAAAAKAAAAAUVVUgAAAAAAz/dG/CFYZaEsw8KhZbOIyiUwKwPJEluTttZYM7iY8tYAAAABMzMAAAAAAADP90b8IVhloSzDwqFls4jKJTArA8kSW5O21lgzuJjy1gAAAAAAAAAoAAAAAQAAAAEAAAAAAAAAAAAAAAEAAAAAAAAAANJOzNf0is7FKF0g0KksncVQ/XVOXGMjZG0/LrFnwPdeAAAAAlQL40wAAAACAAAAEgAAABIAAAAAAAAAAAAAAAABAAAAAAAAAAAAAAA=
\.


--
-- Name: accounts_pkey; Type: CONSTRAINT; Schema: public; Owner: -; Tablespace: 
--

ALTER TABLE ONLY accounts
    ADD CONSTRAINT accounts_pkey PRIMARY KEY (accountid);


--
-- Name: ledgerheaders_ledgerseq_key; Type: CONSTRAINT; Schema: public; Owner: -; Tablespace: 
--

ALTER TABLE ONLY ledgerheaders
    ADD CONSTRAINT ledgerheaders_ledgerseq_key UNIQUE (ledgerseq);


--
-- Name: ledgerheaders_pkey; Type: CONSTRAINT; Schema: public; Owner: -; Tablespace: 
--

ALTER TABLE ONLY ledgerheaders
    ADD CONSTRAINT ledgerheaders_pkey PRIMARY KEY (ledgerhash);


--
-- Name: offers_pkey; Type: CONSTRAINT; Schema: public; Owner: -; Tablespace: 
--

ALTER TABLE ONLY offers
    ADD CONSTRAINT offers_pkey PRIMARY KEY (offerid);


--
-- Name: peers_pkey; Type: CONSTRAINT; Schema: public; Owner: -; Tablespace: 
--

ALTER TABLE ONLY peers
    ADD CONSTRAINT peers_pkey PRIMARY KEY (ip, port);


--
-- Name: signers_pkey; Type: CONSTRAINT; Schema: public; Owner: -; Tablespace: 
--

ALTER TABLE ONLY signers
    ADD CONSTRAINT signers_pkey PRIMARY KEY (accountid, publickey);


--
-- Name: storestate_pkey; Type: CONSTRAINT; Schema: public; Owner: -; Tablespace: 
--

ALTER TABLE ONLY storestate
    ADD CONSTRAINT storestate_pkey PRIMARY KEY (statename);


--
-- Name: trustlines_pkey; Type: CONSTRAINT; Schema: public; Owner: -; Tablespace: 
--

ALTER TABLE ONLY trustlines
    ADD CONSTRAINT trustlines_pkey PRIMARY KEY (accountid, issuer, assetcode);


--
-- Name: txhistory_ledgerseq_txindex_key; Type: CONSTRAINT; Schema: public; Owner: -; Tablespace: 
--

ALTER TABLE ONLY txhistory
    ADD CONSTRAINT txhistory_ledgerseq_txindex_key UNIQUE (ledgerseq, txindex);


--
-- Name: txhistory_pkey; Type: CONSTRAINT; Schema: public; Owner: -; Tablespace: 
--

ALTER TABLE ONLY txhistory
    ADD CONSTRAINT txhistory_pkey PRIMARY KEY (txid, ledgerseq);


--
-- Name: accountbalances; Type: INDEX; Schema: public; Owner: -; Tablespace: 
--

CREATE INDEX accountbalances ON accounts USING btree (balance) WHERE (balance >= 1000000000);


--
-- Name: accountlines; Type: INDEX; Schema: public; Owner: -; Tablespace: 
--

CREATE INDEX accountlines ON trustlines USING btree (accountid);


--
-- Name: buyingissuerindex; Type: INDEX; Schema: public; Owner: -; Tablespace: 
--

CREATE INDEX buyingissuerindex ON offers USING btree (buyingissuer);


--
-- Name: ledgersbyseq; Type: INDEX; Schema: public; Owner: -; Tablespace: 
--

CREATE INDEX ledgersbyseq ON ledgerheaders USING btree (ledgerseq);


--
-- Name: priceindex; Type: INDEX; Schema: public; Owner: -; Tablespace: 
--

CREATE INDEX priceindex ON offers USING btree (price);


--
-- Name: sellingissuerindex; Type: INDEX; Schema: public; Owner: -; Tablespace: 
--

CREATE INDEX sellingissuerindex ON offers USING btree (sellingissuer);


--
-- Name: signersaccount; Type: INDEX; Schema: public; Owner: -; Tablespace: 
--

CREATE INDEX signersaccount ON signers USING btree (accountid);


--
-- PostgreSQL database dump complete
--

