--
-- PostgreSQL database dump
--

SET statement_timeout = 0;
SET lock_timeout = 0;
SET client_encoding = 'UTF8';
SET standard_conforming_strings = on;
SET check_function_bodies = false;
SET client_min_messages = warning;

SET search_path = public, pg_catalog;

DROP INDEX public.unique_schema_migrations;
DROP INDEX public.index_history_transactions_on_id;
DROP INDEX public.index_history_transaction_statuses_lc_on_all;
DROP INDEX public.index_history_transaction_participants_on_transaction_hash;
DROP INDEX public.index_history_transaction_participants_on_account;
DROP INDEX public.index_history_operations_on_type;
DROP INDEX public.index_history_operations_on_transaction_id;
DROP INDEX public.index_history_operations_on_id;
DROP INDEX public.index_history_ledgers_on_sequence;
DROP INDEX public.index_history_ledgers_on_previous_ledger_hash;
DROP INDEX public.index_history_ledgers_on_ledger_hash;
DROP INDEX public.index_history_ledgers_on_id;
DROP INDEX public.index_history_ledgers_on_closed_at;
DROP INDEX public.index_history_effects_on_type;
DROP INDEX public.index_history_accounts_on_id;
DROP INDEX public.hs_transaction_by_id;
DROP INDEX public.hs_ledger_by_id;
DROP INDEX public.hist_op_p_id;
DROP INDEX public.hist_e_id;
DROP INDEX public.hist_e_by_order;
DROP INDEX public.by_status;
DROP INDEX public.by_ledger;
DROP INDEX public.by_hash;
DROP INDEX public.by_account;
ALTER TABLE ONLY public.history_transaction_statuses DROP CONSTRAINT history_transaction_statuses_pkey;
ALTER TABLE ONLY public.history_transaction_participants DROP CONSTRAINT history_transaction_participants_pkey;
ALTER TABLE ONLY public.history_operation_participants DROP CONSTRAINT history_operation_participants_pkey;
ALTER TABLE public.history_transaction_statuses ALTER COLUMN id DROP DEFAULT;
ALTER TABLE public.history_transaction_participants ALTER COLUMN id DROP DEFAULT;
ALTER TABLE public.history_operation_participants ALTER COLUMN id DROP DEFAULT;
DROP TABLE public.schema_migrations;
DROP TABLE public.history_transactions;
DROP SEQUENCE public.history_transaction_statuses_id_seq;
DROP TABLE public.history_transaction_statuses;
DROP SEQUENCE public.history_transaction_participants_id_seq;
DROP TABLE public.history_transaction_participants;
DROP TABLE public.history_operations;
DROP SEQUENCE public.history_operation_participants_id_seq;
DROP TABLE public.history_operation_participants;
DROP TABLE public.history_ledgers;
DROP TABLE public.history_effects;
DROP TABLE public.history_accounts;
DROP EXTENSION hstore;
DROP EXTENSION plpgsql;
DROP SCHEMA public;
--
-- Name: public; Type: SCHEMA; Schema: -; Owner: -
--

CREATE SCHEMA public;


--
-- Name: SCHEMA public; Type: COMMENT; Schema: -; Owner: -
--

COMMENT ON SCHEMA public IS 'standard public schema';


--
-- Name: plpgsql; Type: EXTENSION; Schema: -; Owner: -
--

CREATE EXTENSION IF NOT EXISTS plpgsql WITH SCHEMA pg_catalog;


--
-- Name: EXTENSION plpgsql; Type: COMMENT; Schema: -; Owner: -
--

COMMENT ON EXTENSION plpgsql IS 'PL/pgSQL procedural language';


--
-- Name: hstore; Type: EXTENSION; Schema: -; Owner: -
--

CREATE EXTENSION IF NOT EXISTS hstore WITH SCHEMA public;


--
-- Name: EXTENSION hstore; Type: COMMENT; Schema: -; Owner: -
--

COMMENT ON EXTENSION hstore IS 'data type for storing sets of (key, value) pairs';


SET search_path = public, pg_catalog;

SET default_tablespace = '';

SET default_with_oids = false;

--
-- Name: history_accounts; Type: TABLE; Schema: public; Owner: -; Tablespace: 
--

CREATE TABLE history_accounts (
    id bigint NOT NULL,
    address character varying(64)
);


--
-- Name: history_effects; Type: TABLE; Schema: public; Owner: -; Tablespace: 
--

CREATE TABLE history_effects (
    history_account_id bigint NOT NULL,
    history_operation_id bigint NOT NULL,
    "order" integer NOT NULL,
    type integer NOT NULL,
    details jsonb
);


--
-- Name: history_ledgers; Type: TABLE; Schema: public; Owner: -; Tablespace: 
--

CREATE TABLE history_ledgers (
    sequence integer NOT NULL,
    ledger_hash character varying(64) NOT NULL,
    previous_ledger_hash character varying(64),
    transaction_count integer DEFAULT 0 NOT NULL,
    operation_count integer DEFAULT 0 NOT NULL,
    closed_at timestamp without time zone NOT NULL,
    created_at timestamp without time zone,
    updated_at timestamp without time zone,
    id bigint
);


--
-- Name: history_operation_participants; Type: TABLE; Schema: public; Owner: -; Tablespace: 
--

CREATE TABLE history_operation_participants (
    id integer NOT NULL,
    history_operation_id bigint NOT NULL,
    history_account_id bigint NOT NULL
);


--
-- Name: history_operation_participants_id_seq; Type: SEQUENCE; Schema: public; Owner: -
--

CREATE SEQUENCE history_operation_participants_id_seq
    START WITH 1
    INCREMENT BY 1
    NO MINVALUE
    NO MAXVALUE
    CACHE 1;


--
-- Name: history_operation_participants_id_seq; Type: SEQUENCE OWNED BY; Schema: public; Owner: -
--

ALTER SEQUENCE history_operation_participants_id_seq OWNED BY history_operation_participants.id;


--
-- Name: history_operations; Type: TABLE; Schema: public; Owner: -; Tablespace: 
--

CREATE TABLE history_operations (
    id bigint NOT NULL,
    transaction_id bigint NOT NULL,
    application_order integer NOT NULL,
    type integer NOT NULL,
    details jsonb
);


--
-- Name: history_transaction_participants; Type: TABLE; Schema: public; Owner: -; Tablespace: 
--

CREATE TABLE history_transaction_participants (
    id integer NOT NULL,
    transaction_hash character varying(64) NOT NULL,
    account character varying(64) NOT NULL,
    created_at timestamp without time zone,
    updated_at timestamp without time zone
);


--
-- Name: history_transaction_participants_id_seq; Type: SEQUENCE; Schema: public; Owner: -
--

CREATE SEQUENCE history_transaction_participants_id_seq
    START WITH 1
    INCREMENT BY 1
    NO MINVALUE
    NO MAXVALUE
    CACHE 1;


--
-- Name: history_transaction_participants_id_seq; Type: SEQUENCE OWNED BY; Schema: public; Owner: -
--

ALTER SEQUENCE history_transaction_participants_id_seq OWNED BY history_transaction_participants.id;


--
-- Name: history_transaction_statuses; Type: TABLE; Schema: public; Owner: -; Tablespace: 
--

CREATE TABLE history_transaction_statuses (
    id integer NOT NULL,
    result_code_s character varying NOT NULL,
    result_code integer NOT NULL
);


--
-- Name: history_transaction_statuses_id_seq; Type: SEQUENCE; Schema: public; Owner: -
--

CREATE SEQUENCE history_transaction_statuses_id_seq
    START WITH 1
    INCREMENT BY 1
    NO MINVALUE
    NO MAXVALUE
    CACHE 1;


--
-- Name: history_transaction_statuses_id_seq; Type: SEQUENCE OWNED BY; Schema: public; Owner: -
--

ALTER SEQUENCE history_transaction_statuses_id_seq OWNED BY history_transaction_statuses.id;


--
-- Name: history_transactions; Type: TABLE; Schema: public; Owner: -; Tablespace: 
--

CREATE TABLE history_transactions (
    transaction_hash character varying(64) NOT NULL,
    ledger_sequence integer NOT NULL,
    application_order integer NOT NULL,
    account character varying(64) NOT NULL,
    account_sequence bigint NOT NULL,
    max_fee integer NOT NULL,
    fee_paid integer NOT NULL,
    operation_count integer NOT NULL,
    transaction_status_id integer NOT NULL,
    created_at timestamp without time zone,
    updated_at timestamp without time zone,
    id bigint
);


--
-- Name: schema_migrations; Type: TABLE; Schema: public; Owner: -; Tablespace: 
--

CREATE TABLE schema_migrations (
    version character varying(255) NOT NULL
);


--
-- Name: id; Type: DEFAULT; Schema: public; Owner: -
--

ALTER TABLE ONLY history_operation_participants ALTER COLUMN id SET DEFAULT nextval('history_operation_participants_id_seq'::regclass);


--
-- Name: id; Type: DEFAULT; Schema: public; Owner: -
--

ALTER TABLE ONLY history_transaction_participants ALTER COLUMN id SET DEFAULT nextval('history_transaction_participants_id_seq'::regclass);


--
-- Name: id; Type: DEFAULT; Schema: public; Owner: -
--

ALTER TABLE ONLY history_transaction_statuses ALTER COLUMN id SET DEFAULT nextval('history_transaction_statuses_id_seq'::regclass);


--
-- Data for Name: history_accounts; Type: TABLE DATA; Schema: public; Owner: -
--

COPY history_accounts (id, address) FROM stdin;
0	GCEZWKCA5VLDNRLN3RPRJMRZOX3Z6G5CHCGSNFHEYVXM3XOJMDS674JZ
8589938688	GCSSR36BWWWYKBMCMYDJDAMTUP7LQYYFGYUKC7VIGTUG6ZABSM53R74J
8589942784	GCYUOFZ3JEYYEJHGCPRSH7QGYXQJRGZ4TJCY426MAPBMXNEMF2QS6BY4
8589946880	GCKRELW3GD7TRDRDAIVPEFDXWFUPLLR3AXBNRNLFRZHSE3SHTOSUAV7D
8589950976	GAQGWLHDC76T4P7A6YJ22CBJGTU7E567PHCJE75BK6DRLJJLD46JZO3O
\.


--
-- Data for Name: history_effects; Type: TABLE DATA; Schema: public; Owner: -
--

COPY history_effects (history_account_id, history_operation_id, "order", type, details) FROM stdin;
8589938688	8589938688	0	0	{"starting_balance": 10000000000}
0	8589938688	1	3	{"amount": 10000000000, "asset_type": "native"}
8589942784	8589942784	0	0	{"starting_balance": 10000000000}
0	8589942784	1	3	{"amount": 10000000000, "asset_type": "native"}
8589946880	8589946880	0	0	{"starting_balance": 10000000000}
0	8589946880	1	3	{"amount": 10000000000, "asset_type": "native"}
8589950976	8589950976	0	0	{"starting_balance": 10000000000}
0	8589950976	1	3	{"amount": 10000000000, "asset_type": "native"}
8589942784	17179873280	0	2	{"amount": 5000, "asset_code": "USD", "asset_type": "credit_alphanum4", "asset_issuer": "GCSSR36BWWWYKBMCMYDJDAMTUP7LQYYFGYUKC7VIGTUG6ZABSM53R74J"}
8589938688	17179873280	1	3	{"amount": 5000, "asset_code": "USD", "asset_type": "credit_alphanum4", "asset_issuer": "GCSSR36BWWWYKBMCMYDJDAMTUP7LQYYFGYUKC7VIGTUG6ZABSM53R74J"}
8589950976	17179877376	0	2	{"amount": 5000, "asset_code": "EUR", "asset_type": "credit_alphanum4", "asset_issuer": "GCSSR36BWWWYKBMCMYDJDAMTUP7LQYYFGYUKC7VIGTUG6ZABSM53R74J"}
8589938688	17179877376	1	3	{"amount": 5000, "asset_code": "EUR", "asset_type": "credit_alphanum4", "asset_issuer": "GCSSR36BWWWYKBMCMYDJDAMTUP7LQYYFGYUKC7VIGTUG6ZABSM53R74J"}
8589950976	17179881472	0	2	{"amount": 5000, "asset_code": "1", "asset_type": "credit_alphanum4", "asset_issuer": "GCSSR36BWWWYKBMCMYDJDAMTUP7LQYYFGYUKC7VIGTUG6ZABSM53R74J"}
8589938688	17179881472	1	3	{"amount": 5000, "asset_code": "1", "asset_type": "credit_alphanum4", "asset_issuer": "GCSSR36BWWWYKBMCMYDJDAMTUP7LQYYFGYUKC7VIGTUG6ZABSM53R74J"}
8589950976	17179885568	0	2	{"amount": 5000, "asset_code": "21", "asset_type": "credit_alphanum4", "asset_issuer": "GCSSR36BWWWYKBMCMYDJDAMTUP7LQYYFGYUKC7VIGTUG6ZABSM53R74J"}
8589938688	17179885568	1	3	{"amount": 5000, "asset_code": "21", "asset_type": "credit_alphanum4", "asset_issuer": "GCSSR36BWWWYKBMCMYDJDAMTUP7LQYYFGYUKC7VIGTUG6ZABSM53R74J"}
8589950976	17179889664	0	2	{"amount": 5000, "asset_code": "22", "asset_type": "credit_alphanum4", "asset_issuer": "GCSSR36BWWWYKBMCMYDJDAMTUP7LQYYFGYUKC7VIGTUG6ZABSM53R74J"}
8589938688	17179889664	1	3	{"amount": 5000, "asset_code": "22", "asset_type": "credit_alphanum4", "asset_issuer": "GCSSR36BWWWYKBMCMYDJDAMTUP7LQYYFGYUKC7VIGTUG6ZABSM53R74J"}
8589950976	17179893760	0	2	{"amount": 5000, "asset_code": "31", "asset_type": "credit_alphanum4", "asset_issuer": "GCSSR36BWWWYKBMCMYDJDAMTUP7LQYYFGYUKC7VIGTUG6ZABSM53R74J"}
8589938688	17179893760	1	3	{"amount": 5000, "asset_code": "31", "asset_type": "credit_alphanum4", "asset_issuer": "GCSSR36BWWWYKBMCMYDJDAMTUP7LQYYFGYUKC7VIGTUG6ZABSM53R74J"}
8589950976	17179897856	0	2	{"amount": 5000, "asset_code": "32", "asset_type": "credit_alphanum4", "asset_issuer": "GCSSR36BWWWYKBMCMYDJDAMTUP7LQYYFGYUKC7VIGTUG6ZABSM53R74J"}
8589938688	17179897856	1	3	{"amount": 5000, "asset_code": "32", "asset_type": "credit_alphanum4", "asset_issuer": "GCSSR36BWWWYKBMCMYDJDAMTUP7LQYYFGYUKC7VIGTUG6ZABSM53R74J"}
8589950976	17179901952	0	2	{"amount": 5000, "asset_code": "33", "asset_type": "credit_alphanum4", "asset_issuer": "GCSSR36BWWWYKBMCMYDJDAMTUP7LQYYFGYUKC7VIGTUG6ZABSM53R74J"}
8589938688	17179901952	1	3	{"amount": 5000, "asset_code": "33", "asset_type": "credit_alphanum4", "asset_issuer": "GCSSR36BWWWYKBMCMYDJDAMTUP7LQYYFGYUKC7VIGTUG6ZABSM53R74J"}
\.


--
-- Data for Name: history_ledgers; Type: TABLE DATA; Schema: public; Owner: -
--

COPY history_ledgers (sequence, ledger_hash, previous_ledger_hash, transaction_count, operation_count, closed_at, created_at, updated_at, id) FROM stdin;
1	e8e10918f9c000c73119abe54cf089f59f9015cc93c49ccf00b5e8b9afb6e6b1	\N	0	0	1970-01-01 00:00:00	2015-08-24 18:14:07.153391	2015-08-24 18:14:07.153391	4294967296
2	48c705ac0bc8dd76e7fd423cb8c5603570f3d675a28ed4766da0f8bc4f23209e	e8e10918f9c000c73119abe54cf089f59f9015cc93c49ccf00b5e8b9afb6e6b1	4	4	2015-08-24 18:14:05	2015-08-24 18:14:07.162931	2015-08-24 18:14:07.162931	8589934592
3	643d0a201bcd6c6114f51cfc2055ea50c890486c9c259cf82a286caa71ec7c69	48c705ac0bc8dd76e7fd423cb8c5603570f3d675a28ed4766da0f8bc4f23209e	10	10	2015-08-24 18:14:06	2015-08-24 18:14:07.252754	2015-08-24 18:14:07.252754	12884901888
4	7bbf64006d115a690c0a31280254e1ad5f7834720ae7a61c48d6ece80d9c0366	643d0a201bcd6c6114f51cfc2055ea50c890486c9c259cf82a286caa71ec7c69	8	8	2015-08-24 18:14:07	2015-08-24 18:14:07.342988	2015-08-24 18:14:07.342988	17179869184
5	3cc0ea1df4ecdfda443ee5b05191c9d75844e190ca608acfebc16973e9f7a16c	7bbf64006d115a690c0a31280254e1ad5f7834720ae7a61c48d6ece80d9c0366	10	10	2015-08-24 18:14:08	2015-08-24 18:14:07.471265	2015-08-24 18:14:07.471265	21474836480
\.


--
-- Data for Name: history_operation_participants; Type: TABLE DATA; Schema: public; Owner: -
--

COPY history_operation_participants (id, history_operation_id, history_account_id) FROM stdin;
100	8589938688	0
101	8589938688	8589938688
102	8589942784	0
103	8589942784	8589942784
104	8589946880	0
105	8589946880	8589946880
106	8589950976	0
107	8589950976	8589950976
108	12884905984	8589942784
109	12884910080	8589950976
110	12884914176	8589946880
111	12884918272	8589950976
112	12884922368	8589950976
113	12884926464	8589950976
114	12884930560	8589950976
115	12884934656	8589950976
116	12884938752	8589950976
117	12884942848	8589950976
118	17179873280	8589938688
119	17179873280	8589942784
120	17179877376	8589938688
121	17179877376	8589950976
122	17179881472	8589938688
123	17179881472	8589950976
124	17179885568	8589938688
125	17179885568	8589950976
126	17179889664	8589938688
127	17179889664	8589950976
128	17179893760	8589938688
129	17179893760	8589950976
130	17179897856	8589938688
131	17179897856	8589950976
132	17179901952	8589938688
133	17179901952	8589950976
134	21474840576	8589950976
135	21474844672	8589950976
136	21474848768	8589950976
137	21474852864	8589950976
138	21474856960	8589950976
139	21474861056	8589950976
140	21474865152	8589950976
141	21474869248	8589950976
142	21474873344	8589950976
143	21474877440	8589950976
\.


--
-- Name: history_operation_participants_id_seq; Type: SEQUENCE SET; Schema: public; Owner: -
--

SELECT pg_catalog.setval('history_operation_participants_id_seq', 143, true);


--
-- Data for Name: history_operations; Type: TABLE DATA; Schema: public; Owner: -
--

COPY history_operations (id, transaction_id, application_order, type, details) FROM stdin;
8589938688	8589938688	0	0	{"funder": "GCEZWKCA5VLDNRLN3RPRJMRZOX3Z6G5CHCGSNFHEYVXM3XOJMDS674JZ", "account": "GCSSR36BWWWYKBMCMYDJDAMTUP7LQYYFGYUKC7VIGTUG6ZABSM53R74J", "starting_balance": 10000000000}
8589942784	8589942784	0	0	{"funder": "GCEZWKCA5VLDNRLN3RPRJMRZOX3Z6G5CHCGSNFHEYVXM3XOJMDS674JZ", "account": "GCYUOFZ3JEYYEJHGCPRSH7QGYXQJRGZ4TJCY426MAPBMXNEMF2QS6BY4", "starting_balance": 10000000000}
8589946880	8589946880	0	0	{"funder": "GCEZWKCA5VLDNRLN3RPRJMRZOX3Z6G5CHCGSNFHEYVXM3XOJMDS674JZ", "account": "GCKRELW3GD7TRDRDAIVPEFDXWFUPLLR3AXBNRNLFRZHSE3SHTOSUAV7D", "starting_balance": 10000000000}
8589950976	8589950976	0	0	{"funder": "GCEZWKCA5VLDNRLN3RPRJMRZOX3Z6G5CHCGSNFHEYVXM3XOJMDS674JZ", "account": "GAQGWLHDC76T4P7A6YJ22CBJGTU7E567PHCJE75BK6DRLJJLD46JZO3O", "starting_balance": 10000000000}
12884905984	12884905984	0	6	{"limit": 9223372036854775807, "trustee": "GCSSR36BWWWYKBMCMYDJDAMTUP7LQYYFGYUKC7VIGTUG6ZABSM53R74J", "trustor": "GCYUOFZ3JEYYEJHGCPRSH7QGYXQJRGZ4TJCY426MAPBMXNEMF2QS6BY4", "asset_code": "USD", "asset_type": "credit_alphanum4", "asset_issuer": "GCSSR36BWWWYKBMCMYDJDAMTUP7LQYYFGYUKC7VIGTUG6ZABSM53R74J"}
12884910080	12884910080	0	6	{"limit": 9223372036854775807, "trustee": "GCSSR36BWWWYKBMCMYDJDAMTUP7LQYYFGYUKC7VIGTUG6ZABSM53R74J", "trustor": "GAQGWLHDC76T4P7A6YJ22CBJGTU7E567PHCJE75BK6DRLJJLD46JZO3O", "asset_code": "USD", "asset_type": "credit_alphanum4", "asset_issuer": "GCSSR36BWWWYKBMCMYDJDAMTUP7LQYYFGYUKC7VIGTUG6ZABSM53R74J"}
12884914176	12884914176	0	6	{"limit": 9223372036854775807, "trustee": "GCSSR36BWWWYKBMCMYDJDAMTUP7LQYYFGYUKC7VIGTUG6ZABSM53R74J", "trustor": "GCKRELW3GD7TRDRDAIVPEFDXWFUPLLR3AXBNRNLFRZHSE3SHTOSUAV7D", "asset_code": "EUR", "asset_type": "credit_alphanum4", "asset_issuer": "GCSSR36BWWWYKBMCMYDJDAMTUP7LQYYFGYUKC7VIGTUG6ZABSM53R74J"}
12884918272	12884918272	0	6	{"limit": 9223372036854775807, "trustee": "GCSSR36BWWWYKBMCMYDJDAMTUP7LQYYFGYUKC7VIGTUG6ZABSM53R74J", "trustor": "GAQGWLHDC76T4P7A6YJ22CBJGTU7E567PHCJE75BK6DRLJJLD46JZO3O", "asset_code": "EUR", "asset_type": "credit_alphanum4", "asset_issuer": "GCSSR36BWWWYKBMCMYDJDAMTUP7LQYYFGYUKC7VIGTUG6ZABSM53R74J"}
12884922368	12884922368	0	6	{"limit": 9223372036854775807, "trustee": "GCSSR36BWWWYKBMCMYDJDAMTUP7LQYYFGYUKC7VIGTUG6ZABSM53R74J", "trustor": "GAQGWLHDC76T4P7A6YJ22CBJGTU7E567PHCJE75BK6DRLJJLD46JZO3O", "asset_code": "1", "asset_type": "credit_alphanum4", "asset_issuer": "GCSSR36BWWWYKBMCMYDJDAMTUP7LQYYFGYUKC7VIGTUG6ZABSM53R74J"}
12884926464	12884926464	0	6	{"limit": 9223372036854775807, "trustee": "GCSSR36BWWWYKBMCMYDJDAMTUP7LQYYFGYUKC7VIGTUG6ZABSM53R74J", "trustor": "GAQGWLHDC76T4P7A6YJ22CBJGTU7E567PHCJE75BK6DRLJJLD46JZO3O", "asset_code": "21", "asset_type": "credit_alphanum4", "asset_issuer": "GCSSR36BWWWYKBMCMYDJDAMTUP7LQYYFGYUKC7VIGTUG6ZABSM53R74J"}
12884930560	12884930560	0	6	{"limit": 9223372036854775807, "trustee": "GCSSR36BWWWYKBMCMYDJDAMTUP7LQYYFGYUKC7VIGTUG6ZABSM53R74J", "trustor": "GAQGWLHDC76T4P7A6YJ22CBJGTU7E567PHCJE75BK6DRLJJLD46JZO3O", "asset_code": "22", "asset_type": "credit_alphanum4", "asset_issuer": "GCSSR36BWWWYKBMCMYDJDAMTUP7LQYYFGYUKC7VIGTUG6ZABSM53R74J"}
12884934656	12884934656	0	6	{"limit": 9223372036854775807, "trustee": "GCSSR36BWWWYKBMCMYDJDAMTUP7LQYYFGYUKC7VIGTUG6ZABSM53R74J", "trustor": "GAQGWLHDC76T4P7A6YJ22CBJGTU7E567PHCJE75BK6DRLJJLD46JZO3O", "asset_code": "31", "asset_type": "credit_alphanum4", "asset_issuer": "GCSSR36BWWWYKBMCMYDJDAMTUP7LQYYFGYUKC7VIGTUG6ZABSM53R74J"}
12884938752	12884938752	0	6	{"limit": 9223372036854775807, "trustee": "GCSSR36BWWWYKBMCMYDJDAMTUP7LQYYFGYUKC7VIGTUG6ZABSM53R74J", "trustor": "GAQGWLHDC76T4P7A6YJ22CBJGTU7E567PHCJE75BK6DRLJJLD46JZO3O", "asset_code": "32", "asset_type": "credit_alphanum4", "asset_issuer": "GCSSR36BWWWYKBMCMYDJDAMTUP7LQYYFGYUKC7VIGTUG6ZABSM53R74J"}
12884942848	12884942848	0	6	{"limit": 9223372036854775807, "trustee": "GCSSR36BWWWYKBMCMYDJDAMTUP7LQYYFGYUKC7VIGTUG6ZABSM53R74J", "trustor": "GAQGWLHDC76T4P7A6YJ22CBJGTU7E567PHCJE75BK6DRLJJLD46JZO3O", "asset_code": "33", "asset_type": "credit_alphanum4", "asset_issuer": "GCSSR36BWWWYKBMCMYDJDAMTUP7LQYYFGYUKC7VIGTUG6ZABSM53R74J"}
17179873280	17179873280	0	1	{"to": "GCYUOFZ3JEYYEJHGCPRSH7QGYXQJRGZ4TJCY426MAPBMXNEMF2QS6BY4", "from": "GCSSR36BWWWYKBMCMYDJDAMTUP7LQYYFGYUKC7VIGTUG6ZABSM53R74J", "amount": 5000, "asset_code": "USD", "asset_type": "credit_alphanum4", "asset_issuer": "GCSSR36BWWWYKBMCMYDJDAMTUP7LQYYFGYUKC7VIGTUG6ZABSM53R74J"}
17179877376	17179877376	0	1	{"to": "GAQGWLHDC76T4P7A6YJ22CBJGTU7E567PHCJE75BK6DRLJJLD46JZO3O", "from": "GCSSR36BWWWYKBMCMYDJDAMTUP7LQYYFGYUKC7VIGTUG6ZABSM53R74J", "amount": 5000, "asset_code": "EUR", "asset_type": "credit_alphanum4", "asset_issuer": "GCSSR36BWWWYKBMCMYDJDAMTUP7LQYYFGYUKC7VIGTUG6ZABSM53R74J"}
17179881472	17179881472	0	1	{"to": "GAQGWLHDC76T4P7A6YJ22CBJGTU7E567PHCJE75BK6DRLJJLD46JZO3O", "from": "GCSSR36BWWWYKBMCMYDJDAMTUP7LQYYFGYUKC7VIGTUG6ZABSM53R74J", "amount": 5000, "asset_code": "1", "asset_type": "credit_alphanum4", "asset_issuer": "GCSSR36BWWWYKBMCMYDJDAMTUP7LQYYFGYUKC7VIGTUG6ZABSM53R74J"}
17179885568	17179885568	0	1	{"to": "GAQGWLHDC76T4P7A6YJ22CBJGTU7E567PHCJE75BK6DRLJJLD46JZO3O", "from": "GCSSR36BWWWYKBMCMYDJDAMTUP7LQYYFGYUKC7VIGTUG6ZABSM53R74J", "amount": 5000, "asset_code": "21", "asset_type": "credit_alphanum4", "asset_issuer": "GCSSR36BWWWYKBMCMYDJDAMTUP7LQYYFGYUKC7VIGTUG6ZABSM53R74J"}
17179889664	17179889664	0	1	{"to": "GAQGWLHDC76T4P7A6YJ22CBJGTU7E567PHCJE75BK6DRLJJLD46JZO3O", "from": "GCSSR36BWWWYKBMCMYDJDAMTUP7LQYYFGYUKC7VIGTUG6ZABSM53R74J", "amount": 5000, "asset_code": "22", "asset_type": "credit_alphanum4", "asset_issuer": "GCSSR36BWWWYKBMCMYDJDAMTUP7LQYYFGYUKC7VIGTUG6ZABSM53R74J"}
17179893760	17179893760	0	1	{"to": "GAQGWLHDC76T4P7A6YJ22CBJGTU7E567PHCJE75BK6DRLJJLD46JZO3O", "from": "GCSSR36BWWWYKBMCMYDJDAMTUP7LQYYFGYUKC7VIGTUG6ZABSM53R74J", "amount": 5000, "asset_code": "31", "asset_type": "credit_alphanum4", "asset_issuer": "GCSSR36BWWWYKBMCMYDJDAMTUP7LQYYFGYUKC7VIGTUG6ZABSM53R74J"}
17179897856	17179897856	0	1	{"to": "GAQGWLHDC76T4P7A6YJ22CBJGTU7E567PHCJE75BK6DRLJJLD46JZO3O", "from": "GCSSR36BWWWYKBMCMYDJDAMTUP7LQYYFGYUKC7VIGTUG6ZABSM53R74J", "amount": 5000, "asset_code": "32", "asset_type": "credit_alphanum4", "asset_issuer": "GCSSR36BWWWYKBMCMYDJDAMTUP7LQYYFGYUKC7VIGTUG6ZABSM53R74J"}
17179901952	17179901952	0	1	{"to": "GAQGWLHDC76T4P7A6YJ22CBJGTU7E567PHCJE75BK6DRLJJLD46JZO3O", "from": "GCSSR36BWWWYKBMCMYDJDAMTUP7LQYYFGYUKC7VIGTUG6ZABSM53R74J", "amount": 5000, "asset_code": "33", "asset_type": "credit_alphanum4", "asset_issuer": "GCSSR36BWWWYKBMCMYDJDAMTUP7LQYYFGYUKC7VIGTUG6ZABSM53R74J"}
21474840576	21474840576	0	3	{"price": {"d": 1, "n": 1}, "amount": 10, "offer_id": 0, "buying_asset_code": "USD", "buying_asset_type": "credit_alphanum4", "selling_asset_code": "EUR", "selling_asset_type": "credit_alphanum4", "buying_asset_issuer": "GCSSR36BWWWYKBMCMYDJDAMTUP7LQYYFGYUKC7VIGTUG6ZABSM53R74J", "selling_asset_issuer": "GCSSR36BWWWYKBMCMYDJDAMTUP7LQYYFGYUKC7VIGTUG6ZABSM53R74J"}
21474844672	21474844672	0	3	{"price": {"d": 1, "n": 1}, "amount": 20, "offer_id": 0, "buying_asset_code": "USD", "buying_asset_type": "credit_alphanum4", "selling_asset_code": "1", "selling_asset_type": "credit_alphanum4", "buying_asset_issuer": "GCSSR36BWWWYKBMCMYDJDAMTUP7LQYYFGYUKC7VIGTUG6ZABSM53R74J", "selling_asset_issuer": "GCSSR36BWWWYKBMCMYDJDAMTUP7LQYYFGYUKC7VIGTUG6ZABSM53R74J"}
21474848768	21474848768	0	3	{"price": {"d": 1, "n": 1}, "amount": 20, "offer_id": 0, "buying_asset_code": "1", "buying_asset_type": "credit_alphanum4", "selling_asset_code": "EUR", "selling_asset_type": "credit_alphanum4", "buying_asset_issuer": "GCSSR36BWWWYKBMCMYDJDAMTUP7LQYYFGYUKC7VIGTUG6ZABSM53R74J", "selling_asset_issuer": "GCSSR36BWWWYKBMCMYDJDAMTUP7LQYYFGYUKC7VIGTUG6ZABSM53R74J"}
21474852864	21474852864	0	3	{"price": {"d": 1, "n": 1}, "amount": 30, "offer_id": 0, "buying_asset_code": "USD", "buying_asset_type": "credit_alphanum4", "selling_asset_code": "21", "selling_asset_type": "credit_alphanum4", "buying_asset_issuer": "GCSSR36BWWWYKBMCMYDJDAMTUP7LQYYFGYUKC7VIGTUG6ZABSM53R74J", "selling_asset_issuer": "GCSSR36BWWWYKBMCMYDJDAMTUP7LQYYFGYUKC7VIGTUG6ZABSM53R74J"}
21474856960	21474856960	0	3	{"price": {"d": 1, "n": 1}, "amount": 30, "offer_id": 0, "buying_asset_code": "21", "buying_asset_type": "credit_alphanum4", "selling_asset_code": "22", "selling_asset_type": "credit_alphanum4", "buying_asset_issuer": "GCSSR36BWWWYKBMCMYDJDAMTUP7LQYYFGYUKC7VIGTUG6ZABSM53R74J", "selling_asset_issuer": "GCSSR36BWWWYKBMCMYDJDAMTUP7LQYYFGYUKC7VIGTUG6ZABSM53R74J"}
21474861056	21474861056	0	3	{"price": {"d": 1, "n": 1}, "amount": 30, "offer_id": 0, "buying_asset_code": "22", "buying_asset_type": "credit_alphanum4", "selling_asset_code": "EUR", "selling_asset_type": "credit_alphanum4", "buying_asset_issuer": "GCSSR36BWWWYKBMCMYDJDAMTUP7LQYYFGYUKC7VIGTUG6ZABSM53R74J", "selling_asset_issuer": "GCSSR36BWWWYKBMCMYDJDAMTUP7LQYYFGYUKC7VIGTUG6ZABSM53R74J"}
21474865152	21474865152	0	3	{"price": {"d": 1, "n": 1}, "amount": 40, "offer_id": 0, "buying_asset_code": "USD", "buying_asset_type": "credit_alphanum4", "selling_asset_code": "31", "selling_asset_type": "credit_alphanum4", "buying_asset_issuer": "GCSSR36BWWWYKBMCMYDJDAMTUP7LQYYFGYUKC7VIGTUG6ZABSM53R74J", "selling_asset_issuer": "GCSSR36BWWWYKBMCMYDJDAMTUP7LQYYFGYUKC7VIGTUG6ZABSM53R74J"}
21474869248	21474869248	0	3	{"price": {"d": 1, "n": 1}, "amount": 40, "offer_id": 0, "buying_asset_code": "31", "buying_asset_type": "credit_alphanum4", "selling_asset_code": "32", "selling_asset_type": "credit_alphanum4", "buying_asset_issuer": "GCSSR36BWWWYKBMCMYDJDAMTUP7LQYYFGYUKC7VIGTUG6ZABSM53R74J", "selling_asset_issuer": "GCSSR36BWWWYKBMCMYDJDAMTUP7LQYYFGYUKC7VIGTUG6ZABSM53R74J"}
21474873344	21474873344	0	3	{"price": {"d": 1, "n": 1}, "amount": 40, "offer_id": 0, "buying_asset_code": "32", "buying_asset_type": "credit_alphanum4", "selling_asset_code": "33", "selling_asset_type": "credit_alphanum4", "buying_asset_issuer": "GCSSR36BWWWYKBMCMYDJDAMTUP7LQYYFGYUKC7VIGTUG6ZABSM53R74J", "selling_asset_issuer": "GCSSR36BWWWYKBMCMYDJDAMTUP7LQYYFGYUKC7VIGTUG6ZABSM53R74J"}
21474877440	21474877440	0	3	{"price": {"d": 1, "n": 1}, "amount": 40, "offer_id": 0, "buying_asset_code": "33", "buying_asset_type": "credit_alphanum4", "selling_asset_code": "EUR", "selling_asset_type": "credit_alphanum4", "buying_asset_issuer": "GCSSR36BWWWYKBMCMYDJDAMTUP7LQYYFGYUKC7VIGTUG6ZABSM53R74J", "selling_asset_issuer": "GCSSR36BWWWYKBMCMYDJDAMTUP7LQYYFGYUKC7VIGTUG6ZABSM53R74J"}
\.


--
-- Data for Name: history_transaction_participants; Type: TABLE DATA; Schema: public; Owner: -
--

COPY history_transaction_participants (id, transaction_hash, account, created_at, updated_at) FROM stdin;
90	13935d6e59804649bce3a0db24d1dfc0eb18e15e92c15b72b205b230025b273a	GCEZWKCA5VLDNRLN3RPRJMRZOX3Z6G5CHCGSNFHEYVXM3XOJMDS674JZ	2015-08-24 18:14:07.168571	2015-08-24 18:14:07.168571
91	13935d6e59804649bce3a0db24d1dfc0eb18e15e92c15b72b205b230025b273a	GCSSR36BWWWYKBMCMYDJDAMTUP7LQYYFGYUKC7VIGTUG6ZABSM53R74J	2015-08-24 18:14:07.169688	2015-08-24 18:14:07.169688
92	0a388cbbe3cabc674fcd6a76654fa2974a1c8ee2c2b8f104c914f79ce70f5bef	GCEZWKCA5VLDNRLN3RPRJMRZOX3Z6G5CHCGSNFHEYVXM3XOJMDS674JZ	2015-08-24 18:14:07.187304	2015-08-24 18:14:07.187304
93	0a388cbbe3cabc674fcd6a76654fa2974a1c8ee2c2b8f104c914f79ce70f5bef	GCYUOFZ3JEYYEJHGCPRSH7QGYXQJRGZ4TJCY426MAPBMXNEMF2QS6BY4	2015-08-24 18:14:07.188254	2015-08-24 18:14:07.188254
94	228f8b22b579725990ef12a01dc8062f7c07fef77ceaa55547256bc1b65d9f2e	GCEZWKCA5VLDNRLN3RPRJMRZOX3Z6G5CHCGSNFHEYVXM3XOJMDS674JZ	2015-08-24 18:14:07.205424	2015-08-24 18:14:07.205424
95	228f8b22b579725990ef12a01dc8062f7c07fef77ceaa55547256bc1b65d9f2e	GCKRELW3GD7TRDRDAIVPEFDXWFUPLLR3AXBNRNLFRZHSE3SHTOSUAV7D	2015-08-24 18:14:07.206412	2015-08-24 18:14:07.206412
96	c2568b4aad465469f8c935124c8408f0960918e45cf5b742e8227541161d871f	GCEZWKCA5VLDNRLN3RPRJMRZOX3Z6G5CHCGSNFHEYVXM3XOJMDS674JZ	2015-08-24 18:14:07.228051	2015-08-24 18:14:07.228051
97	c2568b4aad465469f8c935124c8408f0960918e45cf5b742e8227541161d871f	GAQGWLHDC76T4P7A6YJ22CBJGTU7E567PHCJE75BK6DRLJJLD46JZO3O	2015-08-24 18:14:07.229788	2015-08-24 18:14:07.229788
98	d978db900e138cd90fc402e419572c676c873da6586cb7485b470a63b658b1a9	GCYUOFZ3JEYYEJHGCPRSH7QGYXQJRGZ4TJCY426MAPBMXNEMF2QS6BY4	2015-08-24 18:14:07.257186	2015-08-24 18:14:07.257186
99	5f6502ba035f69091c9539fa2fbbdc583f44f2881880aad6fd8f71b614a12997	GAQGWLHDC76T4P7A6YJ22CBJGTU7E567PHCJE75BK6DRLJJLD46JZO3O	2015-08-24 18:14:07.266184	2015-08-24 18:14:07.266184
100	4b6d5c1eaf8624a1a71f882518f7f06166aa00e598f5ea740090ba3d53b09874	GCKRELW3GD7TRDRDAIVPEFDXWFUPLLR3AXBNRNLFRZHSE3SHTOSUAV7D	2015-08-24 18:14:07.276849	2015-08-24 18:14:07.276849
101	304b5b61963101ade22038a006fddd5bbfaf04b21875a8edc78ece0381894740	GAQGWLHDC76T4P7A6YJ22CBJGTU7E567PHCJE75BK6DRLJJLD46JZO3O	2015-08-24 18:14:07.284596	2015-08-24 18:14:07.284596
102	ce39fad0ff2330d8932f0b6a40846204e858ca62343bfea700daa2e14a55c5a5	GAQGWLHDC76T4P7A6YJ22CBJGTU7E567PHCJE75BK6DRLJJLD46JZO3O	2015-08-24 18:14:07.292144	2015-08-24 18:14:07.292144
103	781f728b91c739718a0dbafe44b01fa9ac9979bd20088ff1dc6a457e33c705b0	GAQGWLHDC76T4P7A6YJ22CBJGTU7E567PHCJE75BK6DRLJJLD46JZO3O	2015-08-24 18:14:07.299592	2015-08-24 18:14:07.299592
104	4e5cd930857d28eb7bd724a110403645390840470326c0e463a524d08ab78648	GAQGWLHDC76T4P7A6YJ22CBJGTU7E567PHCJE75BK6DRLJJLD46JZO3O	2015-08-24 18:14:07.306844	2015-08-24 18:14:07.306844
105	cd34d52615ae119ae19be1df0ab1eaaa441a2420b127586cdd932b9c895bbadf	GAQGWLHDC76T4P7A6YJ22CBJGTU7E567PHCJE75BK6DRLJJLD46JZO3O	2015-08-24 18:14:07.314414	2015-08-24 18:14:07.314414
106	bda2be829a22bfec94535afc83a56f5af8e23228de0bbda4062846ada2d48e5a	GAQGWLHDC76T4P7A6YJ22CBJGTU7E567PHCJE75BK6DRLJJLD46JZO3O	2015-08-24 18:14:07.322307	2015-08-24 18:14:07.322307
107	377306cca660c6fca1bccea2289d93993d6fa05451838f5ea07d48accc3a793a	GAQGWLHDC76T4P7A6YJ22CBJGTU7E567PHCJE75BK6DRLJJLD46JZO3O	2015-08-24 18:14:07.329727	2015-08-24 18:14:07.329727
108	5d19c35d28ebf29e4b932ff502aa1087c243d5e01bbe7c3d234664a59d4d8f47	GCSSR36BWWWYKBMCMYDJDAMTUP7LQYYFGYUKC7VIGTUG6ZABSM53R74J	2015-08-24 18:14:07.347359	2015-08-24 18:14:07.347359
109	89135eff073fd1e099a74cdf6b358629bbed76b680112f876bd7ae6aeead63d3	GCSSR36BWWWYKBMCMYDJDAMTUP7LQYYFGYUKC7VIGTUG6ZABSM53R74J	2015-08-24 18:14:07.362289	2015-08-24 18:14:07.362289
110	9d35dda582b656981dfca684a717f02bc3a731bcbb82c1c60b39db3b43bddd18	GCSSR36BWWWYKBMCMYDJDAMTUP7LQYYFGYUKC7VIGTUG6ZABSM53R74J	2015-08-24 18:14:07.376734	2015-08-24 18:14:07.376734
111	e966f72f076e3a18c5bd815752402a48e0cebdf0f3f79dd510157ffcc3a0ad71	GCSSR36BWWWYKBMCMYDJDAMTUP7LQYYFGYUKC7VIGTUG6ZABSM53R74J	2015-08-24 18:14:07.39128	2015-08-24 18:14:07.39128
112	f25895c0323006006f43d64c8853c5061a8093f060fa9936d1c48bcaa2011be9	GCSSR36BWWWYKBMCMYDJDAMTUP7LQYYFGYUKC7VIGTUG6ZABSM53R74J	2015-08-24 18:14:07.405462	2015-08-24 18:14:07.405462
113	093ee4fb3beec4af4b8fca8cb1be9a3234ca43698450430106b91d9261990fe8	GCSSR36BWWWYKBMCMYDJDAMTUP7LQYYFGYUKC7VIGTUG6ZABSM53R74J	2015-08-24 18:14:07.419715	2015-08-24 18:14:07.419715
114	cc882c4cb431f6672f9d6c504feafb15d1e88e03f10288d6832a21c1c42c199b	GCSSR36BWWWYKBMCMYDJDAMTUP7LQYYFGYUKC7VIGTUG6ZABSM53R74J	2015-08-24 18:14:07.434069	2015-08-24 18:14:07.434069
115	ac40b0f862b4a7eb0245536bbd69e10de6b52f309d9542cf6c8512847a8c3e55	GCSSR36BWWWYKBMCMYDJDAMTUP7LQYYFGYUKC7VIGTUG6ZABSM53R74J	2015-08-24 18:14:07.448554	2015-08-24 18:14:07.448554
116	cba3b9d54e82ba39cce9652bc5aa34a607c120dbf46895ac607eceebe42780a0	GAQGWLHDC76T4P7A6YJ22CBJGTU7E567PHCJE75BK6DRLJJLD46JZO3O	2015-08-24 18:14:07.476351	2015-08-24 18:14:07.476351
117	3383e2716e270e6bf2be8cdfcc4080387846f49156f57261241ba52a757daa17	GAQGWLHDC76T4P7A6YJ22CBJGTU7E567PHCJE75BK6DRLJJLD46JZO3O	2015-08-24 18:14:07.48434	2015-08-24 18:14:07.48434
118	b5a173ff9211b8e7558fec9d0610285eb4aa89306f98a4a726acf89f178f4adb	GAQGWLHDC76T4P7A6YJ22CBJGTU7E567PHCJE75BK6DRLJJLD46JZO3O	2015-08-24 18:14:07.491605	2015-08-24 18:14:07.491605
119	8c040b11fc7f55a9328c8fd72bfafbcd604771cbba52e4d8eaec5ad9f905d144	GAQGWLHDC76T4P7A6YJ22CBJGTU7E567PHCJE75BK6DRLJJLD46JZO3O	2015-08-24 18:14:07.498856	2015-08-24 18:14:07.498856
120	ea3b515763815ce263ddf6263d79e381174cff43cac8c9a98209b8b6651d2023	GAQGWLHDC76T4P7A6YJ22CBJGTU7E567PHCJE75BK6DRLJJLD46JZO3O	2015-08-24 18:14:07.514365	2015-08-24 18:14:07.514365
121	1bad25c09776c64ba1022fef9f0afc45a21dd2b0c0c98b213fa3bf6792e932fc	GAQGWLHDC76T4P7A6YJ22CBJGTU7E567PHCJE75BK6DRLJJLD46JZO3O	2015-08-24 18:14:07.52212	2015-08-24 18:14:07.52212
122	48e840e6d24673eab51ea550da56d63c2b11e924dabec9f16d5b90f098ecbe12	GAQGWLHDC76T4P7A6YJ22CBJGTU7E567PHCJE75BK6DRLJJLD46JZO3O	2015-08-24 18:14:07.530779	2015-08-24 18:14:07.530779
123	5c64ec6350a89edde8d0e86c863d816af1af8132c47554d4312bdfda5347f4f6	GAQGWLHDC76T4P7A6YJ22CBJGTU7E567PHCJE75BK6DRLJJLD46JZO3O	2015-08-24 18:14:07.538516	2015-08-24 18:14:07.538516
124	63ad97e94653d64ef2d78afb8eefb2300761d434c0d4951784351322d367db8a	GAQGWLHDC76T4P7A6YJ22CBJGTU7E567PHCJE75BK6DRLJJLD46JZO3O	2015-08-24 18:14:07.546616	2015-08-24 18:14:07.546616
125	d4e901e17124f3af3e55d35dae3648385d29600598f4e74fc074aef8856a5469	GAQGWLHDC76T4P7A6YJ22CBJGTU7E567PHCJE75BK6DRLJJLD46JZO3O	2015-08-24 18:14:07.55505	2015-08-24 18:14:07.55505
\.


--
-- Name: history_transaction_participants_id_seq; Type: SEQUENCE SET; Schema: public; Owner: -
--

SELECT pg_catalog.setval('history_transaction_participants_id_seq', 125, true);


--
-- Data for Name: history_transaction_statuses; Type: TABLE DATA; Schema: public; Owner: -
--

COPY history_transaction_statuses (id, result_code_s, result_code) FROM stdin;
\.


--
-- Name: history_transaction_statuses_id_seq; Type: SEQUENCE SET; Schema: public; Owner: -
--

SELECT pg_catalog.setval('history_transaction_statuses_id_seq', 1, false);


--
-- Data for Name: history_transactions; Type: TABLE DATA; Schema: public; Owner: -
--

COPY history_transactions (transaction_hash, ledger_sequence, application_order, account, account_sequence, max_fee, fee_paid, operation_count, transaction_status_id, created_at, updated_at, id) FROM stdin;
13935d6e59804649bce3a0db24d1dfc0eb18e15e92c15b72b205b230025b273a	2	1	GCEZWKCA5VLDNRLN3RPRJMRZOX3Z6G5CHCGSNFHEYVXM3XOJMDS674JZ	1	10	10	1	-1	2015-08-24 18:14:07.166293	2015-08-24 18:14:07.166293	8589938688
0a388cbbe3cabc674fcd6a76654fa2974a1c8ee2c2b8f104c914f79ce70f5bef	2	2	GCEZWKCA5VLDNRLN3RPRJMRZOX3Z6G5CHCGSNFHEYVXM3XOJMDS674JZ	2	10	10	1	-1	2015-08-24 18:14:07.185488	2015-08-24 18:14:07.185488	8589942784
228f8b22b579725990ef12a01dc8062f7c07fef77ceaa55547256bc1b65d9f2e	2	3	GCEZWKCA5VLDNRLN3RPRJMRZOX3Z6G5CHCGSNFHEYVXM3XOJMDS674JZ	3	10	10	1	-1	2015-08-24 18:14:07.203356	2015-08-24 18:14:07.203356	8589946880
c2568b4aad465469f8c935124c8408f0960918e45cf5b742e8227541161d871f	2	4	GCEZWKCA5VLDNRLN3RPRJMRZOX3Z6G5CHCGSNFHEYVXM3XOJMDS674JZ	4	10	10	1	-1	2015-08-24 18:14:07.225191	2015-08-24 18:14:07.225191	8589950976
d978db900e138cd90fc402e419572c676c873da6586cb7485b470a63b658b1a9	3	1	GCYUOFZ3JEYYEJHGCPRSH7QGYXQJRGZ4TJCY426MAPBMXNEMF2QS6BY4	8589934593	10	10	1	-1	2015-08-24 18:14:07.255459	2015-08-24 18:14:07.255459	12884905984
5f6502ba035f69091c9539fa2fbbdc583f44f2881880aad6fd8f71b614a12997	3	2	GAQGWLHDC76T4P7A6YJ22CBJGTU7E567PHCJE75BK6DRLJJLD46JZO3O	8589934593	10	10	1	-1	2015-08-24 18:14:07.263536	2015-08-24 18:14:07.263536	12884910080
4b6d5c1eaf8624a1a71f882518f7f06166aa00e598f5ea740090ba3d53b09874	3	3	GCKRELW3GD7TRDRDAIVPEFDXWFUPLLR3AXBNRNLFRZHSE3SHTOSUAV7D	8589934593	10	10	1	-1	2015-08-24 18:14:07.275018	2015-08-24 18:14:07.275018	12884914176
304b5b61963101ade22038a006fddd5bbfaf04b21875a8edc78ece0381894740	3	4	GAQGWLHDC76T4P7A6YJ22CBJGTU7E567PHCJE75BK6DRLJJLD46JZO3O	8589934594	10	10	1	-1	2015-08-24 18:14:07.282981	2015-08-24 18:14:07.282981	12884918272
ce39fad0ff2330d8932f0b6a40846204e858ca62343bfea700daa2e14a55c5a5	3	5	GAQGWLHDC76T4P7A6YJ22CBJGTU7E567PHCJE75BK6DRLJJLD46JZO3O	8589934595	10	10	1	-1	2015-08-24 18:14:07.290601	2015-08-24 18:14:07.290601	12884922368
781f728b91c739718a0dbafe44b01fa9ac9979bd20088ff1dc6a457e33c705b0	3	6	GAQGWLHDC76T4P7A6YJ22CBJGTU7E567PHCJE75BK6DRLJJLD46JZO3O	8589934596	10	10	1	-1	2015-08-24 18:14:07.298042	2015-08-24 18:14:07.298042	12884926464
4e5cd930857d28eb7bd724a110403645390840470326c0e463a524d08ab78648	3	7	GAQGWLHDC76T4P7A6YJ22CBJGTU7E567PHCJE75BK6DRLJJLD46JZO3O	8589934597	10	10	1	-1	2015-08-24 18:14:07.305279	2015-08-24 18:14:07.305279	12884930560
cd34d52615ae119ae19be1df0ab1eaaa441a2420b127586cdd932b9c895bbadf	3	8	GAQGWLHDC76T4P7A6YJ22CBJGTU7E567PHCJE75BK6DRLJJLD46JZO3O	8589934598	10	10	1	-1	2015-08-24 18:14:07.312744	2015-08-24 18:14:07.312744	12884934656
bda2be829a22bfec94535afc83a56f5af8e23228de0bbda4062846ada2d48e5a	3	9	GAQGWLHDC76T4P7A6YJ22CBJGTU7E567PHCJE75BK6DRLJJLD46JZO3O	8589934599	10	10	1	-1	2015-08-24 18:14:07.320728	2015-08-24 18:14:07.320728	12884938752
377306cca660c6fca1bccea2289d93993d6fa05451838f5ea07d48accc3a793a	3	10	GAQGWLHDC76T4P7A6YJ22CBJGTU7E567PHCJE75BK6DRLJJLD46JZO3O	8589934600	10	10	1	-1	2015-08-24 18:14:07.328114	2015-08-24 18:14:07.328114	12884942848
5d19c35d28ebf29e4b932ff502aa1087c243d5e01bbe7c3d234664a59d4d8f47	4	1	GCSSR36BWWWYKBMCMYDJDAMTUP7LQYYFGYUKC7VIGTUG6ZABSM53R74J	8589934593	10	10	1	-1	2015-08-24 18:14:07.345647	2015-08-24 18:14:07.345647	17179873280
89135eff073fd1e099a74cdf6b358629bbed76b680112f876bd7ae6aeead63d3	4	2	GCSSR36BWWWYKBMCMYDJDAMTUP7LQYYFGYUKC7VIGTUG6ZABSM53R74J	8589934594	10	10	1	-1	2015-08-24 18:14:07.36067	2015-08-24 18:14:07.36067	17179877376
9d35dda582b656981dfca684a717f02bc3a731bcbb82c1c60b39db3b43bddd18	4	3	GCSSR36BWWWYKBMCMYDJDAMTUP7LQYYFGYUKC7VIGTUG6ZABSM53R74J	8589934595	10	10	1	-1	2015-08-24 18:14:07.375085	2015-08-24 18:14:07.375085	17179881472
e966f72f076e3a18c5bd815752402a48e0cebdf0f3f79dd510157ffcc3a0ad71	4	4	GCSSR36BWWWYKBMCMYDJDAMTUP7LQYYFGYUKC7VIGTUG6ZABSM53R74J	8589934596	10	10	1	-1	2015-08-24 18:14:07.389655	2015-08-24 18:14:07.389655	17179885568
f25895c0323006006f43d64c8853c5061a8093f060fa9936d1c48bcaa2011be9	4	5	GCSSR36BWWWYKBMCMYDJDAMTUP7LQYYFGYUKC7VIGTUG6ZABSM53R74J	8589934597	10	10	1	-1	2015-08-24 18:14:07.403838	2015-08-24 18:14:07.403838	17179889664
093ee4fb3beec4af4b8fca8cb1be9a3234ca43698450430106b91d9261990fe8	4	6	GCSSR36BWWWYKBMCMYDJDAMTUP7LQYYFGYUKC7VIGTUG6ZABSM53R74J	8589934598	10	10	1	-1	2015-08-24 18:14:07.418064	2015-08-24 18:14:07.418064	17179893760
cc882c4cb431f6672f9d6c504feafb15d1e88e03f10288d6832a21c1c42c199b	4	7	GCSSR36BWWWYKBMCMYDJDAMTUP7LQYYFGYUKC7VIGTUG6ZABSM53R74J	8589934599	10	10	1	-1	2015-08-24 18:14:07.432404	2015-08-24 18:14:07.432404	17179897856
ac40b0f862b4a7eb0245536bbd69e10de6b52f309d9542cf6c8512847a8c3e55	4	8	GCSSR36BWWWYKBMCMYDJDAMTUP7LQYYFGYUKC7VIGTUG6ZABSM53R74J	8589934600	10	10	1	-1	2015-08-24 18:14:07.446833	2015-08-24 18:14:07.446833	17179901952
cba3b9d54e82ba39cce9652bc5aa34a607c120dbf46895ac607eceebe42780a0	5	1	GAQGWLHDC76T4P7A6YJ22CBJGTU7E567PHCJE75BK6DRLJJLD46JZO3O	8589934601	10	10	1	-1	2015-08-24 18:14:07.474376	2015-08-24 18:14:07.474376	21474840576
3383e2716e270e6bf2be8cdfcc4080387846f49156f57261241ba52a757daa17	5	2	GAQGWLHDC76T4P7A6YJ22CBJGTU7E567PHCJE75BK6DRLJJLD46JZO3O	8589934602	10	10	1	-1	2015-08-24 18:14:07.48286	2015-08-24 18:14:07.48286	21474844672
b5a173ff9211b8e7558fec9d0610285eb4aa89306f98a4a726acf89f178f4adb	5	3	GAQGWLHDC76T4P7A6YJ22CBJGTU7E567PHCJE75BK6DRLJJLD46JZO3O	8589934603	10	10	1	-1	2015-08-24 18:14:07.490117	2015-08-24 18:14:07.490117	21474848768
8c040b11fc7f55a9328c8fd72bfafbcd604771cbba52e4d8eaec5ad9f905d144	5	4	GAQGWLHDC76T4P7A6YJ22CBJGTU7E567PHCJE75BK6DRLJJLD46JZO3O	8589934604	10	10	1	-1	2015-08-24 18:14:07.49737	2015-08-24 18:14:07.49737	21474852864
ea3b515763815ce263ddf6263d79e381174cff43cac8c9a98209b8b6651d2023	5	5	GAQGWLHDC76T4P7A6YJ22CBJGTU7E567PHCJE75BK6DRLJJLD46JZO3O	8589934605	10	10	1	-1	2015-08-24 18:14:07.512458	2015-08-24 18:14:07.512458	21474856960
1bad25c09776c64ba1022fef9f0afc45a21dd2b0c0c98b213fa3bf6792e932fc	5	6	GAQGWLHDC76T4P7A6YJ22CBJGTU7E567PHCJE75BK6DRLJJLD46JZO3O	8589934606	10	10	1	-1	2015-08-24 18:14:07.520442	2015-08-24 18:14:07.520442	21474861056
48e840e6d24673eab51ea550da56d63c2b11e924dabec9f16d5b90f098ecbe12	5	7	GAQGWLHDC76T4P7A6YJ22CBJGTU7E567PHCJE75BK6DRLJJLD46JZO3O	8589934607	10	10	1	-1	2015-08-24 18:14:07.529169	2015-08-24 18:14:07.529169	21474865152
5c64ec6350a89edde8d0e86c863d816af1af8132c47554d4312bdfda5347f4f6	5	8	GAQGWLHDC76T4P7A6YJ22CBJGTU7E567PHCJE75BK6DRLJJLD46JZO3O	8589934608	10	10	1	-1	2015-08-24 18:14:07.536987	2015-08-24 18:14:07.536987	21474869248
63ad97e94653d64ef2d78afb8eefb2300761d434c0d4951784351322d367db8a	5	9	GAQGWLHDC76T4P7A6YJ22CBJGTU7E567PHCJE75BK6DRLJJLD46JZO3O	8589934609	10	10	1	-1	2015-08-24 18:14:07.544996	2015-08-24 18:14:07.544996	21474873344
d4e901e17124f3af3e55d35dae3648385d29600598f4e74fc074aef8856a5469	5	10	GAQGWLHDC76T4P7A6YJ22CBJGTU7E567PHCJE75BK6DRLJJLD46JZO3O	8589934610	10	10	1	-1	2015-08-24 18:14:07.553257	2015-08-24 18:14:07.553257	21474877440
\.


--
-- Data for Name: schema_migrations; Type: TABLE DATA; Schema: public; Owner: -
--

COPY schema_migrations (version) FROM stdin;
20150508215546
20150310224849
20150313225945
20150313225955
20150501160031
20150508003829
20150508175821
20150508183542
20150609230237
20150629181921
\.


--
-- Name: history_operation_participants_pkey; Type: CONSTRAINT; Schema: public; Owner: -; Tablespace: 
--

ALTER TABLE ONLY history_operation_participants
    ADD CONSTRAINT history_operation_participants_pkey PRIMARY KEY (id);


--
-- Name: history_transaction_participants_pkey; Type: CONSTRAINT; Schema: public; Owner: -; Tablespace: 
--

ALTER TABLE ONLY history_transaction_participants
    ADD CONSTRAINT history_transaction_participants_pkey PRIMARY KEY (id);


--
-- Name: history_transaction_statuses_pkey; Type: CONSTRAINT; Schema: public; Owner: -; Tablespace: 
--

ALTER TABLE ONLY history_transaction_statuses
    ADD CONSTRAINT history_transaction_statuses_pkey PRIMARY KEY (id);


--
-- Name: by_account; Type: INDEX; Schema: public; Owner: -; Tablespace: 
--

CREATE INDEX by_account ON history_transactions USING btree (account, account_sequence);


--
-- Name: by_hash; Type: INDEX; Schema: public; Owner: -; Tablespace: 
--

CREATE INDEX by_hash ON history_transactions USING btree (transaction_hash);


--
-- Name: by_ledger; Type: INDEX; Schema: public; Owner: -; Tablespace: 
--

CREATE INDEX by_ledger ON history_transactions USING btree (ledger_sequence, application_order);


--
-- Name: by_status; Type: INDEX; Schema: public; Owner: -; Tablespace: 
--

CREATE INDEX by_status ON history_transactions USING btree (transaction_status_id);


--
-- Name: hist_e_by_order; Type: INDEX; Schema: public; Owner: -; Tablespace: 
--

CREATE UNIQUE INDEX hist_e_by_order ON history_effects USING btree (history_operation_id, "order");


--
-- Name: hist_e_id; Type: INDEX; Schema: public; Owner: -; Tablespace: 
--

CREATE UNIQUE INDEX hist_e_id ON history_effects USING btree (history_account_id, history_operation_id, "order");


--
-- Name: hist_op_p_id; Type: INDEX; Schema: public; Owner: -; Tablespace: 
--

CREATE UNIQUE INDEX hist_op_p_id ON history_operation_participants USING btree (history_account_id, history_operation_id);


--
-- Name: hs_ledger_by_id; Type: INDEX; Schema: public; Owner: -; Tablespace: 
--

CREATE UNIQUE INDEX hs_ledger_by_id ON history_ledgers USING btree (id);


--
-- Name: hs_transaction_by_id; Type: INDEX; Schema: public; Owner: -; Tablespace: 
--

CREATE UNIQUE INDEX hs_transaction_by_id ON history_transactions USING btree (id);


--
-- Name: index_history_accounts_on_id; Type: INDEX; Schema: public; Owner: -; Tablespace: 
--

CREATE UNIQUE INDEX index_history_accounts_on_id ON history_accounts USING btree (id);


--
-- Name: index_history_effects_on_type; Type: INDEX; Schema: public; Owner: -; Tablespace: 
--

CREATE INDEX index_history_effects_on_type ON history_effects USING btree (type);


--
-- Name: index_history_ledgers_on_closed_at; Type: INDEX; Schema: public; Owner: -; Tablespace: 
--

CREATE INDEX index_history_ledgers_on_closed_at ON history_ledgers USING btree (closed_at);


--
-- Name: index_history_ledgers_on_id; Type: INDEX; Schema: public; Owner: -; Tablespace: 
--

CREATE UNIQUE INDEX index_history_ledgers_on_id ON history_ledgers USING btree (id);


--
-- Name: index_history_ledgers_on_ledger_hash; Type: INDEX; Schema: public; Owner: -; Tablespace: 
--

CREATE UNIQUE INDEX index_history_ledgers_on_ledger_hash ON history_ledgers USING btree (ledger_hash);


--
-- Name: index_history_ledgers_on_previous_ledger_hash; Type: INDEX; Schema: public; Owner: -; Tablespace: 
--

CREATE UNIQUE INDEX index_history_ledgers_on_previous_ledger_hash ON history_ledgers USING btree (previous_ledger_hash);


--
-- Name: index_history_ledgers_on_sequence; Type: INDEX; Schema: public; Owner: -; Tablespace: 
--

CREATE UNIQUE INDEX index_history_ledgers_on_sequence ON history_ledgers USING btree (sequence);


--
-- Name: index_history_operations_on_id; Type: INDEX; Schema: public; Owner: -; Tablespace: 
--

CREATE UNIQUE INDEX index_history_operations_on_id ON history_operations USING btree (id);


--
-- Name: index_history_operations_on_transaction_id; Type: INDEX; Schema: public; Owner: -; Tablespace: 
--

CREATE INDEX index_history_operations_on_transaction_id ON history_operations USING btree (transaction_id);


--
-- Name: index_history_operations_on_type; Type: INDEX; Schema: public; Owner: -; Tablespace: 
--

CREATE INDEX index_history_operations_on_type ON history_operations USING btree (type);


--
-- Name: index_history_transaction_participants_on_account; Type: INDEX; Schema: public; Owner: -; Tablespace: 
--

CREATE INDEX index_history_transaction_participants_on_account ON history_transaction_participants USING btree (account);


--
-- Name: index_history_transaction_participants_on_transaction_hash; Type: INDEX; Schema: public; Owner: -; Tablespace: 
--

CREATE INDEX index_history_transaction_participants_on_transaction_hash ON history_transaction_participants USING btree (transaction_hash);


--
-- Name: index_history_transaction_statuses_lc_on_all; Type: INDEX; Schema: public; Owner: -; Tablespace: 
--

CREATE UNIQUE INDEX index_history_transaction_statuses_lc_on_all ON history_transaction_statuses USING btree (id, result_code, result_code_s);


--
-- Name: index_history_transactions_on_id; Type: INDEX; Schema: public; Owner: -; Tablespace: 
--

CREATE UNIQUE INDEX index_history_transactions_on_id ON history_transactions USING btree (id);


--
-- Name: unique_schema_migrations; Type: INDEX; Schema: public; Owner: -; Tablespace: 
--

CREATE UNIQUE INDEX unique_schema_migrations ON schema_migrations USING btree (version);


--
-- Name: public; Type: ACL; Schema: -; Owner: -
--

REVOKE ALL ON SCHEMA public FROM PUBLIC;
REVOKE ALL ON SCHEMA public FROM nullstyle;
GRANT ALL ON SCHEMA public TO nullstyle;
GRANT ALL ON SCHEMA public TO PUBLIC;


--
-- PostgreSQL database dump complete
--

