--
-- PostgreSQL database dump
--

SET statement_timeout = 0;
SET lock_timeout = 0;
SET client_encoding = 'UTF8';
SET standard_conforming_strings = on;
SET check_function_bodies = false;
SET client_min_messages = warning;

SET search_path = public, pg_catalog;

DROP INDEX public.unique_schema_migrations;
DROP INDEX public.index_history_transactions_on_id;
DROP INDEX public.index_history_transaction_statuses_lc_on_all;
DROP INDEX public.index_history_transaction_participants_on_transaction_hash;
DROP INDEX public.index_history_transaction_participants_on_account;
DROP INDEX public.index_history_operations_on_type;
DROP INDEX public.index_history_operations_on_transaction_id;
DROP INDEX public.index_history_operations_on_id;
DROP INDEX public.index_history_ledgers_on_sequence;
DROP INDEX public.index_history_ledgers_on_previous_ledger_hash;
DROP INDEX public.index_history_ledgers_on_ledger_hash;
DROP INDEX public.index_history_ledgers_on_id;
DROP INDEX public.index_history_ledgers_on_closed_at;
DROP INDEX public.index_history_effects_on_type;
DROP INDEX public.index_history_accounts_on_id;
DROP INDEX public.hs_transaction_by_id;
DROP INDEX public.hs_ledger_by_id;
DROP INDEX public.hist_op_p_id;
DROP INDEX public.hist_e_id;
DROP INDEX public.hist_e_by_order;
DROP INDEX public.by_status;
DROP INDEX public.by_ledger;
DROP INDEX public.by_hash;
DROP INDEX public.by_account;
ALTER TABLE ONLY public.history_transaction_statuses DROP CONSTRAINT history_transaction_statuses_pkey;
ALTER TABLE ONLY public.history_transaction_participants DROP CONSTRAINT history_transaction_participants_pkey;
ALTER TABLE ONLY public.history_operation_participants DROP CONSTRAINT history_operation_participants_pkey;
ALTER TABLE public.history_transaction_statuses ALTER COLUMN id DROP DEFAULT;
ALTER TABLE public.history_transaction_participants ALTER COLUMN id DROP DEFAULT;
ALTER TABLE public.history_operation_participants ALTER COLUMN id DROP DEFAULT;
DROP TABLE public.schema_migrations;
DROP TABLE public.history_transactions;
DROP SEQUENCE public.history_transaction_statuses_id_seq;
DROP TABLE public.history_transaction_statuses;
DROP SEQUENCE public.history_transaction_participants_id_seq;
DROP TABLE public.history_transaction_participants;
DROP TABLE public.history_operations;
DROP SEQUENCE public.history_operation_participants_id_seq;
DROP TABLE public.history_operation_participants;
DROP TABLE public.history_ledgers;
DROP TABLE public.history_effects;
DROP TABLE public.history_accounts;
DROP EXTENSION hstore;
DROP EXTENSION plpgsql;
DROP SCHEMA public;
--
-- Name: public; Type: SCHEMA; Schema: -; Owner: -
--

CREATE SCHEMA public;


--
-- Name: SCHEMA public; Type: COMMENT; Schema: -; Owner: -
--

COMMENT ON SCHEMA public IS 'standard public schema';


--
-- Name: plpgsql; Type: EXTENSION; Schema: -; Owner: -
--

CREATE EXTENSION IF NOT EXISTS plpgsql WITH SCHEMA pg_catalog;


--
-- Name: EXTENSION plpgsql; Type: COMMENT; Schema: -; Owner: -
--

COMMENT ON EXTENSION plpgsql IS 'PL/pgSQL procedural language';


--
-- Name: hstore; Type: EXTENSION; Schema: -; Owner: -
--

CREATE EXTENSION IF NOT EXISTS hstore WITH SCHEMA public;


--
-- Name: EXTENSION hstore; Type: COMMENT; Schema: -; Owner: -
--

COMMENT ON EXTENSION hstore IS 'data type for storing sets of (key, value) pairs';


SET search_path = public, pg_catalog;

SET default_tablespace = '';

SET default_with_oids = false;

--
-- Name: history_accounts; Type: TABLE; Schema: public; Owner: -; Tablespace: 
--

CREATE TABLE history_accounts (
    id bigint NOT NULL,
    address character varying(64)
);


--
-- Name: history_effects; Type: TABLE; Schema: public; Owner: -; Tablespace: 
--

CREATE TABLE history_effects (
    history_account_id bigint NOT NULL,
    history_operation_id bigint NOT NULL,
    "order" integer NOT NULL,
    type integer NOT NULL,
    details jsonb
);


--
-- Name: history_ledgers; Type: TABLE; Schema: public; Owner: -; Tablespace: 
--

CREATE TABLE history_ledgers (
    sequence integer NOT NULL,
    ledger_hash character varying(64) NOT NULL,
    previous_ledger_hash character varying(64),
    transaction_count integer DEFAULT 0 NOT NULL,
    operation_count integer DEFAULT 0 NOT NULL,
    closed_at timestamp without time zone NOT NULL,
    created_at timestamp without time zone,
    updated_at timestamp without time zone,
    id bigint
);


--
-- Name: history_operation_participants; Type: TABLE; Schema: public; Owner: -; Tablespace: 
--

CREATE TABLE history_operation_participants (
    id integer NOT NULL,
    history_operation_id bigint NOT NULL,
    history_account_id bigint NOT NULL
);


--
-- Name: history_operation_participants_id_seq; Type: SEQUENCE; Schema: public; Owner: -
--

CREATE SEQUENCE history_operation_participants_id_seq
    START WITH 1
    INCREMENT BY 1
    NO MINVALUE
    NO MAXVALUE
    CACHE 1;


--
-- Name: history_operation_participants_id_seq; Type: SEQUENCE OWNED BY; Schema: public; Owner: -
--

ALTER SEQUENCE history_operation_participants_id_seq OWNED BY history_operation_participants.id;


--
-- Name: history_operations; Type: TABLE; Schema: public; Owner: -; Tablespace: 
--

CREATE TABLE history_operations (
    id bigint NOT NULL,
    transaction_id bigint NOT NULL,
    application_order integer NOT NULL,
    type integer NOT NULL,
    details jsonb
);


--
-- Name: history_transaction_participants; Type: TABLE; Schema: public; Owner: -; Tablespace: 
--

CREATE TABLE history_transaction_participants (
    id integer NOT NULL,
    transaction_hash character varying(64) NOT NULL,
    account character varying(64) NOT NULL,
    created_at timestamp without time zone,
    updated_at timestamp without time zone
);


--
-- Name: history_transaction_participants_id_seq; Type: SEQUENCE; Schema: public; Owner: -
--

CREATE SEQUENCE history_transaction_participants_id_seq
    START WITH 1
    INCREMENT BY 1
    NO MINVALUE
    NO MAXVALUE
    CACHE 1;


--
-- Name: history_transaction_participants_id_seq; Type: SEQUENCE OWNED BY; Schema: public; Owner: -
--

ALTER SEQUENCE history_transaction_participants_id_seq OWNED BY history_transaction_participants.id;


--
-- Name: history_transaction_statuses; Type: TABLE; Schema: public; Owner: -; Tablespace: 
--

CREATE TABLE history_transaction_statuses (
    id integer NOT NULL,
    result_code_s character varying NOT NULL,
    result_code integer NOT NULL
);


--
-- Name: history_transaction_statuses_id_seq; Type: SEQUENCE; Schema: public; Owner: -
--

CREATE SEQUENCE history_transaction_statuses_id_seq
    START WITH 1
    INCREMENT BY 1
    NO MINVALUE
    NO MAXVALUE
    CACHE 1;


--
-- Name: history_transaction_statuses_id_seq; Type: SEQUENCE OWNED BY; Schema: public; Owner: -
--

ALTER SEQUENCE history_transaction_statuses_id_seq OWNED BY history_transaction_statuses.id;


--
-- Name: history_transactions; Type: TABLE; Schema: public; Owner: -; Tablespace: 
--

CREATE TABLE history_transactions (
    transaction_hash character varying(64) NOT NULL,
    ledger_sequence integer NOT NULL,
    application_order integer NOT NULL,
    account character varying(64) NOT NULL,
    account_sequence bigint NOT NULL,
    max_fee integer NOT NULL,
    fee_paid integer NOT NULL,
    operation_count integer NOT NULL,
    transaction_status_id integer NOT NULL,
    created_at timestamp without time zone,
    updated_at timestamp without time zone,
    id bigint
);


--
-- Name: schema_migrations; Type: TABLE; Schema: public; Owner: -; Tablespace: 
--

CREATE TABLE schema_migrations (
    version character varying(255) NOT NULL
);


--
-- Name: id; Type: DEFAULT; Schema: public; Owner: -
--

ALTER TABLE ONLY history_operation_participants ALTER COLUMN id SET DEFAULT nextval('history_operation_participants_id_seq'::regclass);


--
-- Name: id; Type: DEFAULT; Schema: public; Owner: -
--

ALTER TABLE ONLY history_transaction_participants ALTER COLUMN id SET DEFAULT nextval('history_transaction_participants_id_seq'::regclass);


--
-- Name: id; Type: DEFAULT; Schema: public; Owner: -
--

ALTER TABLE ONLY history_transaction_statuses ALTER COLUMN id SET DEFAULT nextval('history_transaction_statuses_id_seq'::regclass);


--
-- Data for Name: history_accounts; Type: TABLE DATA; Schema: public; Owner: -
--

COPY history_accounts (id, address) FROM stdin;
0	GCEZWKCA5VLDNRLN3RPRJMRZOX3Z6G5CHCGSNFHEYVXM3XOJMDS674JZ
8589938688	GBBLYKS54H4Z5J3G66DA5LKKOANNABWKBGMUOEBPIMHWLAI6225ZD2AM
8589942784	GCGS4AOALPO6L5U7SOYHAOJIJI736IZ7EFL2OFZQ6GFMSWF2PFRFRD2I
8589946880	GBOAFO2KSBYDMCNKYBEW2UY6JJCLN2ZBVQEZBBZGC2Y3O5JTLOM6Y3D5
8589950976	GAC2S36Y76YYCQTC5KS4JKFF2ALSPNPAOXEG3ZUTSAXBAN47YJK5KL22
\.


--
-- Data for Name: history_effects; Type: TABLE DATA; Schema: public; Owner: -
--

COPY history_effects (history_account_id, history_operation_id, "order", type, details) FROM stdin;
8589938688	8589938688	0	0	{"starting_balance": 10000000000}
0	8589938688	1	3	{"amount": 10000000000, "asset_type": "native"}
8589942784	8589942784	0	0	{"starting_balance": 10000000000}
0	8589942784	1	3	{"amount": 10000000000, "asset_type": "native"}
8589946880	8589946880	0	0	{"starting_balance": 10000000000}
0	8589946880	1	3	{"amount": 10000000000, "asset_type": "native"}
8589950976	8589950976	0	0	{"starting_balance": 10000000000}
0	8589950976	1	3	{"amount": 10000000000, "asset_type": "native"}
8589942784	17179873280	0	2	{"amount": 5000, "asset_code": "USD", "asset_type": "credit_alphanum4", "asset_issuer": "GBBLYKS54H4Z5J3G66DA5LKKOANNABWKBGMUOEBPIMHWLAI6225ZD2AM"}
8589938688	17179873280	1	3	{"amount": 5000, "asset_code": "USD", "asset_type": "credit_alphanum4", "asset_issuer": "GBBLYKS54H4Z5J3G66DA5LKKOANNABWKBGMUOEBPIMHWLAI6225ZD2AM"}
8589950976	17179877376	0	2	{"amount": 5000, "asset_code": "EUR", "asset_type": "credit_alphanum4", "asset_issuer": "GBBLYKS54H4Z5J3G66DA5LKKOANNABWKBGMUOEBPIMHWLAI6225ZD2AM"}
8589938688	17179877376	1	3	{"amount": 5000, "asset_code": "EUR", "asset_type": "credit_alphanum4", "asset_issuer": "GBBLYKS54H4Z5J3G66DA5LKKOANNABWKBGMUOEBPIMHWLAI6225ZD2AM"}
8589950976	17179881472	0	2	{"amount": 5000, "asset_code": "1", "asset_type": "credit_alphanum4", "asset_issuer": "GBBLYKS54H4Z5J3G66DA5LKKOANNABWKBGMUOEBPIMHWLAI6225ZD2AM"}
8589938688	17179881472	1	3	{"amount": 5000, "asset_code": "1", "asset_type": "credit_alphanum4", "asset_issuer": "GBBLYKS54H4Z5J3G66DA5LKKOANNABWKBGMUOEBPIMHWLAI6225ZD2AM"}
8589950976	17179885568	0	2	{"amount": 5000, "asset_code": "21", "asset_type": "credit_alphanum4", "asset_issuer": "GBBLYKS54H4Z5J3G66DA5LKKOANNABWKBGMUOEBPIMHWLAI6225ZD2AM"}
8589938688	17179885568	1	3	{"amount": 5000, "asset_code": "21", "asset_type": "credit_alphanum4", "asset_issuer": "GBBLYKS54H4Z5J3G66DA5LKKOANNABWKBGMUOEBPIMHWLAI6225ZD2AM"}
8589950976	17179889664	0	2	{"amount": 5000, "asset_code": "22", "asset_type": "credit_alphanum4", "asset_issuer": "GBBLYKS54H4Z5J3G66DA5LKKOANNABWKBGMUOEBPIMHWLAI6225ZD2AM"}
8589938688	17179889664	1	3	{"amount": 5000, "asset_code": "22", "asset_type": "credit_alphanum4", "asset_issuer": "GBBLYKS54H4Z5J3G66DA5LKKOANNABWKBGMUOEBPIMHWLAI6225ZD2AM"}
8589950976	17179893760	0	2	{"amount": 5000, "asset_code": "31", "asset_type": "credit_alphanum4", "asset_issuer": "GBBLYKS54H4Z5J3G66DA5LKKOANNABWKBGMUOEBPIMHWLAI6225ZD2AM"}
8589938688	17179893760	1	3	{"amount": 5000, "asset_code": "31", "asset_type": "credit_alphanum4", "asset_issuer": "GBBLYKS54H4Z5J3G66DA5LKKOANNABWKBGMUOEBPIMHWLAI6225ZD2AM"}
8589950976	17179897856	0	2	{"amount": 5000, "asset_code": "32", "asset_type": "credit_alphanum4", "asset_issuer": "GBBLYKS54H4Z5J3G66DA5LKKOANNABWKBGMUOEBPIMHWLAI6225ZD2AM"}
8589938688	17179897856	1	3	{"amount": 5000, "asset_code": "32", "asset_type": "credit_alphanum4", "asset_issuer": "GBBLYKS54H4Z5J3G66DA5LKKOANNABWKBGMUOEBPIMHWLAI6225ZD2AM"}
8589950976	17179901952	0	2	{"amount": 5000, "asset_code": "33", "asset_type": "credit_alphanum4", "asset_issuer": "GBBLYKS54H4Z5J3G66DA5LKKOANNABWKBGMUOEBPIMHWLAI6225ZD2AM"}
8589938688	17179901952	1	3	{"amount": 5000, "asset_code": "33", "asset_type": "credit_alphanum4", "asset_issuer": "GBBLYKS54H4Z5J3G66DA5LKKOANNABWKBGMUOEBPIMHWLAI6225ZD2AM"}
\.


--
-- Data for Name: history_ledgers; Type: TABLE DATA; Schema: public; Owner: -
--

COPY history_ledgers (sequence, ledger_hash, previous_ledger_hash, transaction_count, operation_count, closed_at, created_at, updated_at, id) FROM stdin;
1	e8e10918f9c000c73119abe54cf089f59f9015cc93c49ccf00b5e8b9afb6e6b1	\N	0	0	1970-01-01 00:00:00	2015-07-24 18:39:13.347683	2015-07-24 18:39:13.347683	4294967296
2	006c1d47b91143fcd14fa4ece11fd0d2759255a6fcdf3226287378f9565a2d37	e8e10918f9c000c73119abe54cf089f59f9015cc93c49ccf00b5e8b9afb6e6b1	4	4	2015-07-24 18:39:11	2015-07-24 18:39:13.35745	2015-07-24 18:39:13.35745	8589934592
3	be0626d5f52e8a6d9cd6cbdc653b68e0deb52efc2bfeb00cfefc9d73e3510967	006c1d47b91143fcd14fa4ece11fd0d2759255a6fcdf3226287378f9565a2d37	10	10	2015-07-24 18:39:12	2015-07-24 18:39:13.460528	2015-07-24 18:39:13.460528	12884901888
4	de8bd39994ee28e40bb9888f8038c95f537f21f4a9c3384b5fbcfc12df81b9b8	be0626d5f52e8a6d9cd6cbdc653b68e0deb52efc2bfeb00cfefc9d73e3510967	8	8	2015-07-24 18:39:13	2015-07-24 18:39:13.579849	2015-07-24 18:39:13.579849	17179869184
5	01c25d844667c212a10502d7160ae46c14bd7c5000d5091fc89b4e7ebe7745d1	de8bd39994ee28e40bb9888f8038c95f537f21f4a9c3384b5fbcfc12df81b9b8	10	10	2015-07-24 18:39:14	2015-07-24 18:39:13.710065	2015-07-24 18:39:13.710065	21474836480
\.


--
-- Data for Name: history_operation_participants; Type: TABLE DATA; Schema: public; Owner: -
--

COPY history_operation_participants (id, history_operation_id, history_account_id) FROM stdin;
100	8589938688	0
101	8589938688	8589938688
102	8589942784	0
103	8589942784	8589942784
104	8589946880	0
105	8589946880	8589946880
106	8589950976	0
107	8589950976	8589950976
108	12884905984	8589946880
109	12884910080	8589950976
110	12884914176	8589942784
111	12884918272	8589950976
112	12884922368	8589950976
113	12884926464	8589950976
114	12884930560	8589950976
115	12884934656	8589950976
116	12884938752	8589950976
117	12884942848	8589950976
118	17179873280	8589938688
119	17179873280	8589942784
120	17179877376	8589938688
121	17179877376	8589950976
122	17179881472	8589938688
123	17179881472	8589950976
124	17179885568	8589938688
125	17179885568	8589950976
126	17179889664	8589938688
127	17179889664	8589950976
128	17179893760	8589938688
129	17179893760	8589950976
130	17179897856	8589938688
131	17179897856	8589950976
132	17179901952	8589938688
133	17179901952	8589950976
134	21474840576	8589950976
135	21474844672	8589950976
136	21474848768	8589950976
137	21474852864	8589950976
138	21474856960	8589950976
139	21474861056	8589950976
140	21474865152	8589950976
141	21474869248	8589950976
142	21474873344	8589950976
143	21474877440	8589950976
\.


--
-- Name: history_operation_participants_id_seq; Type: SEQUENCE SET; Schema: public; Owner: -
--

SELECT pg_catalog.setval('history_operation_participants_id_seq', 143, true);


--
-- Data for Name: history_operations; Type: TABLE DATA; Schema: public; Owner: -
--

COPY history_operations (id, transaction_id, application_order, type, details) FROM stdin;
8589938688	8589938688	0	0	{"funder": "GCEZWKCA5VLDNRLN3RPRJMRZOX3Z6G5CHCGSNFHEYVXM3XOJMDS674JZ", "account": "GBBLYKS54H4Z5J3G66DA5LKKOANNABWKBGMUOEBPIMHWLAI6225ZD2AM", "starting_balance": 10000000000}
8589942784	8589942784	0	0	{"funder": "GCEZWKCA5VLDNRLN3RPRJMRZOX3Z6G5CHCGSNFHEYVXM3XOJMDS674JZ", "account": "GCGS4AOALPO6L5U7SOYHAOJIJI736IZ7EFL2OFZQ6GFMSWF2PFRFRD2I", "starting_balance": 10000000000}
8589946880	8589946880	0	0	{"funder": "GCEZWKCA5VLDNRLN3RPRJMRZOX3Z6G5CHCGSNFHEYVXM3XOJMDS674JZ", "account": "GBOAFO2KSBYDMCNKYBEW2UY6JJCLN2ZBVQEZBBZGC2Y3O5JTLOM6Y3D5", "starting_balance": 10000000000}
8589950976	8589950976	0	0	{"funder": "GCEZWKCA5VLDNRLN3RPRJMRZOX3Z6G5CHCGSNFHEYVXM3XOJMDS674JZ", "account": "GAC2S36Y76YYCQTC5KS4JKFF2ALSPNPAOXEG3ZUTSAXBAN47YJK5KL22", "starting_balance": 10000000000}
12884905984	12884905984	0	6	{"limit": 9223372036854775807, "trustee": "GBBLYKS54H4Z5J3G66DA5LKKOANNABWKBGMUOEBPIMHWLAI6225ZD2AM", "trustor": "GBOAFO2KSBYDMCNKYBEW2UY6JJCLN2ZBVQEZBBZGC2Y3O5JTLOM6Y3D5", "asset_code": "EUR", "asset_type": "credit_alphanum4", "asset_issuer": "GBBLYKS54H4Z5J3G66DA5LKKOANNABWKBGMUOEBPIMHWLAI6225ZD2AM"}
12884910080	12884910080	0	6	{"limit": 9223372036854775807, "trustee": "GBBLYKS54H4Z5J3G66DA5LKKOANNABWKBGMUOEBPIMHWLAI6225ZD2AM", "trustor": "GAC2S36Y76YYCQTC5KS4JKFF2ALSPNPAOXEG3ZUTSAXBAN47YJK5KL22", "asset_code": "USD", "asset_type": "credit_alphanum4", "asset_issuer": "GBBLYKS54H4Z5J3G66DA5LKKOANNABWKBGMUOEBPIMHWLAI6225ZD2AM"}
12884914176	12884914176	0	6	{"limit": 9223372036854775807, "trustee": "GBBLYKS54H4Z5J3G66DA5LKKOANNABWKBGMUOEBPIMHWLAI6225ZD2AM", "trustor": "GCGS4AOALPO6L5U7SOYHAOJIJI736IZ7EFL2OFZQ6GFMSWF2PFRFRD2I", "asset_code": "USD", "asset_type": "credit_alphanum4", "asset_issuer": "GBBLYKS54H4Z5J3G66DA5LKKOANNABWKBGMUOEBPIMHWLAI6225ZD2AM"}
12884918272	12884918272	0	6	{"limit": 9223372036854775807, "trustee": "GBBLYKS54H4Z5J3G66DA5LKKOANNABWKBGMUOEBPIMHWLAI6225ZD2AM", "trustor": "GAC2S36Y76YYCQTC5KS4JKFF2ALSPNPAOXEG3ZUTSAXBAN47YJK5KL22", "asset_code": "EUR", "asset_type": "credit_alphanum4", "asset_issuer": "GBBLYKS54H4Z5J3G66DA5LKKOANNABWKBGMUOEBPIMHWLAI6225ZD2AM"}
12884922368	12884922368	0	6	{"limit": 9223372036854775807, "trustee": "GBBLYKS54H4Z5J3G66DA5LKKOANNABWKBGMUOEBPIMHWLAI6225ZD2AM", "trustor": "GAC2S36Y76YYCQTC5KS4JKFF2ALSPNPAOXEG3ZUTSAXBAN47YJK5KL22", "asset_code": "1", "asset_type": "credit_alphanum4", "asset_issuer": "GBBLYKS54H4Z5J3G66DA5LKKOANNABWKBGMUOEBPIMHWLAI6225ZD2AM"}
12884926464	12884926464	0	6	{"limit": 9223372036854775807, "trustee": "GBBLYKS54H4Z5J3G66DA5LKKOANNABWKBGMUOEBPIMHWLAI6225ZD2AM", "trustor": "GAC2S36Y76YYCQTC5KS4JKFF2ALSPNPAOXEG3ZUTSAXBAN47YJK5KL22", "asset_code": "21", "asset_type": "credit_alphanum4", "asset_issuer": "GBBLYKS54H4Z5J3G66DA5LKKOANNABWKBGMUOEBPIMHWLAI6225ZD2AM"}
12884930560	12884930560	0	6	{"limit": 9223372036854775807, "trustee": "GBBLYKS54H4Z5J3G66DA5LKKOANNABWKBGMUOEBPIMHWLAI6225ZD2AM", "trustor": "GAC2S36Y76YYCQTC5KS4JKFF2ALSPNPAOXEG3ZUTSAXBAN47YJK5KL22", "asset_code": "22", "asset_type": "credit_alphanum4", "asset_issuer": "GBBLYKS54H4Z5J3G66DA5LKKOANNABWKBGMUOEBPIMHWLAI6225ZD2AM"}
12884934656	12884934656	0	6	{"limit": 9223372036854775807, "trustee": "GBBLYKS54H4Z5J3G66DA5LKKOANNABWKBGMUOEBPIMHWLAI6225ZD2AM", "trustor": "GAC2S36Y76YYCQTC5KS4JKFF2ALSPNPAOXEG3ZUTSAXBAN47YJK5KL22", "asset_code": "31", "asset_type": "credit_alphanum4", "asset_issuer": "GBBLYKS54H4Z5J3G66DA5LKKOANNABWKBGMUOEBPIMHWLAI6225ZD2AM"}
12884938752	12884938752	0	6	{"limit": 9223372036854775807, "trustee": "GBBLYKS54H4Z5J3G66DA5LKKOANNABWKBGMUOEBPIMHWLAI6225ZD2AM", "trustor": "GAC2S36Y76YYCQTC5KS4JKFF2ALSPNPAOXEG3ZUTSAXBAN47YJK5KL22", "asset_code": "32", "asset_type": "credit_alphanum4", "asset_issuer": "GBBLYKS54H4Z5J3G66DA5LKKOANNABWKBGMUOEBPIMHWLAI6225ZD2AM"}
12884942848	12884942848	0	6	{"limit": 9223372036854775807, "trustee": "GBBLYKS54H4Z5J3G66DA5LKKOANNABWKBGMUOEBPIMHWLAI6225ZD2AM", "trustor": "GAC2S36Y76YYCQTC5KS4JKFF2ALSPNPAOXEG3ZUTSAXBAN47YJK5KL22", "asset_code": "33", "asset_type": "credit_alphanum4", "asset_issuer": "GBBLYKS54H4Z5J3G66DA5LKKOANNABWKBGMUOEBPIMHWLAI6225ZD2AM"}
17179873280	17179873280	0	1	{"to": "GCGS4AOALPO6L5U7SOYHAOJIJI736IZ7EFL2OFZQ6GFMSWF2PFRFRD2I", "from": "GBBLYKS54H4Z5J3G66DA5LKKOANNABWKBGMUOEBPIMHWLAI6225ZD2AM", "amount": 5000, "asset_code": "USD", "asset_type": "credit_alphanum4", "asset_issuer": "GBBLYKS54H4Z5J3G66DA5LKKOANNABWKBGMUOEBPIMHWLAI6225ZD2AM"}
17179877376	17179877376	0	1	{"to": "GAC2S36Y76YYCQTC5KS4JKFF2ALSPNPAOXEG3ZUTSAXBAN47YJK5KL22", "from": "GBBLYKS54H4Z5J3G66DA5LKKOANNABWKBGMUOEBPIMHWLAI6225ZD2AM", "amount": 5000, "asset_code": "EUR", "asset_type": "credit_alphanum4", "asset_issuer": "GBBLYKS54H4Z5J3G66DA5LKKOANNABWKBGMUOEBPIMHWLAI6225ZD2AM"}
17179881472	17179881472	0	1	{"to": "GAC2S36Y76YYCQTC5KS4JKFF2ALSPNPAOXEG3ZUTSAXBAN47YJK5KL22", "from": "GBBLYKS54H4Z5J3G66DA5LKKOANNABWKBGMUOEBPIMHWLAI6225ZD2AM", "amount": 5000, "asset_code": "1", "asset_type": "credit_alphanum4", "asset_issuer": "GBBLYKS54H4Z5J3G66DA5LKKOANNABWKBGMUOEBPIMHWLAI6225ZD2AM"}
17179885568	17179885568	0	1	{"to": "GAC2S36Y76YYCQTC5KS4JKFF2ALSPNPAOXEG3ZUTSAXBAN47YJK5KL22", "from": "GBBLYKS54H4Z5J3G66DA5LKKOANNABWKBGMUOEBPIMHWLAI6225ZD2AM", "amount": 5000, "asset_code": "21", "asset_type": "credit_alphanum4", "asset_issuer": "GBBLYKS54H4Z5J3G66DA5LKKOANNABWKBGMUOEBPIMHWLAI6225ZD2AM"}
17179889664	17179889664	0	1	{"to": "GAC2S36Y76YYCQTC5KS4JKFF2ALSPNPAOXEG3ZUTSAXBAN47YJK5KL22", "from": "GBBLYKS54H4Z5J3G66DA5LKKOANNABWKBGMUOEBPIMHWLAI6225ZD2AM", "amount": 5000, "asset_code": "22", "asset_type": "credit_alphanum4", "asset_issuer": "GBBLYKS54H4Z5J3G66DA5LKKOANNABWKBGMUOEBPIMHWLAI6225ZD2AM"}
17179893760	17179893760	0	1	{"to": "GAC2S36Y76YYCQTC5KS4JKFF2ALSPNPAOXEG3ZUTSAXBAN47YJK5KL22", "from": "GBBLYKS54H4Z5J3G66DA5LKKOANNABWKBGMUOEBPIMHWLAI6225ZD2AM", "amount": 5000, "asset_code": "31", "asset_type": "credit_alphanum4", "asset_issuer": "GBBLYKS54H4Z5J3G66DA5LKKOANNABWKBGMUOEBPIMHWLAI6225ZD2AM"}
17179897856	17179897856	0	1	{"to": "GAC2S36Y76YYCQTC5KS4JKFF2ALSPNPAOXEG3ZUTSAXBAN47YJK5KL22", "from": "GBBLYKS54H4Z5J3G66DA5LKKOANNABWKBGMUOEBPIMHWLAI6225ZD2AM", "amount": 5000, "asset_code": "32", "asset_type": "credit_alphanum4", "asset_issuer": "GBBLYKS54H4Z5J3G66DA5LKKOANNABWKBGMUOEBPIMHWLAI6225ZD2AM"}
17179901952	17179901952	0	1	{"to": "GAC2S36Y76YYCQTC5KS4JKFF2ALSPNPAOXEG3ZUTSAXBAN47YJK5KL22", "from": "GBBLYKS54H4Z5J3G66DA5LKKOANNABWKBGMUOEBPIMHWLAI6225ZD2AM", "amount": 5000, "asset_code": "33", "asset_type": "credit_alphanum4", "asset_issuer": "GBBLYKS54H4Z5J3G66DA5LKKOANNABWKBGMUOEBPIMHWLAI6225ZD2AM"}
21474840576	21474840576	0	3	{"price": {"d": 1, "n": 1}, "amount": 10, "offer_id": 0}
21474844672	21474844672	0	3	{"price": {"d": 1, "n": 1}, "amount": 20, "offer_id": 0}
21474848768	21474848768	0	3	{"price": {"d": 1, "n": 1}, "amount": 20, "offer_id": 0}
21474852864	21474852864	0	3	{"price": {"d": 1, "n": 1}, "amount": 30, "offer_id": 0}
21474856960	21474856960	0	3	{"price": {"d": 1, "n": 1}, "amount": 30, "offer_id": 0}
21474861056	21474861056	0	3	{"price": {"d": 1, "n": 1}, "amount": 30, "offer_id": 0}
21474865152	21474865152	0	3	{"price": {"d": 1, "n": 1}, "amount": 40, "offer_id": 0}
21474869248	21474869248	0	3	{"price": {"d": 1, "n": 1}, "amount": 40, "offer_id": 0}
21474873344	21474873344	0	3	{"price": {"d": 1, "n": 1}, "amount": 40, "offer_id": 0}
21474877440	21474877440	0	3	{"price": {"d": 1, "n": 1}, "amount": 40, "offer_id": 0}
\.


--
-- Data for Name: history_transaction_participants; Type: TABLE DATA; Schema: public; Owner: -
--

COPY history_transaction_participants (id, transaction_hash, account, created_at, updated_at) FROM stdin;
142	1f9690048fefd2dd9d854db3142f0f5a7fd3768a91d35ef174fc14d63beee8bd	GCEZWKCA5VLDNRLN3RPRJMRZOX3Z6G5CHCGSNFHEYVXM3XOJMDS674JZ	2015-07-24 18:39:13.362484	2015-07-24 18:39:13.362484
143	1f9690048fefd2dd9d854db3142f0f5a7fd3768a91d35ef174fc14d63beee8bd	GBBLYKS54H4Z5J3G66DA5LKKOANNABWKBGMUOEBPIMHWLAI6225ZD2AM	2015-07-24 18:39:13.363638	2015-07-24 18:39:13.363638
144	1f9690048fefd2dd9d854db3142f0f5a7fd3768a91d35ef174fc14d63beee8bd	GCEZWKCA5VLDNRLN3RPRJMRZOX3Z6G5CHCGSNFHEYVXM3XOJMDS674JZ	2015-07-24 18:39:13.364594	2015-07-24 18:39:13.364594
145	b5a30faa13d1f26380667f4e5a357e7015e706093117afb17042b3b82b52c08a	GCEZWKCA5VLDNRLN3RPRJMRZOX3Z6G5CHCGSNFHEYVXM3XOJMDS674JZ	2015-07-24 18:39:13.387023	2015-07-24 18:39:13.387023
146	b5a30faa13d1f26380667f4e5a357e7015e706093117afb17042b3b82b52c08a	GCGS4AOALPO6L5U7SOYHAOJIJI736IZ7EFL2OFZQ6GFMSWF2PFRFRD2I	2015-07-24 18:39:13.387995	2015-07-24 18:39:13.387995
147	b5a30faa13d1f26380667f4e5a357e7015e706093117afb17042b3b82b52c08a	GCEZWKCA5VLDNRLN3RPRJMRZOX3Z6G5CHCGSNFHEYVXM3XOJMDS674JZ	2015-07-24 18:39:13.388962	2015-07-24 18:39:13.388962
148	66c3a57b98da4b7a842b3816b4b174190f738a8e70a2269085da42f6a7faba14	GCEZWKCA5VLDNRLN3RPRJMRZOX3Z6G5CHCGSNFHEYVXM3XOJMDS674JZ	2015-07-24 18:39:13.408814	2015-07-24 18:39:13.408814
149	66c3a57b98da4b7a842b3816b4b174190f738a8e70a2269085da42f6a7faba14	GBOAFO2KSBYDMCNKYBEW2UY6JJCLN2ZBVQEZBBZGC2Y3O5JTLOM6Y3D5	2015-07-24 18:39:13.409846	2015-07-24 18:39:13.409846
150	66c3a57b98da4b7a842b3816b4b174190f738a8e70a2269085da42f6a7faba14	GCEZWKCA5VLDNRLN3RPRJMRZOX3Z6G5CHCGSNFHEYVXM3XOJMDS674JZ	2015-07-24 18:39:13.410781	2015-07-24 18:39:13.410781
151	7e9bab8e78684fcc0b3e2b10e03f9ebda2ef78b81784777a567b5ab9ac0f5a2e	GCEZWKCA5VLDNRLN3RPRJMRZOX3Z6G5CHCGSNFHEYVXM3XOJMDS674JZ	2015-07-24 18:39:13.434974	2015-07-24 18:39:13.434974
152	7e9bab8e78684fcc0b3e2b10e03f9ebda2ef78b81784777a567b5ab9ac0f5a2e	GAC2S36Y76YYCQTC5KS4JKFF2ALSPNPAOXEG3ZUTSAXBAN47YJK5KL22	2015-07-24 18:39:13.436011	2015-07-24 18:39:13.436011
153	7e9bab8e78684fcc0b3e2b10e03f9ebda2ef78b81784777a567b5ab9ac0f5a2e	GCEZWKCA5VLDNRLN3RPRJMRZOX3Z6G5CHCGSNFHEYVXM3XOJMDS674JZ	2015-07-24 18:39:13.437022	2015-07-24 18:39:13.437022
154	1bffe64bc3125fb95f58d7dcd8433682596f8441277f7abfb0cb7e1c2142fa49	GBOAFO2KSBYDMCNKYBEW2UY6JJCLN2ZBVQEZBBZGC2Y3O5JTLOM6Y3D5	2015-07-24 18:39:13.465311	2015-07-24 18:39:13.465311
155	1bffe64bc3125fb95f58d7dcd8433682596f8441277f7abfb0cb7e1c2142fa49	GBOAFO2KSBYDMCNKYBEW2UY6JJCLN2ZBVQEZBBZGC2Y3O5JTLOM6Y3D5	2015-07-24 18:39:13.466491	2015-07-24 18:39:13.466491
156	ef8a60c252e3b07119234f151e4bbd8abb18c1913ebc0204a977125add3e401e	GAC2S36Y76YYCQTC5KS4JKFF2ALSPNPAOXEG3ZUTSAXBAN47YJK5KL22	2015-07-24 18:39:13.480015	2015-07-24 18:39:13.480015
157	ef8a60c252e3b07119234f151e4bbd8abb18c1913ebc0204a977125add3e401e	GAC2S36Y76YYCQTC5KS4JKFF2ALSPNPAOXEG3ZUTSAXBAN47YJK5KL22	2015-07-24 18:39:13.481149	2015-07-24 18:39:13.481149
158	9c6c1cabfc4837f317049d1c1e405d4ec0e5c2d8a14efff2d20e539472a260ea	GCGS4AOALPO6L5U7SOYHAOJIJI736IZ7EFL2OFZQ6GFMSWF2PFRFRD2I	2015-07-24 18:39:13.489767	2015-07-24 18:39:13.489767
159	9c6c1cabfc4837f317049d1c1e405d4ec0e5c2d8a14efff2d20e539472a260ea	GCGS4AOALPO6L5U7SOYHAOJIJI736IZ7EFL2OFZQ6GFMSWF2PFRFRD2I	2015-07-24 18:39:13.490926	2015-07-24 18:39:13.490926
160	2e0addb2f52039297e0cac6ee71b2806945d5386f158ab1f7ee2fb19950f2c0a	GAC2S36Y76YYCQTC5KS4JKFF2ALSPNPAOXEG3ZUTSAXBAN47YJK5KL22	2015-07-24 18:39:13.499909	2015-07-24 18:39:13.499909
161	2e0addb2f52039297e0cac6ee71b2806945d5386f158ab1f7ee2fb19950f2c0a	GAC2S36Y76YYCQTC5KS4JKFF2ALSPNPAOXEG3ZUTSAXBAN47YJK5KL22	2015-07-24 18:39:13.501122	2015-07-24 18:39:13.501122
162	e415992b750877c132ff72b88f48ea7973d085de329896fbb85c08becf707860	GAC2S36Y76YYCQTC5KS4JKFF2ALSPNPAOXEG3ZUTSAXBAN47YJK5KL22	2015-07-24 18:39:13.511261	2015-07-24 18:39:13.511261
163	e415992b750877c132ff72b88f48ea7973d085de329896fbb85c08becf707860	GAC2S36Y76YYCQTC5KS4JKFF2ALSPNPAOXEG3ZUTSAXBAN47YJK5KL22	2015-07-24 18:39:13.51245	2015-07-24 18:39:13.51245
164	6950c9bb1f481f789ce5222bcfd10c8b4ac73f87924b926ba33b132f67540caa	GAC2S36Y76YYCQTC5KS4JKFF2ALSPNPAOXEG3ZUTSAXBAN47YJK5KL22	2015-07-24 18:39:13.521917	2015-07-24 18:39:13.521917
165	6950c9bb1f481f789ce5222bcfd10c8b4ac73f87924b926ba33b132f67540caa	GAC2S36Y76YYCQTC5KS4JKFF2ALSPNPAOXEG3ZUTSAXBAN47YJK5KL22	2015-07-24 18:39:13.523014	2015-07-24 18:39:13.523014
166	1bae2d4f0dcda3234b7ea7b7fa4baed7268f94d7338453e1affa210770acc7ba	GAC2S36Y76YYCQTC5KS4JKFF2ALSPNPAOXEG3ZUTSAXBAN47YJK5KL22	2015-07-24 18:39:13.530935	2015-07-24 18:39:13.530935
167	1bae2d4f0dcda3234b7ea7b7fa4baed7268f94d7338453e1affa210770acc7ba	GAC2S36Y76YYCQTC5KS4JKFF2ALSPNPAOXEG3ZUTSAXBAN47YJK5KL22	2015-07-24 18:39:13.531896	2015-07-24 18:39:13.531896
168	8f115af936d1d7ee283c02aec199c2a1925d8fc87c46cd4d6f3cfd5326f75222	GAC2S36Y76YYCQTC5KS4JKFF2ALSPNPAOXEG3ZUTSAXBAN47YJK5KL22	2015-07-24 18:39:13.53934	2015-07-24 18:39:13.53934
169	8f115af936d1d7ee283c02aec199c2a1925d8fc87c46cd4d6f3cfd5326f75222	GAC2S36Y76YYCQTC5KS4JKFF2ALSPNPAOXEG3ZUTSAXBAN47YJK5KL22	2015-07-24 18:39:13.540259	2015-07-24 18:39:13.540259
170	aca3461629747551f7d74da836adda20f7a291ae59c0fbf4fab8b2bb375e152d	GAC2S36Y76YYCQTC5KS4JKFF2ALSPNPAOXEG3ZUTSAXBAN47YJK5KL22	2015-07-24 18:39:13.547969	2015-07-24 18:39:13.547969
171	aca3461629747551f7d74da836adda20f7a291ae59c0fbf4fab8b2bb375e152d	GAC2S36Y76YYCQTC5KS4JKFF2ALSPNPAOXEG3ZUTSAXBAN47YJK5KL22	2015-07-24 18:39:13.548983	2015-07-24 18:39:13.548983
172	b3dddf7d3ff69d1f194a4c3a0c76ade081c129e71c2f16c55d69107090d4ee65	GAC2S36Y76YYCQTC5KS4JKFF2ALSPNPAOXEG3ZUTSAXBAN47YJK5KL22	2015-07-24 18:39:13.563547	2015-07-24 18:39:13.563547
173	b3dddf7d3ff69d1f194a4c3a0c76ade081c129e71c2f16c55d69107090d4ee65	GAC2S36Y76YYCQTC5KS4JKFF2ALSPNPAOXEG3ZUTSAXBAN47YJK5KL22	2015-07-24 18:39:13.564479	2015-07-24 18:39:13.564479
174	c9c571ae42dd22ed47d471c8f6929df00853837855f70b02216d319327157086	GBBLYKS54H4Z5J3G66DA5LKKOANNABWKBGMUOEBPIMHWLAI6225ZD2AM	2015-07-24 18:39:13.584288	2015-07-24 18:39:13.584288
175	d9def07622421f34490da2946f531f9eb2ff0e0ee66d33ad8ae70a5b292388c5	GBBLYKS54H4Z5J3G66DA5LKKOANNABWKBGMUOEBPIMHWLAI6225ZD2AM	2015-07-24 18:39:13.599188	2015-07-24 18:39:13.599188
176	30965e9ddcf801dbb554b9a98e58f3a466bbd620943cee45de36ce87d8074437	GBBLYKS54H4Z5J3G66DA5LKKOANNABWKBGMUOEBPIMHWLAI6225ZD2AM	2015-07-24 18:39:13.615434	2015-07-24 18:39:13.615434
177	8fad3cb38745253c21427a768b133cfd522fa93f935a4e3369434f4ed2f76da5	GBBLYKS54H4Z5J3G66DA5LKKOANNABWKBGMUOEBPIMHWLAI6225ZD2AM	2015-07-24 18:39:13.631258	2015-07-24 18:39:13.631258
178	5da882cd564022e59839d5417a6e923128ad2434a138e63804761d9542bcc142	GBBLYKS54H4Z5J3G66DA5LKKOANNABWKBGMUOEBPIMHWLAI6225ZD2AM	2015-07-24 18:39:13.645487	2015-07-24 18:39:13.645487
179	b882a374bf126835dfe6c5cf36638640a64b791ca30f78d43d6da957eaaf0072	GBBLYKS54H4Z5J3G66DA5LKKOANNABWKBGMUOEBPIMHWLAI6225ZD2AM	2015-07-24 18:39:13.659514	2015-07-24 18:39:13.659514
180	92af46343ab0623595f332385186a0d516e408e540de9ea83f4b69afa0197374	GBBLYKS54H4Z5J3G66DA5LKKOANNABWKBGMUOEBPIMHWLAI6225ZD2AM	2015-07-24 18:39:13.674861	2015-07-24 18:39:13.674861
181	e8d851d46bbd4264b4f21f492fe27d3700c9d1715f1a61aa421beae832b728d5	GBBLYKS54H4Z5J3G66DA5LKKOANNABWKBGMUOEBPIMHWLAI6225ZD2AM	2015-07-24 18:39:13.689103	2015-07-24 18:39:13.689103
182	f90002fec86b538889f669303c0bb362113ecec4c82784dab14997bdda8b95e8	GAC2S36Y76YYCQTC5KS4JKFF2ALSPNPAOXEG3ZUTSAXBAN47YJK5KL22	2015-07-24 18:39:13.714874	2015-07-24 18:39:13.714874
183	f90002fec86b538889f669303c0bb362113ecec4c82784dab14997bdda8b95e8	GAC2S36Y76YYCQTC5KS4JKFF2ALSPNPAOXEG3ZUTSAXBAN47YJK5KL22	2015-07-24 18:39:13.715781	2015-07-24 18:39:13.715781
184	b738219a6453425edc37efac01dc551d838ba55d7e99443960e158642926f14a	GAC2S36Y76YYCQTC5KS4JKFF2ALSPNPAOXEG3ZUTSAXBAN47YJK5KL22	2015-07-24 18:39:13.725777	2015-07-24 18:39:13.725777
185	b738219a6453425edc37efac01dc551d838ba55d7e99443960e158642926f14a	GAC2S36Y76YYCQTC5KS4JKFF2ALSPNPAOXEG3ZUTSAXBAN47YJK5KL22	2015-07-24 18:39:13.72708	2015-07-24 18:39:13.72708
186	eb1ca74f7fb53347f2ad882cacfeff25f6adca1e15bc8b5545016b8a009f33a1	GAC2S36Y76YYCQTC5KS4JKFF2ALSPNPAOXEG3ZUTSAXBAN47YJK5KL22	2015-07-24 18:39:13.736361	2015-07-24 18:39:13.736361
187	eb1ca74f7fb53347f2ad882cacfeff25f6adca1e15bc8b5545016b8a009f33a1	GAC2S36Y76YYCQTC5KS4JKFF2ALSPNPAOXEG3ZUTSAXBAN47YJK5KL22	2015-07-24 18:39:13.737268	2015-07-24 18:39:13.737268
188	e5b6ca27df462722653d584ade534457b4fabfb8f62b48549200e03200dee0f6	GAC2S36Y76YYCQTC5KS4JKFF2ALSPNPAOXEG3ZUTSAXBAN47YJK5KL22	2015-07-24 18:39:13.744317	2015-07-24 18:39:13.744317
189	e5b6ca27df462722653d584ade534457b4fabfb8f62b48549200e03200dee0f6	GAC2S36Y76YYCQTC5KS4JKFF2ALSPNPAOXEG3ZUTSAXBAN47YJK5KL22	2015-07-24 18:39:13.745216	2015-07-24 18:39:13.745216
190	8a37c5d360dc8c63653a7b678fda1621577bcf8fa6d3daaf08977798cb2a9b6a	GAC2S36Y76YYCQTC5KS4JKFF2ALSPNPAOXEG3ZUTSAXBAN47YJK5KL22	2015-07-24 18:39:13.752577	2015-07-24 18:39:13.752577
191	8a37c5d360dc8c63653a7b678fda1621577bcf8fa6d3daaf08977798cb2a9b6a	GAC2S36Y76YYCQTC5KS4JKFF2ALSPNPAOXEG3ZUTSAXBAN47YJK5KL22	2015-07-24 18:39:13.753501	2015-07-24 18:39:13.753501
192	082cafa772dc5a54f779728aae318ea702ae701728722ba3543db268bafb65dc	GAC2S36Y76YYCQTC5KS4JKFF2ALSPNPAOXEG3ZUTSAXBAN47YJK5KL22	2015-07-24 18:39:13.760793	2015-07-24 18:39:13.760793
193	082cafa772dc5a54f779728aae318ea702ae701728722ba3543db268bafb65dc	GAC2S36Y76YYCQTC5KS4JKFF2ALSPNPAOXEG3ZUTSAXBAN47YJK5KL22	2015-07-24 18:39:13.761704	2015-07-24 18:39:13.761704
194	b3c687d35856147b7b4aed423e7b082246d3e979fe8099f35d6c1e6f811a367b	GAC2S36Y76YYCQTC5KS4JKFF2ALSPNPAOXEG3ZUTSAXBAN47YJK5KL22	2015-07-24 18:39:13.769773	2015-07-24 18:39:13.769773
195	b3c687d35856147b7b4aed423e7b082246d3e979fe8099f35d6c1e6f811a367b	GAC2S36Y76YYCQTC5KS4JKFF2ALSPNPAOXEG3ZUTSAXBAN47YJK5KL22	2015-07-24 18:39:13.771348	2015-07-24 18:39:13.771348
196	89892efacfa36036f5bc5c81454d3f030c1ac88a8730b81eba218cd794a88431	GAC2S36Y76YYCQTC5KS4JKFF2ALSPNPAOXEG3ZUTSAXBAN47YJK5KL22	2015-07-24 18:39:13.782533	2015-07-24 18:39:13.782533
197	89892efacfa36036f5bc5c81454d3f030c1ac88a8730b81eba218cd794a88431	GAC2S36Y76YYCQTC5KS4JKFF2ALSPNPAOXEG3ZUTSAXBAN47YJK5KL22	2015-07-24 18:39:13.783606	2015-07-24 18:39:13.783606
198	db264f00067bc57292ed1ff5363b4ef7a430eba488bc14bce7b90382af29aa49	GAC2S36Y76YYCQTC5KS4JKFF2ALSPNPAOXEG3ZUTSAXBAN47YJK5KL22	2015-07-24 18:39:13.791122	2015-07-24 18:39:13.791122
199	db264f00067bc57292ed1ff5363b4ef7a430eba488bc14bce7b90382af29aa49	GAC2S36Y76YYCQTC5KS4JKFF2ALSPNPAOXEG3ZUTSAXBAN47YJK5KL22	2015-07-24 18:39:13.792011	2015-07-24 18:39:13.792011
200	d36692d4709f49245ae825ce6ad2e2dff72cfe4c7d8f67def64b77c03fb863e9	GAC2S36Y76YYCQTC5KS4JKFF2ALSPNPAOXEG3ZUTSAXBAN47YJK5KL22	2015-07-24 18:39:13.799718	2015-07-24 18:39:13.799718
201	d36692d4709f49245ae825ce6ad2e2dff72cfe4c7d8f67def64b77c03fb863e9	GAC2S36Y76YYCQTC5KS4JKFF2ALSPNPAOXEG3ZUTSAXBAN47YJK5KL22	2015-07-24 18:39:13.800638	2015-07-24 18:39:13.800638
\.


--
-- Name: history_transaction_participants_id_seq; Type: SEQUENCE SET; Schema: public; Owner: -
--

SELECT pg_catalog.setval('history_transaction_participants_id_seq', 201, true);


--
-- Data for Name: history_transaction_statuses; Type: TABLE DATA; Schema: public; Owner: -
--

COPY history_transaction_statuses (id, result_code_s, result_code) FROM stdin;
\.


--
-- Name: history_transaction_statuses_id_seq; Type: SEQUENCE SET; Schema: public; Owner: -
--

SELECT pg_catalog.setval('history_transaction_statuses_id_seq', 1, false);


--
-- Data for Name: history_transactions; Type: TABLE DATA; Schema: public; Owner: -
--

COPY history_transactions (transaction_hash, ledger_sequence, application_order, account, account_sequence, max_fee, fee_paid, operation_count, transaction_status_id, created_at, updated_at, id) FROM stdin;
1f9690048fefd2dd9d854db3142f0f5a7fd3768a91d35ef174fc14d63beee8bd	2	1	GCEZWKCA5VLDNRLN3RPRJMRZOX3Z6G5CHCGSNFHEYVXM3XOJMDS674JZ	1	10	10	1	-1	2015-07-24 18:39:13.360439	2015-07-24 18:39:13.360439	8589938688
b5a30faa13d1f26380667f4e5a357e7015e706093117afb17042b3b82b52c08a	2	2	GCEZWKCA5VLDNRLN3RPRJMRZOX3Z6G5CHCGSNFHEYVXM3XOJMDS674JZ	2	10	10	1	-1	2015-07-24 18:39:13.385095	2015-07-24 18:39:13.385095	8589942784
66c3a57b98da4b7a842b3816b4b174190f738a8e70a2269085da42f6a7faba14	2	3	GCEZWKCA5VLDNRLN3RPRJMRZOX3Z6G5CHCGSNFHEYVXM3XOJMDS674JZ	3	10	10	1	-1	2015-07-24 18:39:13.406753	2015-07-24 18:39:13.406753	8589946880
7e9bab8e78684fcc0b3e2b10e03f9ebda2ef78b81784777a567b5ab9ac0f5a2e	2	4	GCEZWKCA5VLDNRLN3RPRJMRZOX3Z6G5CHCGSNFHEYVXM3XOJMDS674JZ	4	10	10	1	-1	2015-07-24 18:39:13.432884	2015-07-24 18:39:13.432884	8589950976
1bffe64bc3125fb95f58d7dcd8433682596f8441277f7abfb0cb7e1c2142fa49	3	1	GBOAFO2KSBYDMCNKYBEW2UY6JJCLN2ZBVQEZBBZGC2Y3O5JTLOM6Y3D5	8589934593	10	10	1	-1	2015-07-24 18:39:13.463435	2015-07-24 18:39:13.463435	12884905984
ef8a60c252e3b07119234f151e4bbd8abb18c1913ebc0204a977125add3e401e	3	2	GAC2S36Y76YYCQTC5KS4JKFF2ALSPNPAOXEG3ZUTSAXBAN47YJK5KL22	8589934593	10	10	1	-1	2015-07-24 18:39:13.477855	2015-07-24 18:39:13.477855	12884910080
9c6c1cabfc4837f317049d1c1e405d4ec0e5c2d8a14efff2d20e539472a260ea	3	3	GCGS4AOALPO6L5U7SOYHAOJIJI736IZ7EFL2OFZQ6GFMSWF2PFRFRD2I	8589934593	10	10	1	-1	2015-07-24 18:39:13.48774	2015-07-24 18:39:13.48774	12884914176
2e0addb2f52039297e0cac6ee71b2806945d5386f158ab1f7ee2fb19950f2c0a	3	4	GAC2S36Y76YYCQTC5KS4JKFF2ALSPNPAOXEG3ZUTSAXBAN47YJK5KL22	8589934594	10	10	1	-1	2015-07-24 18:39:13.497834	2015-07-24 18:39:13.497834	12884918272
e415992b750877c132ff72b88f48ea7973d085de329896fbb85c08becf707860	3	5	GAC2S36Y76YYCQTC5KS4JKFF2ALSPNPAOXEG3ZUTSAXBAN47YJK5KL22	8589934595	10	10	1	-1	2015-07-24 18:39:13.50906	2015-07-24 18:39:13.50906	12884922368
6950c9bb1f481f789ce5222bcfd10c8b4ac73f87924b926ba33b132f67540caa	3	6	GAC2S36Y76YYCQTC5KS4JKFF2ALSPNPAOXEG3ZUTSAXBAN47YJK5KL22	8589934596	10	10	1	-1	2015-07-24 18:39:13.520062	2015-07-24 18:39:13.520062	12884926464
1bae2d4f0dcda3234b7ea7b7fa4baed7268f94d7338453e1affa210770acc7ba	3	7	GAC2S36Y76YYCQTC5KS4JKFF2ALSPNPAOXEG3ZUTSAXBAN47YJK5KL22	8589934597	10	10	1	-1	2015-07-24 18:39:13.529201	2015-07-24 18:39:13.529201	12884930560
8f115af936d1d7ee283c02aec199c2a1925d8fc87c46cd4d6f3cfd5326f75222	3	8	GAC2S36Y76YYCQTC5KS4JKFF2ALSPNPAOXEG3ZUTSAXBAN47YJK5KL22	8589934598	10	10	1	-1	2015-07-24 18:39:13.537693	2015-07-24 18:39:13.537693	12884934656
aca3461629747551f7d74da836adda20f7a291ae59c0fbf4fab8b2bb375e152d	3	9	GAC2S36Y76YYCQTC5KS4JKFF2ALSPNPAOXEG3ZUTSAXBAN47YJK5KL22	8589934599	10	10	1	-1	2015-07-24 18:39:13.546124	2015-07-24 18:39:13.546124	12884938752
b3dddf7d3ff69d1f194a4c3a0c76ade081c129e71c2f16c55d69107090d4ee65	3	10	GAC2S36Y76YYCQTC5KS4JKFF2ALSPNPAOXEG3ZUTSAXBAN47YJK5KL22	8589934600	10	10	1	-1	2015-07-24 18:39:13.56176	2015-07-24 18:39:13.56176	12884942848
c9c571ae42dd22ed47d471c8f6929df00853837855f70b02216d319327157086	4	1	GBBLYKS54H4Z5J3G66DA5LKKOANNABWKBGMUOEBPIMHWLAI6225ZD2AM	8589934593	10	10	1	-1	2015-07-24 18:39:13.582538	2015-07-24 18:39:13.582538	17179873280
d9def07622421f34490da2946f531f9eb2ff0e0ee66d33ad8ae70a5b292388c5	4	2	GBBLYKS54H4Z5J3G66DA5LKKOANNABWKBGMUOEBPIMHWLAI6225ZD2AM	8589934594	10	10	1	-1	2015-07-24 18:39:13.597481	2015-07-24 18:39:13.597481	17179877376
30965e9ddcf801dbb554b9a98e58f3a466bbd620943cee45de36ce87d8074437	4	3	GBBLYKS54H4Z5J3G66DA5LKKOANNABWKBGMUOEBPIMHWLAI6225ZD2AM	8589934595	10	10	1	-1	2015-07-24 18:39:13.613709	2015-07-24 18:39:13.613709	17179881472
8fad3cb38745253c21427a768b133cfd522fa93f935a4e3369434f4ed2f76da5	4	4	GBBLYKS54H4Z5J3G66DA5LKKOANNABWKBGMUOEBPIMHWLAI6225ZD2AM	8589934596	10	10	1	-1	2015-07-24 18:39:13.629634	2015-07-24 18:39:13.629634	17179885568
5da882cd564022e59839d5417a6e923128ad2434a138e63804761d9542bcc142	4	5	GBBLYKS54H4Z5J3G66DA5LKKOANNABWKBGMUOEBPIMHWLAI6225ZD2AM	8589934597	10	10	1	-1	2015-07-24 18:39:13.643808	2015-07-24 18:39:13.643808	17179889664
b882a374bf126835dfe6c5cf36638640a64b791ca30f78d43d6da957eaaf0072	4	6	GBBLYKS54H4Z5J3G66DA5LKKOANNABWKBGMUOEBPIMHWLAI6225ZD2AM	8589934598	10	10	1	-1	2015-07-24 18:39:13.657912	2015-07-24 18:39:13.657912	17179893760
92af46343ab0623595f332385186a0d516e408e540de9ea83f4b69afa0197374	4	7	GBBLYKS54H4Z5J3G66DA5LKKOANNABWKBGMUOEBPIMHWLAI6225ZD2AM	8589934599	10	10	1	-1	2015-07-24 18:39:13.67293	2015-07-24 18:39:13.67293	17179897856
e8d851d46bbd4264b4f21f492fe27d3700c9d1715f1a61aa421beae832b728d5	4	8	GBBLYKS54H4Z5J3G66DA5LKKOANNABWKBGMUOEBPIMHWLAI6225ZD2AM	8589934600	10	10	1	-1	2015-07-24 18:39:13.687536	2015-07-24 18:39:13.687536	17179901952
f90002fec86b538889f669303c0bb362113ecec4c82784dab14997bdda8b95e8	5	1	GAC2S36Y76YYCQTC5KS4JKFF2ALSPNPAOXEG3ZUTSAXBAN47YJK5KL22	8589934601	10	10	1	-1	2015-07-24 18:39:13.71304	2015-07-24 18:39:13.71304	21474840576
b738219a6453425edc37efac01dc551d838ba55d7e99443960e158642926f14a	5	2	GAC2S36Y76YYCQTC5KS4JKFF2ALSPNPAOXEG3ZUTSAXBAN47YJK5KL22	8589934602	10	10	1	-1	2015-07-24 18:39:13.723435	2015-07-24 18:39:13.723435	21474844672
eb1ca74f7fb53347f2ad882cacfeff25f6adca1e15bc8b5545016b8a009f33a1	5	3	GAC2S36Y76YYCQTC5KS4JKFF2ALSPNPAOXEG3ZUTSAXBAN47YJK5KL22	8589934603	10	10	1	-1	2015-07-24 18:39:13.73461	2015-07-24 18:39:13.73461	21474848768
e5b6ca27df462722653d584ade534457b4fabfb8f62b48549200e03200dee0f6	5	4	GAC2S36Y76YYCQTC5KS4JKFF2ALSPNPAOXEG3ZUTSAXBAN47YJK5KL22	8589934604	10	10	1	-1	2015-07-24 18:39:13.74259	2015-07-24 18:39:13.74259	21474852864
8a37c5d360dc8c63653a7b678fda1621577bcf8fa6d3daaf08977798cb2a9b6a	5	5	GAC2S36Y76YYCQTC5KS4JKFF2ALSPNPAOXEG3ZUTSAXBAN47YJK5KL22	8589934605	10	10	1	-1	2015-07-24 18:39:13.75074	2015-07-24 18:39:13.75074	21474856960
082cafa772dc5a54f779728aae318ea702ae701728722ba3543db268bafb65dc	5	6	GAC2S36Y76YYCQTC5KS4JKFF2ALSPNPAOXEG3ZUTSAXBAN47YJK5KL22	8589934606	10	10	1	-1	2015-07-24 18:39:13.75909	2015-07-24 18:39:13.75909	21474861056
b3c687d35856147b7b4aed423e7b082246d3e979fe8099f35d6c1e6f811a367b	5	7	GAC2S36Y76YYCQTC5KS4JKFF2ALSPNPAOXEG3ZUTSAXBAN47YJK5KL22	8589934607	10	10	1	-1	2015-07-24 18:39:13.767293	2015-07-24 18:39:13.767293	21474865152
89892efacfa36036f5bc5c81454d3f030c1ac88a8730b81eba218cd794a88431	5	8	GAC2S36Y76YYCQTC5KS4JKFF2ALSPNPAOXEG3ZUTSAXBAN47YJK5KL22	8589934608	10	10	1	-1	2015-07-24 18:39:13.780217	2015-07-24 18:39:13.780217	21474869248
db264f00067bc57292ed1ff5363b4ef7a430eba488bc14bce7b90382af29aa49	5	9	GAC2S36Y76YYCQTC5KS4JKFF2ALSPNPAOXEG3ZUTSAXBAN47YJK5KL22	8589934609	10	10	1	-1	2015-07-24 18:39:13.789451	2015-07-24 18:39:13.789451	21474873344
d36692d4709f49245ae825ce6ad2e2dff72cfe4c7d8f67def64b77c03fb863e9	5	10	GAC2S36Y76YYCQTC5KS4JKFF2ALSPNPAOXEG3ZUTSAXBAN47YJK5KL22	8589934610	10	10	1	-1	2015-07-24 18:39:13.797748	2015-07-24 18:39:13.797748	21474877440
\.


--
-- Data for Name: schema_migrations; Type: TABLE DATA; Schema: public; Owner: -
--

COPY schema_migrations (version) FROM stdin;
20150508215546
20150310224849
20150313225945
20150313225955
20150501160031
20150508003829
20150508175821
20150508183542
20150609230237
20150629181921
\.


--
-- Name: history_operation_participants_pkey; Type: CONSTRAINT; Schema: public; Owner: -; Tablespace: 
--

ALTER TABLE ONLY history_operation_participants
    ADD CONSTRAINT history_operation_participants_pkey PRIMARY KEY (id);


--
-- Name: history_transaction_participants_pkey; Type: CONSTRAINT; Schema: public; Owner: -; Tablespace: 
--

ALTER TABLE ONLY history_transaction_participants
    ADD CONSTRAINT history_transaction_participants_pkey PRIMARY KEY (id);


--
-- Name: history_transaction_statuses_pkey; Type: CONSTRAINT; Schema: public; Owner: -; Tablespace: 
--

ALTER TABLE ONLY history_transaction_statuses
    ADD CONSTRAINT history_transaction_statuses_pkey PRIMARY KEY (id);


--
-- Name: by_account; Type: INDEX; Schema: public; Owner: -; Tablespace: 
--

CREATE INDEX by_account ON history_transactions USING btree (account, account_sequence);


--
-- Name: by_hash; Type: INDEX; Schema: public; Owner: -; Tablespace: 
--

CREATE INDEX by_hash ON history_transactions USING btree (transaction_hash);


--
-- Name: by_ledger; Type: INDEX; Schema: public; Owner: -; Tablespace: 
--

CREATE INDEX by_ledger ON history_transactions USING btree (ledger_sequence, application_order);


--
-- Name: by_status; Type: INDEX; Schema: public; Owner: -; Tablespace: 
--

CREATE INDEX by_status ON history_transactions USING btree (transaction_status_id);


--
-- Name: hist_e_by_order; Type: INDEX; Schema: public; Owner: -; Tablespace: 
--

CREATE UNIQUE INDEX hist_e_by_order ON history_effects USING btree (history_operation_id, "order");


--
-- Name: hist_e_id; Type: INDEX; Schema: public; Owner: -; Tablespace: 
--

CREATE UNIQUE INDEX hist_e_id ON history_effects USING btree (history_account_id, history_operation_id, "order");


--
-- Name: hist_op_p_id; Type: INDEX; Schema: public; Owner: -; Tablespace: 
--

CREATE UNIQUE INDEX hist_op_p_id ON history_operation_participants USING btree (history_account_id, history_operation_id);


--
-- Name: hs_ledger_by_id; Type: INDEX; Schema: public; Owner: -; Tablespace: 
--

CREATE UNIQUE INDEX hs_ledger_by_id ON history_ledgers USING btree (id);


--
-- Name: hs_transaction_by_id; Type: INDEX; Schema: public; Owner: -; Tablespace: 
--

CREATE UNIQUE INDEX hs_transaction_by_id ON history_transactions USING btree (id);


--
-- Name: index_history_accounts_on_id; Type: INDEX; Schema: public; Owner: -; Tablespace: 
--

CREATE UNIQUE INDEX index_history_accounts_on_id ON history_accounts USING btree (id);


--
-- Name: index_history_effects_on_type; Type: INDEX; Schema: public; Owner: -; Tablespace: 
--

CREATE INDEX index_history_effects_on_type ON history_effects USING btree (type);


--
-- Name: index_history_ledgers_on_closed_at; Type: INDEX; Schema: public; Owner: -; Tablespace: 
--

CREATE INDEX index_history_ledgers_on_closed_at ON history_ledgers USING btree (closed_at);


--
-- Name: index_history_ledgers_on_id; Type: INDEX; Schema: public; Owner: -; Tablespace: 
--

CREATE UNIQUE INDEX index_history_ledgers_on_id ON history_ledgers USING btree (id);


--
-- Name: index_history_ledgers_on_ledger_hash; Type: INDEX; Schema: public; Owner: -; Tablespace: 
--

CREATE UNIQUE INDEX index_history_ledgers_on_ledger_hash ON history_ledgers USING btree (ledger_hash);


--
-- Name: index_history_ledgers_on_previous_ledger_hash; Type: INDEX; Schema: public; Owner: -; Tablespace: 
--

CREATE UNIQUE INDEX index_history_ledgers_on_previous_ledger_hash ON history_ledgers USING btree (previous_ledger_hash);


--
-- Name: index_history_ledgers_on_sequence; Type: INDEX; Schema: public; Owner: -; Tablespace: 
--

CREATE UNIQUE INDEX index_history_ledgers_on_sequence ON history_ledgers USING btree (sequence);


--
-- Name: index_history_operations_on_id; Type: INDEX; Schema: public; Owner: -; Tablespace: 
--

CREATE UNIQUE INDEX index_history_operations_on_id ON history_operations USING btree (id);


--
-- Name: index_history_operations_on_transaction_id; Type: INDEX; Schema: public; Owner: -; Tablespace: 
--

CREATE INDEX index_history_operations_on_transaction_id ON history_operations USING btree (transaction_id);


--
-- Name: index_history_operations_on_type; Type: INDEX; Schema: public; Owner: -; Tablespace: 
--

CREATE INDEX index_history_operations_on_type ON history_operations USING btree (type);


--
-- Name: index_history_transaction_participants_on_account; Type: INDEX; Schema: public; Owner: -; Tablespace: 
--

CREATE INDEX index_history_transaction_participants_on_account ON history_transaction_participants USING btree (account);


--
-- Name: index_history_transaction_participants_on_transaction_hash; Type: INDEX; Schema: public; Owner: -; Tablespace: 
--

CREATE INDEX index_history_transaction_participants_on_transaction_hash ON history_transaction_participants USING btree (transaction_hash);


--
-- Name: index_history_transaction_statuses_lc_on_all; Type: INDEX; Schema: public; Owner: -; Tablespace: 
--

CREATE UNIQUE INDEX index_history_transaction_statuses_lc_on_all ON history_transaction_statuses USING btree (id, result_code, result_code_s);


--
-- Name: index_history_transactions_on_id; Type: INDEX; Schema: public; Owner: -; Tablespace: 
--

CREATE UNIQUE INDEX index_history_transactions_on_id ON history_transactions USING btree (id);


--
-- Name: unique_schema_migrations; Type: INDEX; Schema: public; Owner: -; Tablespace: 
--

CREATE UNIQUE INDEX unique_schema_migrations ON schema_migrations USING btree (version);


--
-- Name: public; Type: ACL; Schema: -; Owner: -
--

REVOKE ALL ON SCHEMA public FROM PUBLIC;
REVOKE ALL ON SCHEMA public FROM nullstyle;
GRANT ALL ON SCHEMA public TO nullstyle;
GRANT ALL ON SCHEMA public TO PUBLIC;


--
-- PostgreSQL database dump complete
--

