--
-- PostgreSQL database dump
--

SET statement_timeout = 0;
SET lock_timeout = 0;
SET client_encoding = 'UTF8';
SET standard_conforming_strings = on;
SET check_function_bodies = false;
SET client_min_messages = warning;

SET search_path = public, pg_catalog;

DROP INDEX public.unique_schema_migrations;
DROP INDEX public.index_history_transactions_on_id;
DROP INDEX public.index_history_transaction_statuses_lc_on_all;
DROP INDEX public.index_history_transaction_participants_on_transaction_hash;
DROP INDEX public.index_history_transaction_participants_on_account;
DROP INDEX public.index_history_operations_on_type;
DROP INDEX public.index_history_operations_on_transaction_id;
DROP INDEX public.index_history_operations_on_id;
DROP INDEX public.index_history_ledgers_on_sequence;
DROP INDEX public.index_history_ledgers_on_previous_ledger_hash;
DROP INDEX public.index_history_ledgers_on_ledger_hash;
DROP INDEX public.index_history_ledgers_on_importer_version;
DROP INDEX public.index_history_ledgers_on_id;
DROP INDEX public.index_history_ledgers_on_closed_at;
DROP INDEX public.index_history_effects_on_type;
DROP INDEX public.index_history_accounts_on_id;
DROP INDEX public.hs_transaction_by_id;
DROP INDEX public.hs_ledger_by_id;
DROP INDEX public.hist_op_p_id;
DROP INDEX public.hist_e_id;
DROP INDEX public.hist_e_by_order;
DROP INDEX public.by_status;
DROP INDEX public.by_ledger;
DROP INDEX public.by_hash;
DROP INDEX public.by_account;
ALTER TABLE ONLY public.history_transaction_statuses DROP CONSTRAINT history_transaction_statuses_pkey;
ALTER TABLE ONLY public.history_transaction_participants DROP CONSTRAINT history_transaction_participants_pkey;
ALTER TABLE ONLY public.history_operation_participants DROP CONSTRAINT history_operation_participants_pkey;
ALTER TABLE public.history_transaction_statuses ALTER COLUMN id DROP DEFAULT;
ALTER TABLE public.history_transaction_participants ALTER COLUMN id DROP DEFAULT;
ALTER TABLE public.history_operation_participants ALTER COLUMN id DROP DEFAULT;
DROP TABLE public.schema_migrations;
DROP TABLE public.history_transactions;
DROP SEQUENCE public.history_transaction_statuses_id_seq;
DROP TABLE public.history_transaction_statuses;
DROP SEQUENCE public.history_transaction_participants_id_seq;
DROP TABLE public.history_transaction_participants;
DROP TABLE public.history_operations;
DROP SEQUENCE public.history_operation_participants_id_seq;
DROP TABLE public.history_operation_participants;
DROP TABLE public.history_ledgers;
DROP TABLE public.history_effects;
DROP TABLE public.history_accounts;
DROP EXTENSION hstore;
DROP EXTENSION plpgsql;
DROP SCHEMA public;
--
-- Name: public; Type: SCHEMA; Schema: -; Owner: -
--

CREATE SCHEMA public;


--
-- Name: SCHEMA public; Type: COMMENT; Schema: -; Owner: -
--

COMMENT ON SCHEMA public IS 'standard public schema';


--
-- Name: plpgsql; Type: EXTENSION; Schema: -; Owner: -
--

CREATE EXTENSION IF NOT EXISTS plpgsql WITH SCHEMA pg_catalog;


--
-- Name: EXTENSION plpgsql; Type: COMMENT; Schema: -; Owner: -
--

COMMENT ON EXTENSION plpgsql IS 'PL/pgSQL procedural language';


--
-- Name: hstore; Type: EXTENSION; Schema: -; Owner: -
--

CREATE EXTENSION IF NOT EXISTS hstore WITH SCHEMA public;


--
-- Name: EXTENSION hstore; Type: COMMENT; Schema: -; Owner: -
--

COMMENT ON EXTENSION hstore IS 'data type for storing sets of (key, value) pairs';


SET search_path = public, pg_catalog;

SET default_tablespace = '';

SET default_with_oids = false;

--
-- Name: history_accounts; Type: TABLE; Schema: public; Owner: -; Tablespace: 
--

CREATE TABLE history_accounts (
    id bigint NOT NULL,
    address character varying(64)
);


--
-- Name: history_effects; Type: TABLE; Schema: public; Owner: -; Tablespace: 
--

CREATE TABLE history_effects (
    history_account_id bigint NOT NULL,
    history_operation_id bigint NOT NULL,
    "order" integer NOT NULL,
    type integer NOT NULL,
    details jsonb
);


--
-- Name: history_ledgers; Type: TABLE; Schema: public; Owner: -; Tablespace: 
--

CREATE TABLE history_ledgers (
    sequence integer NOT NULL,
    ledger_hash character varying(64) NOT NULL,
    previous_ledger_hash character varying(64),
    transaction_count integer DEFAULT 0 NOT NULL,
    operation_count integer DEFAULT 0 NOT NULL,
    closed_at timestamp without time zone NOT NULL,
    created_at timestamp without time zone,
    updated_at timestamp without time zone,
    id bigint,
    importer_version integer DEFAULT 1 NOT NULL
);


--
-- Name: history_operation_participants; Type: TABLE; Schema: public; Owner: -; Tablespace: 
--

CREATE TABLE history_operation_participants (
    id integer NOT NULL,
    history_operation_id bigint NOT NULL,
    history_account_id bigint NOT NULL
);


--
-- Name: history_operation_participants_id_seq; Type: SEQUENCE; Schema: public; Owner: -
--

CREATE SEQUENCE history_operation_participants_id_seq
    START WITH 1
    INCREMENT BY 1
    NO MINVALUE
    NO MAXVALUE
    CACHE 1;


--
-- Name: history_operation_participants_id_seq; Type: SEQUENCE OWNED BY; Schema: public; Owner: -
--

ALTER SEQUENCE history_operation_participants_id_seq OWNED BY history_operation_participants.id;


--
-- Name: history_operations; Type: TABLE; Schema: public; Owner: -; Tablespace: 
--

CREATE TABLE history_operations (
    id bigint NOT NULL,
    transaction_id bigint NOT NULL,
    application_order integer NOT NULL,
    type integer NOT NULL,
    details jsonb
);


--
-- Name: history_transaction_participants; Type: TABLE; Schema: public; Owner: -; Tablespace: 
--

CREATE TABLE history_transaction_participants (
    id integer NOT NULL,
    transaction_hash character varying(64) NOT NULL,
    account character varying(64) NOT NULL,
    created_at timestamp without time zone,
    updated_at timestamp without time zone
);


--
-- Name: history_transaction_participants_id_seq; Type: SEQUENCE; Schema: public; Owner: -
--

CREATE SEQUENCE history_transaction_participants_id_seq
    START WITH 1
    INCREMENT BY 1
    NO MINVALUE
    NO MAXVALUE
    CACHE 1;


--
-- Name: history_transaction_participants_id_seq; Type: SEQUENCE OWNED BY; Schema: public; Owner: -
--

ALTER SEQUENCE history_transaction_participants_id_seq OWNED BY history_transaction_participants.id;


--
-- Name: history_transaction_statuses; Type: TABLE; Schema: public; Owner: -; Tablespace: 
--

CREATE TABLE history_transaction_statuses (
    id integer NOT NULL,
    result_code_s character varying NOT NULL,
    result_code integer NOT NULL
);


--
-- Name: history_transaction_statuses_id_seq; Type: SEQUENCE; Schema: public; Owner: -
--

CREATE SEQUENCE history_transaction_statuses_id_seq
    START WITH 1
    INCREMENT BY 1
    NO MINVALUE
    NO MAXVALUE
    CACHE 1;


--
-- Name: history_transaction_statuses_id_seq; Type: SEQUENCE OWNED BY; Schema: public; Owner: -
--

ALTER SEQUENCE history_transaction_statuses_id_seq OWNED BY history_transaction_statuses.id;


--
-- Name: history_transactions; Type: TABLE; Schema: public; Owner: -; Tablespace: 
--

CREATE TABLE history_transactions (
    transaction_hash character varying(64) NOT NULL,
    ledger_sequence integer NOT NULL,
    application_order integer NOT NULL,
    account character varying(64) NOT NULL,
    account_sequence bigint NOT NULL,
    max_fee integer NOT NULL,
    fee_paid integer NOT NULL,
    operation_count integer NOT NULL,
    transaction_status_id integer NOT NULL,
    created_at timestamp without time zone,
    updated_at timestamp without time zone,
    id bigint,
    tx_envelope text,
    tx_result text,
    tx_meta text
);


--
-- Name: schema_migrations; Type: TABLE; Schema: public; Owner: -; Tablespace: 
--

CREATE TABLE schema_migrations (
    version character varying(255) NOT NULL
);


--
-- Name: id; Type: DEFAULT; Schema: public; Owner: -
--

ALTER TABLE ONLY history_operation_participants ALTER COLUMN id SET DEFAULT nextval('history_operation_participants_id_seq'::regclass);


--
-- Name: id; Type: DEFAULT; Schema: public; Owner: -
--

ALTER TABLE ONLY history_transaction_participants ALTER COLUMN id SET DEFAULT nextval('history_transaction_participants_id_seq'::regclass);


--
-- Name: id; Type: DEFAULT; Schema: public; Owner: -
--

ALTER TABLE ONLY history_transaction_statuses ALTER COLUMN id SET DEFAULT nextval('history_transaction_statuses_id_seq'::regclass);


--
-- Data for Name: history_accounts; Type: TABLE DATA; Schema: public; Owner: -
--

COPY history_accounts (id, address) FROM stdin;
0	GCEZWKCA5VLDNRLN3RPRJMRZOX3Z6G5CHCGSNFHEYVXM3XOJMDS674JZ
8589938688	GDH7ORX4EFMGLIJMYPBKCZNTRDFCKMBLAPEREW4TW3LFQM5YTDZNMSQ4
8589942784	GBGX3YA7WQX3ONL5RJUWKNOCV6MV65PUHOWN5I2J4VS5MQIHSCS7K7VK
8589946880	GDN3IKKPCCOZP64RA2ZN5JWUXIKVIMKJPOTD3ID7SJCYDDHQLHBXMIQP
8589950976	GDJE5TGX6SFM5RJILUQNBKJMTXCVB7LVJZOGGI3ENU7S5MLHYD3V547N
\.


--
-- Data for Name: history_effects; Type: TABLE DATA; Schema: public; Owner: -
--

COPY history_effects (history_account_id, history_operation_id, "order", type, details) FROM stdin;
8589938688	8589938689	1	0	{"starting_balance": 10000000000}
0	8589938689	2	3	{"amount": 10000000000, "asset_type": "native"}
0	8589938689	3	10	{"weight": 1, "public_key": "GDH7ORX4EFMGLIJMYPBKCZNTRDFCKMBLAPEREW4TW3LFQM5YTDZNMSQ4"}
8589942784	8589942785	1	0	{"starting_balance": 10000000000}
0	8589942785	2	3	{"amount": 10000000000, "asset_type": "native"}
0	8589942785	3	10	{"weight": 1, "public_key": "GBGX3YA7WQX3ONL5RJUWKNOCV6MV65PUHOWN5I2J4VS5MQIHSCS7K7VK"}
8589946880	8589946881	1	0	{"starting_balance": 10000000000}
0	8589946881	2	3	{"amount": 10000000000, "asset_type": "native"}
0	8589946881	3	10	{"weight": 1, "public_key": "GDN3IKKPCCOZP64RA2ZN5JWUXIKVIMKJPOTD3ID7SJCYDDHQLHBXMIQP"}
8589950976	8589950977	1	0	{"starting_balance": 10000000000}
0	8589950977	2	3	{"amount": 10000000000, "asset_type": "native"}
0	8589950977	3	10	{"weight": 1, "public_key": "GDJE5TGX6SFM5RJILUQNBKJMTXCVB7LVJZOGGI3ENU7S5MLHYD3V547N"}
8589950976	12884905985	1	20	{"limit": 9223372036854775807, "asset_code": "USD", "asset_type": "credit_alphanum4", "asset_issuer": "GDH7ORX4EFMGLIJMYPBKCZNTRDFCKMBLAPEREW4TW3LFQM5YTDZNMSQ4"}
8589946880	12884910081	1	20	{"limit": 9223372036854775807, "asset_code": "EUR", "asset_type": "credit_alphanum4", "asset_issuer": "GDH7ORX4EFMGLIJMYPBKCZNTRDFCKMBLAPEREW4TW3LFQM5YTDZNMSQ4"}
8589942784	12884914177	1	20	{"limit": 9223372036854775807, "asset_code": "USD", "asset_type": "credit_alphanum4", "asset_issuer": "GDH7ORX4EFMGLIJMYPBKCZNTRDFCKMBLAPEREW4TW3LFQM5YTDZNMSQ4"}
8589950976	12884918273	1	20	{"limit": 9223372036854775807, "asset_code": "EUR", "asset_type": "credit_alphanum4", "asset_issuer": "GDH7ORX4EFMGLIJMYPBKCZNTRDFCKMBLAPEREW4TW3LFQM5YTDZNMSQ4"}
8589950976	12884922369	1	20	{"limit": 9223372036854775807, "asset_code": "1", "asset_type": "credit_alphanum4", "asset_issuer": "GDH7ORX4EFMGLIJMYPBKCZNTRDFCKMBLAPEREW4TW3LFQM5YTDZNMSQ4"}
8589950976	12884926465	1	20	{"limit": 9223372036854775807, "asset_code": "21", "asset_type": "credit_alphanum4", "asset_issuer": "GDH7ORX4EFMGLIJMYPBKCZNTRDFCKMBLAPEREW4TW3LFQM5YTDZNMSQ4"}
8589950976	12884930561	1	20	{"limit": 9223372036854775807, "asset_code": "22", "asset_type": "credit_alphanum4", "asset_issuer": "GDH7ORX4EFMGLIJMYPBKCZNTRDFCKMBLAPEREW4TW3LFQM5YTDZNMSQ4"}
8589950976	12884934657	1	20	{"limit": 9223372036854775807, "asset_code": "31", "asset_type": "credit_alphanum4", "asset_issuer": "GDH7ORX4EFMGLIJMYPBKCZNTRDFCKMBLAPEREW4TW3LFQM5YTDZNMSQ4"}
8589950976	12884938753	1	20	{"limit": 9223372036854775807, "asset_code": "32", "asset_type": "credit_alphanum4", "asset_issuer": "GDH7ORX4EFMGLIJMYPBKCZNTRDFCKMBLAPEREW4TW3LFQM5YTDZNMSQ4"}
8589950976	12884942849	1	20	{"limit": 9223372036854775807, "asset_code": "33", "asset_type": "credit_alphanum4", "asset_issuer": "GDH7ORX4EFMGLIJMYPBKCZNTRDFCKMBLAPEREW4TW3LFQM5YTDZNMSQ4"}
8589942784	17179873281	1	2	{"amount": 5000, "asset_code": "USD", "asset_type": "credit_alphanum4", "asset_issuer": "GDH7ORX4EFMGLIJMYPBKCZNTRDFCKMBLAPEREW4TW3LFQM5YTDZNMSQ4"}
8589938688	17179873281	2	3	{"amount": 5000, "asset_code": "USD", "asset_type": "credit_alphanum4", "asset_issuer": "GDH7ORX4EFMGLIJMYPBKCZNTRDFCKMBLAPEREW4TW3LFQM5YTDZNMSQ4"}
8589950976	17179877377	1	2	{"amount": 5000, "asset_code": "EUR", "asset_type": "credit_alphanum4", "asset_issuer": "GDH7ORX4EFMGLIJMYPBKCZNTRDFCKMBLAPEREW4TW3LFQM5YTDZNMSQ4"}
8589938688	17179877377	2	3	{"amount": 5000, "asset_code": "EUR", "asset_type": "credit_alphanum4", "asset_issuer": "GDH7ORX4EFMGLIJMYPBKCZNTRDFCKMBLAPEREW4TW3LFQM5YTDZNMSQ4"}
8589950976	17179881473	1	2	{"amount": 5000, "asset_code": "1", "asset_type": "credit_alphanum4", "asset_issuer": "GDH7ORX4EFMGLIJMYPBKCZNTRDFCKMBLAPEREW4TW3LFQM5YTDZNMSQ4"}
8589938688	17179881473	2	3	{"amount": 5000, "asset_code": "1", "asset_type": "credit_alphanum4", "asset_issuer": "GDH7ORX4EFMGLIJMYPBKCZNTRDFCKMBLAPEREW4TW3LFQM5YTDZNMSQ4"}
8589950976	17179885569	1	2	{"amount": 5000, "asset_code": "21", "asset_type": "credit_alphanum4", "asset_issuer": "GDH7ORX4EFMGLIJMYPBKCZNTRDFCKMBLAPEREW4TW3LFQM5YTDZNMSQ4"}
8589938688	17179885569	2	3	{"amount": 5000, "asset_code": "21", "asset_type": "credit_alphanum4", "asset_issuer": "GDH7ORX4EFMGLIJMYPBKCZNTRDFCKMBLAPEREW4TW3LFQM5YTDZNMSQ4"}
8589950976	17179889665	1	2	{"amount": 5000, "asset_code": "22", "asset_type": "credit_alphanum4", "asset_issuer": "GDH7ORX4EFMGLIJMYPBKCZNTRDFCKMBLAPEREW4TW3LFQM5YTDZNMSQ4"}
8589938688	17179889665	2	3	{"amount": 5000, "asset_code": "22", "asset_type": "credit_alphanum4", "asset_issuer": "GDH7ORX4EFMGLIJMYPBKCZNTRDFCKMBLAPEREW4TW3LFQM5YTDZNMSQ4"}
8589950976	17179893761	1	2	{"amount": 5000, "asset_code": "31", "asset_type": "credit_alphanum4", "asset_issuer": "GDH7ORX4EFMGLIJMYPBKCZNTRDFCKMBLAPEREW4TW3LFQM5YTDZNMSQ4"}
8589938688	17179893761	2	3	{"amount": 5000, "asset_code": "31", "asset_type": "credit_alphanum4", "asset_issuer": "GDH7ORX4EFMGLIJMYPBKCZNTRDFCKMBLAPEREW4TW3LFQM5YTDZNMSQ4"}
8589950976	17179897857	1	2	{"amount": 5000, "asset_code": "32", "asset_type": "credit_alphanum4", "asset_issuer": "GDH7ORX4EFMGLIJMYPBKCZNTRDFCKMBLAPEREW4TW3LFQM5YTDZNMSQ4"}
8589938688	17179897857	2	3	{"amount": 5000, "asset_code": "32", "asset_type": "credit_alphanum4", "asset_issuer": "GDH7ORX4EFMGLIJMYPBKCZNTRDFCKMBLAPEREW4TW3LFQM5YTDZNMSQ4"}
8589950976	17179901953	1	2	{"amount": 5000, "asset_code": "33", "asset_type": "credit_alphanum4", "asset_issuer": "GDH7ORX4EFMGLIJMYPBKCZNTRDFCKMBLAPEREW4TW3LFQM5YTDZNMSQ4"}
8589938688	17179901953	2	3	{"amount": 5000, "asset_code": "33", "asset_type": "credit_alphanum4", "asset_issuer": "GDH7ORX4EFMGLIJMYPBKCZNTRDFCKMBLAPEREW4TW3LFQM5YTDZNMSQ4"}
\.


--
-- Data for Name: history_ledgers; Type: TABLE DATA; Schema: public; Owner: -
--

COPY history_ledgers (sequence, ledger_hash, previous_ledger_hash, transaction_count, operation_count, closed_at, created_at, updated_at, id, importer_version) FROM stdin;
1	e8e10918f9c000c73119abe54cf089f59f9015cc93c49ccf00b5e8b9afb6e6b1	\N	0	0	1970-01-01 00:00:00	2015-08-28 23:02:18.941134	2015-08-28 23:02:18.941134	4294967296	1
2	239cff35058ca3d43203bbac58e772abf802b6f463d4285d12c3cb1421aa2289	e8e10918f9c000c73119abe54cf089f59f9015cc93c49ccf00b5e8b9afb6e6b1	4	4	2015-08-28 23:02:17	2015-08-28 23:02:18.951619	2015-08-28 23:02:18.951619	8589934592	1
3	3ad0871132ca04a6f37b77c6f0e7869da3bd282451e7a057209b864a0892c299	239cff35058ca3d43203bbac58e772abf802b6f463d4285d12c3cb1421aa2289	10	10	2015-08-28 23:02:18	2015-08-28 23:02:19.056419	2015-08-28 23:02:19.056419	12884901888	1
4	1ea2291393993ac769429987053aa4d12935e10700da11ce44c767523f64583c	3ad0871132ca04a6f37b77c6f0e7869da3bd282451e7a057209b864a0892c299	8	8	2015-08-28 23:02:19	2015-08-28 23:02:19.208166	2015-08-28 23:02:19.208166	17179869184	1
5	e13b8ed9cdfb60fe23c6747b533c21a9fc74bffebd7bd70657e5540218ca25c2	1ea2291393993ac769429987053aa4d12935e10700da11ce44c767523f64583c	10	10	2015-08-28 23:02:20	2015-08-28 23:02:19.352233	2015-08-28 23:02:19.352233	21474836480	1
\.


--
-- Data for Name: history_operation_participants; Type: TABLE DATA; Schema: public; Owner: -
--

COPY history_operation_participants (id, history_operation_id, history_account_id) FROM stdin;
107	8589938689	0
108	8589938689	8589938688
109	8589942785	0
110	8589942785	8589942784
111	8589946881	0
112	8589946881	8589946880
113	8589950977	0
114	8589950977	8589950976
115	12884905985	8589950976
116	12884910081	8589946880
117	12884914177	8589942784
118	12884918273	8589950976
119	12884922369	8589950976
120	12884926465	8589950976
121	12884930561	8589950976
122	12884934657	8589950976
123	12884938753	8589950976
124	12884942849	8589950976
125	17179873281	8589938688
126	17179873281	8589942784
127	17179877377	8589938688
128	17179877377	8589950976
129	17179881473	8589938688
130	17179881473	8589950976
131	17179885569	8589938688
132	17179885569	8589950976
133	17179889665	8589938688
134	17179889665	8589950976
135	17179893761	8589938688
136	17179893761	8589950976
137	17179897857	8589938688
138	17179897857	8589950976
139	17179901953	8589938688
140	17179901953	8589950976
141	21474840577	8589950976
142	21474844673	8589950976
143	21474848769	8589950976
144	21474852865	8589950976
145	21474856961	8589950976
146	21474861057	8589950976
147	21474865153	8589950976
148	21474869249	8589950976
149	21474873345	8589950976
150	21474877441	8589950976
\.


--
-- Name: history_operation_participants_id_seq; Type: SEQUENCE SET; Schema: public; Owner: -
--

SELECT pg_catalog.setval('history_operation_participants_id_seq', 150, true);


--
-- Data for Name: history_operations; Type: TABLE DATA; Schema: public; Owner: -
--

COPY history_operations (id, transaction_id, application_order, type, details) FROM stdin;
8589938689	8589938688	1	0	{"funder": "GCEZWKCA5VLDNRLN3RPRJMRZOX3Z6G5CHCGSNFHEYVXM3XOJMDS674JZ", "account": "GDH7ORX4EFMGLIJMYPBKCZNTRDFCKMBLAPEREW4TW3LFQM5YTDZNMSQ4", "starting_balance": 10000000000}
8589942785	8589942784	1	0	{"funder": "GCEZWKCA5VLDNRLN3RPRJMRZOX3Z6G5CHCGSNFHEYVXM3XOJMDS674JZ", "account": "GBGX3YA7WQX3ONL5RJUWKNOCV6MV65PUHOWN5I2J4VS5MQIHSCS7K7VK", "starting_balance": 10000000000}
8589946881	8589946880	1	0	{"funder": "GCEZWKCA5VLDNRLN3RPRJMRZOX3Z6G5CHCGSNFHEYVXM3XOJMDS674JZ", "account": "GDN3IKKPCCOZP64RA2ZN5JWUXIKVIMKJPOTD3ID7SJCYDDHQLHBXMIQP", "starting_balance": 10000000000}
8589950977	8589950976	1	0	{"funder": "GCEZWKCA5VLDNRLN3RPRJMRZOX3Z6G5CHCGSNFHEYVXM3XOJMDS674JZ", "account": "GDJE5TGX6SFM5RJILUQNBKJMTXCVB7LVJZOGGI3ENU7S5MLHYD3V547N", "starting_balance": 10000000000}
12884905985	12884905984	1	6	{"limit": 9223372036854775807, "trustee": "GDH7ORX4EFMGLIJMYPBKCZNTRDFCKMBLAPEREW4TW3LFQM5YTDZNMSQ4", "trustor": "GDJE5TGX6SFM5RJILUQNBKJMTXCVB7LVJZOGGI3ENU7S5MLHYD3V547N", "asset_code": "USD", "asset_type": "credit_alphanum4", "asset_issuer": "GDH7ORX4EFMGLIJMYPBKCZNTRDFCKMBLAPEREW4TW3LFQM5YTDZNMSQ4"}
12884910081	12884910080	1	6	{"limit": 9223372036854775807, "trustee": "GDH7ORX4EFMGLIJMYPBKCZNTRDFCKMBLAPEREW4TW3LFQM5YTDZNMSQ4", "trustor": "GDN3IKKPCCOZP64RA2ZN5JWUXIKVIMKJPOTD3ID7SJCYDDHQLHBXMIQP", "asset_code": "EUR", "asset_type": "credit_alphanum4", "asset_issuer": "GDH7ORX4EFMGLIJMYPBKCZNTRDFCKMBLAPEREW4TW3LFQM5YTDZNMSQ4"}
12884914177	12884914176	1	6	{"limit": 9223372036854775807, "trustee": "GDH7ORX4EFMGLIJMYPBKCZNTRDFCKMBLAPEREW4TW3LFQM5YTDZNMSQ4", "trustor": "GBGX3YA7WQX3ONL5RJUWKNOCV6MV65PUHOWN5I2J4VS5MQIHSCS7K7VK", "asset_code": "USD", "asset_type": "credit_alphanum4", "asset_issuer": "GDH7ORX4EFMGLIJMYPBKCZNTRDFCKMBLAPEREW4TW3LFQM5YTDZNMSQ4"}
12884918273	12884918272	1	6	{"limit": 9223372036854775807, "trustee": "GDH7ORX4EFMGLIJMYPBKCZNTRDFCKMBLAPEREW4TW3LFQM5YTDZNMSQ4", "trustor": "GDJE5TGX6SFM5RJILUQNBKJMTXCVB7LVJZOGGI3ENU7S5MLHYD3V547N", "asset_code": "EUR", "asset_type": "credit_alphanum4", "asset_issuer": "GDH7ORX4EFMGLIJMYPBKCZNTRDFCKMBLAPEREW4TW3LFQM5YTDZNMSQ4"}
12884922369	12884922368	1	6	{"limit": 9223372036854775807, "trustee": "GDH7ORX4EFMGLIJMYPBKCZNTRDFCKMBLAPEREW4TW3LFQM5YTDZNMSQ4", "trustor": "GDJE5TGX6SFM5RJILUQNBKJMTXCVB7LVJZOGGI3ENU7S5MLHYD3V547N", "asset_code": "1", "asset_type": "credit_alphanum4", "asset_issuer": "GDH7ORX4EFMGLIJMYPBKCZNTRDFCKMBLAPEREW4TW3LFQM5YTDZNMSQ4"}
12884926465	12884926464	1	6	{"limit": 9223372036854775807, "trustee": "GDH7ORX4EFMGLIJMYPBKCZNTRDFCKMBLAPEREW4TW3LFQM5YTDZNMSQ4", "trustor": "GDJE5TGX6SFM5RJILUQNBKJMTXCVB7LVJZOGGI3ENU7S5MLHYD3V547N", "asset_code": "21", "asset_type": "credit_alphanum4", "asset_issuer": "GDH7ORX4EFMGLIJMYPBKCZNTRDFCKMBLAPEREW4TW3LFQM5YTDZNMSQ4"}
12884930561	12884930560	1	6	{"limit": 9223372036854775807, "trustee": "GDH7ORX4EFMGLIJMYPBKCZNTRDFCKMBLAPEREW4TW3LFQM5YTDZNMSQ4", "trustor": "GDJE5TGX6SFM5RJILUQNBKJMTXCVB7LVJZOGGI3ENU7S5MLHYD3V547N", "asset_code": "22", "asset_type": "credit_alphanum4", "asset_issuer": "GDH7ORX4EFMGLIJMYPBKCZNTRDFCKMBLAPEREW4TW3LFQM5YTDZNMSQ4"}
12884934657	12884934656	1	6	{"limit": 9223372036854775807, "trustee": "GDH7ORX4EFMGLIJMYPBKCZNTRDFCKMBLAPEREW4TW3LFQM5YTDZNMSQ4", "trustor": "GDJE5TGX6SFM5RJILUQNBKJMTXCVB7LVJZOGGI3ENU7S5MLHYD3V547N", "asset_code": "31", "asset_type": "credit_alphanum4", "asset_issuer": "GDH7ORX4EFMGLIJMYPBKCZNTRDFCKMBLAPEREW4TW3LFQM5YTDZNMSQ4"}
12884938753	12884938752	1	6	{"limit": 9223372036854775807, "trustee": "GDH7ORX4EFMGLIJMYPBKCZNTRDFCKMBLAPEREW4TW3LFQM5YTDZNMSQ4", "trustor": "GDJE5TGX6SFM5RJILUQNBKJMTXCVB7LVJZOGGI3ENU7S5MLHYD3V547N", "asset_code": "32", "asset_type": "credit_alphanum4", "asset_issuer": "GDH7ORX4EFMGLIJMYPBKCZNTRDFCKMBLAPEREW4TW3LFQM5YTDZNMSQ4"}
12884942849	12884942848	1	6	{"limit": 9223372036854775807, "trustee": "GDH7ORX4EFMGLIJMYPBKCZNTRDFCKMBLAPEREW4TW3LFQM5YTDZNMSQ4", "trustor": "GDJE5TGX6SFM5RJILUQNBKJMTXCVB7LVJZOGGI3ENU7S5MLHYD3V547N", "asset_code": "33", "asset_type": "credit_alphanum4", "asset_issuer": "GDH7ORX4EFMGLIJMYPBKCZNTRDFCKMBLAPEREW4TW3LFQM5YTDZNMSQ4"}
17179873281	17179873280	1	1	{"to": "GBGX3YA7WQX3ONL5RJUWKNOCV6MV65PUHOWN5I2J4VS5MQIHSCS7K7VK", "from": "GDH7ORX4EFMGLIJMYPBKCZNTRDFCKMBLAPEREW4TW3LFQM5YTDZNMSQ4", "amount": 5000, "asset_code": "USD", "asset_type": "credit_alphanum4", "asset_issuer": "GDH7ORX4EFMGLIJMYPBKCZNTRDFCKMBLAPEREW4TW3LFQM5YTDZNMSQ4"}
17179877377	17179877376	1	1	{"to": "GDJE5TGX6SFM5RJILUQNBKJMTXCVB7LVJZOGGI3ENU7S5MLHYD3V547N", "from": "GDH7ORX4EFMGLIJMYPBKCZNTRDFCKMBLAPEREW4TW3LFQM5YTDZNMSQ4", "amount": 5000, "asset_code": "EUR", "asset_type": "credit_alphanum4", "asset_issuer": "GDH7ORX4EFMGLIJMYPBKCZNTRDFCKMBLAPEREW4TW3LFQM5YTDZNMSQ4"}
17179881473	17179881472	1	1	{"to": "GDJE5TGX6SFM5RJILUQNBKJMTXCVB7LVJZOGGI3ENU7S5MLHYD3V547N", "from": "GDH7ORX4EFMGLIJMYPBKCZNTRDFCKMBLAPEREW4TW3LFQM5YTDZNMSQ4", "amount": 5000, "asset_code": "1", "asset_type": "credit_alphanum4", "asset_issuer": "GDH7ORX4EFMGLIJMYPBKCZNTRDFCKMBLAPEREW4TW3LFQM5YTDZNMSQ4"}
17179885569	17179885568	1	1	{"to": "GDJE5TGX6SFM5RJILUQNBKJMTXCVB7LVJZOGGI3ENU7S5MLHYD3V547N", "from": "GDH7ORX4EFMGLIJMYPBKCZNTRDFCKMBLAPEREW4TW3LFQM5YTDZNMSQ4", "amount": 5000, "asset_code": "21", "asset_type": "credit_alphanum4", "asset_issuer": "GDH7ORX4EFMGLIJMYPBKCZNTRDFCKMBLAPEREW4TW3LFQM5YTDZNMSQ4"}
17179889665	17179889664	1	1	{"to": "GDJE5TGX6SFM5RJILUQNBKJMTXCVB7LVJZOGGI3ENU7S5MLHYD3V547N", "from": "GDH7ORX4EFMGLIJMYPBKCZNTRDFCKMBLAPEREW4TW3LFQM5YTDZNMSQ4", "amount": 5000, "asset_code": "22", "asset_type": "credit_alphanum4", "asset_issuer": "GDH7ORX4EFMGLIJMYPBKCZNTRDFCKMBLAPEREW4TW3LFQM5YTDZNMSQ4"}
17179893761	17179893760	1	1	{"to": "GDJE5TGX6SFM5RJILUQNBKJMTXCVB7LVJZOGGI3ENU7S5MLHYD3V547N", "from": "GDH7ORX4EFMGLIJMYPBKCZNTRDFCKMBLAPEREW4TW3LFQM5YTDZNMSQ4", "amount": 5000, "asset_code": "31", "asset_type": "credit_alphanum4", "asset_issuer": "GDH7ORX4EFMGLIJMYPBKCZNTRDFCKMBLAPEREW4TW3LFQM5YTDZNMSQ4"}
17179897857	17179897856	1	1	{"to": "GDJE5TGX6SFM5RJILUQNBKJMTXCVB7LVJZOGGI3ENU7S5MLHYD3V547N", "from": "GDH7ORX4EFMGLIJMYPBKCZNTRDFCKMBLAPEREW4TW3LFQM5YTDZNMSQ4", "amount": 5000, "asset_code": "32", "asset_type": "credit_alphanum4", "asset_issuer": "GDH7ORX4EFMGLIJMYPBKCZNTRDFCKMBLAPEREW4TW3LFQM5YTDZNMSQ4"}
17179901953	17179901952	1	1	{"to": "GDJE5TGX6SFM5RJILUQNBKJMTXCVB7LVJZOGGI3ENU7S5MLHYD3V547N", "from": "GDH7ORX4EFMGLIJMYPBKCZNTRDFCKMBLAPEREW4TW3LFQM5YTDZNMSQ4", "amount": 5000, "asset_code": "33", "asset_type": "credit_alphanum4", "asset_issuer": "GDH7ORX4EFMGLIJMYPBKCZNTRDFCKMBLAPEREW4TW3LFQM5YTDZNMSQ4"}
21474840577	21474840576	1	3	{"price": {"d": 1, "n": 1}, "amount": 10, "offer_id": 0, "buying_asset_code": "USD", "buying_asset_type": "credit_alphanum4", "selling_asset_code": "EUR", "selling_asset_type": "credit_alphanum4", "buying_asset_issuer": "GDH7ORX4EFMGLIJMYPBKCZNTRDFCKMBLAPEREW4TW3LFQM5YTDZNMSQ4", "selling_asset_issuer": "GDH7ORX4EFMGLIJMYPBKCZNTRDFCKMBLAPEREW4TW3LFQM5YTDZNMSQ4"}
21474844673	21474844672	1	3	{"price": {"d": 1, "n": 1}, "amount": 20, "offer_id": 0, "buying_asset_code": "USD", "buying_asset_type": "credit_alphanum4", "selling_asset_code": "1", "selling_asset_type": "credit_alphanum4", "buying_asset_issuer": "GDH7ORX4EFMGLIJMYPBKCZNTRDFCKMBLAPEREW4TW3LFQM5YTDZNMSQ4", "selling_asset_issuer": "GDH7ORX4EFMGLIJMYPBKCZNTRDFCKMBLAPEREW4TW3LFQM5YTDZNMSQ4"}
21474848769	21474848768	1	3	{"price": {"d": 1, "n": 1}, "amount": 20, "offer_id": 0, "buying_asset_code": "1", "buying_asset_type": "credit_alphanum4", "selling_asset_code": "EUR", "selling_asset_type": "credit_alphanum4", "buying_asset_issuer": "GDH7ORX4EFMGLIJMYPBKCZNTRDFCKMBLAPEREW4TW3LFQM5YTDZNMSQ4", "selling_asset_issuer": "GDH7ORX4EFMGLIJMYPBKCZNTRDFCKMBLAPEREW4TW3LFQM5YTDZNMSQ4"}
21474852865	21474852864	1	3	{"price": {"d": 1, "n": 1}, "amount": 30, "offer_id": 0, "buying_asset_code": "USD", "buying_asset_type": "credit_alphanum4", "selling_asset_code": "21", "selling_asset_type": "credit_alphanum4", "buying_asset_issuer": "GDH7ORX4EFMGLIJMYPBKCZNTRDFCKMBLAPEREW4TW3LFQM5YTDZNMSQ4", "selling_asset_issuer": "GDH7ORX4EFMGLIJMYPBKCZNTRDFCKMBLAPEREW4TW3LFQM5YTDZNMSQ4"}
21474856961	21474856960	1	3	{"price": {"d": 1, "n": 1}, "amount": 30, "offer_id": 0, "buying_asset_code": "21", "buying_asset_type": "credit_alphanum4", "selling_asset_code": "22", "selling_asset_type": "credit_alphanum4", "buying_asset_issuer": "GDH7ORX4EFMGLIJMYPBKCZNTRDFCKMBLAPEREW4TW3LFQM5YTDZNMSQ4", "selling_asset_issuer": "GDH7ORX4EFMGLIJMYPBKCZNTRDFCKMBLAPEREW4TW3LFQM5YTDZNMSQ4"}
21474861057	21474861056	1	3	{"price": {"d": 1, "n": 1}, "amount": 30, "offer_id": 0, "buying_asset_code": "22", "buying_asset_type": "credit_alphanum4", "selling_asset_code": "EUR", "selling_asset_type": "credit_alphanum4", "buying_asset_issuer": "GDH7ORX4EFMGLIJMYPBKCZNTRDFCKMBLAPEREW4TW3LFQM5YTDZNMSQ4", "selling_asset_issuer": "GDH7ORX4EFMGLIJMYPBKCZNTRDFCKMBLAPEREW4TW3LFQM5YTDZNMSQ4"}
21474865153	21474865152	1	3	{"price": {"d": 1, "n": 1}, "amount": 40, "offer_id": 0, "buying_asset_code": "USD", "buying_asset_type": "credit_alphanum4", "selling_asset_code": "31", "selling_asset_type": "credit_alphanum4", "buying_asset_issuer": "GDH7ORX4EFMGLIJMYPBKCZNTRDFCKMBLAPEREW4TW3LFQM5YTDZNMSQ4", "selling_asset_issuer": "GDH7ORX4EFMGLIJMYPBKCZNTRDFCKMBLAPEREW4TW3LFQM5YTDZNMSQ4"}
21474869249	21474869248	1	3	{"price": {"d": 1, "n": 1}, "amount": 40, "offer_id": 0, "buying_asset_code": "31", "buying_asset_type": "credit_alphanum4", "selling_asset_code": "32", "selling_asset_type": "credit_alphanum4", "buying_asset_issuer": "GDH7ORX4EFMGLIJMYPBKCZNTRDFCKMBLAPEREW4TW3LFQM5YTDZNMSQ4", "selling_asset_issuer": "GDH7ORX4EFMGLIJMYPBKCZNTRDFCKMBLAPEREW4TW3LFQM5YTDZNMSQ4"}
21474873345	21474873344	1	3	{"price": {"d": 1, "n": 1}, "amount": 40, "offer_id": 0, "buying_asset_code": "32", "buying_asset_type": "credit_alphanum4", "selling_asset_code": "33", "selling_asset_type": "credit_alphanum4", "buying_asset_issuer": "GDH7ORX4EFMGLIJMYPBKCZNTRDFCKMBLAPEREW4TW3LFQM5YTDZNMSQ4", "selling_asset_issuer": "GDH7ORX4EFMGLIJMYPBKCZNTRDFCKMBLAPEREW4TW3LFQM5YTDZNMSQ4"}
21474877441	21474877440	1	3	{"price": {"d": 1, "n": 1}, "amount": 40, "offer_id": 0, "buying_asset_code": "33", "buying_asset_type": "credit_alphanum4", "selling_asset_code": "EUR", "selling_asset_type": "credit_alphanum4", "buying_asset_issuer": "GDH7ORX4EFMGLIJMYPBKCZNTRDFCKMBLAPEREW4TW3LFQM5YTDZNMSQ4", "selling_asset_issuer": "GDH7ORX4EFMGLIJMYPBKCZNTRDFCKMBLAPEREW4TW3LFQM5YTDZNMSQ4"}
\.


--
-- Data for Name: history_transaction_participants; Type: TABLE DATA; Schema: public; Owner: -
--

COPY history_transaction_participants (id, transaction_hash, account, created_at, updated_at) FROM stdin;
97	5fc12731a3874fdbc6505eebcdf5a2a22cdd50df7d0d14479a38dac6638cb820	GCEZWKCA5VLDNRLN3RPRJMRZOX3Z6G5CHCGSNFHEYVXM3XOJMDS674JZ	2015-08-28 23:02:18.957161	2015-08-28 23:02:18.957161
98	5fc12731a3874fdbc6505eebcdf5a2a22cdd50df7d0d14479a38dac6638cb820	GDH7ORX4EFMGLIJMYPBKCZNTRDFCKMBLAPEREW4TW3LFQM5YTDZNMSQ4	2015-08-28 23:02:18.95827	2015-08-28 23:02:18.95827
99	e56a42242cd992d4060629eb5fbd375754a80e41eb7ecc72ec6be2b1315955d1	GCEZWKCA5VLDNRLN3RPRJMRZOX3Z6G5CHCGSNFHEYVXM3XOJMDS674JZ	2015-08-28 23:02:18.980785	2015-08-28 23:02:18.980785
100	e56a42242cd992d4060629eb5fbd375754a80e41eb7ecc72ec6be2b1315955d1	GBGX3YA7WQX3ONL5RJUWKNOCV6MV65PUHOWN5I2J4VS5MQIHSCS7K7VK	2015-08-28 23:02:18.981881	2015-08-28 23:02:18.981881
101	280b8cbf52a1b97b0ee8de8292de84cc0999ed39e682486c359a982e77271ec3	GCEZWKCA5VLDNRLN3RPRJMRZOX3Z6G5CHCGSNFHEYVXM3XOJMDS674JZ	2015-08-28 23:02:19.005088	2015-08-28 23:02:19.005088
102	280b8cbf52a1b97b0ee8de8292de84cc0999ed39e682486c359a982e77271ec3	GDN3IKKPCCOZP64RA2ZN5JWUXIKVIMKJPOTD3ID7SJCYDDHQLHBXMIQP	2015-08-28 23:02:19.006199	2015-08-28 23:02:19.006199
103	f2dbb3e4a00077874e055da5cfd0674d7044d8826ff1a7e2a1a1e01893f5d66c	GCEZWKCA5VLDNRLN3RPRJMRZOX3Z6G5CHCGSNFHEYVXM3XOJMDS674JZ	2015-08-28 23:02:19.029363	2015-08-28 23:02:19.029363
104	f2dbb3e4a00077874e055da5cfd0674d7044d8826ff1a7e2a1a1e01893f5d66c	GDJE5TGX6SFM5RJILUQNBKJMTXCVB7LVJZOGGI3ENU7S5MLHYD3V547N	2015-08-28 23:02:19.030313	2015-08-28 23:02:19.030313
105	9544803733234422b75fee16b9508ba74556ccff460876a196054d12064cde5d	GDJE5TGX6SFM5RJILUQNBKJMTXCVB7LVJZOGGI3ENU7S5MLHYD3V547N	2015-08-28 23:02:19.060953	2015-08-28 23:02:19.060953
106	a03f28bb4dd80a75d149b2cee913b20eef6bb6b833cfe41befdc90a715d28f4a	GDN3IKKPCCOZP64RA2ZN5JWUXIKVIMKJPOTD3ID7SJCYDDHQLHBXMIQP	2015-08-28 23:02:19.073933	2015-08-28 23:02:19.073933
107	9970167f3b3a971b293a302bb5e123a46a03212af84f365e4648ebcd0fa3e7c9	GBGX3YA7WQX3ONL5RJUWKNOCV6MV65PUHOWN5I2J4VS5MQIHSCS7K7VK	2015-08-28 23:02:19.086913	2015-08-28 23:02:19.086913
108	f4a159d76ea0002a720dc81a9bda22779856e12528e01676c5dee1c9d47c5132	GDJE5TGX6SFM5RJILUQNBKJMTXCVB7LVJZOGGI3ENU7S5MLHYD3V547N	2015-08-28 23:02:19.099621	2015-08-28 23:02:19.099621
109	cb26197e94a26992b7577235160a1e1c9139a3a633f4b76c3ead62a16b86b2dc	GDJE5TGX6SFM5RJILUQNBKJMTXCVB7LVJZOGGI3ENU7S5MLHYD3V547N	2015-08-28 23:02:19.112947	2015-08-28 23:02:19.112947
110	26aa4091f71718851902f4c22ff1c8d75be92e69757f5ae4816dae0eae5c93e5	GDJE5TGX6SFM5RJILUQNBKJMTXCVB7LVJZOGGI3ENU7S5MLHYD3V547N	2015-08-28 23:02:19.129483	2015-08-28 23:02:19.129483
111	6567cb96772fab0f72463e4ce673a5799bb88a5f1339bc8fe054a3fecd192597	GDJE5TGX6SFM5RJILUQNBKJMTXCVB7LVJZOGGI3ENU7S5MLHYD3V547N	2015-08-28 23:02:19.140468	2015-08-28 23:02:19.140468
112	e30e3a06c5de5036d4250260d49b09b047b66694541155880f35fbe5870a5809	GDJE5TGX6SFM5RJILUQNBKJMTXCVB7LVJZOGGI3ENU7S5MLHYD3V547N	2015-08-28 23:02:19.159683	2015-08-28 23:02:19.159683
113	efe1fe93070c429bcf36304d83402abaf762e4c761329075ddf5fc6a08c19b88	GDJE5TGX6SFM5RJILUQNBKJMTXCVB7LVJZOGGI3ENU7S5MLHYD3V547N	2015-08-28 23:02:19.177883	2015-08-28 23:02:19.177883
114	770e9913d05af9caed8377225306a4e460825e03c755b2211644e36ae2628088	GDJE5TGX6SFM5RJILUQNBKJMTXCVB7LVJZOGGI3ENU7S5MLHYD3V547N	2015-08-28 23:02:19.190852	2015-08-28 23:02:19.190852
115	d3af4af75f37bcd5ab9c03d8d37f9f6dd75e29023197546185a885bde7f08f7f	GDH7ORX4EFMGLIJMYPBKCZNTRDFCKMBLAPEREW4TW3LFQM5YTDZNMSQ4	2015-08-28 23:02:19.212199	2015-08-28 23:02:19.212199
116	fe0bfb75412b23ef58364a541e7a4d26e0b00f3be420949ff5061308ab969b81	GDH7ORX4EFMGLIJMYPBKCZNTRDFCKMBLAPEREW4TW3LFQM5YTDZNMSQ4	2015-08-28 23:02:19.229354	2015-08-28 23:02:19.229354
117	5874c0cc3f4d572321705faebdaf51e4b331dff3dd3c1702a57269ede9218ab9	GDH7ORX4EFMGLIJMYPBKCZNTRDFCKMBLAPEREW4TW3LFQM5YTDZNMSQ4	2015-08-28 23:02:19.248033	2015-08-28 23:02:19.248033
118	09b7946d8f76a2e155834f7ed3bac8d7e4cd6ac97d1c4dc5e80bc38d000a4ff1	GDH7ORX4EFMGLIJMYPBKCZNTRDFCKMBLAPEREW4TW3LFQM5YTDZNMSQ4	2015-08-28 23:02:19.265737	2015-08-28 23:02:19.265737
119	a2bc6e58f0df806cbd6a1d34c3a8c7cd9aeae1fdde1ebbd0ebb2c1d8b866f6cf	GDH7ORX4EFMGLIJMYPBKCZNTRDFCKMBLAPEREW4TW3LFQM5YTDZNMSQ4	2015-08-28 23:02:19.283127	2015-08-28 23:02:19.283127
120	34cc21153798a664f1175f949a753901924dcf9951af1642dee01d0df259b51b	GDH7ORX4EFMGLIJMYPBKCZNTRDFCKMBLAPEREW4TW3LFQM5YTDZNMSQ4	2015-08-28 23:02:19.29914	2015-08-28 23:02:19.29914
121	4f7d456b5ffc3e95aa99eb64c9e47302eb932780b29d38d6ec71d9dd60e043c1	GDH7ORX4EFMGLIJMYPBKCZNTRDFCKMBLAPEREW4TW3LFQM5YTDZNMSQ4	2015-08-28 23:02:19.315036	2015-08-28 23:02:19.315036
122	27d0e801ada04be7fd56e316378696945480b893a1a736d7f0e582328ff669c2	GDH7ORX4EFMGLIJMYPBKCZNTRDFCKMBLAPEREW4TW3LFQM5YTDZNMSQ4	2015-08-28 23:02:19.330732	2015-08-28 23:02:19.330732
123	7f62001ba7c523349a807b0db0478252da164f53c74ee0f90d2df551bb9d00d4	GDJE5TGX6SFM5RJILUQNBKJMTXCVB7LVJZOGGI3ENU7S5MLHYD3V547N	2015-08-28 23:02:19.356693	2015-08-28 23:02:19.356693
124	91a4cac0c5da9ae53a4f6806532012cc38b6d407d31c9c433e9c4eb5bbc7f416	GDJE5TGX6SFM5RJILUQNBKJMTXCVB7LVJZOGGI3ENU7S5MLHYD3V547N	2015-08-28 23:02:19.365135	2015-08-28 23:02:19.365135
125	1794152bddd5a48ab88aaac17fd864577a0f785d2b86f813a8fbf0ddeb3360ed	GDJE5TGX6SFM5RJILUQNBKJMTXCVB7LVJZOGGI3ENU7S5MLHYD3V547N	2015-08-28 23:02:19.373524	2015-08-28 23:02:19.373524
126	6d872d49c7571f234459df0c0bf9e737fbc4435a3fc4abfd18afa249cec70ac9	GDJE5TGX6SFM5RJILUQNBKJMTXCVB7LVJZOGGI3ENU7S5MLHYD3V547N	2015-08-28 23:02:19.382697	2015-08-28 23:02:19.382697
127	27c8adc85a03bf805047e6194f13c9727e1ad40fa41b9a5f047bb0bf65f19a81	GDJE5TGX6SFM5RJILUQNBKJMTXCVB7LVJZOGGI3ENU7S5MLHYD3V547N	2015-08-28 23:02:19.391492	2015-08-28 23:02:19.391492
128	dccb2d3b9104eba833408f2aab800c6d9fff1548c8f97b3d3d510c752ffb167e	GDJE5TGX6SFM5RJILUQNBKJMTXCVB7LVJZOGGI3ENU7S5MLHYD3V547N	2015-08-28 23:02:19.399537	2015-08-28 23:02:19.399537
129	c70d6ddbab654e83a7109d8ab416a48539b2878b897d29d7239cf9a0b9c89665	GDJE5TGX6SFM5RJILUQNBKJMTXCVB7LVJZOGGI3ENU7S5MLHYD3V547N	2015-08-28 23:02:19.408337	2015-08-28 23:02:19.408337
130	c103cf7010970e101a57d606f5e9c86b853811c27aca7cc3be1761bd95c573fc	GDJE5TGX6SFM5RJILUQNBKJMTXCVB7LVJZOGGI3ENU7S5MLHYD3V547N	2015-08-28 23:02:19.418036	2015-08-28 23:02:19.418036
131	4598690d22ee39cc5168df9ca67b360801e9c5c729bf074c510ed5d791481c29	GDJE5TGX6SFM5RJILUQNBKJMTXCVB7LVJZOGGI3ENU7S5MLHYD3V547N	2015-08-28 23:02:19.426262	2015-08-28 23:02:19.426262
132	8bf8c6346f4ae2ec8a6fddb277d37f4257a32600f37cf5b52d5a756db3bb908e	GDJE5TGX6SFM5RJILUQNBKJMTXCVB7LVJZOGGI3ENU7S5MLHYD3V547N	2015-08-28 23:02:19.434944	2015-08-28 23:02:19.434944
\.


--
-- Name: history_transaction_participants_id_seq; Type: SEQUENCE SET; Schema: public; Owner: -
--

SELECT pg_catalog.setval('history_transaction_participants_id_seq', 132, true);


--
-- Data for Name: history_transaction_statuses; Type: TABLE DATA; Schema: public; Owner: -
--

COPY history_transaction_statuses (id, result_code_s, result_code) FROM stdin;
\.


--
-- Name: history_transaction_statuses_id_seq; Type: SEQUENCE SET; Schema: public; Owner: -
--

SELECT pg_catalog.setval('history_transaction_statuses_id_seq', 1, false);


--
-- Data for Name: history_transactions; Type: TABLE DATA; Schema: public; Owner: -
--

COPY history_transactions (transaction_hash, ledger_sequence, application_order, account, account_sequence, max_fee, fee_paid, operation_count, transaction_status_id, created_at, updated_at, id, tx_envelope, tx_result, tx_meta) FROM stdin;
5fc12731a3874fdbc6505eebcdf5a2a22cdd50df7d0d14479a38dac6638cb820	2	1	GCEZWKCA5VLDNRLN3RPRJMRZOX3Z6G5CHCGSNFHEYVXM3XOJMDS674JZ	1	10	10	1	-1	2015-08-28 23:02:18.954802	2015-08-28 23:02:18.954802	8589938688	AAAAAImbKEDtVjbFbdxfFLI5dfefG6I4jSaU5MVuzd3JYOXvAAAACgAAAAAAAAABAAAAAAAAAAAAAAABAAAAAAAAAAAAAAAAz/dG/CFYZaEsw8KhZbOIyiUwKwPJEluTttZYM7iY8tYAAAACVAvkAAAAAAAAAAAByWDl7wAAAECuFxgt9zNfFNIIxV0YlynMVRUSaiz5plFJIPpQNKxj/gWSM8ASMMcb0DBDhXyACa3sgy1zAyc29+drf9H2OE4G	X8EnMaOHT9vGUF7rzfWioizdUN99DRRHmjjaxmOMuCAAAAAAAAAACgAAAAAAAAABAAAAAAAAAAAAAAAAAAAAAA==	AAAAAAAAAAEAAAABAAAAAAAAAACJmyhA7VY2xW3cXxSyOXX3nxuiOI0mlOTFbs3dyWDl7wFjRXhdif/2AAAAAAAAAAEAAAAAAAAAAAAAAAAAAAAAAQAAAAAAAAAAAAAAAAAAAQAAAAIAAAAAAAAAAAAAAADP90b8IVhloSzDwqFls4jKJTArA8kSW5O21lgzuJjy1gAAAAJUC+QAAAAAAgAAAAAAAAAAAAAAAAAAAAAAAAAAAQAAAAAAAAAAAAAAAAAAAQAAAAAAAAAAiZsoQO1WNsVt3F8Usjl1958bojiNJpTkxW7N3clg5e8BY0V2CX4b9gAAAAAAAAABAAAAAAAAAAAAAAAAAAAAAAEAAAAAAAAAAAAAAA==
e56a42242cd992d4060629eb5fbd375754a80e41eb7ecc72ec6be2b1315955d1	2	2	GCEZWKCA5VLDNRLN3RPRJMRZOX3Z6G5CHCGSNFHEYVXM3XOJMDS674JZ	2	10	10	1	-1	2015-08-28 23:02:18.978554	2015-08-28 23:02:18.978554	8589942784	AAAAAImbKEDtVjbFbdxfFLI5dfefG6I4jSaU5MVuzd3JYOXvAAAACgAAAAAAAAACAAAAAAAAAAAAAAABAAAAAAAAAAAAAAAATX3gH7QvtzV9imllNcKvmV919Dus3qNJ5WXWQQeQpfUAAAACVAvkAAAAAAAAAAAByWDl7wAAAEDPIi3cNg7Et/jbVHXo49M5yIplikz5xTmEpfGMdxp2/spX3vh9Jai0LwEIDn6r4Ry9RNVbxOXRXp/+7RP3yPoG	5WpCJCzZktQGBinrX703V1SoDkHrfsxy7GvisTFZVdEAAAAAAAAACgAAAAAAAAABAAAAAAAAAAAAAAAAAAAAAA==	AAAAAAAAAAEAAAABAAAAAAAAAACJmyhA7VY2xW3cXxSyOXX3nxuiOI0mlOTFbs3dyWDl7wFjRXYJfhvsAAAAAAAAAAIAAAAAAAAAAAAAAAAAAAAAAQAAAAAAAAAAAAAAAAAAAQAAAAIAAAAAAAAAAAAAAABNfeAftC+3NX2KaWU1wq+ZX3X0O6zeo0nlZdZBB5Cl9QAAAAJUC+QAAAAAAgAAAAAAAAAAAAAAAAAAAAAAAAAAAQAAAAAAAAAAAAAAAAAAAQAAAAAAAAAAiZsoQO1WNsVt3F8Usjl1958bojiNJpTkxW7N3clg5e8BY0VztXI37AAAAAAAAAACAAAAAAAAAAAAAAAAAAAAAAEAAAAAAAAAAAAAAA==
280b8cbf52a1b97b0ee8de8292de84cc0999ed39e682486c359a982e77271ec3	2	3	GCEZWKCA5VLDNRLN3RPRJMRZOX3Z6G5CHCGSNFHEYVXM3XOJMDS674JZ	3	10	10	1	-1	2015-08-28 23:02:19.003012	2015-08-28 23:02:19.003012	8589946880	AAAAAImbKEDtVjbFbdxfFLI5dfefG6I4jSaU5MVuzd3JYOXvAAAACgAAAAAAAAADAAAAAAAAAAAAAAABAAAAAAAAAAAAAAAA27QpTxCdl/uRBrLeptS6FVQxSXumPaB/kkWBjPBZw3YAAAACVAvkAAAAAAAAAAAByWDl7wAAAEDkSjfop6MkSF/FccLnUtJ2O6R9r67+S3n3DAy88TZNrJ6dNMUTPihj/NCA20sPU5S8u8UXIIiI7bxOF8dd99IE	KAuMv1KhuXsO6N6Ckt6EzAmZ7TnmgkhsNZqYLncnHsMAAAAAAAAACgAAAAAAAAABAAAAAAAAAAAAAAAAAAAAAA==	AAAAAAAAAAEAAAABAAAAAAAAAACJmyhA7VY2xW3cXxSyOXX3nxuiOI0mlOTFbs3dyWDl7wFjRXO1cjfiAAAAAAAAAAMAAAAAAAAAAAAAAAAAAAAAAQAAAAAAAAAAAAAAAAAAAQAAAAIAAAAAAAAAAAAAAADbtClPEJ2X+5EGst6m1LoVVDFJe6Y9oH+SRYGM8FnDdgAAAAJUC+QAAAAAAgAAAAAAAAAAAAAAAAAAAAAAAAAAAQAAAAAAAAAAAAAAAAAAAQAAAAAAAAAAiZsoQO1WNsVt3F8Usjl1958bojiNJpTkxW7N3clg5e8BY0VxYWZT4gAAAAAAAAADAAAAAAAAAAAAAAAAAAAAAAEAAAAAAAAAAAAAAA==
f2dbb3e4a00077874e055da5cfd0674d7044d8826ff1a7e2a1a1e01893f5d66c	2	4	GCEZWKCA5VLDNRLN3RPRJMRZOX3Z6G5CHCGSNFHEYVXM3XOJMDS674JZ	4	10	10	1	-1	2015-08-28 23:02:19.027426	2015-08-28 23:02:19.027426	8589950976	AAAAAImbKEDtVjbFbdxfFLI5dfefG6I4jSaU5MVuzd3JYOXvAAAACgAAAAAAAAAEAAAAAAAAAAAAAAABAAAAAAAAAAAAAAAA0k7M1/SKzsUoXSDQqSydxVD9dU5cYyNkbT8usWfA914AAAACVAvkAAAAAAAAAAAByWDl7wAAAEBN5J1VKwRpWRsEjOY9GIhLei/PPE559j3XmRG9BotFKo/CDfY/wzYSaESKP3zx1NNwqkIscBklV7Ke4cZtw8gD	8tuz5KAAd4dOBV2lz9BnTXBE2IJv8afioaHgGJP11mwAAAAAAAAACgAAAAAAAAABAAAAAAAAAAAAAAAAAAAAAA==	AAAAAAAAAAEAAAABAAAAAAAAAACJmyhA7VY2xW3cXxSyOXX3nxuiOI0mlOTFbs3dyWDl7wFjRXFhZlPYAAAAAAAAAAQAAAAAAAAAAAAAAAAAAAAAAQAAAAAAAAAAAAAAAAAAAQAAAAIAAAAAAAAAAAAAAADSTszX9IrOxShdINCpLJ3FUP11TlxjI2RtPy6xZ8D3XgAAAAJUC+QAAAAAAgAAAAAAAAAAAAAAAAAAAAAAAAAAAQAAAAAAAAAAAAAAAAAAAQAAAAAAAAAAiZsoQO1WNsVt3F8Usjl1958bojiNJpTkxW7N3clg5e8BY0VvDVpv2AAAAAAAAAAEAAAAAAAAAAAAAAAAAAAAAAEAAAAAAAAAAAAAAA==
9544803733234422b75fee16b9508ba74556ccff460876a196054d12064cde5d	3	1	GDJE5TGX6SFM5RJILUQNBKJMTXCVB7LVJZOGGI3ENU7S5MLHYD3V547N	8589934593	10	10	1	-1	2015-08-28 23:02:19.059032	2015-08-28 23:02:19.059032	12884905984	AAAAANJOzNf0is7FKF0g0KksncVQ/XVOXGMjZG0/LrFnwPdeAAAACgAAAAIAAAABAAAAAAAAAAAAAAABAAAAAAAAAAYAAAABVVNEAAAAAADP90b8IVhloSzDwqFls4jKJTArA8kSW5O21lgzuJjy1n//////////AAAAAAAAAAFnwPdeAAAAQLzYIe9iTbL62YqRnHj9szARIaec8Gu/JGVOn/C2Y60qpyhRD5AgLmgGKmAGGEk/RMq1D68Jgy/7jbzBgwdejQU=	lUSANzMjRCK3X+4WuVCLp0VWzP9GCHahlgVNEgZM3l0AAAAAAAAACgAAAAAAAAABAAAAAAAAAAYAAAAAAAAAAA==	AAAAAAAAAAEAAAABAAAAAAAAAADSTszX9IrOxShdINCpLJ3FUP11TlxjI2RtPy6xZ8D3XgAAAAJUC+P2AAAAAgAAAAEAAAAAAAAAAAAAAAAAAAAAAQAAAAAAAAAAAAAAAAAAAQAAAAIAAAAAAAAAAQAAAADSTszX9IrOxShdINCpLJ3FUP11TlxjI2RtPy6xZ8D3XgAAAAFVU0QAAAAAAM/3RvwhWGWhLMPCoWWziMolMCsDyRJbk7bWWDO4mPLWAAAAAAAAAAB//////////wAAAAEAAAAAAAAAAQAAAAAAAAAA0k7M1/SKzsUoXSDQqSydxVD9dU5cYyNkbT8usWfA914AAAACVAvj9gAAAAIAAAABAAAAAQAAAAAAAAAAAAAAAAEAAAAAAAAAAAAAAA==
a03f28bb4dd80a75d149b2cee913b20eef6bb6b833cfe41befdc90a715d28f4a	3	2	GDN3IKKPCCOZP64RA2ZN5JWUXIKVIMKJPOTD3ID7SJCYDDHQLHBXMIQP	8589934593	10	10	1	-1	2015-08-28 23:02:19.071746	2015-08-28 23:02:19.071746	12884910080	AAAAANu0KU8QnZf7kQay3qbUuhVUMUl7pj2gf5JFgYzwWcN2AAAACgAAAAIAAAABAAAAAAAAAAAAAAABAAAAAAAAAAYAAAABRVVSAAAAAADP90b8IVhloSzDwqFls4jKJTArA8kSW5O21lgzuJjy1n//////////AAAAAAAAAAHwWcN2AAAAQJBd5LpYZCLInOLM684hnh0uUhkI6Rix4Thz/mLC5tppspJp77LZ3nBWFT2Mk13bRltsq0x/RJTyW/o1KBmgjwc=	oD8ou03YCnXRSbLO6ROyDu9rtrgzz+Qb79yQpxXSj0oAAAAAAAAACgAAAAAAAAABAAAAAAAAAAYAAAAAAAAAAA==	AAAAAAAAAAEAAAABAAAAAAAAAADbtClPEJ2X+5EGst6m1LoVVDFJe6Y9oH+SRYGM8FnDdgAAAAJUC+P2AAAAAgAAAAEAAAAAAAAAAAAAAAAAAAAAAQAAAAAAAAAAAAAAAAAAAQAAAAIAAAAAAAAAAQAAAADbtClPEJ2X+5EGst6m1LoVVDFJe6Y9oH+SRYGM8FnDdgAAAAFFVVIAAAAAAM/3RvwhWGWhLMPCoWWziMolMCsDyRJbk7bWWDO4mPLWAAAAAAAAAAB//////////wAAAAEAAAAAAAAAAQAAAAAAAAAA27QpTxCdl/uRBrLeptS6FVQxSXumPaB/kkWBjPBZw3YAAAACVAvj9gAAAAIAAAABAAAAAQAAAAAAAAAAAAAAAAEAAAAAAAAAAAAAAA==
9970167f3b3a971b293a302bb5e123a46a03212af84f365e4648ebcd0fa3e7c9	3	3	GBGX3YA7WQX3ONL5RJUWKNOCV6MV65PUHOWN5I2J4VS5MQIHSCS7K7VK	8589934593	10	10	1	-1	2015-08-28 23:02:19.084936	2015-08-28 23:02:19.084936	12884914176	AAAAAE194B+0L7c1fYppZTXCr5lfdfQ7rN6jSeVl1kEHkKX1AAAACgAAAAIAAAABAAAAAAAAAAAAAAABAAAAAAAAAAYAAAABVVNEAAAAAADP90b8IVhloSzDwqFls4jKJTArA8kSW5O21lgzuJjy1n//////////AAAAAAAAAAEHkKX1AAAAQE7xpclCw989cY8VUPp9nsiQJMIWkYy2gdA5NtbeD75wbQXnR3WEBfmWfvt9p4Et50b3l2mR0K+2JfX765Uctws=	mXAWfzs6lxspOjArteEjpGoDISr4TzZeRkjrzQ+j58kAAAAAAAAACgAAAAAAAAABAAAAAAAAAAYAAAAAAAAAAA==	AAAAAAAAAAEAAAABAAAAAAAAAABNfeAftC+3NX2KaWU1wq+ZX3X0O6zeo0nlZdZBB5Cl9QAAAAJUC+P2AAAAAgAAAAEAAAAAAAAAAAAAAAAAAAAAAQAAAAAAAAAAAAAAAAAAAQAAAAIAAAAAAAAAAQAAAABNfeAftC+3NX2KaWU1wq+ZX3X0O6zeo0nlZdZBB5Cl9QAAAAFVU0QAAAAAAM/3RvwhWGWhLMPCoWWziMolMCsDyRJbk7bWWDO4mPLWAAAAAAAAAAB//////////wAAAAEAAAAAAAAAAQAAAAAAAAAATX3gH7QvtzV9imllNcKvmV919Dus3qNJ5WXWQQeQpfUAAAACVAvj9gAAAAIAAAABAAAAAQAAAAAAAAAAAAAAAAEAAAAAAAAAAAAAAA==
f4a159d76ea0002a720dc81a9bda22779856e12528e01676c5dee1c9d47c5132	3	4	GDJE5TGX6SFM5RJILUQNBKJMTXCVB7LVJZOGGI3ENU7S5MLHYD3V547N	8589934594	10	10	1	-1	2015-08-28 23:02:19.097411	2015-08-28 23:02:19.097411	12884918272	AAAAANJOzNf0is7FKF0g0KksncVQ/XVOXGMjZG0/LrFnwPdeAAAACgAAAAIAAAACAAAAAAAAAAAAAAABAAAAAAAAAAYAAAABRVVSAAAAAADP90b8IVhloSzDwqFls4jKJTArA8kSW5O21lgzuJjy1n//////////AAAAAAAAAAFnwPdeAAAAQDs5mzH2dJGMFkMe7oss7N9vObe5bi1Vi1jflDyl02i6aGzs/+GKMQfYIVqFJp6wEV+87fI6ezgjpulPWgo6ZAA=	9KFZ126gACpyDcgam9oid5hW4SUo4BZ2xd7hydR8UTIAAAAAAAAACgAAAAAAAAABAAAAAAAAAAYAAAAAAAAAAA==	AAAAAAAAAAEAAAABAAAAAAAAAADSTszX9IrOxShdINCpLJ3FUP11TlxjI2RtPy6xZ8D3XgAAAAJUC+PsAAAAAgAAAAIAAAABAAAAAAAAAAAAAAAAAQAAAAAAAAAAAAAAAAAAAQAAAAIAAAAAAAAAAQAAAADSTszX9IrOxShdINCpLJ3FUP11TlxjI2RtPy6xZ8D3XgAAAAFFVVIAAAAAAM/3RvwhWGWhLMPCoWWziMolMCsDyRJbk7bWWDO4mPLWAAAAAAAAAAB//////////wAAAAEAAAAAAAAAAQAAAAAAAAAA0k7M1/SKzsUoXSDQqSydxVD9dU5cYyNkbT8usWfA914AAAACVAvj7AAAAAIAAAACAAAAAgAAAAAAAAAAAAAAAAEAAAAAAAAAAAAAAA==
cb26197e94a26992b7577235160a1e1c9139a3a633f4b76c3ead62a16b86b2dc	3	5	GDJE5TGX6SFM5RJILUQNBKJMTXCVB7LVJZOGGI3ENU7S5MLHYD3V547N	8589934595	10	10	1	-1	2015-08-28 23:02:19.110894	2015-08-28 23:02:19.110894	12884922368	AAAAANJOzNf0is7FKF0g0KksncVQ/XVOXGMjZG0/LrFnwPdeAAAACgAAAAIAAAADAAAAAAAAAAAAAAABAAAAAAAAAAYAAAABMQAAAAAAAADP90b8IVhloSzDwqFls4jKJTArA8kSW5O21lgzuJjy1n//////////AAAAAAAAAAFnwPdeAAAAQKJrydElx2Yo3rg+XtMITjpTqXStdj7ZWkE9IxtgTB7ZiK/KEoT7Q3xSJ5hVZq3sJaEVtWnAFf56e48pQkh5vQs=	yyYZfpSiaZK3V3I1FgoeHJE5o6Yz9LdsPq1ioWuGstwAAAAAAAAACgAAAAAAAAABAAAAAAAAAAYAAAAAAAAAAA==	AAAAAAAAAAEAAAABAAAAAAAAAADSTszX9IrOxShdINCpLJ3FUP11TlxjI2RtPy6xZ8D3XgAAAAJUC+PiAAAAAgAAAAMAAAACAAAAAAAAAAAAAAAAAQAAAAAAAAAAAAAAAAAAAQAAAAIAAAAAAAAAAQAAAADSTszX9IrOxShdINCpLJ3FUP11TlxjI2RtPy6xZ8D3XgAAAAExAAAAAAAAAM/3RvwhWGWhLMPCoWWziMolMCsDyRJbk7bWWDO4mPLWAAAAAAAAAAB//////////wAAAAEAAAAAAAAAAQAAAAAAAAAA0k7M1/SKzsUoXSDQqSydxVD9dU5cYyNkbT8usWfA914AAAACVAvj4gAAAAIAAAADAAAAAwAAAAAAAAAAAAAAAAEAAAAAAAAAAAAAAA==
26aa4091f71718851902f4c22ff1c8d75be92e69757f5ae4816dae0eae5c93e5	3	6	GDJE5TGX6SFM5RJILUQNBKJMTXCVB7LVJZOGGI3ENU7S5MLHYD3V547N	8589934596	10	10	1	-1	2015-08-28 23:02:19.126963	2015-08-28 23:02:19.126963	12884926464	AAAAANJOzNf0is7FKF0g0KksncVQ/XVOXGMjZG0/LrFnwPdeAAAACgAAAAIAAAAEAAAAAAAAAAAAAAABAAAAAAAAAAYAAAABMjEAAAAAAADP90b8IVhloSzDwqFls4jKJTArA8kSW5O21lgzuJjy1n//////////AAAAAAAAAAFnwPdeAAAAQOgHLoz3ZxPX5wnU8FibPThsSPRAmhMy14fuYXbnEvabQgq01TPJ8U/ZB+Stb4MCqThwS35bfoIpuvrrdVVHkgE=	JqpAkfcXGIUZAvTCL/HI11vpLml1f1rkgW2uDq5ck+UAAAAAAAAACgAAAAAAAAABAAAAAAAAAAYAAAAAAAAAAA==	AAAAAAAAAAEAAAABAAAAAAAAAADSTszX9IrOxShdINCpLJ3FUP11TlxjI2RtPy6xZ8D3XgAAAAJUC+PYAAAAAgAAAAQAAAADAAAAAAAAAAAAAAAAAQAAAAAAAAAAAAAAAAAAAQAAAAIAAAAAAAAAAQAAAADSTszX9IrOxShdINCpLJ3FUP11TlxjI2RtPy6xZ8D3XgAAAAEyMQAAAAAAAM/3RvwhWGWhLMPCoWWziMolMCsDyRJbk7bWWDO4mPLWAAAAAAAAAAB//////////wAAAAEAAAAAAAAAAQAAAAAAAAAA0k7M1/SKzsUoXSDQqSydxVD9dU5cYyNkbT8usWfA914AAAACVAvj2AAAAAIAAAAEAAAABAAAAAAAAAAAAAAAAAEAAAAAAAAAAAAAAA==
6567cb96772fab0f72463e4ce673a5799bb88a5f1339bc8fe054a3fecd192597	3	7	GDJE5TGX6SFM5RJILUQNBKJMTXCVB7LVJZOGGI3ENU7S5MLHYD3V547N	8589934597	10	10	1	-1	2015-08-28 23:02:19.13846	2015-08-28 23:02:19.13846	12884930560	AAAAANJOzNf0is7FKF0g0KksncVQ/XVOXGMjZG0/LrFnwPdeAAAACgAAAAIAAAAFAAAAAAAAAAAAAAABAAAAAAAAAAYAAAABMjIAAAAAAADP90b8IVhloSzDwqFls4jKJTArA8kSW5O21lgzuJjy1n//////////AAAAAAAAAAFnwPdeAAAAQLm2v5/5zkEkbC/KqM3v0NzR76eFHCBLFBxQTLrslNKsnLEYJzbQN4xh2ihFjT7JF+BKBeMr2l/+AsQ4uI1nUAI=	ZWfLlncvqw9yRj5M5nOleZu4il8TObyP4FSj/s0ZJZcAAAAAAAAACgAAAAAAAAABAAAAAAAAAAYAAAAAAAAAAA==	AAAAAAAAAAEAAAABAAAAAAAAAADSTszX9IrOxShdINCpLJ3FUP11TlxjI2RtPy6xZ8D3XgAAAAJUC+POAAAAAgAAAAUAAAAEAAAAAAAAAAAAAAAAAQAAAAAAAAAAAAAAAAAAAQAAAAIAAAAAAAAAAQAAAADSTszX9IrOxShdINCpLJ3FUP11TlxjI2RtPy6xZ8D3XgAAAAEyMgAAAAAAAM/3RvwhWGWhLMPCoWWziMolMCsDyRJbk7bWWDO4mPLWAAAAAAAAAAB//////////wAAAAEAAAAAAAAAAQAAAAAAAAAA0k7M1/SKzsUoXSDQqSydxVD9dU5cYyNkbT8usWfA914AAAACVAvjzgAAAAIAAAAFAAAABQAAAAAAAAAAAAAAAAEAAAAAAAAAAAAAAA==
e30e3a06c5de5036d4250260d49b09b047b66694541155880f35fbe5870a5809	3	8	GDJE5TGX6SFM5RJILUQNBKJMTXCVB7LVJZOGGI3ENU7S5MLHYD3V547N	8589934598	10	10	1	-1	2015-08-28 23:02:19.157289	2015-08-28 23:02:19.157289	12884934656	AAAAANJOzNf0is7FKF0g0KksncVQ/XVOXGMjZG0/LrFnwPdeAAAACgAAAAIAAAAGAAAAAAAAAAAAAAABAAAAAAAAAAYAAAABMzEAAAAAAADP90b8IVhloSzDwqFls4jKJTArA8kSW5O21lgzuJjy1n//////////AAAAAAAAAAFnwPdeAAAAQE14DBqh73BNZm63sevdTt43Oj0jjSZYX3vxXb97YDDzoWEuFTIIV6T7WD7Pu7xCoUfmMAY46uskS8YWsdP9pQc=	4w46BsXeUDbUJQJg1JsJsEe2ZpRUEVWIDzX75YcKWAkAAAAAAAAACgAAAAAAAAABAAAAAAAAAAYAAAAAAAAAAA==	AAAAAAAAAAEAAAABAAAAAAAAAADSTszX9IrOxShdINCpLJ3FUP11TlxjI2RtPy6xZ8D3XgAAAAJUC+PEAAAAAgAAAAYAAAAFAAAAAAAAAAAAAAAAAQAAAAAAAAAAAAAAAAAAAQAAAAIAAAAAAAAAAQAAAADSTszX9IrOxShdINCpLJ3FUP11TlxjI2RtPy6xZ8D3XgAAAAEzMQAAAAAAAM/3RvwhWGWhLMPCoWWziMolMCsDyRJbk7bWWDO4mPLWAAAAAAAAAAB//////////wAAAAEAAAAAAAAAAQAAAAAAAAAA0k7M1/SKzsUoXSDQqSydxVD9dU5cYyNkbT8usWfA914AAAACVAvjxAAAAAIAAAAGAAAABgAAAAAAAAAAAAAAAAEAAAAAAAAAAAAAAA==
efe1fe93070c429bcf36304d83402abaf762e4c761329075ddf5fc6a08c19b88	3	9	GDJE5TGX6SFM5RJILUQNBKJMTXCVB7LVJZOGGI3ENU7S5MLHYD3V547N	8589934599	10	10	1	-1	2015-08-28 23:02:19.174979	2015-08-28 23:02:19.174979	12884938752	AAAAANJOzNf0is7FKF0g0KksncVQ/XVOXGMjZG0/LrFnwPdeAAAACgAAAAIAAAAHAAAAAAAAAAAAAAABAAAAAAAAAAYAAAABMzIAAAAAAADP90b8IVhloSzDwqFls4jKJTArA8kSW5O21lgzuJjy1n//////////AAAAAAAAAAFnwPdeAAAAQIlgnlYd52dxSl1fJwr4oo8If02EEFXWLVRJqho/A5QXksS5n9k1SWUDPccb2b4eOZE4VUlEfB89DSXPNQpb+Q4=	7+H+kwcMQpvPNjBNg0Aquvdi5MdhMpB13fX8agjBm4gAAAAAAAAACgAAAAAAAAABAAAAAAAAAAYAAAAAAAAAAA==	AAAAAAAAAAEAAAABAAAAAAAAAADSTszX9IrOxShdINCpLJ3FUP11TlxjI2RtPy6xZ8D3XgAAAAJUC+O6AAAAAgAAAAcAAAAGAAAAAAAAAAAAAAAAAQAAAAAAAAAAAAAAAAAAAQAAAAIAAAAAAAAAAQAAAADSTszX9IrOxShdINCpLJ3FUP11TlxjI2RtPy6xZ8D3XgAAAAEzMgAAAAAAAM/3RvwhWGWhLMPCoWWziMolMCsDyRJbk7bWWDO4mPLWAAAAAAAAAAB//////////wAAAAEAAAAAAAAAAQAAAAAAAAAA0k7M1/SKzsUoXSDQqSydxVD9dU5cYyNkbT8usWfA914AAAACVAvjugAAAAIAAAAHAAAABwAAAAAAAAAAAAAAAAEAAAAAAAAAAAAAAA==
770e9913d05af9caed8377225306a4e460825e03c755b2211644e36ae2628088	3	10	GDJE5TGX6SFM5RJILUQNBKJMTXCVB7LVJZOGGI3ENU7S5MLHYD3V547N	8589934600	10	10	1	-1	2015-08-28 23:02:19.188847	2015-08-28 23:02:19.188847	12884942848	AAAAANJOzNf0is7FKF0g0KksncVQ/XVOXGMjZG0/LrFnwPdeAAAACgAAAAIAAAAIAAAAAAAAAAAAAAABAAAAAAAAAAYAAAABMzMAAAAAAADP90b8IVhloSzDwqFls4jKJTArA8kSW5O21lgzuJjy1n//////////AAAAAAAAAAFnwPdeAAAAQK+ISnIIXZt7IWMpej3ebvylWp5jmTgvhHBSSnzpTOovH0RNQ5eug2PkdFaaDRzoim9wAdcOrYL9hOwLwa7jpgU=	dw6ZE9Ba+crtg3ciUwak5GCCXgPHVbIhFkTjauJigIgAAAAAAAAACgAAAAAAAAABAAAAAAAAAAYAAAAAAAAAAA==	AAAAAAAAAAEAAAABAAAAAAAAAADSTszX9IrOxShdINCpLJ3FUP11TlxjI2RtPy6xZ8D3XgAAAAJUC+OwAAAAAgAAAAgAAAAHAAAAAAAAAAAAAAAAAQAAAAAAAAAAAAAAAAAAAQAAAAIAAAAAAAAAAQAAAADSTszX9IrOxShdINCpLJ3FUP11TlxjI2RtPy6xZ8D3XgAAAAEzMwAAAAAAAM/3RvwhWGWhLMPCoWWziMolMCsDyRJbk7bWWDO4mPLWAAAAAAAAAAB//////////wAAAAEAAAAAAAAAAQAAAAAAAAAA0k7M1/SKzsUoXSDQqSydxVD9dU5cYyNkbT8usWfA914AAAACVAvjsAAAAAIAAAAIAAAACAAAAAAAAAAAAAAAAAEAAAAAAAAAAAAAAA==
d3af4af75f37bcd5ab9c03d8d37f9f6dd75e29023197546185a885bde7f08f7f	4	1	GDH7ORX4EFMGLIJMYPBKCZNTRDFCKMBLAPEREW4TW3LFQM5YTDZNMSQ4	8589934593	10	10	1	-1	2015-08-28 23:02:19.210542	2015-08-28 23:02:19.210542	17179873280	AAAAAM/3RvwhWGWhLMPCoWWziMolMCsDyRJbk7bWWDO4mPLWAAAACgAAAAIAAAABAAAAAAAAAAAAAAABAAAAAAAAAAEAAAAATX3gH7QvtzV9imllNcKvmV919Dus3qNJ5WXWQQeQpfUAAAABVVNEAAAAAADP90b8IVhloSzDwqFls4jKJTArA8kSW5O21lgzuJjy1gAAAAAAABOIAAAAAAAAAAG4mPLWAAAAQCp7TC+2yfAFzMUlJJ03G6J0BqlOoTjm8pBAcNI18MfrAKGeA4Y8DQVZ1SoF66vGiQxiMZSeNRi6xoVQIT5LfAQ=	069K9183vNWrnAPY03+fbddeKQIxl1RhhaiFvefwj38AAAAAAAAACgAAAAAAAAABAAAAAAAAAAEAAAAAAAAAAA==	AAAAAAAAAAEAAAABAAAAAAAAAADP90b8IVhloSzDwqFls4jKJTArA8kSW5O21lgzuJjy1gAAAAJUC+P2AAAAAgAAAAEAAAAAAAAAAAAAAAAAAAAAAQAAAAAAAAAAAAAAAAAAAQAAAAEAAAABAAAAAQAAAABNfeAftC+3NX2KaWU1wq+ZX3X0O6zeo0nlZdZBB5Cl9QAAAAFVU0QAAAAAAM/3RvwhWGWhLMPCoWWziMolMCsDyRJbk7bWWDO4mPLWAAAAAAAAE4h//////////wAAAAEAAAAA
fe0bfb75412b23ef58364a541e7a4d26e0b00f3be420949ff5061308ab969b81	4	2	GDH7ORX4EFMGLIJMYPBKCZNTRDFCKMBLAPEREW4TW3LFQM5YTDZNMSQ4	8589934594	10	10	1	-1	2015-08-28 23:02:19.227573	2015-08-28 23:02:19.227573	17179877376	AAAAAM/3RvwhWGWhLMPCoWWziMolMCsDyRJbk7bWWDO4mPLWAAAACgAAAAIAAAACAAAAAAAAAAAAAAABAAAAAAAAAAEAAAAA0k7M1/SKzsUoXSDQqSydxVD9dU5cYyNkbT8usWfA914AAAABRVVSAAAAAADP90b8IVhloSzDwqFls4jKJTArA8kSW5O21lgzuJjy1gAAAAAAABOIAAAAAAAAAAG4mPLWAAAAQE94ofmFtspq+X9+pk95rxlGAOT7kV5fXip3Ge2NN2SzJM28ncjohWjEYz7dhk/qSLVeWxZZAWFnv6H/0T043ws=	/gv7dUErI+9YNkpUHnpNJuCwDzvkIJSf9QYTCKuWm4EAAAAAAAAACgAAAAAAAAABAAAAAAAAAAEAAAAAAAAAAA==	AAAAAAAAAAEAAAABAAAAAAAAAADP90b8IVhloSzDwqFls4jKJTArA8kSW5O21lgzuJjy1gAAAAJUC+PsAAAAAgAAAAIAAAAAAAAAAAAAAAAAAAAAAQAAAAAAAAAAAAAAAAAAAQAAAAEAAAABAAAAAQAAAADSTszX9IrOxShdINCpLJ3FUP11TlxjI2RtPy6xZ8D3XgAAAAFFVVIAAAAAAM/3RvwhWGWhLMPCoWWziMolMCsDyRJbk7bWWDO4mPLWAAAAAAAAE4h//////////wAAAAEAAAAA
5874c0cc3f4d572321705faebdaf51e4b331dff3dd3c1702a57269ede9218ab9	4	3	GDH7ORX4EFMGLIJMYPBKCZNTRDFCKMBLAPEREW4TW3LFQM5YTDZNMSQ4	8589934595	10	10	1	-1	2015-08-28 23:02:19.246184	2015-08-28 23:02:19.246184	17179881472	AAAAAM/3RvwhWGWhLMPCoWWziMolMCsDyRJbk7bWWDO4mPLWAAAACgAAAAIAAAADAAAAAAAAAAAAAAABAAAAAAAAAAEAAAAA0k7M1/SKzsUoXSDQqSydxVD9dU5cYyNkbT8usWfA914AAAABMQAAAAAAAADP90b8IVhloSzDwqFls4jKJTArA8kSW5O21lgzuJjy1gAAAAAAABOIAAAAAAAAAAG4mPLWAAAAQKmw3TGVNEIkuvqMX9iY/HmUFUpjdos8No3axvyHrJM70NVbjYFT8ri/AtbD1Fv0fz+xv6/BgiC5qg7pDET/rQU=	WHTAzD9NVyMhcF+uva9R5LMx3/PdPBcCpXJp7ekhirkAAAAAAAAACgAAAAAAAAABAAAAAAAAAAEAAAAAAAAAAA==	AAAAAAAAAAEAAAABAAAAAAAAAADP90b8IVhloSzDwqFls4jKJTArA8kSW5O21lgzuJjy1gAAAAJUC+PiAAAAAgAAAAMAAAAAAAAAAAAAAAAAAAAAAQAAAAAAAAAAAAAAAAAAAQAAAAEAAAABAAAAAQAAAADSTszX9IrOxShdINCpLJ3FUP11TlxjI2RtPy6xZ8D3XgAAAAExAAAAAAAAAM/3RvwhWGWhLMPCoWWziMolMCsDyRJbk7bWWDO4mPLWAAAAAAAAE4h//////////wAAAAEAAAAA
09b7946d8f76a2e155834f7ed3bac8d7e4cd6ac97d1c4dc5e80bc38d000a4ff1	4	4	GDH7ORX4EFMGLIJMYPBKCZNTRDFCKMBLAPEREW4TW3LFQM5YTDZNMSQ4	8589934596	10	10	1	-1	2015-08-28 23:02:19.26412	2015-08-28 23:02:19.26412	17179885568	AAAAAM/3RvwhWGWhLMPCoWWziMolMCsDyRJbk7bWWDO4mPLWAAAACgAAAAIAAAAEAAAAAAAAAAAAAAABAAAAAAAAAAEAAAAA0k7M1/SKzsUoXSDQqSydxVD9dU5cYyNkbT8usWfA914AAAABMjEAAAAAAADP90b8IVhloSzDwqFls4jKJTArA8kSW5O21lgzuJjy1gAAAAAAABOIAAAAAAAAAAG4mPLWAAAAQOqHbsx6z7wO3nxTHzilxZH8b5Vrrjff3QEsH43zfjibuoqbBKYk6USeRS9ZQMG5Hf7oAIT5Va4lLESBHIVVoQs=	CbeUbY92ouFVg09+07rI1+TNasl9HE3F6AvDjQAKT/EAAAAAAAAACgAAAAAAAAABAAAAAAAAAAEAAAAAAAAAAA==	AAAAAAAAAAEAAAABAAAAAAAAAADP90b8IVhloSzDwqFls4jKJTArA8kSW5O21lgzuJjy1gAAAAJUC+PYAAAAAgAAAAQAAAAAAAAAAAAAAAAAAAAAAQAAAAAAAAAAAAAAAAAAAQAAAAEAAAABAAAAAQAAAADSTszX9IrOxShdINCpLJ3FUP11TlxjI2RtPy6xZ8D3XgAAAAEyMQAAAAAAAM/3RvwhWGWhLMPCoWWziMolMCsDyRJbk7bWWDO4mPLWAAAAAAAAE4h//////////wAAAAEAAAAA
a2bc6e58f0df806cbd6a1d34c3a8c7cd9aeae1fdde1ebbd0ebb2c1d8b866f6cf	4	5	GDH7ORX4EFMGLIJMYPBKCZNTRDFCKMBLAPEREW4TW3LFQM5YTDZNMSQ4	8589934597	10	10	1	-1	2015-08-28 23:02:19.281111	2015-08-28 23:02:19.281111	17179889664	AAAAAM/3RvwhWGWhLMPCoWWziMolMCsDyRJbk7bWWDO4mPLWAAAACgAAAAIAAAAFAAAAAAAAAAAAAAABAAAAAAAAAAEAAAAA0k7M1/SKzsUoXSDQqSydxVD9dU5cYyNkbT8usWfA914AAAABMjIAAAAAAADP90b8IVhloSzDwqFls4jKJTArA8kSW5O21lgzuJjy1gAAAAAAABOIAAAAAAAAAAG4mPLWAAAAQOv4FDhpcu7k3oN640dwxNu/KejO5DfAfjtun2EKssSozA2JWDJ6ynPAbyIrLDZLrF4M5F4+nKGj9oLRllO6rws=	orxuWPDfgGy9ah00w6jHzZrq4f3eHrvQ67LB2Lhm9s8AAAAAAAAACgAAAAAAAAABAAAAAAAAAAEAAAAAAAAAAA==	AAAAAAAAAAEAAAABAAAAAAAAAADP90b8IVhloSzDwqFls4jKJTArA8kSW5O21lgzuJjy1gAAAAJUC+POAAAAAgAAAAUAAAAAAAAAAAAAAAAAAAAAAQAAAAAAAAAAAAAAAAAAAQAAAAEAAAABAAAAAQAAAADSTszX9IrOxShdINCpLJ3FUP11TlxjI2RtPy6xZ8D3XgAAAAEyMgAAAAAAAM/3RvwhWGWhLMPCoWWziMolMCsDyRJbk7bWWDO4mPLWAAAAAAAAE4h//////////wAAAAEAAAAA
34cc21153798a664f1175f949a753901924dcf9951af1642dee01d0df259b51b	4	6	GDH7ORX4EFMGLIJMYPBKCZNTRDFCKMBLAPEREW4TW3LFQM5YTDZNMSQ4	8589934598	10	10	1	-1	2015-08-28 23:02:19.297284	2015-08-28 23:02:19.297284	17179893760	AAAAAM/3RvwhWGWhLMPCoWWziMolMCsDyRJbk7bWWDO4mPLWAAAACgAAAAIAAAAGAAAAAAAAAAAAAAABAAAAAAAAAAEAAAAA0k7M1/SKzsUoXSDQqSydxVD9dU5cYyNkbT8usWfA914AAAABMzEAAAAAAADP90b8IVhloSzDwqFls4jKJTArA8kSW5O21lgzuJjy1gAAAAAAABOIAAAAAAAAAAG4mPLWAAAAQFIiKQo83OOYq8YhHSXmTQIXrWrksBn2+KlSSTvYXxCbRMrb/RdxjJPvCcqJW+K8R/jwg69BNexJw6BJ58ta/wM=	NMwhFTeYpmTxF1+UmnU5AZJNz5lRrxZC3uAdDfJZtRsAAAAAAAAACgAAAAAAAAABAAAAAAAAAAEAAAAAAAAAAA==	AAAAAAAAAAEAAAABAAAAAAAAAADP90b8IVhloSzDwqFls4jKJTArA8kSW5O21lgzuJjy1gAAAAJUC+PEAAAAAgAAAAYAAAAAAAAAAAAAAAAAAAAAAQAAAAAAAAAAAAAAAAAAAQAAAAEAAAABAAAAAQAAAADSTszX9IrOxShdINCpLJ3FUP11TlxjI2RtPy6xZ8D3XgAAAAEzMQAAAAAAAM/3RvwhWGWhLMPCoWWziMolMCsDyRJbk7bWWDO4mPLWAAAAAAAAE4h//////////wAAAAEAAAAA
4f7d456b5ffc3e95aa99eb64c9e47302eb932780b29d38d6ec71d9dd60e043c1	4	7	GDH7ORX4EFMGLIJMYPBKCZNTRDFCKMBLAPEREW4TW3LFQM5YTDZNMSQ4	8589934599	10	10	1	-1	2015-08-28 23:02:19.312959	2015-08-28 23:02:19.312959	17179897856	AAAAAM/3RvwhWGWhLMPCoWWziMolMCsDyRJbk7bWWDO4mPLWAAAACgAAAAIAAAAHAAAAAAAAAAAAAAABAAAAAAAAAAEAAAAA0k7M1/SKzsUoXSDQqSydxVD9dU5cYyNkbT8usWfA914AAAABMzIAAAAAAADP90b8IVhloSzDwqFls4jKJTArA8kSW5O21lgzuJjy1gAAAAAAABOIAAAAAAAAAAG4mPLWAAAAQOW//yX/7Qa1IJrPlgKItTP7GnDE8bsn9N09QR64V2NH8wTDK7iRtdsQ4OJSWaW20HU9f3C+kZOpgfyZb7+0KAk=	T31Fa1/8PpWqmetkyeRzAuuTJ4CynTjW7HHZ3WDgQ8EAAAAAAAAACgAAAAAAAAABAAAAAAAAAAEAAAAAAAAAAA==	AAAAAAAAAAEAAAABAAAAAAAAAADP90b8IVhloSzDwqFls4jKJTArA8kSW5O21lgzuJjy1gAAAAJUC+O6AAAAAgAAAAcAAAAAAAAAAAAAAAAAAAAAAQAAAAAAAAAAAAAAAAAAAQAAAAEAAAABAAAAAQAAAADSTszX9IrOxShdINCpLJ3FUP11TlxjI2RtPy6xZ8D3XgAAAAEzMgAAAAAAAM/3RvwhWGWhLMPCoWWziMolMCsDyRJbk7bWWDO4mPLWAAAAAAAAE4h//////////wAAAAEAAAAA
27d0e801ada04be7fd56e316378696945480b893a1a736d7f0e582328ff669c2	4	8	GDH7ORX4EFMGLIJMYPBKCZNTRDFCKMBLAPEREW4TW3LFQM5YTDZNMSQ4	8589934600	10	10	1	-1	2015-08-28 23:02:19.32889	2015-08-28 23:02:19.32889	17179901952	AAAAAM/3RvwhWGWhLMPCoWWziMolMCsDyRJbk7bWWDO4mPLWAAAACgAAAAIAAAAIAAAAAAAAAAAAAAABAAAAAAAAAAEAAAAA0k7M1/SKzsUoXSDQqSydxVD9dU5cYyNkbT8usWfA914AAAABMzMAAAAAAADP90b8IVhloSzDwqFls4jKJTArA8kSW5O21lgzuJjy1gAAAAAAABOIAAAAAAAAAAG4mPLWAAAAQB2cgESQUK4+7wyloe5KwGeyxjD4WfhEEf7sik6iD0QXSanztILGH4ffu5B6TxqQYYthz2Dmt5TZcmaSezP9yQQ=	J9DoAa2gS+f9VuMWN4aWlFSAuJOhpzbX8OWCMo/2acIAAAAAAAAACgAAAAAAAAABAAAAAAAAAAEAAAAAAAAAAA==	AAAAAAAAAAEAAAABAAAAAAAAAADP90b8IVhloSzDwqFls4jKJTArA8kSW5O21lgzuJjy1gAAAAJUC+OwAAAAAgAAAAgAAAAAAAAAAAAAAAAAAAAAAQAAAAAAAAAAAAAAAAAAAQAAAAEAAAABAAAAAQAAAADSTszX9IrOxShdINCpLJ3FUP11TlxjI2RtPy6xZ8D3XgAAAAEzMwAAAAAAAM/3RvwhWGWhLMPCoWWziMolMCsDyRJbk7bWWDO4mPLWAAAAAAAAE4h//////////wAAAAEAAAAA
7f62001ba7c523349a807b0db0478252da164f53c74ee0f90d2df551bb9d00d4	5	1	GDJE5TGX6SFM5RJILUQNBKJMTXCVB7LVJZOGGI3ENU7S5MLHYD3V547N	8589934601	10	10	1	-1	2015-08-28 23:02:19.354874	2015-08-28 23:02:19.354874	21474840576	AAAAANJOzNf0is7FKF0g0KksncVQ/XVOXGMjZG0/LrFnwPdeAAAACgAAAAIAAAAJAAAAAAAAAAAAAAABAAAAAAAAAAMAAAABRVVSAAAAAADP90b8IVhloSzDwqFls4jKJTArA8kSW5O21lgzuJjy1gAAAAFVU0QAAAAAAM/3RvwhWGWhLMPCoWWziMolMCsDyRJbk7bWWDO4mPLWAAAAAAAAAAoAAAABAAAAAQAAAAAAAAAAAAAAAAAAAAFnwPdeAAAAQLJQE/zVqiT4tAfaLO9x8Ia3pncVr30r9j0FufMYl0A9Oiuw9Xa5a1NvkUFoVh3r7f7Jx6dvog9uOEifgAinjAI=	f2IAG6fFIzSagHsNsEeCUtoWT1PHTuD5DS31UbudANQAAAAAAAAACgAAAAAAAAABAAAAAAAAAAMAAAAAAAAAAAAAAAAAAAAA0k7M1/SKzsUoXSDQqSydxVD9dU5cYyNkbT8usWfA914AAAAAAAAAAQAAAAFFVVIAAAAAAM/3RvwhWGWhLMPCoWWziMolMCsDyRJbk7bWWDO4mPLWAAAAAVVTRAAAAAAAz/dG/CFYZaEsw8KhZbOIyiUwKwPJEluTttZYM7iY8tYAAAAAAAAACgAAAAEAAAABAAAAAAAAAAAAAAAA	AAAAAAAAAAEAAAABAAAAAAAAAADSTszX9IrOxShdINCpLJ3FUP11TlxjI2RtPy6xZ8D3XgAAAAJUC+OmAAAAAgAAAAkAAAAIAAAAAAAAAAAAAAAAAQAAAAAAAAAAAAAAAAAAAQAAAAIAAAAAAAAAAgAAAADSTszX9IrOxShdINCpLJ3FUP11TlxjI2RtPy6xZ8D3XgAAAAAAAAABAAAAAUVVUgAAAAAAz/dG/CFYZaEsw8KhZbOIyiUwKwPJEluTttZYM7iY8tYAAAABVVNEAAAAAADP90b8IVhloSzDwqFls4jKJTArA8kSW5O21lgzuJjy1gAAAAAAAAAKAAAAAQAAAAEAAAAAAAAAAAAAAAEAAAAAAAAAANJOzNf0is7FKF0g0KksncVQ/XVOXGMjZG0/LrFnwPdeAAAAAlQL46YAAAACAAAACQAAAAkAAAAAAAAAAAAAAAABAAAAAAAAAAAAAAA=
91a4cac0c5da9ae53a4f6806532012cc38b6d407d31c9c433e9c4eb5bbc7f416	5	2	GDJE5TGX6SFM5RJILUQNBKJMTXCVB7LVJZOGGI3ENU7S5MLHYD3V547N	8589934602	10	10	1	-1	2015-08-28 23:02:19.363384	2015-08-28 23:02:19.363384	21474844672	AAAAANJOzNf0is7FKF0g0KksncVQ/XVOXGMjZG0/LrFnwPdeAAAACgAAAAIAAAAKAAAAAAAAAAAAAAABAAAAAAAAAAMAAAABMQAAAAAAAADP90b8IVhloSzDwqFls4jKJTArA8kSW5O21lgzuJjy1gAAAAFVU0QAAAAAAM/3RvwhWGWhLMPCoWWziMolMCsDyRJbk7bWWDO4mPLWAAAAAAAAABQAAAABAAAAAQAAAAAAAAAAAAAAAAAAAAFnwPdeAAAAQBce5uLoR4T3Utjlf4EYvQkTTMY8gseKUucwUIP6YLgZDPg/Q6VJvsHIHfNP/P73x+25VEeUUg2YA8Cx7b5tlgY=	kaTKwMXamuU6T2gGUyASzDi21AfTHJxDPpxOtbvH9BYAAAAAAAAACgAAAAAAAAABAAAAAAAAAAMAAAAAAAAAAAAAAAAAAAAA0k7M1/SKzsUoXSDQqSydxVD9dU5cYyNkbT8usWfA914AAAAAAAAAAgAAAAExAAAAAAAAAM/3RvwhWGWhLMPCoWWziMolMCsDyRJbk7bWWDO4mPLWAAAAAVVTRAAAAAAAz/dG/CFYZaEsw8KhZbOIyiUwKwPJEluTttZYM7iY8tYAAAAAAAAAFAAAAAEAAAABAAAAAAAAAAAAAAAA	AAAAAAAAAAEAAAABAAAAAAAAAADSTszX9IrOxShdINCpLJ3FUP11TlxjI2RtPy6xZ8D3XgAAAAJUC+OcAAAAAgAAAAoAAAAJAAAAAAAAAAAAAAAAAQAAAAAAAAAAAAAAAAAAAQAAAAIAAAAAAAAAAgAAAADSTszX9IrOxShdINCpLJ3FUP11TlxjI2RtPy6xZ8D3XgAAAAAAAAACAAAAATEAAAAAAAAAz/dG/CFYZaEsw8KhZbOIyiUwKwPJEluTttZYM7iY8tYAAAABVVNEAAAAAADP90b8IVhloSzDwqFls4jKJTArA8kSW5O21lgzuJjy1gAAAAAAAAAUAAAAAQAAAAEAAAAAAAAAAAAAAAEAAAAAAAAAANJOzNf0is7FKF0g0KksncVQ/XVOXGMjZG0/LrFnwPdeAAAAAlQL45wAAAACAAAACgAAAAoAAAAAAAAAAAAAAAABAAAAAAAAAAAAAAA=
1794152bddd5a48ab88aaac17fd864577a0f785d2b86f813a8fbf0ddeb3360ed	5	3	GDJE5TGX6SFM5RJILUQNBKJMTXCVB7LVJZOGGI3ENU7S5MLHYD3V547N	8589934603	10	10	1	-1	2015-08-28 23:02:19.371718	2015-08-28 23:02:19.371718	21474848768	AAAAANJOzNf0is7FKF0g0KksncVQ/XVOXGMjZG0/LrFnwPdeAAAACgAAAAIAAAALAAAAAAAAAAAAAAABAAAAAAAAAAMAAAABRVVSAAAAAADP90b8IVhloSzDwqFls4jKJTArA8kSW5O21lgzuJjy1gAAAAExAAAAAAAAAM/3RvwhWGWhLMPCoWWziMolMCsDyRJbk7bWWDO4mPLWAAAAAAAAABQAAAABAAAAAQAAAAAAAAAAAAAAAAAAAAFnwPdeAAAAQBiM/jl3FVXv4ca3vYyZcsdIlfrqYhSKsLoJA4bE5aDy770IQldPSb5Li4sd66Yjc8aiORe0BwTzjh2FgV2mqgU=	F5QVK93VpIq4iqrBf9hkV3oPeF0rhvgTqPvw3eszYO0AAAAAAAAACgAAAAAAAAABAAAAAAAAAAMAAAAAAAAAAAAAAAAAAAAA0k7M1/SKzsUoXSDQqSydxVD9dU5cYyNkbT8usWfA914AAAAAAAAAAwAAAAFFVVIAAAAAAM/3RvwhWGWhLMPCoWWziMolMCsDyRJbk7bWWDO4mPLWAAAAATEAAAAAAAAAz/dG/CFYZaEsw8KhZbOIyiUwKwPJEluTttZYM7iY8tYAAAAAAAAAFAAAAAEAAAABAAAAAAAAAAAAAAAA	AAAAAAAAAAEAAAABAAAAAAAAAADSTszX9IrOxShdINCpLJ3FUP11TlxjI2RtPy6xZ8D3XgAAAAJUC+OSAAAAAgAAAAsAAAAKAAAAAAAAAAAAAAAAAQAAAAAAAAAAAAAAAAAAAQAAAAIAAAAAAAAAAgAAAADSTszX9IrOxShdINCpLJ3FUP11TlxjI2RtPy6xZ8D3XgAAAAAAAAADAAAAAUVVUgAAAAAAz/dG/CFYZaEsw8KhZbOIyiUwKwPJEluTttZYM7iY8tYAAAABMQAAAAAAAADP90b8IVhloSzDwqFls4jKJTArA8kSW5O21lgzuJjy1gAAAAAAAAAUAAAAAQAAAAEAAAAAAAAAAAAAAAEAAAAAAAAAANJOzNf0is7FKF0g0KksncVQ/XVOXGMjZG0/LrFnwPdeAAAAAlQL45IAAAACAAAACwAAAAsAAAAAAAAAAAAAAAABAAAAAAAAAAAAAAA=
6d872d49c7571f234459df0c0bf9e737fbc4435a3fc4abfd18afa249cec70ac9	5	4	GDJE5TGX6SFM5RJILUQNBKJMTXCVB7LVJZOGGI3ENU7S5MLHYD3V547N	8589934604	10	10	1	-1	2015-08-28 23:02:19.380876	2015-08-28 23:02:19.380876	21474852864	AAAAANJOzNf0is7FKF0g0KksncVQ/XVOXGMjZG0/LrFnwPdeAAAACgAAAAIAAAAMAAAAAAAAAAAAAAABAAAAAAAAAAMAAAABMjEAAAAAAADP90b8IVhloSzDwqFls4jKJTArA8kSW5O21lgzuJjy1gAAAAFVU0QAAAAAAM/3RvwhWGWhLMPCoWWziMolMCsDyRJbk7bWWDO4mPLWAAAAAAAAAB4AAAABAAAAAQAAAAAAAAAAAAAAAAAAAAFnwPdeAAAAQBkBYXYJA35d40RqjISm/1t5/PkAMg1QY3Z+Jeu1QaJSuer0orA8SfANi/IaIulimOYu/qLpOoE8wWtxlbuyrwc=	bYctScdXHyNEWd8MC/nnN/vEQ1o/xKv9GK+iSc7HCskAAAAAAAAACgAAAAAAAAABAAAAAAAAAAMAAAAAAAAAAAAAAAAAAAAA0k7M1/SKzsUoXSDQqSydxVD9dU5cYyNkbT8usWfA914AAAAAAAAABAAAAAEyMQAAAAAAAM/3RvwhWGWhLMPCoWWziMolMCsDyRJbk7bWWDO4mPLWAAAAAVVTRAAAAAAAz/dG/CFYZaEsw8KhZbOIyiUwKwPJEluTttZYM7iY8tYAAAAAAAAAHgAAAAEAAAABAAAAAAAAAAAAAAAA	AAAAAAAAAAEAAAABAAAAAAAAAADSTszX9IrOxShdINCpLJ3FUP11TlxjI2RtPy6xZ8D3XgAAAAJUC+OIAAAAAgAAAAwAAAALAAAAAAAAAAAAAAAAAQAAAAAAAAAAAAAAAAAAAQAAAAIAAAAAAAAAAgAAAADSTszX9IrOxShdINCpLJ3FUP11TlxjI2RtPy6xZ8D3XgAAAAAAAAAEAAAAATIxAAAAAAAAz/dG/CFYZaEsw8KhZbOIyiUwKwPJEluTttZYM7iY8tYAAAABVVNEAAAAAADP90b8IVhloSzDwqFls4jKJTArA8kSW5O21lgzuJjy1gAAAAAAAAAeAAAAAQAAAAEAAAAAAAAAAAAAAAEAAAAAAAAAANJOzNf0is7FKF0g0KksncVQ/XVOXGMjZG0/LrFnwPdeAAAAAlQL44gAAAACAAAADAAAAAwAAAAAAAAAAAAAAAABAAAAAAAAAAAAAAA=
27c8adc85a03bf805047e6194f13c9727e1ad40fa41b9a5f047bb0bf65f19a81	5	5	GDJE5TGX6SFM5RJILUQNBKJMTXCVB7LVJZOGGI3ENU7S5MLHYD3V547N	8589934605	10	10	1	-1	2015-08-28 23:02:19.389409	2015-08-28 23:02:19.389409	21474856960	AAAAANJOzNf0is7FKF0g0KksncVQ/XVOXGMjZG0/LrFnwPdeAAAACgAAAAIAAAANAAAAAAAAAAAAAAABAAAAAAAAAAMAAAABMjIAAAAAAADP90b8IVhloSzDwqFls4jKJTArA8kSW5O21lgzuJjy1gAAAAEyMQAAAAAAAM/3RvwhWGWhLMPCoWWziMolMCsDyRJbk7bWWDO4mPLWAAAAAAAAAB4AAAABAAAAAQAAAAAAAAAAAAAAAAAAAAFnwPdeAAAAQDloGx8XTbkcbVlFcM8hxrB43INY6U830NW+L6gnDhEhdp/Z5k1A5YJL+1emefYEO1x2NwwC0FDPlppH03mVPQ8=	J8ityFoDv4BQR+YZTxPJcn4a1A+kG5pfBHuwv2XxmoEAAAAAAAAACgAAAAAAAAABAAAAAAAAAAMAAAAAAAAAAAAAAAAAAAAA0k7M1/SKzsUoXSDQqSydxVD9dU5cYyNkbT8usWfA914AAAAAAAAABQAAAAEyMgAAAAAAAM/3RvwhWGWhLMPCoWWziMolMCsDyRJbk7bWWDO4mPLWAAAAATIxAAAAAAAAz/dG/CFYZaEsw8KhZbOIyiUwKwPJEluTttZYM7iY8tYAAAAAAAAAHgAAAAEAAAABAAAAAAAAAAAAAAAA	AAAAAAAAAAEAAAABAAAAAAAAAADSTszX9IrOxShdINCpLJ3FUP11TlxjI2RtPy6xZ8D3XgAAAAJUC+N+AAAAAgAAAA0AAAAMAAAAAAAAAAAAAAAAAQAAAAAAAAAAAAAAAAAAAQAAAAIAAAAAAAAAAgAAAADSTszX9IrOxShdINCpLJ3FUP11TlxjI2RtPy6xZ8D3XgAAAAAAAAAFAAAAATIyAAAAAAAAz/dG/CFYZaEsw8KhZbOIyiUwKwPJEluTttZYM7iY8tYAAAABMjEAAAAAAADP90b8IVhloSzDwqFls4jKJTArA8kSW5O21lgzuJjy1gAAAAAAAAAeAAAAAQAAAAEAAAAAAAAAAAAAAAEAAAAAAAAAANJOzNf0is7FKF0g0KksncVQ/XVOXGMjZG0/LrFnwPdeAAAAAlQL434AAAACAAAADQAAAA0AAAAAAAAAAAAAAAABAAAAAAAAAAAAAAA=
dccb2d3b9104eba833408f2aab800c6d9fff1548c8f97b3d3d510c752ffb167e	5	6	GDJE5TGX6SFM5RJILUQNBKJMTXCVB7LVJZOGGI3ENU7S5MLHYD3V547N	8589934606	10	10	1	-1	2015-08-28 23:02:19.397829	2015-08-28 23:02:19.397829	21474861056	AAAAANJOzNf0is7FKF0g0KksncVQ/XVOXGMjZG0/LrFnwPdeAAAACgAAAAIAAAAOAAAAAAAAAAAAAAABAAAAAAAAAAMAAAABRVVSAAAAAADP90b8IVhloSzDwqFls4jKJTArA8kSW5O21lgzuJjy1gAAAAEyMgAAAAAAAM/3RvwhWGWhLMPCoWWziMolMCsDyRJbk7bWWDO4mPLWAAAAAAAAAB4AAAABAAAAAQAAAAAAAAAAAAAAAAAAAAFnwPdeAAAAQOJoGd3pREjFRvF3WqujbrKn3FpXUHXxktE5dQkKVYn/4OitfwPxnNkfQarGDbLkwbq/a70FJfgRfweC+XF1ogQ=	3MstO5EE66gzQI8qq4AMbZ//FUjI+Xs9PVEMdS/7Fn4AAAAAAAAACgAAAAAAAAABAAAAAAAAAAMAAAAAAAAAAAAAAAAAAAAA0k7M1/SKzsUoXSDQqSydxVD9dU5cYyNkbT8usWfA914AAAAAAAAABgAAAAFFVVIAAAAAAM/3RvwhWGWhLMPCoWWziMolMCsDyRJbk7bWWDO4mPLWAAAAATIyAAAAAAAAz/dG/CFYZaEsw8KhZbOIyiUwKwPJEluTttZYM7iY8tYAAAAAAAAAHgAAAAEAAAABAAAAAAAAAAAAAAAA	AAAAAAAAAAEAAAABAAAAAAAAAADSTszX9IrOxShdINCpLJ3FUP11TlxjI2RtPy6xZ8D3XgAAAAJUC+N0AAAAAgAAAA4AAAANAAAAAAAAAAAAAAAAAQAAAAAAAAAAAAAAAAAAAQAAAAIAAAAAAAAAAgAAAADSTszX9IrOxShdINCpLJ3FUP11TlxjI2RtPy6xZ8D3XgAAAAAAAAAGAAAAAUVVUgAAAAAAz/dG/CFYZaEsw8KhZbOIyiUwKwPJEluTttZYM7iY8tYAAAABMjIAAAAAAADP90b8IVhloSzDwqFls4jKJTArA8kSW5O21lgzuJjy1gAAAAAAAAAeAAAAAQAAAAEAAAAAAAAAAAAAAAEAAAAAAAAAANJOzNf0is7FKF0g0KksncVQ/XVOXGMjZG0/LrFnwPdeAAAAAlQL43QAAAACAAAADgAAAA4AAAAAAAAAAAAAAAABAAAAAAAAAAAAAAA=
c70d6ddbab654e83a7109d8ab416a48539b2878b897d29d7239cf9a0b9c89665	5	7	GDJE5TGX6SFM5RJILUQNBKJMTXCVB7LVJZOGGI3ENU7S5MLHYD3V547N	8589934607	10	10	1	-1	2015-08-28 23:02:19.406506	2015-08-28 23:02:19.406506	21474865152	AAAAANJOzNf0is7FKF0g0KksncVQ/XVOXGMjZG0/LrFnwPdeAAAACgAAAAIAAAAPAAAAAAAAAAAAAAABAAAAAAAAAAMAAAABMzEAAAAAAADP90b8IVhloSzDwqFls4jKJTArA8kSW5O21lgzuJjy1gAAAAFVU0QAAAAAAM/3RvwhWGWhLMPCoWWziMolMCsDyRJbk7bWWDO4mPLWAAAAAAAAACgAAAABAAAAAQAAAAAAAAAAAAAAAAAAAAFnwPdeAAAAQCyz3NnR2CtmRxxSK14nfjOZMDdt14qVK5j0TEY9hdDCfjkNecJxTZNM0sg90F5+oXBp9vq0bB4jc3pfq3Teow4=	xw1t26tlToOnEJ2KtBakhTmyh4uJfSnXI5z5oLnIlmUAAAAAAAAACgAAAAAAAAABAAAAAAAAAAMAAAAAAAAAAAAAAAAAAAAA0k7M1/SKzsUoXSDQqSydxVD9dU5cYyNkbT8usWfA914AAAAAAAAABwAAAAEzMQAAAAAAAM/3RvwhWGWhLMPCoWWziMolMCsDyRJbk7bWWDO4mPLWAAAAAVVTRAAAAAAAz/dG/CFYZaEsw8KhZbOIyiUwKwPJEluTttZYM7iY8tYAAAAAAAAAKAAAAAEAAAABAAAAAAAAAAAAAAAA	AAAAAAAAAAEAAAABAAAAAAAAAADSTszX9IrOxShdINCpLJ3FUP11TlxjI2RtPy6xZ8D3XgAAAAJUC+NqAAAAAgAAAA8AAAAOAAAAAAAAAAAAAAAAAQAAAAAAAAAAAAAAAAAAAQAAAAIAAAAAAAAAAgAAAADSTszX9IrOxShdINCpLJ3FUP11TlxjI2RtPy6xZ8D3XgAAAAAAAAAHAAAAATMxAAAAAAAAz/dG/CFYZaEsw8KhZbOIyiUwKwPJEluTttZYM7iY8tYAAAABVVNEAAAAAADP90b8IVhloSzDwqFls4jKJTArA8kSW5O21lgzuJjy1gAAAAAAAAAoAAAAAQAAAAEAAAAAAAAAAAAAAAEAAAAAAAAAANJOzNf0is7FKF0g0KksncVQ/XVOXGMjZG0/LrFnwPdeAAAAAlQL42oAAAACAAAADwAAAA8AAAAAAAAAAAAAAAABAAAAAAAAAAAAAAA=
c103cf7010970e101a57d606f5e9c86b853811c27aca7cc3be1761bd95c573fc	5	8	GDJE5TGX6SFM5RJILUQNBKJMTXCVB7LVJZOGGI3ENU7S5MLHYD3V547N	8589934608	10	10	1	-1	2015-08-28 23:02:19.416218	2015-08-28 23:02:19.416218	21474869248	AAAAANJOzNf0is7FKF0g0KksncVQ/XVOXGMjZG0/LrFnwPdeAAAACgAAAAIAAAAQAAAAAAAAAAAAAAABAAAAAAAAAAMAAAABMzIAAAAAAADP90b8IVhloSzDwqFls4jKJTArA8kSW5O21lgzuJjy1gAAAAEzMQAAAAAAAM/3RvwhWGWhLMPCoWWziMolMCsDyRJbk7bWWDO4mPLWAAAAAAAAACgAAAABAAAAAQAAAAAAAAAAAAAAAAAAAAFnwPdeAAAAQCZbuXyw40OpotDNFGwT8psEIfl3ZP1fj7DRzba1csV4yRKLJk/NLREvkrZBEFjFO/cJWKPgclIuQw26gjMlgAQ=	wQPPcBCXDhAaV9YG9enIa4U4EcJ6ynzDvhdhvZXFc/wAAAAAAAAACgAAAAAAAAABAAAAAAAAAAMAAAAAAAAAAAAAAAAAAAAA0k7M1/SKzsUoXSDQqSydxVD9dU5cYyNkbT8usWfA914AAAAAAAAACAAAAAEzMgAAAAAAAM/3RvwhWGWhLMPCoWWziMolMCsDyRJbk7bWWDO4mPLWAAAAATMxAAAAAAAAz/dG/CFYZaEsw8KhZbOIyiUwKwPJEluTttZYM7iY8tYAAAAAAAAAKAAAAAEAAAABAAAAAAAAAAAAAAAA	AAAAAAAAAAEAAAABAAAAAAAAAADSTszX9IrOxShdINCpLJ3FUP11TlxjI2RtPy6xZ8D3XgAAAAJUC+NgAAAAAgAAABAAAAAPAAAAAAAAAAAAAAAAAQAAAAAAAAAAAAAAAAAAAQAAAAIAAAAAAAAAAgAAAADSTszX9IrOxShdINCpLJ3FUP11TlxjI2RtPy6xZ8D3XgAAAAAAAAAIAAAAATMyAAAAAAAAz/dG/CFYZaEsw8KhZbOIyiUwKwPJEluTttZYM7iY8tYAAAABMzEAAAAAAADP90b8IVhloSzDwqFls4jKJTArA8kSW5O21lgzuJjy1gAAAAAAAAAoAAAAAQAAAAEAAAAAAAAAAAAAAAEAAAAAAAAAANJOzNf0is7FKF0g0KksncVQ/XVOXGMjZG0/LrFnwPdeAAAAAlQL42AAAAACAAAAEAAAABAAAAAAAAAAAAAAAAABAAAAAAAAAAAAAAA=
4598690d22ee39cc5168df9ca67b360801e9c5c729bf074c510ed5d791481c29	5	9	GDJE5TGX6SFM5RJILUQNBKJMTXCVB7LVJZOGGI3ENU7S5MLHYD3V547N	8589934609	10	10	1	-1	2015-08-28 23:02:19.424551	2015-08-28 23:02:19.424551	21474873344	AAAAANJOzNf0is7FKF0g0KksncVQ/XVOXGMjZG0/LrFnwPdeAAAACgAAAAIAAAARAAAAAAAAAAAAAAABAAAAAAAAAAMAAAABMzMAAAAAAADP90b8IVhloSzDwqFls4jKJTArA8kSW5O21lgzuJjy1gAAAAEzMgAAAAAAAM/3RvwhWGWhLMPCoWWziMolMCsDyRJbk7bWWDO4mPLWAAAAAAAAACgAAAABAAAAAQAAAAAAAAAAAAAAAAAAAAFnwPdeAAAAQPEsA5z7mb2O0/WesK41hQUlUzhVp23tvdeLZOCXKLyIhMeFpGVN5IhT8GXymXpEdBe9vtJ7l137R37Gu2ZxggY=	RZhpDSLuOcxRaN+cpns2CAHpxccpvwdMUQ7V15FIHCkAAAAAAAAACgAAAAAAAAABAAAAAAAAAAMAAAAAAAAAAAAAAAAAAAAA0k7M1/SKzsUoXSDQqSydxVD9dU5cYyNkbT8usWfA914AAAAAAAAACQAAAAEzMwAAAAAAAM/3RvwhWGWhLMPCoWWziMolMCsDyRJbk7bWWDO4mPLWAAAAATMyAAAAAAAAz/dG/CFYZaEsw8KhZbOIyiUwKwPJEluTttZYM7iY8tYAAAAAAAAAKAAAAAEAAAABAAAAAAAAAAAAAAAA	AAAAAAAAAAEAAAABAAAAAAAAAADSTszX9IrOxShdINCpLJ3FUP11TlxjI2RtPy6xZ8D3XgAAAAJUC+NWAAAAAgAAABEAAAAQAAAAAAAAAAAAAAAAAQAAAAAAAAAAAAAAAAAAAQAAAAIAAAAAAAAAAgAAAADSTszX9IrOxShdINCpLJ3FUP11TlxjI2RtPy6xZ8D3XgAAAAAAAAAJAAAAATMzAAAAAAAAz/dG/CFYZaEsw8KhZbOIyiUwKwPJEluTttZYM7iY8tYAAAABMzIAAAAAAADP90b8IVhloSzDwqFls4jKJTArA8kSW5O21lgzuJjy1gAAAAAAAAAoAAAAAQAAAAEAAAAAAAAAAAAAAAEAAAAAAAAAANJOzNf0is7FKF0g0KksncVQ/XVOXGMjZG0/LrFnwPdeAAAAAlQL41YAAAACAAAAEQAAABEAAAAAAAAAAAAAAAABAAAAAAAAAAAAAAA=
8bf8c6346f4ae2ec8a6fddb277d37f4257a32600f37cf5b52d5a756db3bb908e	5	10	GDJE5TGX6SFM5RJILUQNBKJMTXCVB7LVJZOGGI3ENU7S5MLHYD3V547N	8589934610	10	10	1	-1	2015-08-28 23:02:19.433191	2015-08-28 23:02:19.433191	21474877440	AAAAANJOzNf0is7FKF0g0KksncVQ/XVOXGMjZG0/LrFnwPdeAAAACgAAAAIAAAASAAAAAAAAAAAAAAABAAAAAAAAAAMAAAABRVVSAAAAAADP90b8IVhloSzDwqFls4jKJTArA8kSW5O21lgzuJjy1gAAAAEzMwAAAAAAAM/3RvwhWGWhLMPCoWWziMolMCsDyRJbk7bWWDO4mPLWAAAAAAAAACgAAAABAAAAAQAAAAAAAAAAAAAAAAAAAAFnwPdeAAAAQPBd/XVuxcq2slgxESiNlqBORpHVjah9GDlp3HxjikoyNyPr3bQUBaDaVvevil4dydzdgoTifHLtpjVvW+XELwA=	i/jGNG9K4uyKb92yd9N/QlejJgDzfPW1LVp1bbO7kI4AAAAAAAAACgAAAAAAAAABAAAAAAAAAAMAAAAAAAAAAAAAAAAAAAAA0k7M1/SKzsUoXSDQqSydxVD9dU5cYyNkbT8usWfA914AAAAAAAAACgAAAAFFVVIAAAAAAM/3RvwhWGWhLMPCoWWziMolMCsDyRJbk7bWWDO4mPLWAAAAATMzAAAAAAAAz/dG/CFYZaEsw8KhZbOIyiUwKwPJEluTttZYM7iY8tYAAAAAAAAAKAAAAAEAAAABAAAAAAAAAAAAAAAA	AAAAAAAAAAEAAAABAAAAAAAAAADSTszX9IrOxShdINCpLJ3FUP11TlxjI2RtPy6xZ8D3XgAAAAJUC+NMAAAAAgAAABIAAAARAAAAAAAAAAAAAAAAAQAAAAAAAAAAAAAAAAAAAQAAAAIAAAAAAAAAAgAAAADSTszX9IrOxShdINCpLJ3FUP11TlxjI2RtPy6xZ8D3XgAAAAAAAAAKAAAAAUVVUgAAAAAAz/dG/CFYZaEsw8KhZbOIyiUwKwPJEluTttZYM7iY8tYAAAABMzMAAAAAAADP90b8IVhloSzDwqFls4jKJTArA8kSW5O21lgzuJjy1gAAAAAAAAAoAAAAAQAAAAEAAAAAAAAAAAAAAAEAAAAAAAAAANJOzNf0is7FKF0g0KksncVQ/XVOXGMjZG0/LrFnwPdeAAAAAlQL40wAAAACAAAAEgAAABIAAAAAAAAAAAAAAAABAAAAAAAAAAAAAAA=
\.


--
-- Data for Name: schema_migrations; Type: TABLE DATA; Schema: public; Owner: -
--

COPY schema_migrations (version) FROM stdin;
20150508215546
20150310224849
20150313225945
20150313225955
20150501160031
20150508003829
20150508175821
20150508183542
20150609230237
20150629181921
20150825223417
20150825180131
\.


--
-- Name: history_operation_participants_pkey; Type: CONSTRAINT; Schema: public; Owner: -; Tablespace: 
--

ALTER TABLE ONLY history_operation_participants
    ADD CONSTRAINT history_operation_participants_pkey PRIMARY KEY (id);


--
-- Name: history_transaction_participants_pkey; Type: CONSTRAINT; Schema: public; Owner: -; Tablespace: 
--

ALTER TABLE ONLY history_transaction_participants
    ADD CONSTRAINT history_transaction_participants_pkey PRIMARY KEY (id);


--
-- Name: history_transaction_statuses_pkey; Type: CONSTRAINT; Schema: public; Owner: -; Tablespace: 
--

ALTER TABLE ONLY history_transaction_statuses
    ADD CONSTRAINT history_transaction_statuses_pkey PRIMARY KEY (id);


--
-- Name: by_account; Type: INDEX; Schema: public; Owner: -; Tablespace: 
--

CREATE INDEX by_account ON history_transactions USING btree (account, account_sequence);


--
-- Name: by_hash; Type: INDEX; Schema: public; Owner: -; Tablespace: 
--

CREATE INDEX by_hash ON history_transactions USING btree (transaction_hash);


--
-- Name: by_ledger; Type: INDEX; Schema: public; Owner: -; Tablespace: 
--

CREATE INDEX by_ledger ON history_transactions USING btree (ledger_sequence, application_order);


--
-- Name: by_status; Type: INDEX; Schema: public; Owner: -; Tablespace: 
--

CREATE INDEX by_status ON history_transactions USING btree (transaction_status_id);


--
-- Name: hist_e_by_order; Type: INDEX; Schema: public; Owner: -; Tablespace: 
--

CREATE UNIQUE INDEX hist_e_by_order ON history_effects USING btree (history_operation_id, "order");


--
-- Name: hist_e_id; Type: INDEX; Schema: public; Owner: -; Tablespace: 
--

CREATE UNIQUE INDEX hist_e_id ON history_effects USING btree (history_account_id, history_operation_id, "order");


--
-- Name: hist_op_p_id; Type: INDEX; Schema: public; Owner: -; Tablespace: 
--

CREATE UNIQUE INDEX hist_op_p_id ON history_operation_participants USING btree (history_account_id, history_operation_id);


--
-- Name: hs_ledger_by_id; Type: INDEX; Schema: public; Owner: -; Tablespace: 
--

CREATE UNIQUE INDEX hs_ledger_by_id ON history_ledgers USING btree (id);


--
-- Name: hs_transaction_by_id; Type: INDEX; Schema: public; Owner: -; Tablespace: 
--

CREATE UNIQUE INDEX hs_transaction_by_id ON history_transactions USING btree (id);


--
-- Name: index_history_accounts_on_id; Type: INDEX; Schema: public; Owner: -; Tablespace: 
--

CREATE UNIQUE INDEX index_history_accounts_on_id ON history_accounts USING btree (id);


--
-- Name: index_history_effects_on_type; Type: INDEX; Schema: public; Owner: -; Tablespace: 
--

CREATE INDEX index_history_effects_on_type ON history_effects USING btree (type);


--
-- Name: index_history_ledgers_on_closed_at; Type: INDEX; Schema: public; Owner: -; Tablespace: 
--

CREATE INDEX index_history_ledgers_on_closed_at ON history_ledgers USING btree (closed_at);


--
-- Name: index_history_ledgers_on_id; Type: INDEX; Schema: public; Owner: -; Tablespace: 
--

CREATE UNIQUE INDEX index_history_ledgers_on_id ON history_ledgers USING btree (id);


--
-- Name: index_history_ledgers_on_importer_version; Type: INDEX; Schema: public; Owner: -; Tablespace: 
--

CREATE INDEX index_history_ledgers_on_importer_version ON history_ledgers USING btree (importer_version);


--
-- Name: index_history_ledgers_on_ledger_hash; Type: INDEX; Schema: public; Owner: -; Tablespace: 
--

CREATE UNIQUE INDEX index_history_ledgers_on_ledger_hash ON history_ledgers USING btree (ledger_hash);


--
-- Name: index_history_ledgers_on_previous_ledger_hash; Type: INDEX; Schema: public; Owner: -; Tablespace: 
--

CREATE UNIQUE INDEX index_history_ledgers_on_previous_ledger_hash ON history_ledgers USING btree (previous_ledger_hash);


--
-- Name: index_history_ledgers_on_sequence; Type: INDEX; Schema: public; Owner: -; Tablespace: 
--

CREATE UNIQUE INDEX index_history_ledgers_on_sequence ON history_ledgers USING btree (sequence);


--
-- Name: index_history_operations_on_id; Type: INDEX; Schema: public; Owner: -; Tablespace: 
--

CREATE UNIQUE INDEX index_history_operations_on_id ON history_operations USING btree (id);


--
-- Name: index_history_operations_on_transaction_id; Type: INDEX; Schema: public; Owner: -; Tablespace: 
--

CREATE INDEX index_history_operations_on_transaction_id ON history_operations USING btree (transaction_id);


--
-- Name: index_history_operations_on_type; Type: INDEX; Schema: public; Owner: -; Tablespace: 
--

CREATE INDEX index_history_operations_on_type ON history_operations USING btree (type);


--
-- Name: index_history_transaction_participants_on_account; Type: INDEX; Schema: public; Owner: -; Tablespace: 
--

CREATE INDEX index_history_transaction_participants_on_account ON history_transaction_participants USING btree (account);


--
-- Name: index_history_transaction_participants_on_transaction_hash; Type: INDEX; Schema: public; Owner: -; Tablespace: 
--

CREATE INDEX index_history_transaction_participants_on_transaction_hash ON history_transaction_participants USING btree (transaction_hash);


--
-- Name: index_history_transaction_statuses_lc_on_all; Type: INDEX; Schema: public; Owner: -; Tablespace: 
--

CREATE UNIQUE INDEX index_history_transaction_statuses_lc_on_all ON history_transaction_statuses USING btree (id, result_code, result_code_s);


--
-- Name: index_history_transactions_on_id; Type: INDEX; Schema: public; Owner: -; Tablespace: 
--

CREATE UNIQUE INDEX index_history_transactions_on_id ON history_transactions USING btree (id);


--
-- Name: unique_schema_migrations; Type: INDEX; Schema: public; Owner: -; Tablespace: 
--

CREATE UNIQUE INDEX unique_schema_migrations ON schema_migrations USING btree (version);


--
-- Name: public; Type: ACL; Schema: -; Owner: -
--

REVOKE ALL ON SCHEMA public FROM PUBLIC;
REVOKE ALL ON SCHEMA public FROM nullstyle;
GRANT ALL ON SCHEMA public TO nullstyle;
GRANT ALL ON SCHEMA public TO PUBLIC;


--
-- PostgreSQL database dump complete
--

