--
-- PostgreSQL database dump
--

SET statement_timeout = 0;
SET lock_timeout = 0;
SET client_encoding = 'UTF8';
SET standard_conforming_strings = on;
SET check_function_bodies = false;
SET client_min_messages = warning;

SET search_path = public, pg_catalog;

DROP INDEX public.unique_schema_migrations;
DROP INDEX public.index_history_transactions_on_id;
DROP INDEX public.index_history_transaction_statuses_lc_on_all;
DROP INDEX public.index_history_transaction_participants_on_transaction_hash;
DROP INDEX public.index_history_transaction_participants_on_account;
DROP INDEX public.index_history_operations_on_type;
DROP INDEX public.index_history_operations_on_transaction_id;
DROP INDEX public.index_history_operations_on_id;
DROP INDEX public.index_history_ledgers_on_sequence;
DROP INDEX public.index_history_ledgers_on_previous_ledger_hash;
DROP INDEX public.index_history_ledgers_on_ledger_hash;
DROP INDEX public.index_history_ledgers_on_importer_version;
DROP INDEX public.index_history_ledgers_on_id;
DROP INDEX public.index_history_ledgers_on_closed_at;
DROP INDEX public.index_history_effects_on_type;
DROP INDEX public.index_history_accounts_on_id;
DROP INDEX public.hs_transaction_by_id;
DROP INDEX public.hs_ledger_by_id;
DROP INDEX public.hist_op_p_id;
DROP INDEX public.hist_e_id;
DROP INDEX public.hist_e_by_order;
DROP INDEX public.by_status;
DROP INDEX public.by_ledger;
DROP INDEX public.by_hash;
DROP INDEX public.by_account;
ALTER TABLE ONLY public.history_transaction_statuses DROP CONSTRAINT history_transaction_statuses_pkey;
ALTER TABLE ONLY public.history_transaction_participants DROP CONSTRAINT history_transaction_participants_pkey;
ALTER TABLE ONLY public.history_operation_participants DROP CONSTRAINT history_operation_participants_pkey;
ALTER TABLE public.history_transaction_statuses ALTER COLUMN id DROP DEFAULT;
ALTER TABLE public.history_transaction_participants ALTER COLUMN id DROP DEFAULT;
ALTER TABLE public.history_operation_participants ALTER COLUMN id DROP DEFAULT;
DROP TABLE public.schema_migrations;
DROP TABLE public.history_transactions;
DROP SEQUENCE public.history_transaction_statuses_id_seq;
DROP TABLE public.history_transaction_statuses;
DROP SEQUENCE public.history_transaction_participants_id_seq;
DROP TABLE public.history_transaction_participants;
DROP TABLE public.history_operations;
DROP SEQUENCE public.history_operation_participants_id_seq;
DROP TABLE public.history_operation_participants;
DROP TABLE public.history_ledgers;
DROP TABLE public.history_effects;
DROP TABLE public.history_accounts;
DROP EXTENSION hstore;
DROP EXTENSION plpgsql;
DROP SCHEMA public;
--
-- Name: public; Type: SCHEMA; Schema: -; Owner: -
--

CREATE SCHEMA public;


--
-- Name: SCHEMA public; Type: COMMENT; Schema: -; Owner: -
--

COMMENT ON SCHEMA public IS 'standard public schema';


--
-- Name: plpgsql; Type: EXTENSION; Schema: -; Owner: -
--

CREATE EXTENSION IF NOT EXISTS plpgsql WITH SCHEMA pg_catalog;


--
-- Name: EXTENSION plpgsql; Type: COMMENT; Schema: -; Owner: -
--

COMMENT ON EXTENSION plpgsql IS 'PL/pgSQL procedural language';


--
-- Name: hstore; Type: EXTENSION; Schema: -; Owner: -
--

CREATE EXTENSION IF NOT EXISTS hstore WITH SCHEMA public;


--
-- Name: EXTENSION hstore; Type: COMMENT; Schema: -; Owner: -
--

COMMENT ON EXTENSION hstore IS 'data type for storing sets of (key, value) pairs';


SET search_path = public, pg_catalog;

SET default_tablespace = '';

SET default_with_oids = false;

--
-- Name: history_accounts; Type: TABLE; Schema: public; Owner: -; Tablespace: 
--

CREATE TABLE history_accounts (
    id bigint NOT NULL,
    address character varying(64)
);


--
-- Name: history_effects; Type: TABLE; Schema: public; Owner: -; Tablespace: 
--

CREATE TABLE history_effects (
    history_account_id bigint NOT NULL,
    history_operation_id bigint NOT NULL,
    "order" integer NOT NULL,
    type integer NOT NULL,
    details jsonb
);


--
-- Name: history_ledgers; Type: TABLE; Schema: public; Owner: -; Tablespace: 
--

CREATE TABLE history_ledgers (
    sequence integer NOT NULL,
    ledger_hash character varying(64) NOT NULL,
    previous_ledger_hash character varying(64),
    transaction_count integer DEFAULT 0 NOT NULL,
    operation_count integer DEFAULT 0 NOT NULL,
    closed_at timestamp without time zone NOT NULL,
    created_at timestamp without time zone,
    updated_at timestamp without time zone,
    id bigint,
    importer_version integer DEFAULT 1 NOT NULL
);


--
-- Name: history_operation_participants; Type: TABLE; Schema: public; Owner: -; Tablespace: 
--

CREATE TABLE history_operation_participants (
    id integer NOT NULL,
    history_operation_id bigint NOT NULL,
    history_account_id bigint NOT NULL
);


--
-- Name: history_operation_participants_id_seq; Type: SEQUENCE; Schema: public; Owner: -
--

CREATE SEQUENCE history_operation_participants_id_seq
    START WITH 1
    INCREMENT BY 1
    NO MINVALUE
    NO MAXVALUE
    CACHE 1;


--
-- Name: history_operation_participants_id_seq; Type: SEQUENCE OWNED BY; Schema: public; Owner: -
--

ALTER SEQUENCE history_operation_participants_id_seq OWNED BY history_operation_participants.id;


--
-- Name: history_operations; Type: TABLE; Schema: public; Owner: -; Tablespace: 
--

CREATE TABLE history_operations (
    id bigint NOT NULL,
    transaction_id bigint NOT NULL,
    application_order integer NOT NULL,
    type integer NOT NULL,
    details jsonb
);


--
-- Name: history_transaction_participants; Type: TABLE; Schema: public; Owner: -; Tablespace: 
--

CREATE TABLE history_transaction_participants (
    id integer NOT NULL,
    transaction_hash character varying(64) NOT NULL,
    account character varying(64) NOT NULL,
    created_at timestamp without time zone,
    updated_at timestamp without time zone
);


--
-- Name: history_transaction_participants_id_seq; Type: SEQUENCE; Schema: public; Owner: -
--

CREATE SEQUENCE history_transaction_participants_id_seq
    START WITH 1
    INCREMENT BY 1
    NO MINVALUE
    NO MAXVALUE
    CACHE 1;


--
-- Name: history_transaction_participants_id_seq; Type: SEQUENCE OWNED BY; Schema: public; Owner: -
--

ALTER SEQUENCE history_transaction_participants_id_seq OWNED BY history_transaction_participants.id;


--
-- Name: history_transaction_statuses; Type: TABLE; Schema: public; Owner: -; Tablespace: 
--

CREATE TABLE history_transaction_statuses (
    id integer NOT NULL,
    result_code_s character varying NOT NULL,
    result_code integer NOT NULL
);


--
-- Name: history_transaction_statuses_id_seq; Type: SEQUENCE; Schema: public; Owner: -
--

CREATE SEQUENCE history_transaction_statuses_id_seq
    START WITH 1
    INCREMENT BY 1
    NO MINVALUE
    NO MAXVALUE
    CACHE 1;


--
-- Name: history_transaction_statuses_id_seq; Type: SEQUENCE OWNED BY; Schema: public; Owner: -
--

ALTER SEQUENCE history_transaction_statuses_id_seq OWNED BY history_transaction_statuses.id;


--
-- Name: history_transactions; Type: TABLE; Schema: public; Owner: -; Tablespace: 
--

CREATE TABLE history_transactions (
    transaction_hash character varying(64) NOT NULL,
    ledger_sequence integer NOT NULL,
    application_order integer NOT NULL,
    account character varying(64) NOT NULL,
    account_sequence bigint NOT NULL,
    max_fee integer NOT NULL,
    fee_paid integer NOT NULL,
    operation_count integer NOT NULL,
    transaction_status_id integer NOT NULL,
    created_at timestamp without time zone,
    updated_at timestamp without time zone,
    id bigint,
    tx_envelope text,
    tx_result text,
    tx_meta text
);


--
-- Name: schema_migrations; Type: TABLE; Schema: public; Owner: -; Tablespace: 
--

CREATE TABLE schema_migrations (
    version character varying(255) NOT NULL
);


--
-- Name: id; Type: DEFAULT; Schema: public; Owner: -
--

ALTER TABLE ONLY history_operation_participants ALTER COLUMN id SET DEFAULT nextval('history_operation_participants_id_seq'::regclass);


--
-- Name: id; Type: DEFAULT; Schema: public; Owner: -
--

ALTER TABLE ONLY history_transaction_participants ALTER COLUMN id SET DEFAULT nextval('history_transaction_participants_id_seq'::regclass);


--
-- Name: id; Type: DEFAULT; Schema: public; Owner: -
--

ALTER TABLE ONLY history_transaction_statuses ALTER COLUMN id SET DEFAULT nextval('history_transaction_statuses_id_seq'::regclass);


--
-- Data for Name: history_accounts; Type: TABLE DATA; Schema: public; Owner: -
--

COPY history_accounts (id, address) FROM stdin;
0	GCEZWKCA5VLDNRLN3RPRJMRZOX3Z6G5CHCGSNFHEYVXM3XOJMDS674JZ
8589938688	GBVCMH6R7D4SOK2LDXN6YEFTDHUVYIEU3JCPGFS73CH7JX4CK2IX66TG
8589942784	GD7HGSO6WKXLUJBHKI3NBK2R3L4L2PBAUA54TR24FZPNHAIHLIRPJWVO
8589946880	GCOJGXHPDR4XAK74U4PY7SORGXBBMCYXMLDAAE4BJZXQEWYI23SSY7DO
8589950976	GBA3P2QRTJNZWDKA7APZFHMP633A3BUXQ2E47VSIUP6BJBEI2WZWI5PI
\.


--
-- Data for Name: history_effects; Type: TABLE DATA; Schema: public; Owner: -
--

COPY history_effects (history_account_id, history_operation_id, "order", type, details) FROM stdin;
8589938688	8589938689	1	0	{"starting_balance": 10000000000}
0	8589938689	2	3	{"amount": 10000000000, "asset_type": "native"}
0	8589938689	3	10	{"weight": 1, "public_key": "GBVCMH6R7D4SOK2LDXN6YEFTDHUVYIEU3JCPGFS73CH7JX4CK2IX66TG"}
8589942784	8589942785	1	0	{"starting_balance": 10000000000}
0	8589942785	2	3	{"amount": 10000000000, "asset_type": "native"}
0	8589942785	3	10	{"weight": 1, "public_key": "GD7HGSO6WKXLUJBHKI3NBK2R3L4L2PBAUA54TR24FZPNHAIHLIRPJWVO"}
8589946880	8589946881	1	0	{"starting_balance": 10000000000}
0	8589946881	2	3	{"amount": 10000000000, "asset_type": "native"}
0	8589946881	3	10	{"weight": 1, "public_key": "GCOJGXHPDR4XAK74U4PY7SORGXBBMCYXMLDAAE4BJZXQEWYI23SSY7DO"}
8589950976	8589950977	1	0	{"starting_balance": 10000000000}
0	8589950977	2	3	{"amount": 10000000000, "asset_type": "native"}
0	8589950977	3	10	{"weight": 1, "public_key": "GBA3P2QRTJNZWDKA7APZFHMP633A3BUXQ2E47VSIUP6BJBEI2WZWI5PI"}
8589950976	12884905985	1	20	{"limit": 9223372036854775807, "asset_code": "USD", "asset_type": "credit_alphanum4", "asset_issuer": "GBVCMH6R7D4SOK2LDXN6YEFTDHUVYIEU3JCPGFS73CH7JX4CK2IX66TG"}
8589942784	12884910081	1	20	{"limit": 9223372036854775807, "asset_code": "USD", "asset_type": "credit_alphanum4", "asset_issuer": "GBVCMH6R7D4SOK2LDXN6YEFTDHUVYIEU3JCPGFS73CH7JX4CK2IX66TG"}
8589946880	12884914177	1	20	{"limit": 9223372036854775807, "asset_code": "EUR", "asset_type": "credit_alphanum4", "asset_issuer": "GBVCMH6R7D4SOK2LDXN6YEFTDHUVYIEU3JCPGFS73CH7JX4CK2IX66TG"}
8589950976	12884918273	1	20	{"limit": 9223372036854775807, "asset_code": "EUR", "asset_type": "credit_alphanum4", "asset_issuer": "GBVCMH6R7D4SOK2LDXN6YEFTDHUVYIEU3JCPGFS73CH7JX4CK2IX66TG"}
8589950976	12884922369	1	20	{"limit": 9223372036854775807, "asset_code": "1", "asset_type": "credit_alphanum4", "asset_issuer": "GBVCMH6R7D4SOK2LDXN6YEFTDHUVYIEU3JCPGFS73CH7JX4CK2IX66TG"}
8589950976	12884926465	1	20	{"limit": 9223372036854775807, "asset_code": "21", "asset_type": "credit_alphanum4", "asset_issuer": "GBVCMH6R7D4SOK2LDXN6YEFTDHUVYIEU3JCPGFS73CH7JX4CK2IX66TG"}
8589950976	12884930561	1	20	{"limit": 9223372036854775807, "asset_code": "22", "asset_type": "credit_alphanum4", "asset_issuer": "GBVCMH6R7D4SOK2LDXN6YEFTDHUVYIEU3JCPGFS73CH7JX4CK2IX66TG"}
8589950976	12884934657	1	20	{"limit": 9223372036854775807, "asset_code": "31", "asset_type": "credit_alphanum4", "asset_issuer": "GBVCMH6R7D4SOK2LDXN6YEFTDHUVYIEU3JCPGFS73CH7JX4CK2IX66TG"}
8589950976	12884938753	1	20	{"limit": 9223372036854775807, "asset_code": "32", "asset_type": "credit_alphanum4", "asset_issuer": "GBVCMH6R7D4SOK2LDXN6YEFTDHUVYIEU3JCPGFS73CH7JX4CK2IX66TG"}
8589950976	12884942849	1	20	{"limit": 9223372036854775807, "asset_code": "33", "asset_type": "credit_alphanum4", "asset_issuer": "GBVCMH6R7D4SOK2LDXN6YEFTDHUVYIEU3JCPGFS73CH7JX4CK2IX66TG"}
8589942784	17179873281	1	2	{"amount": 5000, "asset_code": "USD", "asset_type": "credit_alphanum4", "asset_issuer": "GBVCMH6R7D4SOK2LDXN6YEFTDHUVYIEU3JCPGFS73CH7JX4CK2IX66TG"}
8589938688	17179873281	2	3	{"amount": 5000, "asset_code": "USD", "asset_type": "credit_alphanum4", "asset_issuer": "GBVCMH6R7D4SOK2LDXN6YEFTDHUVYIEU3JCPGFS73CH7JX4CK2IX66TG"}
8589950976	17179877377	1	2	{"amount": 5000, "asset_code": "EUR", "asset_type": "credit_alphanum4", "asset_issuer": "GBVCMH6R7D4SOK2LDXN6YEFTDHUVYIEU3JCPGFS73CH7JX4CK2IX66TG"}
8589938688	17179877377	2	3	{"amount": 5000, "asset_code": "EUR", "asset_type": "credit_alphanum4", "asset_issuer": "GBVCMH6R7D4SOK2LDXN6YEFTDHUVYIEU3JCPGFS73CH7JX4CK2IX66TG"}
8589950976	17179881473	1	2	{"amount": 5000, "asset_code": "1", "asset_type": "credit_alphanum4", "asset_issuer": "GBVCMH6R7D4SOK2LDXN6YEFTDHUVYIEU3JCPGFS73CH7JX4CK2IX66TG"}
8589938688	17179881473	2	3	{"amount": 5000, "asset_code": "1", "asset_type": "credit_alphanum4", "asset_issuer": "GBVCMH6R7D4SOK2LDXN6YEFTDHUVYIEU3JCPGFS73CH7JX4CK2IX66TG"}
8589950976	17179885569	1	2	{"amount": 5000, "asset_code": "21", "asset_type": "credit_alphanum4", "asset_issuer": "GBVCMH6R7D4SOK2LDXN6YEFTDHUVYIEU3JCPGFS73CH7JX4CK2IX66TG"}
8589938688	17179885569	2	3	{"amount": 5000, "asset_code": "21", "asset_type": "credit_alphanum4", "asset_issuer": "GBVCMH6R7D4SOK2LDXN6YEFTDHUVYIEU3JCPGFS73CH7JX4CK2IX66TG"}
8589950976	17179889665	1	2	{"amount": 5000, "asset_code": "22", "asset_type": "credit_alphanum4", "asset_issuer": "GBVCMH6R7D4SOK2LDXN6YEFTDHUVYIEU3JCPGFS73CH7JX4CK2IX66TG"}
8589938688	17179889665	2	3	{"amount": 5000, "asset_code": "22", "asset_type": "credit_alphanum4", "asset_issuer": "GBVCMH6R7D4SOK2LDXN6YEFTDHUVYIEU3JCPGFS73CH7JX4CK2IX66TG"}
8589950976	17179893761	1	2	{"amount": 5000, "asset_code": "31", "asset_type": "credit_alphanum4", "asset_issuer": "GBVCMH6R7D4SOK2LDXN6YEFTDHUVYIEU3JCPGFS73CH7JX4CK2IX66TG"}
8589938688	17179893761	2	3	{"amount": 5000, "asset_code": "31", "asset_type": "credit_alphanum4", "asset_issuer": "GBVCMH6R7D4SOK2LDXN6YEFTDHUVYIEU3JCPGFS73CH7JX4CK2IX66TG"}
8589950976	17179897857	1	2	{"amount": 5000, "asset_code": "32", "asset_type": "credit_alphanum4", "asset_issuer": "GBVCMH6R7D4SOK2LDXN6YEFTDHUVYIEU3JCPGFS73CH7JX4CK2IX66TG"}
8589938688	17179897857	2	3	{"amount": 5000, "asset_code": "32", "asset_type": "credit_alphanum4", "asset_issuer": "GBVCMH6R7D4SOK2LDXN6YEFTDHUVYIEU3JCPGFS73CH7JX4CK2IX66TG"}
8589950976	17179901953	1	2	{"amount": 5000, "asset_code": "33", "asset_type": "credit_alphanum4", "asset_issuer": "GBVCMH6R7D4SOK2LDXN6YEFTDHUVYIEU3JCPGFS73CH7JX4CK2IX66TG"}
8589938688	17179901953	2	3	{"amount": 5000, "asset_code": "33", "asset_type": "credit_alphanum4", "asset_issuer": "GBVCMH6R7D4SOK2LDXN6YEFTDHUVYIEU3JCPGFS73CH7JX4CK2IX66TG"}
\.


--
-- Data for Name: history_ledgers; Type: TABLE DATA; Schema: public; Owner: -
--

COPY history_ledgers (sequence, ledger_hash, previous_ledger_hash, transaction_count, operation_count, closed_at, created_at, updated_at, id, importer_version) FROM stdin;
1	418cf4d3e5c849e2ab286e7f3fb95130ff154026b6af71b00260312e20de9857	\N	0	0	1970-01-01 00:00:00	2015-08-31 21:10:56.796902	2015-08-31 21:10:56.796902	4294967296	1
2	7a8864f0fe2091b972aae3e768bdc0933fa7ff0df207e08c11914fc61521e40e	418cf4d3e5c849e2ab286e7f3fb95130ff154026b6af71b00260312e20de9857	4	4	2015-08-31 21:10:55	2015-08-31 21:10:56.80787	2015-08-31 21:10:56.80787	8589934592	1
3	9ec1109f616afbf2c3d8733d6fa7f983cdc7f802fcefad9dd27beea39fee5592	7a8864f0fe2091b972aae3e768bdc0933fa7ff0df207e08c11914fc61521e40e	10	10	2015-08-31 21:10:56	2015-08-31 21:10:56.917811	2015-08-31 21:10:56.917811	12884901888	1
4	b915941e80cf19c473d2d4e5b18ccc86c89241749a5d4c3f8791ea735b818112	9ec1109f616afbf2c3d8733d6fa7f983cdc7f802fcefad9dd27beea39fee5592	8	8	2015-08-31 21:10:57	2015-08-31 21:10:57.064749	2015-08-31 21:10:57.064749	17179869184	1
5	fda96949e2d457f68949aafc50836c3242d5e1378eeb439289214ed4f47846e5	b915941e80cf19c473d2d4e5b18ccc86c89241749a5d4c3f8791ea735b818112	10	10	2015-08-31 21:10:58	2015-08-31 21:10:57.200659	2015-08-31 21:10:57.200659	21474836480	1
\.


--
-- Data for Name: history_operation_participants; Type: TABLE DATA; Schema: public; Owner: -
--

COPY history_operation_participants (id, history_operation_id, history_account_id) FROM stdin;
107	8589938689	0
108	8589938689	8589938688
109	8589942785	0
110	8589942785	8589942784
111	8589946881	0
112	8589946881	8589946880
113	8589950977	0
114	8589950977	8589950976
115	12884905985	8589950976
116	12884910081	8589942784
117	12884914177	8589946880
118	12884918273	8589950976
119	12884922369	8589950976
120	12884926465	8589950976
121	12884930561	8589950976
122	12884934657	8589950976
123	12884938753	8589950976
124	12884942849	8589950976
125	17179873281	8589938688
126	17179873281	8589942784
127	17179877377	8589938688
128	17179877377	8589950976
129	17179881473	8589938688
130	17179881473	8589950976
131	17179885569	8589938688
132	17179885569	8589950976
133	17179889665	8589938688
134	17179889665	8589950976
135	17179893761	8589938688
136	17179893761	8589950976
137	17179897857	8589938688
138	17179897857	8589950976
139	17179901953	8589938688
140	17179901953	8589950976
141	21474840577	8589950976
142	21474844673	8589950976
143	21474848769	8589950976
144	21474852865	8589950976
145	21474856961	8589950976
146	21474861057	8589950976
147	21474865153	8589950976
148	21474869249	8589950976
149	21474873345	8589950976
150	21474877441	8589950976
\.


--
-- Name: history_operation_participants_id_seq; Type: SEQUENCE SET; Schema: public; Owner: -
--

SELECT pg_catalog.setval('history_operation_participants_id_seq', 150, true);


--
-- Data for Name: history_operations; Type: TABLE DATA; Schema: public; Owner: -
--

COPY history_operations (id, transaction_id, application_order, type, details) FROM stdin;
8589938689	8589938688	1	0	{"funder": "GCEZWKCA5VLDNRLN3RPRJMRZOX3Z6G5CHCGSNFHEYVXM3XOJMDS674JZ", "account": "GBVCMH6R7D4SOK2LDXN6YEFTDHUVYIEU3JCPGFS73CH7JX4CK2IX66TG", "starting_balance": 10000000000}
8589942785	8589942784	1	0	{"funder": "GCEZWKCA5VLDNRLN3RPRJMRZOX3Z6G5CHCGSNFHEYVXM3XOJMDS674JZ", "account": "GD7HGSO6WKXLUJBHKI3NBK2R3L4L2PBAUA54TR24FZPNHAIHLIRPJWVO", "starting_balance": 10000000000}
8589946881	8589946880	1	0	{"funder": "GCEZWKCA5VLDNRLN3RPRJMRZOX3Z6G5CHCGSNFHEYVXM3XOJMDS674JZ", "account": "GCOJGXHPDR4XAK74U4PY7SORGXBBMCYXMLDAAE4BJZXQEWYI23SSY7DO", "starting_balance": 10000000000}
8589950977	8589950976	1	0	{"funder": "GCEZWKCA5VLDNRLN3RPRJMRZOX3Z6G5CHCGSNFHEYVXM3XOJMDS674JZ", "account": "GBA3P2QRTJNZWDKA7APZFHMP633A3BUXQ2E47VSIUP6BJBEI2WZWI5PI", "starting_balance": 10000000000}
12884905985	12884905984	1	6	{"limit": 9223372036854775807, "trustee": "GBVCMH6R7D4SOK2LDXN6YEFTDHUVYIEU3JCPGFS73CH7JX4CK2IX66TG", "trustor": "GBA3P2QRTJNZWDKA7APZFHMP633A3BUXQ2E47VSIUP6BJBEI2WZWI5PI", "asset_code": "USD", "asset_type": "credit_alphanum4", "asset_issuer": "GBVCMH6R7D4SOK2LDXN6YEFTDHUVYIEU3JCPGFS73CH7JX4CK2IX66TG"}
12884910081	12884910080	1	6	{"limit": 9223372036854775807, "trustee": "GBVCMH6R7D4SOK2LDXN6YEFTDHUVYIEU3JCPGFS73CH7JX4CK2IX66TG", "trustor": "GD7HGSO6WKXLUJBHKI3NBK2R3L4L2PBAUA54TR24FZPNHAIHLIRPJWVO", "asset_code": "USD", "asset_type": "credit_alphanum4", "asset_issuer": "GBVCMH6R7D4SOK2LDXN6YEFTDHUVYIEU3JCPGFS73CH7JX4CK2IX66TG"}
12884914177	12884914176	1	6	{"limit": 9223372036854775807, "trustee": "GBVCMH6R7D4SOK2LDXN6YEFTDHUVYIEU3JCPGFS73CH7JX4CK2IX66TG", "trustor": "GCOJGXHPDR4XAK74U4PY7SORGXBBMCYXMLDAAE4BJZXQEWYI23SSY7DO", "asset_code": "EUR", "asset_type": "credit_alphanum4", "asset_issuer": "GBVCMH6R7D4SOK2LDXN6YEFTDHUVYIEU3JCPGFS73CH7JX4CK2IX66TG"}
12884918273	12884918272	1	6	{"limit": 9223372036854775807, "trustee": "GBVCMH6R7D4SOK2LDXN6YEFTDHUVYIEU3JCPGFS73CH7JX4CK2IX66TG", "trustor": "GBA3P2QRTJNZWDKA7APZFHMP633A3BUXQ2E47VSIUP6BJBEI2WZWI5PI", "asset_code": "EUR", "asset_type": "credit_alphanum4", "asset_issuer": "GBVCMH6R7D4SOK2LDXN6YEFTDHUVYIEU3JCPGFS73CH7JX4CK2IX66TG"}
12884922369	12884922368	1	6	{"limit": 9223372036854775807, "trustee": "GBVCMH6R7D4SOK2LDXN6YEFTDHUVYIEU3JCPGFS73CH7JX4CK2IX66TG", "trustor": "GBA3P2QRTJNZWDKA7APZFHMP633A3BUXQ2E47VSIUP6BJBEI2WZWI5PI", "asset_code": "1", "asset_type": "credit_alphanum4", "asset_issuer": "GBVCMH6R7D4SOK2LDXN6YEFTDHUVYIEU3JCPGFS73CH7JX4CK2IX66TG"}
12884926465	12884926464	1	6	{"limit": 9223372036854775807, "trustee": "GBVCMH6R7D4SOK2LDXN6YEFTDHUVYIEU3JCPGFS73CH7JX4CK2IX66TG", "trustor": "GBA3P2QRTJNZWDKA7APZFHMP633A3BUXQ2E47VSIUP6BJBEI2WZWI5PI", "asset_code": "21", "asset_type": "credit_alphanum4", "asset_issuer": "GBVCMH6R7D4SOK2LDXN6YEFTDHUVYIEU3JCPGFS73CH7JX4CK2IX66TG"}
12884930561	12884930560	1	6	{"limit": 9223372036854775807, "trustee": "GBVCMH6R7D4SOK2LDXN6YEFTDHUVYIEU3JCPGFS73CH7JX4CK2IX66TG", "trustor": "GBA3P2QRTJNZWDKA7APZFHMP633A3BUXQ2E47VSIUP6BJBEI2WZWI5PI", "asset_code": "22", "asset_type": "credit_alphanum4", "asset_issuer": "GBVCMH6R7D4SOK2LDXN6YEFTDHUVYIEU3JCPGFS73CH7JX4CK2IX66TG"}
12884934657	12884934656	1	6	{"limit": 9223372036854775807, "trustee": "GBVCMH6R7D4SOK2LDXN6YEFTDHUVYIEU3JCPGFS73CH7JX4CK2IX66TG", "trustor": "GBA3P2QRTJNZWDKA7APZFHMP633A3BUXQ2E47VSIUP6BJBEI2WZWI5PI", "asset_code": "31", "asset_type": "credit_alphanum4", "asset_issuer": "GBVCMH6R7D4SOK2LDXN6YEFTDHUVYIEU3JCPGFS73CH7JX4CK2IX66TG"}
12884938753	12884938752	1	6	{"limit": 9223372036854775807, "trustee": "GBVCMH6R7D4SOK2LDXN6YEFTDHUVYIEU3JCPGFS73CH7JX4CK2IX66TG", "trustor": "GBA3P2QRTJNZWDKA7APZFHMP633A3BUXQ2E47VSIUP6BJBEI2WZWI5PI", "asset_code": "32", "asset_type": "credit_alphanum4", "asset_issuer": "GBVCMH6R7D4SOK2LDXN6YEFTDHUVYIEU3JCPGFS73CH7JX4CK2IX66TG"}
12884942849	12884942848	1	6	{"limit": 9223372036854775807, "trustee": "GBVCMH6R7D4SOK2LDXN6YEFTDHUVYIEU3JCPGFS73CH7JX4CK2IX66TG", "trustor": "GBA3P2QRTJNZWDKA7APZFHMP633A3BUXQ2E47VSIUP6BJBEI2WZWI5PI", "asset_code": "33", "asset_type": "credit_alphanum4", "asset_issuer": "GBVCMH6R7D4SOK2LDXN6YEFTDHUVYIEU3JCPGFS73CH7JX4CK2IX66TG"}
17179873281	17179873280	1	1	{"to": "GD7HGSO6WKXLUJBHKI3NBK2R3L4L2PBAUA54TR24FZPNHAIHLIRPJWVO", "from": "GBVCMH6R7D4SOK2LDXN6YEFTDHUVYIEU3JCPGFS73CH7JX4CK2IX66TG", "amount": 5000, "asset_code": "USD", "asset_type": "credit_alphanum4", "asset_issuer": "GBVCMH6R7D4SOK2LDXN6YEFTDHUVYIEU3JCPGFS73CH7JX4CK2IX66TG"}
17179877377	17179877376	1	1	{"to": "GBA3P2QRTJNZWDKA7APZFHMP633A3BUXQ2E47VSIUP6BJBEI2WZWI5PI", "from": "GBVCMH6R7D4SOK2LDXN6YEFTDHUVYIEU3JCPGFS73CH7JX4CK2IX66TG", "amount": 5000, "asset_code": "EUR", "asset_type": "credit_alphanum4", "asset_issuer": "GBVCMH6R7D4SOK2LDXN6YEFTDHUVYIEU3JCPGFS73CH7JX4CK2IX66TG"}
17179881473	17179881472	1	1	{"to": "GBA3P2QRTJNZWDKA7APZFHMP633A3BUXQ2E47VSIUP6BJBEI2WZWI5PI", "from": "GBVCMH6R7D4SOK2LDXN6YEFTDHUVYIEU3JCPGFS73CH7JX4CK2IX66TG", "amount": 5000, "asset_code": "1", "asset_type": "credit_alphanum4", "asset_issuer": "GBVCMH6R7D4SOK2LDXN6YEFTDHUVYIEU3JCPGFS73CH7JX4CK2IX66TG"}
17179885569	17179885568	1	1	{"to": "GBA3P2QRTJNZWDKA7APZFHMP633A3BUXQ2E47VSIUP6BJBEI2WZWI5PI", "from": "GBVCMH6R7D4SOK2LDXN6YEFTDHUVYIEU3JCPGFS73CH7JX4CK2IX66TG", "amount": 5000, "asset_code": "21", "asset_type": "credit_alphanum4", "asset_issuer": "GBVCMH6R7D4SOK2LDXN6YEFTDHUVYIEU3JCPGFS73CH7JX4CK2IX66TG"}
17179889665	17179889664	1	1	{"to": "GBA3P2QRTJNZWDKA7APZFHMP633A3BUXQ2E47VSIUP6BJBEI2WZWI5PI", "from": "GBVCMH6R7D4SOK2LDXN6YEFTDHUVYIEU3JCPGFS73CH7JX4CK2IX66TG", "amount": 5000, "asset_code": "22", "asset_type": "credit_alphanum4", "asset_issuer": "GBVCMH6R7D4SOK2LDXN6YEFTDHUVYIEU3JCPGFS73CH7JX4CK2IX66TG"}
17179893761	17179893760	1	1	{"to": "GBA3P2QRTJNZWDKA7APZFHMP633A3BUXQ2E47VSIUP6BJBEI2WZWI5PI", "from": "GBVCMH6R7D4SOK2LDXN6YEFTDHUVYIEU3JCPGFS73CH7JX4CK2IX66TG", "amount": 5000, "asset_code": "31", "asset_type": "credit_alphanum4", "asset_issuer": "GBVCMH6R7D4SOK2LDXN6YEFTDHUVYIEU3JCPGFS73CH7JX4CK2IX66TG"}
17179897857	17179897856	1	1	{"to": "GBA3P2QRTJNZWDKA7APZFHMP633A3BUXQ2E47VSIUP6BJBEI2WZWI5PI", "from": "GBVCMH6R7D4SOK2LDXN6YEFTDHUVYIEU3JCPGFS73CH7JX4CK2IX66TG", "amount": 5000, "asset_code": "32", "asset_type": "credit_alphanum4", "asset_issuer": "GBVCMH6R7D4SOK2LDXN6YEFTDHUVYIEU3JCPGFS73CH7JX4CK2IX66TG"}
17179901953	17179901952	1	1	{"to": "GBA3P2QRTJNZWDKA7APZFHMP633A3BUXQ2E47VSIUP6BJBEI2WZWI5PI", "from": "GBVCMH6R7D4SOK2LDXN6YEFTDHUVYIEU3JCPGFS73CH7JX4CK2IX66TG", "amount": 5000, "asset_code": "33", "asset_type": "credit_alphanum4", "asset_issuer": "GBVCMH6R7D4SOK2LDXN6YEFTDHUVYIEU3JCPGFS73CH7JX4CK2IX66TG"}
21474840577	21474840576	1	3	{"price": {"d": 1, "n": 1}, "amount": 10, "offer_id": 0, "buying_asset_code": "USD", "buying_asset_type": "credit_alphanum4", "selling_asset_code": "EUR", "selling_asset_type": "credit_alphanum4", "buying_asset_issuer": "GBVCMH6R7D4SOK2LDXN6YEFTDHUVYIEU3JCPGFS73CH7JX4CK2IX66TG", "selling_asset_issuer": "GBVCMH6R7D4SOK2LDXN6YEFTDHUVYIEU3JCPGFS73CH7JX4CK2IX66TG"}
21474844673	21474844672	1	3	{"price": {"d": 1, "n": 1}, "amount": 20, "offer_id": 0, "buying_asset_code": "USD", "buying_asset_type": "credit_alphanum4", "selling_asset_code": "1", "selling_asset_type": "credit_alphanum4", "buying_asset_issuer": "GBVCMH6R7D4SOK2LDXN6YEFTDHUVYIEU3JCPGFS73CH7JX4CK2IX66TG", "selling_asset_issuer": "GBVCMH6R7D4SOK2LDXN6YEFTDHUVYIEU3JCPGFS73CH7JX4CK2IX66TG"}
21474848769	21474848768	1	3	{"price": {"d": 1, "n": 1}, "amount": 20, "offer_id": 0, "buying_asset_code": "1", "buying_asset_type": "credit_alphanum4", "selling_asset_code": "EUR", "selling_asset_type": "credit_alphanum4", "buying_asset_issuer": "GBVCMH6R7D4SOK2LDXN6YEFTDHUVYIEU3JCPGFS73CH7JX4CK2IX66TG", "selling_asset_issuer": "GBVCMH6R7D4SOK2LDXN6YEFTDHUVYIEU3JCPGFS73CH7JX4CK2IX66TG"}
21474852865	21474852864	1	3	{"price": {"d": 1, "n": 1}, "amount": 30, "offer_id": 0, "buying_asset_code": "USD", "buying_asset_type": "credit_alphanum4", "selling_asset_code": "21", "selling_asset_type": "credit_alphanum4", "buying_asset_issuer": "GBVCMH6R7D4SOK2LDXN6YEFTDHUVYIEU3JCPGFS73CH7JX4CK2IX66TG", "selling_asset_issuer": "GBVCMH6R7D4SOK2LDXN6YEFTDHUVYIEU3JCPGFS73CH7JX4CK2IX66TG"}
21474856961	21474856960	1	3	{"price": {"d": 1, "n": 1}, "amount": 30, "offer_id": 0, "buying_asset_code": "21", "buying_asset_type": "credit_alphanum4", "selling_asset_code": "22", "selling_asset_type": "credit_alphanum4", "buying_asset_issuer": "GBVCMH6R7D4SOK2LDXN6YEFTDHUVYIEU3JCPGFS73CH7JX4CK2IX66TG", "selling_asset_issuer": "GBVCMH6R7D4SOK2LDXN6YEFTDHUVYIEU3JCPGFS73CH7JX4CK2IX66TG"}
21474861057	21474861056	1	3	{"price": {"d": 1, "n": 1}, "amount": 30, "offer_id": 0, "buying_asset_code": "22", "buying_asset_type": "credit_alphanum4", "selling_asset_code": "EUR", "selling_asset_type": "credit_alphanum4", "buying_asset_issuer": "GBVCMH6R7D4SOK2LDXN6YEFTDHUVYIEU3JCPGFS73CH7JX4CK2IX66TG", "selling_asset_issuer": "GBVCMH6R7D4SOK2LDXN6YEFTDHUVYIEU3JCPGFS73CH7JX4CK2IX66TG"}
21474865153	21474865152	1	3	{"price": {"d": 1, "n": 1}, "amount": 40, "offer_id": 0, "buying_asset_code": "USD", "buying_asset_type": "credit_alphanum4", "selling_asset_code": "31", "selling_asset_type": "credit_alphanum4", "buying_asset_issuer": "GBVCMH6R7D4SOK2LDXN6YEFTDHUVYIEU3JCPGFS73CH7JX4CK2IX66TG", "selling_asset_issuer": "GBVCMH6R7D4SOK2LDXN6YEFTDHUVYIEU3JCPGFS73CH7JX4CK2IX66TG"}
21474869249	21474869248	1	3	{"price": {"d": 1, "n": 1}, "amount": 40, "offer_id": 0, "buying_asset_code": "31", "buying_asset_type": "credit_alphanum4", "selling_asset_code": "32", "selling_asset_type": "credit_alphanum4", "buying_asset_issuer": "GBVCMH6R7D4SOK2LDXN6YEFTDHUVYIEU3JCPGFS73CH7JX4CK2IX66TG", "selling_asset_issuer": "GBVCMH6R7D4SOK2LDXN6YEFTDHUVYIEU3JCPGFS73CH7JX4CK2IX66TG"}
21474873345	21474873344	1	3	{"price": {"d": 1, "n": 1}, "amount": 40, "offer_id": 0, "buying_asset_code": "32", "buying_asset_type": "credit_alphanum4", "selling_asset_code": "33", "selling_asset_type": "credit_alphanum4", "buying_asset_issuer": "GBVCMH6R7D4SOK2LDXN6YEFTDHUVYIEU3JCPGFS73CH7JX4CK2IX66TG", "selling_asset_issuer": "GBVCMH6R7D4SOK2LDXN6YEFTDHUVYIEU3JCPGFS73CH7JX4CK2IX66TG"}
21474877441	21474877440	1	3	{"price": {"d": 1, "n": 1}, "amount": 40, "offer_id": 0, "buying_asset_code": "33", "buying_asset_type": "credit_alphanum4", "selling_asset_code": "EUR", "selling_asset_type": "credit_alphanum4", "buying_asset_issuer": "GBVCMH6R7D4SOK2LDXN6YEFTDHUVYIEU3JCPGFS73CH7JX4CK2IX66TG", "selling_asset_issuer": "GBVCMH6R7D4SOK2LDXN6YEFTDHUVYIEU3JCPGFS73CH7JX4CK2IX66TG"}
\.


--
-- Data for Name: history_transaction_participants; Type: TABLE DATA; Schema: public; Owner: -
--

COPY history_transaction_participants (id, transaction_hash, account, created_at, updated_at) FROM stdin;
97	b7302fce43648b19556386c83d018a95ade94d4b7f592bf1068d2acc39144070	GCEZWKCA5VLDNRLN3RPRJMRZOX3Z6G5CHCGSNFHEYVXM3XOJMDS674JZ	2015-08-31 21:10:56.813604	2015-08-31 21:10:56.813604
98	b7302fce43648b19556386c83d018a95ade94d4b7f592bf1068d2acc39144070	GBVCMH6R7D4SOK2LDXN6YEFTDHUVYIEU3JCPGFS73CH7JX4CK2IX66TG	2015-08-31 21:10:56.814789	2015-08-31 21:10:56.814789
99	6abd01531cb5f958d3801255e50a26a17eda59d25aab50eb18d91ed2ccde4116	GCEZWKCA5VLDNRLN3RPRJMRZOX3Z6G5CHCGSNFHEYVXM3XOJMDS674JZ	2015-08-31 21:10:56.836706	2015-08-31 21:10:56.836706
100	6abd01531cb5f958d3801255e50a26a17eda59d25aab50eb18d91ed2ccde4116	GD7HGSO6WKXLUJBHKI3NBK2R3L4L2PBAUA54TR24FZPNHAIHLIRPJWVO	2015-08-31 21:10:56.837795	2015-08-31 21:10:56.837795
101	e10599370a5465ce3682114df28fa57ee14d5c6bbbb0cd460d6835dd79aeddce	GCEZWKCA5VLDNRLN3RPRJMRZOX3Z6G5CHCGSNFHEYVXM3XOJMDS674JZ	2015-08-31 21:10:56.859071	2015-08-31 21:10:56.859071
102	e10599370a5465ce3682114df28fa57ee14d5c6bbbb0cd460d6835dd79aeddce	GCOJGXHPDR4XAK74U4PY7SORGXBBMCYXMLDAAE4BJZXQEWYI23SSY7DO	2015-08-31 21:10:56.860123	2015-08-31 21:10:56.860123
103	0b53256aa7ffdde2b22075694b6ba62ff6d9421c1fd3211f5478456581080618	GCEZWKCA5VLDNRLN3RPRJMRZOX3Z6G5CHCGSNFHEYVXM3XOJMDS674JZ	2015-08-31 21:10:56.886708	2015-08-31 21:10:56.886708
104	0b53256aa7ffdde2b22075694b6ba62ff6d9421c1fd3211f5478456581080618	GBA3P2QRTJNZWDKA7APZFHMP633A3BUXQ2E47VSIUP6BJBEI2WZWI5PI	2015-08-31 21:10:56.888369	2015-08-31 21:10:56.888369
105	271729e29aabd083e330fb236f58e69a28fc6c101f70b4885a61e318be7c6a02	GBA3P2QRTJNZWDKA7APZFHMP633A3BUXQ2E47VSIUP6BJBEI2WZWI5PI	2015-08-31 21:10:56.922656	2015-08-31 21:10:56.922656
106	ff8fcf7e27e61aa2f3fbecdfc886a3245ff6d3eef687a546b3f9b69c5661947f	GD7HGSO6WKXLUJBHKI3NBK2R3L4L2PBAUA54TR24FZPNHAIHLIRPJWVO	2015-08-31 21:10:56.938854	2015-08-31 21:10:56.938854
107	0d9505c9ac19dc9aae65816fb050a5da8d4767e9da36e89b461a438995408bc4	GCOJGXHPDR4XAK74U4PY7SORGXBBMCYXMLDAAE4BJZXQEWYI23SSY7DO	2015-08-31 21:10:56.951643	2015-08-31 21:10:56.951643
108	41aa3eb899335993a03a642a7bc0b449f5a34833bb8b136dacea488c09fe47fd	GBA3P2QRTJNZWDKA7APZFHMP633A3BUXQ2E47VSIUP6BJBEI2WZWI5PI	2015-08-31 21:10:56.965275	2015-08-31 21:10:56.965275
109	539f44fe39f9906335ea2c47d4bc8599236e9b98c075f76670a909627ed704a1	GBA3P2QRTJNZWDKA7APZFHMP633A3BUXQ2E47VSIUP6BJBEI2WZWI5PI	2015-08-31 21:10:56.976723	2015-08-31 21:10:56.976723
110	10dcc29f3407b3e08b0f2281da5b81206fd42fa39b52acfc85be038ff90cfb4b	GBA3P2QRTJNZWDKA7APZFHMP633A3BUXQ2E47VSIUP6BJBEI2WZWI5PI	2015-08-31 21:10:56.987002	2015-08-31 21:10:56.987002
111	fcd0aebaae1c6e1e275d640af6d5dd644ca42e57b7c1e05d3a5fd6a925aae407	GBA3P2QRTJNZWDKA7APZFHMP633A3BUXQ2E47VSIUP6BJBEI2WZWI5PI	2015-08-31 21:10:57.005476	2015-08-31 21:10:57.005476
112	d3c27b509222fbdee1386f2150c189f7f3d034693ada36538d9cd58c34af92c4	GBA3P2QRTJNZWDKA7APZFHMP633A3BUXQ2E47VSIUP6BJBEI2WZWI5PI	2015-08-31 21:10:57.017492	2015-08-31 21:10:57.017492
113	0c776f6daa69d2dd4a4123274a0ac85970eae14e561386f8f139d262620b5a44	GBA3P2QRTJNZWDKA7APZFHMP633A3BUXQ2E47VSIUP6BJBEI2WZWI5PI	2015-08-31 21:10:57.029939	2015-08-31 21:10:57.029939
114	9dfc9c508e9accb555f0c9f4d22a315cc8d1003d9c484f73d3e1da97c718cbe4	GBA3P2QRTJNZWDKA7APZFHMP633A3BUXQ2E47VSIUP6BJBEI2WZWI5PI	2015-08-31 21:10:57.043916	2015-08-31 21:10:57.043916
115	abf5f204b22827aea77a3988eea347bc6e17de41a68f0ab85cfa0c4c18fa0e83	GBVCMH6R7D4SOK2LDXN6YEFTDHUVYIEU3JCPGFS73CH7JX4CK2IX66TG	2015-08-31 21:10:57.06946	2015-08-31 21:10:57.06946
116	cd83c2c8d5778c895fb7bd47309c147b7eb3194d3a01ae17d222f5d530972c27	GBVCMH6R7D4SOK2LDXN6YEFTDHUVYIEU3JCPGFS73CH7JX4CK2IX66TG	2015-08-31 21:10:57.084745	2015-08-31 21:10:57.084745
117	b9e8fa74acbea070f7cacadfac4d57e6bfe6214f9cfe17245a89077fdd260dbf	GBVCMH6R7D4SOK2LDXN6YEFTDHUVYIEU3JCPGFS73CH7JX4CK2IX66TG	2015-08-31 21:10:57.099984	2015-08-31 21:10:57.099984
118	df073ff49bfabdc3d98ce0439ddd7ba4d04ffd4f2e3f1bc160a04e7c1ea24967	GBVCMH6R7D4SOK2LDXN6YEFTDHUVYIEU3JCPGFS73CH7JX4CK2IX66TG	2015-08-31 21:10:57.115418	2015-08-31 21:10:57.115418
119	b5e4de67a12366d10ac3df400708bd582b86148764852a6d828a6644fdfa4eba	GBVCMH6R7D4SOK2LDXN6YEFTDHUVYIEU3JCPGFS73CH7JX4CK2IX66TG	2015-08-31 21:10:57.132586	2015-08-31 21:10:57.132586
120	e2fc7cb45a8d2f78686d46398e316b946ac0d3bc23dc57c1cf888d4b1eadda2c	GBVCMH6R7D4SOK2LDXN6YEFTDHUVYIEU3JCPGFS73CH7JX4CK2IX66TG	2015-08-31 21:10:57.147711	2015-08-31 21:10:57.147711
121	a2ddd705125af5e281e855cca3f87612c6182de46b37efa3e8cbae25ed0ef87b	GBVCMH6R7D4SOK2LDXN6YEFTDHUVYIEU3JCPGFS73CH7JX4CK2IX66TG	2015-08-31 21:10:57.16326	2015-08-31 21:10:57.16326
122	d83117a5cc1f69ec6a478397202c83b259f5833c40ce8726ca975727bbaeee7e	GBVCMH6R7D4SOK2LDXN6YEFTDHUVYIEU3JCPGFS73CH7JX4CK2IX66TG	2015-08-31 21:10:57.178352	2015-08-31 21:10:57.178352
123	744141653d75bb214ad590fa774ed7ace44be653771da2b8cf585114d06ebf36	GBA3P2QRTJNZWDKA7APZFHMP633A3BUXQ2E47VSIUP6BJBEI2WZWI5PI	2015-08-31 21:10:57.20517	2015-08-31 21:10:57.20517
124	324bd1343959606f8541eeabd2209bc0991e2e4172db5e2675ae94d919976651	GBA3P2QRTJNZWDKA7APZFHMP633A3BUXQ2E47VSIUP6BJBEI2WZWI5PI	2015-08-31 21:10:57.213632	2015-08-31 21:10:57.213632
125	71fe2dcc08fc3a00dc4450b117324530bddd4657af961361d2e50b4c3267e6b9	GBA3P2QRTJNZWDKA7APZFHMP633A3BUXQ2E47VSIUP6BJBEI2WZWI5PI	2015-08-31 21:10:57.222355	2015-08-31 21:10:57.222355
126	28806e726bedd18ac22cf24dd8ed4321f394ff53e02a7314d9a77562d6086798	GBA3P2QRTJNZWDKA7APZFHMP633A3BUXQ2E47VSIUP6BJBEI2WZWI5PI	2015-08-31 21:10:57.231444	2015-08-31 21:10:57.231444
127	f7098f13cec513c4459e7b61c9e9494a94d2ff9309aac32a7231062ac308e5fc	GBA3P2QRTJNZWDKA7APZFHMP633A3BUXQ2E47VSIUP6BJBEI2WZWI5PI	2015-08-31 21:10:57.239971	2015-08-31 21:10:57.239971
128	7c7123f0d7d5667ced03ce4af6a71645a7bac674f0afec5cf6838a0b05526ff7	GBA3P2QRTJNZWDKA7APZFHMP633A3BUXQ2E47VSIUP6BJBEI2WZWI5PI	2015-08-31 21:10:57.249799	2015-08-31 21:10:57.249799
129	7717a1266f74cc2363b889ff6f5c9569e1f00a3ffb462290617e08522558781c	GBA3P2QRTJNZWDKA7APZFHMP633A3BUXQ2E47VSIUP6BJBEI2WZWI5PI	2015-08-31 21:10:57.25843	2015-08-31 21:10:57.25843
130	7fc963ba1ca6969b7265f6a85d98ec87668ad612208543694921994ed6e7a05e	GBA3P2QRTJNZWDKA7APZFHMP633A3BUXQ2E47VSIUP6BJBEI2WZWI5PI	2015-08-31 21:10:57.267281	2015-08-31 21:10:57.267281
131	8dad24eada13af6c7101e9b1351261ac0c2ef73861827d1f79fe038b6900487e	GBA3P2QRTJNZWDKA7APZFHMP633A3BUXQ2E47VSIUP6BJBEI2WZWI5PI	2015-08-31 21:10:57.277724	2015-08-31 21:10:57.277724
132	fb45948cff52b8b77357274eeb1d1b2f180d2020a2c042baf1bb6b342ac45da7	GBA3P2QRTJNZWDKA7APZFHMP633A3BUXQ2E47VSIUP6BJBEI2WZWI5PI	2015-08-31 21:10:57.286169	2015-08-31 21:10:57.286169
\.


--
-- Name: history_transaction_participants_id_seq; Type: SEQUENCE SET; Schema: public; Owner: -
--

SELECT pg_catalog.setval('history_transaction_participants_id_seq', 132, true);


--
-- Data for Name: history_transaction_statuses; Type: TABLE DATA; Schema: public; Owner: -
--

COPY history_transaction_statuses (id, result_code_s, result_code) FROM stdin;
\.


--
-- Name: history_transaction_statuses_id_seq; Type: SEQUENCE SET; Schema: public; Owner: -
--

SELECT pg_catalog.setval('history_transaction_statuses_id_seq', 1, false);


--
-- Data for Name: history_transactions; Type: TABLE DATA; Schema: public; Owner: -
--

COPY history_transactions (transaction_hash, ledger_sequence, application_order, account, account_sequence, max_fee, fee_paid, operation_count, transaction_status_id, created_at, updated_at, id, tx_envelope, tx_result, tx_meta) FROM stdin;
b7302fce43648b19556386c83d018a95ade94d4b7f592bf1068d2acc39144070	2	1	GCEZWKCA5VLDNRLN3RPRJMRZOX3Z6G5CHCGSNFHEYVXM3XOJMDS674JZ	1	10	10	1	-1	2015-08-31 21:10:56.810955	2015-08-31 21:10:56.810955	8589938688	AAAAAImbKEDtVjbFbdxfFLI5dfefG6I4jSaU5MVuzd3JYOXvAAAACgAAAAAAAAABAAAAAAAAAAAAAAABAAAAAAAAAAAAAAAAaiYf0fj5JytLHdvsELMZ6VwglNpE8xZf2I/034JWkX8AAAACVAvkAAAAAAAAAAAByWDl7wAAAEC1UjdU3/PC7MiRmim2kQ3wYmLcsmLtgXnDxnHKbdexmFOc9g/mWM4OD2yjLVpjXn1Kxk3kBHbejH7pBKpd48sP	tzAvzkNkixlVY4bIPQGKla3pTUt/WSvxBo0qzDkUQHAAAAAAAAAACgAAAAAAAAABAAAAAAAAAAAAAAAAAAAAAA==	AAAAAAAAAAEAAAABAAAAAgAAAAAAAAAAiZsoQO1WNsVt3F8Usjl1958bojiNJpTkxW7N3clg5e8BY0V4XYn/9gAAAAAAAAABAAAAAAAAAAAAAAAAAAAAAAEAAAAAAAAAAAAAAAAAAAAAAAABAAAAAgAAAAAAAAACAAAAAAAAAABqJh/R+PknK0sd2+wQsxnpXCCU2kTzFl/Yj/TfglaRfwAAAAJUC+QAAAAAAgAAAAAAAAAAAAAAAAAAAAAAAAAAAQAAAAAAAAAAAAAAAAAAAAAAAAEAAAACAAAAAAAAAACJmyhA7VY2xW3cXxSyOXX3nxuiOI0mlOTFbs3dyWDl7wFjRXYJfhv2AAAAAAAAAAEAAAAAAAAAAAAAAAAAAAAAAQAAAAAAAAAAAAAAAAAAAA==
6abd01531cb5f958d3801255e50a26a17eda59d25aab50eb18d91ed2ccde4116	2	2	GCEZWKCA5VLDNRLN3RPRJMRZOX3Z6G5CHCGSNFHEYVXM3XOJMDS674JZ	2	10	10	1	-1	2015-08-31 21:10:56.834523	2015-08-31 21:10:56.834523	8589942784	AAAAAImbKEDtVjbFbdxfFLI5dfefG6I4jSaU5MVuzd3JYOXvAAAACgAAAAAAAAACAAAAAAAAAAAAAAABAAAAAAAAAAAAAAAA/nNJ3rKuuiQnUjbQq1Ha+L08IKA7ycdcLl7TgQdaIvQAAAACVAvkAAAAAAAAAAAByWDl7wAAAECJ7wecsMUOYnvUyLuvG3MY0WCfJfLa5LrACo1IekEHuSKQGyCgY5neKtr+kQhskaO5xdMny8qkg+XtJum38noE	ar0BUxy1+VjTgBJV5QomoX7aWdJaq1DrGNke0szeQRYAAAAAAAAACgAAAAAAAAABAAAAAAAAAAAAAAAAAAAAAA==	AAAAAAAAAAEAAAABAAAAAgAAAAAAAAAAiZsoQO1WNsVt3F8Usjl1958bojiNJpTkxW7N3clg5e8BY0V2CX4b7AAAAAAAAAACAAAAAAAAAAAAAAAAAAAAAAEAAAAAAAAAAAAAAAAAAAAAAAABAAAAAgAAAAAAAAACAAAAAAAAAAD+c0nesq66JCdSNtCrUdr4vTwgoDvJx1wuXtOBB1oi9AAAAAJUC+QAAAAAAgAAAAAAAAAAAAAAAAAAAAAAAAAAAQAAAAAAAAAAAAAAAAAAAAAAAAEAAAACAAAAAAAAAACJmyhA7VY2xW3cXxSyOXX3nxuiOI0mlOTFbs3dyWDl7wFjRXO1cjfsAAAAAAAAAAIAAAAAAAAAAAAAAAAAAAAAAQAAAAAAAAAAAAAAAAAAAA==
e10599370a5465ce3682114df28fa57ee14d5c6bbbb0cd460d6835dd79aeddce	2	3	GCEZWKCA5VLDNRLN3RPRJMRZOX3Z6G5CHCGSNFHEYVXM3XOJMDS674JZ	3	10	10	1	-1	2015-08-31 21:10:56.856775	2015-08-31 21:10:56.856775	8589946880	AAAAAImbKEDtVjbFbdxfFLI5dfefG6I4jSaU5MVuzd3JYOXvAAAACgAAAAAAAAADAAAAAAAAAAAAAAABAAAAAAAAAAAAAAAAnJNc7xx5cCv8px+PydE1whYLF2LGABOBTm8CWwjW5SwAAAACVAvkAAAAAAAAAAAByWDl7wAAAECRk5USwVNblFbWeWJ1Q6PQY3W+OHt/ewfKBXw0TZ/hj/xUtlPhlt1eaf4NisIMNnUmtaVE2ri119561Pqa4DoC	4QWZNwpUZc42ghFN8o+lfuFNXGu7sM1GDWg13Xmu3c4AAAAAAAAACgAAAAAAAAABAAAAAAAAAAAAAAAAAAAAAA==	AAAAAAAAAAEAAAABAAAAAgAAAAAAAAAAiZsoQO1WNsVt3F8Usjl1958bojiNJpTkxW7N3clg5e8BY0VztXI34gAAAAAAAAADAAAAAAAAAAAAAAAAAAAAAAEAAAAAAAAAAAAAAAAAAAAAAAABAAAAAgAAAAAAAAACAAAAAAAAAACck1zvHHlwK/ynH4/J0TXCFgsXYsYAE4FObwJbCNblLAAAAAJUC+QAAAAAAgAAAAAAAAAAAAAAAAAAAAAAAAAAAQAAAAAAAAAAAAAAAAAAAAAAAAEAAAACAAAAAAAAAACJmyhA7VY2xW3cXxSyOXX3nxuiOI0mlOTFbs3dyWDl7wFjRXFhZlPiAAAAAAAAAAMAAAAAAAAAAAAAAAAAAAAAAQAAAAAAAAAAAAAAAAAAAA==
0b53256aa7ffdde2b22075694b6ba62ff6d9421c1fd3211f5478456581080618	2	4	GCEZWKCA5VLDNRLN3RPRJMRZOX3Z6G5CHCGSNFHEYVXM3XOJMDS674JZ	4	10	10	1	-1	2015-08-31 21:10:56.882847	2015-08-31 21:10:56.882847	8589950976	AAAAAImbKEDtVjbFbdxfFLI5dfefG6I4jSaU5MVuzd3JYOXvAAAACgAAAAAAAAAEAAAAAAAAAAAAAAABAAAAAAAAAAAAAAAAQbfqEZpbmw1A+B+SnY/29g2Gl4aJz9ZIo/wUhIjVs2QAAAACVAvkAAAAAAAAAAAByWDl7wAAAEC+PbuGeZ7t0aBz6C1T87ECvsk7HNiEXgD9LdkQAUKqinPW2CXmXsAR1+ToljPPeikS8NLrVFA0jta09HixNJcL	C1Mlaqf/3eKyIHVpS2umL/bZQhwf0yEfVHhFZYEIBhgAAAAAAAAACgAAAAAAAAABAAAAAAAAAAAAAAAAAAAAAA==	AAAAAAAAAAEAAAABAAAAAgAAAAAAAAAAiZsoQO1WNsVt3F8Usjl1958bojiNJpTkxW7N3clg5e8BY0VxYWZT2AAAAAAAAAAEAAAAAAAAAAAAAAAAAAAAAAEAAAAAAAAAAAAAAAAAAAAAAAABAAAAAgAAAAAAAAACAAAAAAAAAABBt+oRmlubDUD4H5Kdj/b2DYaXhonP1kij/BSEiNWzZAAAAAJUC+QAAAAAAgAAAAAAAAAAAAAAAAAAAAAAAAAAAQAAAAAAAAAAAAAAAAAAAAAAAAEAAAACAAAAAAAAAACJmyhA7VY2xW3cXxSyOXX3nxuiOI0mlOTFbs3dyWDl7wFjRW8NWm/YAAAAAAAAAAQAAAAAAAAAAAAAAAAAAAAAAQAAAAAAAAAAAAAAAAAAAA==
271729e29aabd083e330fb236f58e69a28fc6c101f70b4885a61e318be7c6a02	3	1	GBA3P2QRTJNZWDKA7APZFHMP633A3BUXQ2E47VSIUP6BJBEI2WZWI5PI	8589934593	10	10	1	-1	2015-08-31 21:10:56.92063	2015-08-31 21:10:56.92063	12884905984	AAAAAEG36hGaW5sNQPgfkp2P9vYNhpeGic/WSKP8FISI1bNkAAAACgAAAAIAAAABAAAAAAAAAAAAAAABAAAAAAAAAAYAAAABVVNEAAAAAABqJh/R+PknK0sd2+wQsxnpXCCU2kTzFl/Yj/TfglaRf3//////////AAAAAAAAAAGI1bNkAAAAQHTv9A1ii1YAUR/iN4FyS6dSsVTmZVj3a2gE7IFRTwIonzC20SFTPK4UVk+IB+OmsUZQzjPvQIrmgSv2mra1FwY=	Jxcp4pqr0IPjMPsjb1jmmij8bBAfcLSIWmHjGL58agIAAAAAAAAACgAAAAAAAAABAAAAAAAAAAYAAAAAAAAAAA==	AAAAAAAAAAEAAAABAAAAAwAAAAAAAAAAQbfqEZpbmw1A+B+SnY/29g2Gl4aJz9ZIo/wUhIjVs2QAAAACVAvj9gAAAAIAAAABAAAAAAAAAAAAAAAAAAAAAAEAAAAAAAAAAAAAAAAAAAAAAAABAAAAAgAAAAAAAAADAAAAAQAAAABBt+oRmlubDUD4H5Kdj/b2DYaXhonP1kij/BSEiNWzZAAAAAFVU0QAAAAAAGomH9H4+ScrSx3b7BCzGelcIJTaRPMWX9iP9N+CVpF/AAAAAAAAAAB//////////wAAAAEAAAAAAAAAAAAAAAEAAAADAAAAAAAAAABBt+oRmlubDUD4H5Kdj/b2DYaXhonP1kij/BSEiNWzZAAAAAJUC+P2AAAAAgAAAAEAAAABAAAAAAAAAAAAAAAAAQAAAAAAAAAAAAAAAAAAAA==
ff8fcf7e27e61aa2f3fbecdfc886a3245ff6d3eef687a546b3f9b69c5661947f	3	2	GD7HGSO6WKXLUJBHKI3NBK2R3L4L2PBAUA54TR24FZPNHAIHLIRPJWVO	8589934593	10	10	1	-1	2015-08-31 21:10:56.936781	2015-08-31 21:10:56.936781	12884910080	AAAAAP5zSd6yrrokJ1I20KtR2vi9PCCgO8nHXC5e04EHWiL0AAAACgAAAAIAAAABAAAAAAAAAAAAAAABAAAAAAAAAAYAAAABVVNEAAAAAABqJh/R+PknK0sd2+wQsxnpXCCU2kTzFl/Yj/TfglaRf3//////////AAAAAAAAAAEHWiL0AAAAQPHk8kQ9CjPO8SqRYCzAJ65jG9HbslZ7+0iCMBWIZ2kKcdQdgnhp1UP9sreVR04izCTLu+lhmwBO4ZZ/uLfQIgA=	/4/PfifmGqLz++zfyIajJF/20+72h6VGs/m2nFZhlH8AAAAAAAAACgAAAAAAAAABAAAAAAAAAAYAAAAAAAAAAA==	AAAAAAAAAAEAAAABAAAAAwAAAAAAAAAA/nNJ3rKuuiQnUjbQq1Ha+L08IKA7ycdcLl7TgQdaIvQAAAACVAvj9gAAAAIAAAABAAAAAAAAAAAAAAAAAAAAAAEAAAAAAAAAAAAAAAAAAAAAAAABAAAAAgAAAAAAAAADAAAAAQAAAAD+c0nesq66JCdSNtCrUdr4vTwgoDvJx1wuXtOBB1oi9AAAAAFVU0QAAAAAAGomH9H4+ScrSx3b7BCzGelcIJTaRPMWX9iP9N+CVpF/AAAAAAAAAAB//////////wAAAAEAAAAAAAAAAAAAAAEAAAADAAAAAAAAAAD+c0nesq66JCdSNtCrUdr4vTwgoDvJx1wuXtOBB1oi9AAAAAJUC+P2AAAAAgAAAAEAAAABAAAAAAAAAAAAAAAAAQAAAAAAAAAAAAAAAAAAAA==
0d9505c9ac19dc9aae65816fb050a5da8d4767e9da36e89b461a438995408bc4	3	3	GCOJGXHPDR4XAK74U4PY7SORGXBBMCYXMLDAAE4BJZXQEWYI23SSY7DO	8589934593	10	10	1	-1	2015-08-31 21:10:56.949512	2015-08-31 21:10:56.949512	12884914176	AAAAAJyTXO8ceXAr/Kcfj8nRNcIWCxdixgATgU5vAlsI1uUsAAAACgAAAAIAAAABAAAAAAAAAAAAAAABAAAAAAAAAAYAAAABRVVSAAAAAABqJh/R+PknK0sd2+wQsxnpXCCU2kTzFl/Yj/TfglaRf3//////////AAAAAAAAAAEI1uUsAAAAQGoksP5Be1hrd2laG/E5mgbDOf3+QUFv1ffF6/EB93w+qF9ssVS8wvBDqgFxtEKAtwuMo2Tk0jy+uGQUVE+d4A8=	DZUFyawZ3JquZYFvsFCl2o1HZ+naNuibRhpDiZVAi8QAAAAAAAAACgAAAAAAAAABAAAAAAAAAAYAAAAAAAAAAA==	AAAAAAAAAAEAAAABAAAAAwAAAAAAAAAAnJNc7xx5cCv8px+PydE1whYLF2LGABOBTm8CWwjW5SwAAAACVAvj9gAAAAIAAAABAAAAAAAAAAAAAAAAAAAAAAEAAAAAAAAAAAAAAAAAAAAAAAABAAAAAgAAAAAAAAADAAAAAQAAAACck1zvHHlwK/ynH4/J0TXCFgsXYsYAE4FObwJbCNblLAAAAAFFVVIAAAAAAGomH9H4+ScrSx3b7BCzGelcIJTaRPMWX9iP9N+CVpF/AAAAAAAAAAB//////////wAAAAEAAAAAAAAAAAAAAAEAAAADAAAAAAAAAACck1zvHHlwK/ynH4/J0TXCFgsXYsYAE4FObwJbCNblLAAAAAJUC+P2AAAAAgAAAAEAAAABAAAAAAAAAAAAAAAAAQAAAAAAAAAAAAAAAAAAAA==
41aa3eb899335993a03a642a7bc0b449f5a34833bb8b136dacea488c09fe47fd	3	4	GBA3P2QRTJNZWDKA7APZFHMP633A3BUXQ2E47VSIUP6BJBEI2WZWI5PI	8589934594	10	10	1	-1	2015-08-31 21:10:56.962897	2015-08-31 21:10:56.962897	12884918272	AAAAAEG36hGaW5sNQPgfkp2P9vYNhpeGic/WSKP8FISI1bNkAAAACgAAAAIAAAACAAAAAAAAAAAAAAABAAAAAAAAAAYAAAABRVVSAAAAAABqJh/R+PknK0sd2+wQsxnpXCCU2kTzFl/Yj/TfglaRf3//////////AAAAAAAAAAGI1bNkAAAAQOQCB9c6YUlgnGbjvz5eKdBDhYnIrIRNwt1s3nuRBK9wQr6GURt51t8Xna3PGV6GN8Csh8eCAVacvD+u2Vt0Hws=	Qao+uJkzWZOgOmQqe8C0SfWjSDO7ixNtrOpIjAn+R/0AAAAAAAAACgAAAAAAAAABAAAAAAAAAAYAAAAAAAAAAA==	AAAAAAAAAAEAAAABAAAAAwAAAAAAAAAAQbfqEZpbmw1A+B+SnY/29g2Gl4aJz9ZIo/wUhIjVs2QAAAACVAvj7AAAAAIAAAACAAAAAQAAAAAAAAAAAAAAAAEAAAAAAAAAAAAAAAAAAAAAAAABAAAAAgAAAAAAAAADAAAAAQAAAABBt+oRmlubDUD4H5Kdj/b2DYaXhonP1kij/BSEiNWzZAAAAAFFVVIAAAAAAGomH9H4+ScrSx3b7BCzGelcIJTaRPMWX9iP9N+CVpF/AAAAAAAAAAB//////////wAAAAEAAAAAAAAAAAAAAAEAAAADAAAAAAAAAABBt+oRmlubDUD4H5Kdj/b2DYaXhonP1kij/BSEiNWzZAAAAAJUC+PsAAAAAgAAAAIAAAACAAAAAAAAAAAAAAAAAQAAAAAAAAAAAAAAAAAAAA==
539f44fe39f9906335ea2c47d4bc8599236e9b98c075f76670a909627ed704a1	3	5	GBA3P2QRTJNZWDKA7APZFHMP633A3BUXQ2E47VSIUP6BJBEI2WZWI5PI	8589934595	10	10	1	-1	2015-08-31 21:10:56.975019	2015-08-31 21:10:56.975019	12884922368	AAAAAEG36hGaW5sNQPgfkp2P9vYNhpeGic/WSKP8FISI1bNkAAAACgAAAAIAAAADAAAAAAAAAAAAAAABAAAAAAAAAAYAAAABMQAAAAAAAABqJh/R+PknK0sd2+wQsxnpXCCU2kTzFl/Yj/TfglaRf3//////////AAAAAAAAAAGI1bNkAAAAQLW06TYfcRMhmypq0cG7sqT6tCAYvJ+oHMFeRoXv8kFnLvLIfh+Xx46uyFeASWvUxnUUCZRafd60DL4uGOTslgA=	U59E/jn5kGM16ixH1LyFmSNum5jAdfdmcKkJYn7XBKEAAAAAAAAACgAAAAAAAAABAAAAAAAAAAYAAAAAAAAAAA==	AAAAAAAAAAEAAAABAAAAAwAAAAAAAAAAQbfqEZpbmw1A+B+SnY/29g2Gl4aJz9ZIo/wUhIjVs2QAAAACVAvj4gAAAAIAAAADAAAAAgAAAAAAAAAAAAAAAAEAAAAAAAAAAAAAAAAAAAAAAAABAAAAAgAAAAAAAAADAAAAAQAAAABBt+oRmlubDUD4H5Kdj/b2DYaXhonP1kij/BSEiNWzZAAAAAExAAAAAAAAAGomH9H4+ScrSx3b7BCzGelcIJTaRPMWX9iP9N+CVpF/AAAAAAAAAAB//////////wAAAAEAAAAAAAAAAAAAAAEAAAADAAAAAAAAAABBt+oRmlubDUD4H5Kdj/b2DYaXhonP1kij/BSEiNWzZAAAAAJUC+PiAAAAAgAAAAMAAAADAAAAAAAAAAAAAAAAAQAAAAAAAAAAAAAAAAAAAA==
10dcc29f3407b3e08b0f2281da5b81206fd42fa39b52acfc85be038ff90cfb4b	3	6	GBA3P2QRTJNZWDKA7APZFHMP633A3BUXQ2E47VSIUP6BJBEI2WZWI5PI	8589934596	10	10	1	-1	2015-08-31 21:10:56.985233	2015-08-31 21:10:56.985233	12884926464	AAAAAEG36hGaW5sNQPgfkp2P9vYNhpeGic/WSKP8FISI1bNkAAAACgAAAAIAAAAEAAAAAAAAAAAAAAABAAAAAAAAAAYAAAABMjEAAAAAAABqJh/R+PknK0sd2+wQsxnpXCCU2kTzFl/Yj/TfglaRf3//////////AAAAAAAAAAGI1bNkAAAAQDtuOs1QoKl59AR+dmUc/Ttxjc3FZUwlS5mEVVjhWyNzlX6zLwqNqPHzXfsFpveOz370yvuWe144VWGVd35Qzww=	ENzCnzQHs+CLDyKB2luBIG/UL6ObUqz8hb4Dj/kM+0sAAAAAAAAACgAAAAAAAAABAAAAAAAAAAYAAAAAAAAAAA==	AAAAAAAAAAEAAAABAAAAAwAAAAAAAAAAQbfqEZpbmw1A+B+SnY/29g2Gl4aJz9ZIo/wUhIjVs2QAAAACVAvj2AAAAAIAAAAEAAAAAwAAAAAAAAAAAAAAAAEAAAAAAAAAAAAAAAAAAAAAAAABAAAAAgAAAAAAAAADAAAAAQAAAABBt+oRmlubDUD4H5Kdj/b2DYaXhonP1kij/BSEiNWzZAAAAAEyMQAAAAAAAGomH9H4+ScrSx3b7BCzGelcIJTaRPMWX9iP9N+CVpF/AAAAAAAAAAB//////////wAAAAEAAAAAAAAAAAAAAAEAAAADAAAAAAAAAABBt+oRmlubDUD4H5Kdj/b2DYaXhonP1kij/BSEiNWzZAAAAAJUC+PYAAAAAgAAAAQAAAAEAAAAAAAAAAAAAAAAAQAAAAAAAAAAAAAAAAAAAA==
fcd0aebaae1c6e1e275d640af6d5dd644ca42e57b7c1e05d3a5fd6a925aae407	3	7	GBA3P2QRTJNZWDKA7APZFHMP633A3BUXQ2E47VSIUP6BJBEI2WZWI5PI	8589934597	10	10	1	-1	2015-08-31 21:10:57.0036	2015-08-31 21:10:57.0036	12884930560	AAAAAEG36hGaW5sNQPgfkp2P9vYNhpeGic/WSKP8FISI1bNkAAAACgAAAAIAAAAFAAAAAAAAAAAAAAABAAAAAAAAAAYAAAABMjIAAAAAAABqJh/R+PknK0sd2+wQsxnpXCCU2kTzFl/Yj/TfglaRf3//////////AAAAAAAAAAGI1bNkAAAAQIvJoBqPp9h8IMfwX7V06R/hOXXblWmZIFpTaFoduL+jukqkev4S3fEBFRk1g9o8Z6n9R3aa747+mJikEzv1kAg=	/NCuuq4cbh4nXWQK9tXdZEykLle3weBdOl/WqSWq5AcAAAAAAAAACgAAAAAAAAABAAAAAAAAAAYAAAAAAAAAAA==	AAAAAAAAAAEAAAABAAAAAwAAAAAAAAAAQbfqEZpbmw1A+B+SnY/29g2Gl4aJz9ZIo/wUhIjVs2QAAAACVAvjzgAAAAIAAAAFAAAABAAAAAAAAAAAAAAAAAEAAAAAAAAAAAAAAAAAAAAAAAABAAAAAgAAAAAAAAADAAAAAQAAAABBt+oRmlubDUD4H5Kdj/b2DYaXhonP1kij/BSEiNWzZAAAAAEyMgAAAAAAAGomH9H4+ScrSx3b7BCzGelcIJTaRPMWX9iP9N+CVpF/AAAAAAAAAAB//////////wAAAAEAAAAAAAAAAAAAAAEAAAADAAAAAAAAAABBt+oRmlubDUD4H5Kdj/b2DYaXhonP1kij/BSEiNWzZAAAAAJUC+POAAAAAgAAAAUAAAAFAAAAAAAAAAAAAAAAAQAAAAAAAAAAAAAAAAAAAA==
d3c27b509222fbdee1386f2150c189f7f3d034693ada36538d9cd58c34af92c4	3	8	GBA3P2QRTJNZWDKA7APZFHMP633A3BUXQ2E47VSIUP6BJBEI2WZWI5PI	8589934598	10	10	1	-1	2015-08-31 21:10:57.015328	2015-08-31 21:10:57.015328	12884934656	AAAAAEG36hGaW5sNQPgfkp2P9vYNhpeGic/WSKP8FISI1bNkAAAACgAAAAIAAAAGAAAAAAAAAAAAAAABAAAAAAAAAAYAAAABMzEAAAAAAABqJh/R+PknK0sd2+wQsxnpXCCU2kTzFl/Yj/TfglaRf3//////////AAAAAAAAAAGI1bNkAAAAQG17Q6ovtXur15KGCAv6j3lPZY7DX8/QcRCGj6SFYU/Rt/93YGJ978FZCprbor7oaABmikRQjtgCEgKS8YoDEwQ=	08J7UJIi+97hOG8hUMGJ9/PQNGk62jZTjZzVjDSvksQAAAAAAAAACgAAAAAAAAABAAAAAAAAAAYAAAAAAAAAAA==	AAAAAAAAAAEAAAABAAAAAwAAAAAAAAAAQbfqEZpbmw1A+B+SnY/29g2Gl4aJz9ZIo/wUhIjVs2QAAAACVAvjxAAAAAIAAAAGAAAABQAAAAAAAAAAAAAAAAEAAAAAAAAAAAAAAAAAAAAAAAABAAAAAgAAAAAAAAADAAAAAQAAAABBt+oRmlubDUD4H5Kdj/b2DYaXhonP1kij/BSEiNWzZAAAAAEzMQAAAAAAAGomH9H4+ScrSx3b7BCzGelcIJTaRPMWX9iP9N+CVpF/AAAAAAAAAAB//////////wAAAAEAAAAAAAAAAAAAAAEAAAADAAAAAAAAAABBt+oRmlubDUD4H5Kdj/b2DYaXhonP1kij/BSEiNWzZAAAAAJUC+PEAAAAAgAAAAYAAAAGAAAAAAAAAAAAAAAAAQAAAAAAAAAAAAAAAAAAAA==
0c776f6daa69d2dd4a4123274a0ac85970eae14e561386f8f139d262620b5a44	3	9	GBA3P2QRTJNZWDKA7APZFHMP633A3BUXQ2E47VSIUP6BJBEI2WZWI5PI	8589934599	10	10	1	-1	2015-08-31 21:10:57.028096	2015-08-31 21:10:57.028096	12884938752	AAAAAEG36hGaW5sNQPgfkp2P9vYNhpeGic/WSKP8FISI1bNkAAAACgAAAAIAAAAHAAAAAAAAAAAAAAABAAAAAAAAAAYAAAABMzIAAAAAAABqJh/R+PknK0sd2+wQsxnpXCCU2kTzFl/Yj/TfglaRf3//////////AAAAAAAAAAGI1bNkAAAAQGe8p/UvKrduvw12om8BvyfjDZY+5kFz0TK2SGVtnRD6Q93BSQs/qpSA3NVIlvU/06OazDv7tCSpt0lw0pAftQE=	DHdvbapp0t1KQSMnSgrIWXDq4U5WE4b48TnSYmILWkQAAAAAAAAACgAAAAAAAAABAAAAAAAAAAYAAAAAAAAAAA==	AAAAAAAAAAEAAAABAAAAAwAAAAAAAAAAQbfqEZpbmw1A+B+SnY/29g2Gl4aJz9ZIo/wUhIjVs2QAAAACVAvjugAAAAIAAAAHAAAABgAAAAAAAAAAAAAAAAEAAAAAAAAAAAAAAAAAAAAAAAABAAAAAgAAAAAAAAADAAAAAQAAAABBt+oRmlubDUD4H5Kdj/b2DYaXhonP1kij/BSEiNWzZAAAAAEzMgAAAAAAAGomH9H4+ScrSx3b7BCzGelcIJTaRPMWX9iP9N+CVpF/AAAAAAAAAAB//////////wAAAAEAAAAAAAAAAAAAAAEAAAADAAAAAAAAAABBt+oRmlubDUD4H5Kdj/b2DYaXhonP1kij/BSEiNWzZAAAAAJUC+O6AAAAAgAAAAcAAAAHAAAAAAAAAAAAAAAAAQAAAAAAAAAAAAAAAAAAAA==
9dfc9c508e9accb555f0c9f4d22a315cc8d1003d9c484f73d3e1da97c718cbe4	3	10	GBA3P2QRTJNZWDKA7APZFHMP633A3BUXQ2E47VSIUP6BJBEI2WZWI5PI	8589934600	10	10	1	-1	2015-08-31 21:10:57.041461	2015-08-31 21:10:57.041461	12884942848	AAAAAEG36hGaW5sNQPgfkp2P9vYNhpeGic/WSKP8FISI1bNkAAAACgAAAAIAAAAIAAAAAAAAAAAAAAABAAAAAAAAAAYAAAABMzMAAAAAAABqJh/R+PknK0sd2+wQsxnpXCCU2kTzFl/Yj/TfglaRf3//////////AAAAAAAAAAGI1bNkAAAAQB9JcPDzfd3OW0/6/YQzjkVcBRlzxQ8ubjXfpjC/SLB54whR4T86VprR+LYwrEoTGyspYfoZS2uxOMVP8Pg1Igk=	nfycUI6azLVV8Mn00ioxXMjRAD2cSE9z0+Hal8cYy+QAAAAAAAAACgAAAAAAAAABAAAAAAAAAAYAAAAAAAAAAA==	AAAAAAAAAAEAAAABAAAAAwAAAAAAAAAAQbfqEZpbmw1A+B+SnY/29g2Gl4aJz9ZIo/wUhIjVs2QAAAACVAvjsAAAAAIAAAAIAAAABwAAAAAAAAAAAAAAAAEAAAAAAAAAAAAAAAAAAAAAAAABAAAAAgAAAAAAAAADAAAAAQAAAABBt+oRmlubDUD4H5Kdj/b2DYaXhonP1kij/BSEiNWzZAAAAAEzMwAAAAAAAGomH9H4+ScrSx3b7BCzGelcIJTaRPMWX9iP9N+CVpF/AAAAAAAAAAB//////////wAAAAEAAAAAAAAAAAAAAAEAAAADAAAAAAAAAABBt+oRmlubDUD4H5Kdj/b2DYaXhonP1kij/BSEiNWzZAAAAAJUC+OwAAAAAgAAAAgAAAAIAAAAAAAAAAAAAAAAAQAAAAAAAAAAAAAAAAAAAA==
abf5f204b22827aea77a3988eea347bc6e17de41a68f0ab85cfa0c4c18fa0e83	4	1	GBVCMH6R7D4SOK2LDXN6YEFTDHUVYIEU3JCPGFS73CH7JX4CK2IX66TG	8589934593	10	10	1	-1	2015-08-31 21:10:57.06752	2015-08-31 21:10:57.06752	17179873280	AAAAAGomH9H4+ScrSx3b7BCzGelcIJTaRPMWX9iP9N+CVpF/AAAACgAAAAIAAAABAAAAAAAAAAAAAAABAAAAAAAAAAEAAAAA/nNJ3rKuuiQnUjbQq1Ha+L08IKA7ycdcLl7TgQdaIvQAAAABVVNEAAAAAABqJh/R+PknK0sd2+wQsxnpXCCU2kTzFl/Yj/TfglaRfwAAAAAAABOIAAAAAAAAAAGCVpF/AAAAQGUQy0c/XWsAE0TvRW0Xu1gFn0H3pfv5/iE8/S+S/O4XCdhYPQJTSJd7v+2KlXJg4y5kgyxXxB0BGeuI20O92gI=	q/XyBLIoJ66nejmI7qNHvG4X3kGmjwq4XPoMTBj6DoMAAAAAAAAACgAAAAAAAAABAAAAAAAAAAEAAAAAAAAAAA==	AAAAAAAAAAEAAAABAAAABAAAAAAAAAAAaiYf0fj5JytLHdvsELMZ6VwglNpE8xZf2I/034JWkX8AAAACVAvj9gAAAAIAAAABAAAAAAAAAAAAAAAAAAAAAAEAAAAAAAAAAAAAAAAAAAAAAAABAAAAAQAAAAEAAAAEAAAAAQAAAAD+c0nesq66JCdSNtCrUdr4vTwgoDvJx1wuXtOBB1oi9AAAAAFVU0QAAAAAAGomH9H4+ScrSx3b7BCzGelcIJTaRPMWX9iP9N+CVpF/AAAAAAAAE4h//////////wAAAAEAAAAAAAAAAA==
cd83c2c8d5778c895fb7bd47309c147b7eb3194d3a01ae17d222f5d530972c27	4	2	GBVCMH6R7D4SOK2LDXN6YEFTDHUVYIEU3JCPGFS73CH7JX4CK2IX66TG	8589934594	10	10	1	-1	2015-08-31 21:10:57.082983	2015-08-31 21:10:57.082983	17179877376	AAAAAGomH9H4+ScrSx3b7BCzGelcIJTaRPMWX9iP9N+CVpF/AAAACgAAAAIAAAACAAAAAAAAAAAAAAABAAAAAAAAAAEAAAAAQbfqEZpbmw1A+B+SnY/29g2Gl4aJz9ZIo/wUhIjVs2QAAAABRVVSAAAAAABqJh/R+PknK0sd2+wQsxnpXCCU2kTzFl/Yj/TfglaRfwAAAAAAABOIAAAAAAAAAAGCVpF/AAAAQB5EuoCqrz5wMYvA54/ivF62NvUJ2fCm3tJOsowdya4c2gPa23h1cQMQyfJB27UahjPbEHfO9WgExqGwi8xVHAc=	zYPCyNV3jIlft71HMJwUe36zGU06Aa4X0iL11TCXLCcAAAAAAAAACgAAAAAAAAABAAAAAAAAAAEAAAAAAAAAAA==	AAAAAAAAAAEAAAABAAAABAAAAAAAAAAAaiYf0fj5JytLHdvsELMZ6VwglNpE8xZf2I/034JWkX8AAAACVAvj7AAAAAIAAAACAAAAAAAAAAAAAAAAAAAAAAEAAAAAAAAAAAAAAAAAAAAAAAABAAAAAQAAAAEAAAAEAAAAAQAAAABBt+oRmlubDUD4H5Kdj/b2DYaXhonP1kij/BSEiNWzZAAAAAFFVVIAAAAAAGomH9H4+ScrSx3b7BCzGelcIJTaRPMWX9iP9N+CVpF/AAAAAAAAE4h//////////wAAAAEAAAAAAAAAAA==
b9e8fa74acbea070f7cacadfac4d57e6bfe6214f9cfe17245a89077fdd260dbf	4	3	GBVCMH6R7D4SOK2LDXN6YEFTDHUVYIEU3JCPGFS73CH7JX4CK2IX66TG	8589934595	10	10	1	-1	2015-08-31 21:10:57.098078	2015-08-31 21:10:57.098078	17179881472	AAAAAGomH9H4+ScrSx3b7BCzGelcIJTaRPMWX9iP9N+CVpF/AAAACgAAAAIAAAADAAAAAAAAAAAAAAABAAAAAAAAAAEAAAAAQbfqEZpbmw1A+B+SnY/29g2Gl4aJz9ZIo/wUhIjVs2QAAAABMQAAAAAAAABqJh/R+PknK0sd2+wQsxnpXCCU2kTzFl/Yj/TfglaRfwAAAAAAABOIAAAAAAAAAAGCVpF/AAAAQKdWODgFiqpSooP50+SfVcPo7EljK6TAZDBzU9rMkE1F5CeYWHeL2cRK4pweVQHJxKMrRo8kMN6u0KxNMrutTAY=	uej6dKy+oHD3ysrfrE1X5r/mIU+c/hckWokHf90mDb8AAAAAAAAACgAAAAAAAAABAAAAAAAAAAEAAAAAAAAAAA==	AAAAAAAAAAEAAAABAAAABAAAAAAAAAAAaiYf0fj5JytLHdvsELMZ6VwglNpE8xZf2I/034JWkX8AAAACVAvj4gAAAAIAAAADAAAAAAAAAAAAAAAAAAAAAAEAAAAAAAAAAAAAAAAAAAAAAAABAAAAAQAAAAEAAAAEAAAAAQAAAABBt+oRmlubDUD4H5Kdj/b2DYaXhonP1kij/BSEiNWzZAAAAAExAAAAAAAAAGomH9H4+ScrSx3b7BCzGelcIJTaRPMWX9iP9N+CVpF/AAAAAAAAE4h//////////wAAAAEAAAAAAAAAAA==
df073ff49bfabdc3d98ce0439ddd7ba4d04ffd4f2e3f1bc160a04e7c1ea24967	4	4	GBVCMH6R7D4SOK2LDXN6YEFTDHUVYIEU3JCPGFS73CH7JX4CK2IX66TG	8589934596	10	10	1	-1	2015-08-31 21:10:57.113172	2015-08-31 21:10:57.113172	17179885568	AAAAAGomH9H4+ScrSx3b7BCzGelcIJTaRPMWX9iP9N+CVpF/AAAACgAAAAIAAAAEAAAAAAAAAAAAAAABAAAAAAAAAAEAAAAAQbfqEZpbmw1A+B+SnY/29g2Gl4aJz9ZIo/wUhIjVs2QAAAABMjEAAAAAAABqJh/R+PknK0sd2+wQsxnpXCCU2kTzFl/Yj/TfglaRfwAAAAAAABOIAAAAAAAAAAGCVpF/AAAAQE/tGdELGQ40EQALdXQ7hdnO1Su85vGlb6QnbmfkPFgpPqhZ4CC9x7SlbryLlcz+OMJINZysa7xxyhyuMrU9RgQ=	3wc/9Jv6vcPZjOBDnd17pNBP/U8uPxvBYKBOfB6iSWcAAAAAAAAACgAAAAAAAAABAAAAAAAAAAEAAAAAAAAAAA==	AAAAAAAAAAEAAAABAAAABAAAAAAAAAAAaiYf0fj5JytLHdvsELMZ6VwglNpE8xZf2I/034JWkX8AAAACVAvj2AAAAAIAAAAEAAAAAAAAAAAAAAAAAAAAAAEAAAAAAAAAAAAAAAAAAAAAAAABAAAAAQAAAAEAAAAEAAAAAQAAAABBt+oRmlubDUD4H5Kdj/b2DYaXhonP1kij/BSEiNWzZAAAAAEyMQAAAAAAAGomH9H4+ScrSx3b7BCzGelcIJTaRPMWX9iP9N+CVpF/AAAAAAAAE4h//////////wAAAAEAAAAAAAAAAA==
b5e4de67a12366d10ac3df400708bd582b86148764852a6d828a6644fdfa4eba	4	5	GBVCMH6R7D4SOK2LDXN6YEFTDHUVYIEU3JCPGFS73CH7JX4CK2IX66TG	8589934597	10	10	1	-1	2015-08-31 21:10:57.130824	2015-08-31 21:10:57.130824	17179889664	AAAAAGomH9H4+ScrSx3b7BCzGelcIJTaRPMWX9iP9N+CVpF/AAAACgAAAAIAAAAFAAAAAAAAAAAAAAABAAAAAAAAAAEAAAAAQbfqEZpbmw1A+B+SnY/29g2Gl4aJz9ZIo/wUhIjVs2QAAAABMjIAAAAAAABqJh/R+PknK0sd2+wQsxnpXCCU2kTzFl/Yj/TfglaRfwAAAAAAABOIAAAAAAAAAAGCVpF/AAAAQOFG+llRjZ8wYBqo6I6q06lZPzfMH0RGxZ7vjHRiTkZL1AkwEzAbeV9UsFOlK6yn7W2b2k6X8lodTYA242R+kw0=	teTeZ6EjZtEKw99ABwi9WCuGFIdkhSptgopmRP36TroAAAAAAAAACgAAAAAAAAABAAAAAAAAAAEAAAAAAAAAAA==	AAAAAAAAAAEAAAABAAAABAAAAAAAAAAAaiYf0fj5JytLHdvsELMZ6VwglNpE8xZf2I/034JWkX8AAAACVAvjzgAAAAIAAAAFAAAAAAAAAAAAAAAAAAAAAAEAAAAAAAAAAAAAAAAAAAAAAAABAAAAAQAAAAEAAAAEAAAAAQAAAABBt+oRmlubDUD4H5Kdj/b2DYaXhonP1kij/BSEiNWzZAAAAAEyMgAAAAAAAGomH9H4+ScrSx3b7BCzGelcIJTaRPMWX9iP9N+CVpF/AAAAAAAAE4h//////////wAAAAEAAAAAAAAAAA==
e2fc7cb45a8d2f78686d46398e316b946ac0d3bc23dc57c1cf888d4b1eadda2c	4	6	GBVCMH6R7D4SOK2LDXN6YEFTDHUVYIEU3JCPGFS73CH7JX4CK2IX66TG	8589934598	10	10	1	-1	2015-08-31 21:10:57.145986	2015-08-31 21:10:57.145986	17179893760	AAAAAGomH9H4+ScrSx3b7BCzGelcIJTaRPMWX9iP9N+CVpF/AAAACgAAAAIAAAAGAAAAAAAAAAAAAAABAAAAAAAAAAEAAAAAQbfqEZpbmw1A+B+SnY/29g2Gl4aJz9ZIo/wUhIjVs2QAAAABMzEAAAAAAABqJh/R+PknK0sd2+wQsxnpXCCU2kTzFl/Yj/TfglaRfwAAAAAAABOIAAAAAAAAAAGCVpF/AAAAQFvCtrBM6Fib5OstsIilaYhllGJLXZ525Ki47ath0txhGQpWX2jJSAEx2KejweWw/aIuWJaxci6u7J5b3zk7cwk=	4vx8tFqNL3hobUY5jjFrlGrA07wj3FfBz4iNSx6t2iwAAAAAAAAACgAAAAAAAAABAAAAAAAAAAEAAAAAAAAAAA==	AAAAAAAAAAEAAAABAAAABAAAAAAAAAAAaiYf0fj5JytLHdvsELMZ6VwglNpE8xZf2I/034JWkX8AAAACVAvjxAAAAAIAAAAGAAAAAAAAAAAAAAAAAAAAAAEAAAAAAAAAAAAAAAAAAAAAAAABAAAAAQAAAAEAAAAEAAAAAQAAAABBt+oRmlubDUD4H5Kdj/b2DYaXhonP1kij/BSEiNWzZAAAAAEzMQAAAAAAAGomH9H4+ScrSx3b7BCzGelcIJTaRPMWX9iP9N+CVpF/AAAAAAAAE4h//////////wAAAAEAAAAAAAAAAA==
a2ddd705125af5e281e855cca3f87612c6182de46b37efa3e8cbae25ed0ef87b	4	7	GBVCMH6R7D4SOK2LDXN6YEFTDHUVYIEU3JCPGFS73CH7JX4CK2IX66TG	8589934599	10	10	1	-1	2015-08-31 21:10:57.161525	2015-08-31 21:10:57.161525	17179897856	AAAAAGomH9H4+ScrSx3b7BCzGelcIJTaRPMWX9iP9N+CVpF/AAAACgAAAAIAAAAHAAAAAAAAAAAAAAABAAAAAAAAAAEAAAAAQbfqEZpbmw1A+B+SnY/29g2Gl4aJz9ZIo/wUhIjVs2QAAAABMzIAAAAAAABqJh/R+PknK0sd2+wQsxnpXCCU2kTzFl/Yj/TfglaRfwAAAAAAABOIAAAAAAAAAAGCVpF/AAAAQN4q+xX1qFIUUjpmzRdKqMSTT15IESLQrBGNZPo/D/YwgTdQFgeGVIqahxP0i+sw6T0TyJBFV4j2VN0BnXu4ZAU=	ot3XBRJa9eKB6FXMo/h2EsYYLeRrN++j6MuuJe0O+HsAAAAAAAAACgAAAAAAAAABAAAAAAAAAAEAAAAAAAAAAA==	AAAAAAAAAAEAAAABAAAABAAAAAAAAAAAaiYf0fj5JytLHdvsELMZ6VwglNpE8xZf2I/034JWkX8AAAACVAvjugAAAAIAAAAHAAAAAAAAAAAAAAAAAAAAAAEAAAAAAAAAAAAAAAAAAAAAAAABAAAAAQAAAAEAAAAEAAAAAQAAAABBt+oRmlubDUD4H5Kdj/b2DYaXhonP1kij/BSEiNWzZAAAAAEzMgAAAAAAAGomH9H4+ScrSx3b7BCzGelcIJTaRPMWX9iP9N+CVpF/AAAAAAAAE4h//////////wAAAAEAAAAAAAAAAA==
d83117a5cc1f69ec6a478397202c83b259f5833c40ce8726ca975727bbaeee7e	4	8	GBVCMH6R7D4SOK2LDXN6YEFTDHUVYIEU3JCPGFS73CH7JX4CK2IX66TG	8589934600	10	10	1	-1	2015-08-31 21:10:57.176624	2015-08-31 21:10:57.176624	17179901952	AAAAAGomH9H4+ScrSx3b7BCzGelcIJTaRPMWX9iP9N+CVpF/AAAACgAAAAIAAAAIAAAAAAAAAAAAAAABAAAAAAAAAAEAAAAAQbfqEZpbmw1A+B+SnY/29g2Gl4aJz9ZIo/wUhIjVs2QAAAABMzMAAAAAAABqJh/R+PknK0sd2+wQsxnpXCCU2kTzFl/Yj/TfglaRfwAAAAAAABOIAAAAAAAAAAGCVpF/AAAAQCAc5YPqs66Ya2DsL66hlx3xGXtgp99Ml96LkDo7SDC4TtzfZzbUlXvWX/Hd4zJLud1j01MRsII1qylZ/9al7Ak=	2DEXpcwfaexqR4OXICyDsln1gzxAzocmypdXJ7uu7n4AAAAAAAAACgAAAAAAAAABAAAAAAAAAAEAAAAAAAAAAA==	AAAAAAAAAAEAAAABAAAABAAAAAAAAAAAaiYf0fj5JytLHdvsELMZ6VwglNpE8xZf2I/034JWkX8AAAACVAvjsAAAAAIAAAAIAAAAAAAAAAAAAAAAAAAAAAEAAAAAAAAAAAAAAAAAAAAAAAABAAAAAQAAAAEAAAAEAAAAAQAAAABBt+oRmlubDUD4H5Kdj/b2DYaXhonP1kij/BSEiNWzZAAAAAEzMwAAAAAAAGomH9H4+ScrSx3b7BCzGelcIJTaRPMWX9iP9N+CVpF/AAAAAAAAE4h//////////wAAAAEAAAAAAAAAAA==
744141653d75bb214ad590fa774ed7ace44be653771da2b8cf585114d06ebf36	5	1	GBA3P2QRTJNZWDKA7APZFHMP633A3BUXQ2E47VSIUP6BJBEI2WZWI5PI	8589934601	10	10	1	-1	2015-08-31 21:10:57.203301	2015-08-31 21:10:57.203301	21474840576	AAAAAEG36hGaW5sNQPgfkp2P9vYNhpeGic/WSKP8FISI1bNkAAAACgAAAAIAAAAJAAAAAAAAAAAAAAABAAAAAAAAAAMAAAABRVVSAAAAAABqJh/R+PknK0sd2+wQsxnpXCCU2kTzFl/Yj/TfglaRfwAAAAFVU0QAAAAAAGomH9H4+ScrSx3b7BCzGelcIJTaRPMWX9iP9N+CVpF/AAAAAAAAAAoAAAABAAAAAQAAAAAAAAAAAAAAAAAAAAGI1bNkAAAAQPjUCYmFpbXp3qsZYmSXTCquFqLirlTIaz2mEyTvNenQ2SCita0j7+g6bXaIvwWF5D9cH50YFnll8rraq3fHfQQ=	dEFBZT11uyFK1ZD6d07XrORL5lN3HaK4z1hRFNBuvzYAAAAAAAAACgAAAAAAAAABAAAAAAAAAAMAAAAAAAAAAAAAAAAAAAAAQbfqEZpbmw1A+B+SnY/29g2Gl4aJz9ZIo/wUhIjVs2QAAAAAAAAAAQAAAAFFVVIAAAAAAGomH9H4+ScrSx3b7BCzGelcIJTaRPMWX9iP9N+CVpF/AAAAAVVTRAAAAAAAaiYf0fj5JytLHdvsELMZ6VwglNpE8xZf2I/034JWkX8AAAAAAAAACgAAAAEAAAABAAAAAAAAAAAAAAAA	AAAAAAAAAAEAAAABAAAABQAAAAAAAAAAQbfqEZpbmw1A+B+SnY/29g2Gl4aJz9ZIo/wUhIjVs2QAAAACVAvjpgAAAAIAAAAJAAAACAAAAAAAAAAAAAAAAAEAAAAAAAAAAAAAAAAAAAAAAAABAAAAAgAAAAAAAAAFAAAAAgAAAABBt+oRmlubDUD4H5Kdj/b2DYaXhonP1kij/BSEiNWzZAAAAAAAAAABAAAAAUVVUgAAAAAAaiYf0fj5JytLHdvsELMZ6VwglNpE8xZf2I/034JWkX8AAAABVVNEAAAAAABqJh/R+PknK0sd2+wQsxnpXCCU2kTzFl/Yj/TfglaRfwAAAAAAAAAKAAAAAQAAAAEAAAAAAAAAAAAAAAAAAAABAAAABQAAAAAAAAAAQbfqEZpbmw1A+B+SnY/29g2Gl4aJz9ZIo/wUhIjVs2QAAAACVAvjpgAAAAIAAAAJAAAACQAAAAAAAAAAAAAAAAEAAAAAAAAAAAAAAAAAAAA=
324bd1343959606f8541eeabd2209bc0991e2e4172db5e2675ae94d919976651	5	2	GBA3P2QRTJNZWDKA7APZFHMP633A3BUXQ2E47VSIUP6BJBEI2WZWI5PI	8589934602	10	10	1	-1	2015-08-31 21:10:57.211894	2015-08-31 21:10:57.211894	21474844672	AAAAAEG36hGaW5sNQPgfkp2P9vYNhpeGic/WSKP8FISI1bNkAAAACgAAAAIAAAAKAAAAAAAAAAAAAAABAAAAAAAAAAMAAAABMQAAAAAAAABqJh/R+PknK0sd2+wQsxnpXCCU2kTzFl/Yj/TfglaRfwAAAAFVU0QAAAAAAGomH9H4+ScrSx3b7BCzGelcIJTaRPMWX9iP9N+CVpF/AAAAAAAAABQAAAABAAAAAQAAAAAAAAAAAAAAAAAAAAGI1bNkAAAAQD+WvG74t4XsXfx+xWybW0b/EUbaBjUq6f3X/gSWvqMbdSWj4+oP5T1o1L0vgg6KOdGQ5KB+ZzUgvBeBC4WxXQ0=	MkvRNDlZYG+FQe6r0iCbwJkeLkFy214mda6U2RmXZlEAAAAAAAAACgAAAAAAAAABAAAAAAAAAAMAAAAAAAAAAAAAAAAAAAAAQbfqEZpbmw1A+B+SnY/29g2Gl4aJz9ZIo/wUhIjVs2QAAAAAAAAAAgAAAAExAAAAAAAAAGomH9H4+ScrSx3b7BCzGelcIJTaRPMWX9iP9N+CVpF/AAAAAVVTRAAAAAAAaiYf0fj5JytLHdvsELMZ6VwglNpE8xZf2I/034JWkX8AAAAAAAAAFAAAAAEAAAABAAAAAAAAAAAAAAAA	AAAAAAAAAAEAAAABAAAABQAAAAAAAAAAQbfqEZpbmw1A+B+SnY/29g2Gl4aJz9ZIo/wUhIjVs2QAAAACVAvjnAAAAAIAAAAKAAAACQAAAAAAAAAAAAAAAAEAAAAAAAAAAAAAAAAAAAAAAAABAAAAAgAAAAAAAAAFAAAAAgAAAABBt+oRmlubDUD4H5Kdj/b2DYaXhonP1kij/BSEiNWzZAAAAAAAAAACAAAAATEAAAAAAAAAaiYf0fj5JytLHdvsELMZ6VwglNpE8xZf2I/034JWkX8AAAABVVNEAAAAAABqJh/R+PknK0sd2+wQsxnpXCCU2kTzFl/Yj/TfglaRfwAAAAAAAAAUAAAAAQAAAAEAAAAAAAAAAAAAAAAAAAABAAAABQAAAAAAAAAAQbfqEZpbmw1A+B+SnY/29g2Gl4aJz9ZIo/wUhIjVs2QAAAACVAvjnAAAAAIAAAAKAAAACgAAAAAAAAAAAAAAAAEAAAAAAAAAAAAAAAAAAAA=
71fe2dcc08fc3a00dc4450b117324530bddd4657af961361d2e50b4c3267e6b9	5	3	GBA3P2QRTJNZWDKA7APZFHMP633A3BUXQ2E47VSIUP6BJBEI2WZWI5PI	8589934603	10	10	1	-1	2015-08-31 21:10:57.220437	2015-08-31 21:10:57.220437	21474848768	AAAAAEG36hGaW5sNQPgfkp2P9vYNhpeGic/WSKP8FISI1bNkAAAACgAAAAIAAAALAAAAAAAAAAAAAAABAAAAAAAAAAMAAAABRVVSAAAAAABqJh/R+PknK0sd2+wQsxnpXCCU2kTzFl/Yj/TfglaRfwAAAAExAAAAAAAAAGomH9H4+ScrSx3b7BCzGelcIJTaRPMWX9iP9N+CVpF/AAAAAAAAABQAAAABAAAAAQAAAAAAAAAAAAAAAAAAAAGI1bNkAAAAQHTSWjVcdd8SkbPADKh3SHCcojbuLY0amort/BSXkXekIz7TUjmc34Jj1BzJcsv+EelBfoavBqAInyWYk5umcQ8=	cf4tzAj8OgDcRFCxFzJFML3dRlevlhNh0uULTDJn5rkAAAAAAAAACgAAAAAAAAABAAAAAAAAAAMAAAAAAAAAAAAAAAAAAAAAQbfqEZpbmw1A+B+SnY/29g2Gl4aJz9ZIo/wUhIjVs2QAAAAAAAAAAwAAAAFFVVIAAAAAAGomH9H4+ScrSx3b7BCzGelcIJTaRPMWX9iP9N+CVpF/AAAAATEAAAAAAAAAaiYf0fj5JytLHdvsELMZ6VwglNpE8xZf2I/034JWkX8AAAAAAAAAFAAAAAEAAAABAAAAAAAAAAAAAAAA	AAAAAAAAAAEAAAABAAAABQAAAAAAAAAAQbfqEZpbmw1A+B+SnY/29g2Gl4aJz9ZIo/wUhIjVs2QAAAACVAvjkgAAAAIAAAALAAAACgAAAAAAAAAAAAAAAAEAAAAAAAAAAAAAAAAAAAAAAAABAAAAAgAAAAAAAAAFAAAAAgAAAABBt+oRmlubDUD4H5Kdj/b2DYaXhonP1kij/BSEiNWzZAAAAAAAAAADAAAAAUVVUgAAAAAAaiYf0fj5JytLHdvsELMZ6VwglNpE8xZf2I/034JWkX8AAAABMQAAAAAAAABqJh/R+PknK0sd2+wQsxnpXCCU2kTzFl/Yj/TfglaRfwAAAAAAAAAUAAAAAQAAAAEAAAAAAAAAAAAAAAAAAAABAAAABQAAAAAAAAAAQbfqEZpbmw1A+B+SnY/29g2Gl4aJz9ZIo/wUhIjVs2QAAAACVAvjkgAAAAIAAAALAAAACwAAAAAAAAAAAAAAAAEAAAAAAAAAAAAAAAAAAAA=
28806e726bedd18ac22cf24dd8ed4321f394ff53e02a7314d9a77562d6086798	5	4	GBA3P2QRTJNZWDKA7APZFHMP633A3BUXQ2E47VSIUP6BJBEI2WZWI5PI	8589934604	10	10	1	-1	2015-08-31 21:10:57.229573	2015-08-31 21:10:57.229573	21474852864	AAAAAEG36hGaW5sNQPgfkp2P9vYNhpeGic/WSKP8FISI1bNkAAAACgAAAAIAAAAMAAAAAAAAAAAAAAABAAAAAAAAAAMAAAABMjEAAAAAAABqJh/R+PknK0sd2+wQsxnpXCCU2kTzFl/Yj/TfglaRfwAAAAFVU0QAAAAAAGomH9H4+ScrSx3b7BCzGelcIJTaRPMWX9iP9N+CVpF/AAAAAAAAAB4AAAABAAAAAQAAAAAAAAAAAAAAAAAAAAGI1bNkAAAAQD4LnI3VLzurT/miVtXbypXxlJ+lkGkPJohx7UGzuSzITb2MITS5wfMHtlWyCYvI8FeGSJzEIC4f9bkzKRKCXQQ=	KIBucmvt0YrCLPJN2O1DIfOU/1PgKnMU2ad1YtYIZ5gAAAAAAAAACgAAAAAAAAABAAAAAAAAAAMAAAAAAAAAAAAAAAAAAAAAQbfqEZpbmw1A+B+SnY/29g2Gl4aJz9ZIo/wUhIjVs2QAAAAAAAAABAAAAAEyMQAAAAAAAGomH9H4+ScrSx3b7BCzGelcIJTaRPMWX9iP9N+CVpF/AAAAAVVTRAAAAAAAaiYf0fj5JytLHdvsELMZ6VwglNpE8xZf2I/034JWkX8AAAAAAAAAHgAAAAEAAAABAAAAAAAAAAAAAAAA	AAAAAAAAAAEAAAABAAAABQAAAAAAAAAAQbfqEZpbmw1A+B+SnY/29g2Gl4aJz9ZIo/wUhIjVs2QAAAACVAvjiAAAAAIAAAAMAAAACwAAAAAAAAAAAAAAAAEAAAAAAAAAAAAAAAAAAAAAAAABAAAAAgAAAAAAAAAFAAAAAgAAAABBt+oRmlubDUD4H5Kdj/b2DYaXhonP1kij/BSEiNWzZAAAAAAAAAAEAAAAATIxAAAAAAAAaiYf0fj5JytLHdvsELMZ6VwglNpE8xZf2I/034JWkX8AAAABVVNEAAAAAABqJh/R+PknK0sd2+wQsxnpXCCU2kTzFl/Yj/TfglaRfwAAAAAAAAAeAAAAAQAAAAEAAAAAAAAAAAAAAAAAAAABAAAABQAAAAAAAAAAQbfqEZpbmw1A+B+SnY/29g2Gl4aJz9ZIo/wUhIjVs2QAAAACVAvjiAAAAAIAAAAMAAAADAAAAAAAAAAAAAAAAAEAAAAAAAAAAAAAAAAAAAA=
f7098f13cec513c4459e7b61c9e9494a94d2ff9309aac32a7231062ac308e5fc	5	5	GBA3P2QRTJNZWDKA7APZFHMP633A3BUXQ2E47VSIUP6BJBEI2WZWI5PI	8589934605	10	10	1	-1	2015-08-31 21:10:57.238103	2015-08-31 21:10:57.238103	21474856960	AAAAAEG36hGaW5sNQPgfkp2P9vYNhpeGic/WSKP8FISI1bNkAAAACgAAAAIAAAANAAAAAAAAAAAAAAABAAAAAAAAAAMAAAABMjIAAAAAAABqJh/R+PknK0sd2+wQsxnpXCCU2kTzFl/Yj/TfglaRfwAAAAEyMQAAAAAAAGomH9H4+ScrSx3b7BCzGelcIJTaRPMWX9iP9N+CVpF/AAAAAAAAAB4AAAABAAAAAQAAAAAAAAAAAAAAAAAAAAGI1bNkAAAAQE7UCutLNeaBy1zZdfBqgmPe4y49zHedmhLh7M5roqiBJb4cqrMlSPKm/X+i9agY9b6ayX6+kr/4rsYGIYZqkgE=	9wmPE87FE8RFnnthyelJSpTS/5MJqsMqcjEGKsMI5fwAAAAAAAAACgAAAAAAAAABAAAAAAAAAAMAAAAAAAAAAAAAAAAAAAAAQbfqEZpbmw1A+B+SnY/29g2Gl4aJz9ZIo/wUhIjVs2QAAAAAAAAABQAAAAEyMgAAAAAAAGomH9H4+ScrSx3b7BCzGelcIJTaRPMWX9iP9N+CVpF/AAAAATIxAAAAAAAAaiYf0fj5JytLHdvsELMZ6VwglNpE8xZf2I/034JWkX8AAAAAAAAAHgAAAAEAAAABAAAAAAAAAAAAAAAA	AAAAAAAAAAEAAAABAAAABQAAAAAAAAAAQbfqEZpbmw1A+B+SnY/29g2Gl4aJz9ZIo/wUhIjVs2QAAAACVAvjfgAAAAIAAAANAAAADAAAAAAAAAAAAAAAAAEAAAAAAAAAAAAAAAAAAAAAAAABAAAAAgAAAAAAAAAFAAAAAgAAAABBt+oRmlubDUD4H5Kdj/b2DYaXhonP1kij/BSEiNWzZAAAAAAAAAAFAAAAATIyAAAAAAAAaiYf0fj5JytLHdvsELMZ6VwglNpE8xZf2I/034JWkX8AAAABMjEAAAAAAABqJh/R+PknK0sd2+wQsxnpXCCU2kTzFl/Yj/TfglaRfwAAAAAAAAAeAAAAAQAAAAEAAAAAAAAAAAAAAAAAAAABAAAABQAAAAAAAAAAQbfqEZpbmw1A+B+SnY/29g2Gl4aJz9ZIo/wUhIjVs2QAAAACVAvjfgAAAAIAAAANAAAADQAAAAAAAAAAAAAAAAEAAAAAAAAAAAAAAAAAAAA=
7c7123f0d7d5667ced03ce4af6a71645a7bac674f0afec5cf6838a0b05526ff7	5	6	GBA3P2QRTJNZWDKA7APZFHMP633A3BUXQ2E47VSIUP6BJBEI2WZWI5PI	8589934606	10	10	1	-1	2015-08-31 21:10:57.247721	2015-08-31 21:10:57.247721	21474861056	AAAAAEG36hGaW5sNQPgfkp2P9vYNhpeGic/WSKP8FISI1bNkAAAACgAAAAIAAAAOAAAAAAAAAAAAAAABAAAAAAAAAAMAAAABRVVSAAAAAABqJh/R+PknK0sd2+wQsxnpXCCU2kTzFl/Yj/TfglaRfwAAAAEyMgAAAAAAAGomH9H4+ScrSx3b7BCzGelcIJTaRPMWX9iP9N+CVpF/AAAAAAAAAB4AAAABAAAAAQAAAAAAAAAAAAAAAAAAAAGI1bNkAAAAQF4uCpKUvupmNaDXLR+xF43piMQ1cCcur4h7BCk4jekil15VrB+k8YfeyUwGO0WDAGFIFxgn7I19RGsWJ3R76QU=	fHEj8NfVZnztA85K9qcWRae6xnTwr+xc9oOKCwVSb/cAAAAAAAAACgAAAAAAAAABAAAAAAAAAAMAAAAAAAAAAAAAAAAAAAAAQbfqEZpbmw1A+B+SnY/29g2Gl4aJz9ZIo/wUhIjVs2QAAAAAAAAABgAAAAFFVVIAAAAAAGomH9H4+ScrSx3b7BCzGelcIJTaRPMWX9iP9N+CVpF/AAAAATIyAAAAAAAAaiYf0fj5JytLHdvsELMZ6VwglNpE8xZf2I/034JWkX8AAAAAAAAAHgAAAAEAAAABAAAAAAAAAAAAAAAA	AAAAAAAAAAEAAAABAAAABQAAAAAAAAAAQbfqEZpbmw1A+B+SnY/29g2Gl4aJz9ZIo/wUhIjVs2QAAAACVAvjdAAAAAIAAAAOAAAADQAAAAAAAAAAAAAAAAEAAAAAAAAAAAAAAAAAAAAAAAABAAAAAgAAAAAAAAAFAAAAAgAAAABBt+oRmlubDUD4H5Kdj/b2DYaXhonP1kij/BSEiNWzZAAAAAAAAAAGAAAAAUVVUgAAAAAAaiYf0fj5JytLHdvsELMZ6VwglNpE8xZf2I/034JWkX8AAAABMjIAAAAAAABqJh/R+PknK0sd2+wQsxnpXCCU2kTzFl/Yj/TfglaRfwAAAAAAAAAeAAAAAQAAAAEAAAAAAAAAAAAAAAAAAAABAAAABQAAAAAAAAAAQbfqEZpbmw1A+B+SnY/29g2Gl4aJz9ZIo/wUhIjVs2QAAAACVAvjdAAAAAIAAAAOAAAADgAAAAAAAAAAAAAAAAEAAAAAAAAAAAAAAAAAAAA=
7717a1266f74cc2363b889ff6f5c9569e1f00a3ffb462290617e08522558781c	5	7	GBA3P2QRTJNZWDKA7APZFHMP633A3BUXQ2E47VSIUP6BJBEI2WZWI5PI	8589934607	10	10	1	-1	2015-08-31 21:10:57.256618	2015-08-31 21:10:57.256618	21474865152	AAAAAEG36hGaW5sNQPgfkp2P9vYNhpeGic/WSKP8FISI1bNkAAAACgAAAAIAAAAPAAAAAAAAAAAAAAABAAAAAAAAAAMAAAABMzEAAAAAAABqJh/R+PknK0sd2+wQsxnpXCCU2kTzFl/Yj/TfglaRfwAAAAFVU0QAAAAAAGomH9H4+ScrSx3b7BCzGelcIJTaRPMWX9iP9N+CVpF/AAAAAAAAACgAAAABAAAAAQAAAAAAAAAAAAAAAAAAAAGI1bNkAAAAQOjrCmuy2/KheJxcEytbzcotoPm0U1DyL1c4/VXHCLbYc0hh+WFYi8Pp8PSa515Hfn2KTC12Yii9pDF7a1M/QgU=	dxehJm90zCNjuIn/b1yVaeHwCj/7RiKQYX4IUiVYeBwAAAAAAAAACgAAAAAAAAABAAAAAAAAAAMAAAAAAAAAAAAAAAAAAAAAQbfqEZpbmw1A+B+SnY/29g2Gl4aJz9ZIo/wUhIjVs2QAAAAAAAAABwAAAAEzMQAAAAAAAGomH9H4+ScrSx3b7BCzGelcIJTaRPMWX9iP9N+CVpF/AAAAAVVTRAAAAAAAaiYf0fj5JytLHdvsELMZ6VwglNpE8xZf2I/034JWkX8AAAAAAAAAKAAAAAEAAAABAAAAAAAAAAAAAAAA	AAAAAAAAAAEAAAABAAAABQAAAAAAAAAAQbfqEZpbmw1A+B+SnY/29g2Gl4aJz9ZIo/wUhIjVs2QAAAACVAvjagAAAAIAAAAPAAAADgAAAAAAAAAAAAAAAAEAAAAAAAAAAAAAAAAAAAAAAAABAAAAAgAAAAAAAAAFAAAAAgAAAABBt+oRmlubDUD4H5Kdj/b2DYaXhonP1kij/BSEiNWzZAAAAAAAAAAHAAAAATMxAAAAAAAAaiYf0fj5JytLHdvsELMZ6VwglNpE8xZf2I/034JWkX8AAAABVVNEAAAAAABqJh/R+PknK0sd2+wQsxnpXCCU2kTzFl/Yj/TfglaRfwAAAAAAAAAoAAAAAQAAAAEAAAAAAAAAAAAAAAAAAAABAAAABQAAAAAAAAAAQbfqEZpbmw1A+B+SnY/29g2Gl4aJz9ZIo/wUhIjVs2QAAAACVAvjagAAAAIAAAAPAAAADwAAAAAAAAAAAAAAAAEAAAAAAAAAAAAAAAAAAAA=
7fc963ba1ca6969b7265f6a85d98ec87668ad612208543694921994ed6e7a05e	5	8	GBA3P2QRTJNZWDKA7APZFHMP633A3BUXQ2E47VSIUP6BJBEI2WZWI5PI	8589934608	10	10	1	-1	2015-08-31 21:10:57.265034	2015-08-31 21:10:57.265034	21474869248	AAAAAEG36hGaW5sNQPgfkp2P9vYNhpeGic/WSKP8FISI1bNkAAAACgAAAAIAAAAQAAAAAAAAAAAAAAABAAAAAAAAAAMAAAABMzIAAAAAAABqJh/R+PknK0sd2+wQsxnpXCCU2kTzFl/Yj/TfglaRfwAAAAEzMQAAAAAAAGomH9H4+ScrSx3b7BCzGelcIJTaRPMWX9iP9N+CVpF/AAAAAAAAACgAAAABAAAAAQAAAAAAAAAAAAAAAAAAAAGI1bNkAAAAQPftOww426DIIcnB9Ur/ZTIjjXr7vfKESOcVT5tmNv/Jsjlzwq3XSb1/sdY+Gk4/oC04uA36ZNkZWYHauH5Y5QA=	f8ljuhymlptyZfaoXZjsh2aK1hIghUNpSSGZTtbnoF4AAAAAAAAACgAAAAAAAAABAAAAAAAAAAMAAAAAAAAAAAAAAAAAAAAAQbfqEZpbmw1A+B+SnY/29g2Gl4aJz9ZIo/wUhIjVs2QAAAAAAAAACAAAAAEzMgAAAAAAAGomH9H4+ScrSx3b7BCzGelcIJTaRPMWX9iP9N+CVpF/AAAAATMxAAAAAAAAaiYf0fj5JytLHdvsELMZ6VwglNpE8xZf2I/034JWkX8AAAAAAAAAKAAAAAEAAAABAAAAAAAAAAAAAAAA	AAAAAAAAAAEAAAABAAAABQAAAAAAAAAAQbfqEZpbmw1A+B+SnY/29g2Gl4aJz9ZIo/wUhIjVs2QAAAACVAvjYAAAAAIAAAAQAAAADwAAAAAAAAAAAAAAAAEAAAAAAAAAAAAAAAAAAAAAAAABAAAAAgAAAAAAAAAFAAAAAgAAAABBt+oRmlubDUD4H5Kdj/b2DYaXhonP1kij/BSEiNWzZAAAAAAAAAAIAAAAATMyAAAAAAAAaiYf0fj5JytLHdvsELMZ6VwglNpE8xZf2I/034JWkX8AAAABMzEAAAAAAABqJh/R+PknK0sd2+wQsxnpXCCU2kTzFl/Yj/TfglaRfwAAAAAAAAAoAAAAAQAAAAEAAAAAAAAAAAAAAAAAAAABAAAABQAAAAAAAAAAQbfqEZpbmw1A+B+SnY/29g2Gl4aJz9ZIo/wUhIjVs2QAAAACVAvjYAAAAAIAAAAQAAAAEAAAAAAAAAAAAAAAAAEAAAAAAAAAAAAAAAAAAAA=
8dad24eada13af6c7101e9b1351261ac0c2ef73861827d1f79fe038b6900487e	5	9	GBA3P2QRTJNZWDKA7APZFHMP633A3BUXQ2E47VSIUP6BJBEI2WZWI5PI	8589934609	10	10	1	-1	2015-08-31 21:10:57.275707	2015-08-31 21:10:57.275707	21474873344	AAAAAEG36hGaW5sNQPgfkp2P9vYNhpeGic/WSKP8FISI1bNkAAAACgAAAAIAAAARAAAAAAAAAAAAAAABAAAAAAAAAAMAAAABMzMAAAAAAABqJh/R+PknK0sd2+wQsxnpXCCU2kTzFl/Yj/TfglaRfwAAAAEzMgAAAAAAAGomH9H4+ScrSx3b7BCzGelcIJTaRPMWX9iP9N+CVpF/AAAAAAAAACgAAAABAAAAAQAAAAAAAAAAAAAAAAAAAAGI1bNkAAAAQOtSYI0XyHxVzp4QdrBF0KvblKQrQ/SPOmdM8xM1Xc4DWSSv6SpQKOaG3Ev2Yq3kStps8dqSZgXf5uvn4gFpVwo=	ja0k6toTr2xxAemxNRJhrAwu9zhhgn0fef4Di2kASH4AAAAAAAAACgAAAAAAAAABAAAAAAAAAAMAAAAAAAAAAAAAAAAAAAAAQbfqEZpbmw1A+B+SnY/29g2Gl4aJz9ZIo/wUhIjVs2QAAAAAAAAACQAAAAEzMwAAAAAAAGomH9H4+ScrSx3b7BCzGelcIJTaRPMWX9iP9N+CVpF/AAAAATMyAAAAAAAAaiYf0fj5JytLHdvsELMZ6VwglNpE8xZf2I/034JWkX8AAAAAAAAAKAAAAAEAAAABAAAAAAAAAAAAAAAA	AAAAAAAAAAEAAAABAAAABQAAAAAAAAAAQbfqEZpbmw1A+B+SnY/29g2Gl4aJz9ZIo/wUhIjVs2QAAAACVAvjVgAAAAIAAAARAAAAEAAAAAAAAAAAAAAAAAEAAAAAAAAAAAAAAAAAAAAAAAABAAAAAgAAAAAAAAAFAAAAAgAAAABBt+oRmlubDUD4H5Kdj/b2DYaXhonP1kij/BSEiNWzZAAAAAAAAAAJAAAAATMzAAAAAAAAaiYf0fj5JytLHdvsELMZ6VwglNpE8xZf2I/034JWkX8AAAABMzIAAAAAAABqJh/R+PknK0sd2+wQsxnpXCCU2kTzFl/Yj/TfglaRfwAAAAAAAAAoAAAAAQAAAAEAAAAAAAAAAAAAAAAAAAABAAAABQAAAAAAAAAAQbfqEZpbmw1A+B+SnY/29g2Gl4aJz9ZIo/wUhIjVs2QAAAACVAvjVgAAAAIAAAARAAAAEQAAAAAAAAAAAAAAAAEAAAAAAAAAAAAAAAAAAAA=
fb45948cff52b8b77357274eeb1d1b2f180d2020a2c042baf1bb6b342ac45da7	5	10	GBA3P2QRTJNZWDKA7APZFHMP633A3BUXQ2E47VSIUP6BJBEI2WZWI5PI	8589934610	10	10	1	-1	2015-08-31 21:10:57.284345	2015-08-31 21:10:57.284345	21474877440	AAAAAEG36hGaW5sNQPgfkp2P9vYNhpeGic/WSKP8FISI1bNkAAAACgAAAAIAAAASAAAAAAAAAAAAAAABAAAAAAAAAAMAAAABRVVSAAAAAABqJh/R+PknK0sd2+wQsxnpXCCU2kTzFl/Yj/TfglaRfwAAAAEzMwAAAAAAAGomH9H4+ScrSx3b7BCzGelcIJTaRPMWX9iP9N+CVpF/AAAAAAAAACgAAAABAAAAAQAAAAAAAAAAAAAAAAAAAAGI1bNkAAAAQPVneZ94/QukVgUI00zyZP02fcMDknJc0RVvXURKxVsCK7BkKzXoSQRFD5EN5+KGpvP7b7HrHOkD5/EsYjkufAU=	+0WUjP9SuLdzVydO6x0bLxgNICCiwEK68btrNCrEXacAAAAAAAAACgAAAAAAAAABAAAAAAAAAAMAAAAAAAAAAAAAAAAAAAAAQbfqEZpbmw1A+B+SnY/29g2Gl4aJz9ZIo/wUhIjVs2QAAAAAAAAACgAAAAFFVVIAAAAAAGomH9H4+ScrSx3b7BCzGelcIJTaRPMWX9iP9N+CVpF/AAAAATMzAAAAAAAAaiYf0fj5JytLHdvsELMZ6VwglNpE8xZf2I/034JWkX8AAAAAAAAAKAAAAAEAAAABAAAAAAAAAAAAAAAA	AAAAAAAAAAEAAAABAAAABQAAAAAAAAAAQbfqEZpbmw1A+B+SnY/29g2Gl4aJz9ZIo/wUhIjVs2QAAAACVAvjTAAAAAIAAAASAAAAEQAAAAAAAAAAAAAAAAEAAAAAAAAAAAAAAAAAAAAAAAABAAAAAgAAAAAAAAAFAAAAAgAAAABBt+oRmlubDUD4H5Kdj/b2DYaXhonP1kij/BSEiNWzZAAAAAAAAAAKAAAAAUVVUgAAAAAAaiYf0fj5JytLHdvsELMZ6VwglNpE8xZf2I/034JWkX8AAAABMzMAAAAAAABqJh/R+PknK0sd2+wQsxnpXCCU2kTzFl/Yj/TfglaRfwAAAAAAAAAoAAAAAQAAAAEAAAAAAAAAAAAAAAAAAAABAAAABQAAAAAAAAAAQbfqEZpbmw1A+B+SnY/29g2Gl4aJz9ZIo/wUhIjVs2QAAAACVAvjTAAAAAIAAAASAAAAEgAAAAAAAAAAAAAAAAEAAAAAAAAAAAAAAAAAAAA=
\.


--
-- Data for Name: schema_migrations; Type: TABLE DATA; Schema: public; Owner: -
--

COPY schema_migrations (version) FROM stdin;
20150508215546
20150310224849
20150313225945
20150313225955
20150501160031
20150508003829
20150508175821
20150508183542
20150609230237
20150629181921
20150825223417
20150825180131
\.


--
-- Name: history_operation_participants_pkey; Type: CONSTRAINT; Schema: public; Owner: -; Tablespace: 
--

ALTER TABLE ONLY history_operation_participants
    ADD CONSTRAINT history_operation_participants_pkey PRIMARY KEY (id);


--
-- Name: history_transaction_participants_pkey; Type: CONSTRAINT; Schema: public; Owner: -; Tablespace: 
--

ALTER TABLE ONLY history_transaction_participants
    ADD CONSTRAINT history_transaction_participants_pkey PRIMARY KEY (id);


--
-- Name: history_transaction_statuses_pkey; Type: CONSTRAINT; Schema: public; Owner: -; Tablespace: 
--

ALTER TABLE ONLY history_transaction_statuses
    ADD CONSTRAINT history_transaction_statuses_pkey PRIMARY KEY (id);


--
-- Name: by_account; Type: INDEX; Schema: public; Owner: -; Tablespace: 
--

CREATE INDEX by_account ON history_transactions USING btree (account, account_sequence);


--
-- Name: by_hash; Type: INDEX; Schema: public; Owner: -; Tablespace: 
--

CREATE INDEX by_hash ON history_transactions USING btree (transaction_hash);


--
-- Name: by_ledger; Type: INDEX; Schema: public; Owner: -; Tablespace: 
--

CREATE INDEX by_ledger ON history_transactions USING btree (ledger_sequence, application_order);


--
-- Name: by_status; Type: INDEX; Schema: public; Owner: -; Tablespace: 
--

CREATE INDEX by_status ON history_transactions USING btree (transaction_status_id);


--
-- Name: hist_e_by_order; Type: INDEX; Schema: public; Owner: -; Tablespace: 
--

CREATE UNIQUE INDEX hist_e_by_order ON history_effects USING btree (history_operation_id, "order");


--
-- Name: hist_e_id; Type: INDEX; Schema: public; Owner: -; Tablespace: 
--

CREATE UNIQUE INDEX hist_e_id ON history_effects USING btree (history_account_id, history_operation_id, "order");


--
-- Name: hist_op_p_id; Type: INDEX; Schema: public; Owner: -; Tablespace: 
--

CREATE UNIQUE INDEX hist_op_p_id ON history_operation_participants USING btree (history_account_id, history_operation_id);


--
-- Name: hs_ledger_by_id; Type: INDEX; Schema: public; Owner: -; Tablespace: 
--

CREATE UNIQUE INDEX hs_ledger_by_id ON history_ledgers USING btree (id);


--
-- Name: hs_transaction_by_id; Type: INDEX; Schema: public; Owner: -; Tablespace: 
--

CREATE UNIQUE INDEX hs_transaction_by_id ON history_transactions USING btree (id);


--
-- Name: index_history_accounts_on_id; Type: INDEX; Schema: public; Owner: -; Tablespace: 
--

CREATE UNIQUE INDEX index_history_accounts_on_id ON history_accounts USING btree (id);


--
-- Name: index_history_effects_on_type; Type: INDEX; Schema: public; Owner: -; Tablespace: 
--

CREATE INDEX index_history_effects_on_type ON history_effects USING btree (type);


--
-- Name: index_history_ledgers_on_closed_at; Type: INDEX; Schema: public; Owner: -; Tablespace: 
--

CREATE INDEX index_history_ledgers_on_closed_at ON history_ledgers USING btree (closed_at);


--
-- Name: index_history_ledgers_on_id; Type: INDEX; Schema: public; Owner: -; Tablespace: 
--

CREATE UNIQUE INDEX index_history_ledgers_on_id ON history_ledgers USING btree (id);


--
-- Name: index_history_ledgers_on_importer_version; Type: INDEX; Schema: public; Owner: -; Tablespace: 
--

CREATE INDEX index_history_ledgers_on_importer_version ON history_ledgers USING btree (importer_version);


--
-- Name: index_history_ledgers_on_ledger_hash; Type: INDEX; Schema: public; Owner: -; Tablespace: 
--

CREATE UNIQUE INDEX index_history_ledgers_on_ledger_hash ON history_ledgers USING btree (ledger_hash);


--
-- Name: index_history_ledgers_on_previous_ledger_hash; Type: INDEX; Schema: public; Owner: -; Tablespace: 
--

CREATE UNIQUE INDEX index_history_ledgers_on_previous_ledger_hash ON history_ledgers USING btree (previous_ledger_hash);


--
-- Name: index_history_ledgers_on_sequence; Type: INDEX; Schema: public; Owner: -; Tablespace: 
--

CREATE UNIQUE INDEX index_history_ledgers_on_sequence ON history_ledgers USING btree (sequence);


--
-- Name: index_history_operations_on_id; Type: INDEX; Schema: public; Owner: -; Tablespace: 
--

CREATE UNIQUE INDEX index_history_operations_on_id ON history_operations USING btree (id);


--
-- Name: index_history_operations_on_transaction_id; Type: INDEX; Schema: public; Owner: -; Tablespace: 
--

CREATE INDEX index_history_operations_on_transaction_id ON history_operations USING btree (transaction_id);


--
-- Name: index_history_operations_on_type; Type: INDEX; Schema: public; Owner: -; Tablespace: 
--

CREATE INDEX index_history_operations_on_type ON history_operations USING btree (type);


--
-- Name: index_history_transaction_participants_on_account; Type: INDEX; Schema: public; Owner: -; Tablespace: 
--

CREATE INDEX index_history_transaction_participants_on_account ON history_transaction_participants USING btree (account);


--
-- Name: index_history_transaction_participants_on_transaction_hash; Type: INDEX; Schema: public; Owner: -; Tablespace: 
--

CREATE INDEX index_history_transaction_participants_on_transaction_hash ON history_transaction_participants USING btree (transaction_hash);


--
-- Name: index_history_transaction_statuses_lc_on_all; Type: INDEX; Schema: public; Owner: -; Tablespace: 
--

CREATE UNIQUE INDEX index_history_transaction_statuses_lc_on_all ON history_transaction_statuses USING btree (id, result_code, result_code_s);


--
-- Name: index_history_transactions_on_id; Type: INDEX; Schema: public; Owner: -; Tablespace: 
--

CREATE UNIQUE INDEX index_history_transactions_on_id ON history_transactions USING btree (id);


--
-- Name: unique_schema_migrations; Type: INDEX; Schema: public; Owner: -; Tablespace: 
--

CREATE UNIQUE INDEX unique_schema_migrations ON schema_migrations USING btree (version);


--
-- Name: public; Type: ACL; Schema: -; Owner: -
--

REVOKE ALL ON SCHEMA public FROM PUBLIC;
REVOKE ALL ON SCHEMA public FROM nullstyle;
GRANT ALL ON SCHEMA public TO nullstyle;
GRANT ALL ON SCHEMA public TO PUBLIC;


--
-- PostgreSQL database dump complete
--

