--
-- PostgreSQL database dump
--

SET statement_timeout = 0;
SET lock_timeout = 0;
SET client_encoding = 'UTF8';
SET standard_conforming_strings = on;
SET check_function_bodies = false;
SET client_min_messages = warning;

SET search_path = public, pg_catalog;

DROP INDEX public.signersaccount;
DROP INDEX public.priceindex;
DROP INDEX public.paysissuerindex;
DROP INDEX public.ledgersbyseq;
DROP INDEX public.getsissuerindex;
DROP INDEX public.accountlines;
DROP INDEX public.accountbalances;
ALTER TABLE ONLY public.txhistory DROP CONSTRAINT txhistory_pkey;
ALTER TABLE ONLY public.txhistory DROP CONSTRAINT txhistory_ledgerseq_txindex_key;
ALTER TABLE ONLY public.trustlines DROP CONSTRAINT trustlines_pkey;
ALTER TABLE ONLY public.storestate DROP CONSTRAINT storestate_pkey;
ALTER TABLE ONLY public.signers DROP CONSTRAINT signers_pkey;
ALTER TABLE ONLY public.peers DROP CONSTRAINT peers_pkey;
ALTER TABLE ONLY public.offers DROP CONSTRAINT offers_pkey;
ALTER TABLE ONLY public.ledgerheaders DROP CONSTRAINT ledgerheaders_pkey;
ALTER TABLE ONLY public.ledgerheaders DROP CONSTRAINT ledgerheaders_ledgerseq_key;
ALTER TABLE ONLY public.accounts DROP CONSTRAINT accounts_pkey;
DROP TABLE public.txhistory;
DROP TABLE public.trustlines;
DROP TABLE public.storestate;
DROP TABLE public.signers;
DROP TABLE public.peers;
DROP TABLE public.offers;
DROP TABLE public.ledgerheaders;
DROP TABLE public.accounts;
DROP EXTENSION plpgsql;
DROP SCHEMA public;
--
-- Name: public; Type: SCHEMA; Schema: -; Owner: -
--

CREATE SCHEMA public;


--
-- Name: SCHEMA public; Type: COMMENT; Schema: -; Owner: -
--

COMMENT ON SCHEMA public IS 'standard public schema';


--
-- Name: plpgsql; Type: EXTENSION; Schema: -; Owner: -
--

CREATE EXTENSION IF NOT EXISTS plpgsql WITH SCHEMA pg_catalog;


--
-- Name: EXTENSION plpgsql; Type: COMMENT; Schema: -; Owner: -
--

COMMENT ON EXTENSION plpgsql IS 'PL/pgSQL procedural language';


SET search_path = public, pg_catalog;

SET default_tablespace = '';

SET default_with_oids = false;

--
-- Name: accounts; Type: TABLE; Schema: public; Owner: -; Tablespace: 
--

CREATE TABLE accounts (
    accountid character varying(51) NOT NULL,
    balance bigint NOT NULL,
    seqnum bigint NOT NULL,
    numsubentries integer NOT NULL,
    inflationdest character varying(51),
    homedomain character varying(32),
    thresholds text,
    flags integer NOT NULL,
    CONSTRAINT accounts_balance_check CHECK ((balance >= 0)),
    CONSTRAINT accounts_numsubentries_check CHECK ((numsubentries >= 0))
);


--
-- Name: ledgerheaders; Type: TABLE; Schema: public; Owner: -; Tablespace: 
--

CREATE TABLE ledgerheaders (
    ledgerhash character(64) NOT NULL,
    prevhash character(64) NOT NULL,
    bucketlisthash character(64) NOT NULL,
    ledgerseq integer,
    closetime bigint NOT NULL,
    data text NOT NULL,
    CONSTRAINT ledgerheaders_closetime_check CHECK ((closetime >= 0)),
    CONSTRAINT ledgerheaders_ledgerseq_check CHECK ((ledgerseq >= 0))
);


--
-- Name: offers; Type: TABLE; Schema: public; Owner: -; Tablespace: 
--

CREATE TABLE offers (
    accountid character varying(51) NOT NULL,
    offerid bigint NOT NULL,
    paysalphanumcurrency character varying(4),
    paysissuer character varying(51),
    getsalphanumcurrency character varying(4),
    getsissuer character varying(51),
    amount bigint NOT NULL,
    pricen integer NOT NULL,
    priced integer NOT NULL,
    price bigint NOT NULL,
    flags integer NOT NULL,
    CONSTRAINT offers_amount_check CHECK ((amount >= 0)),
    CONSTRAINT offers_offerid_check CHECK ((offerid >= 0))
);


--
-- Name: peers; Type: TABLE; Schema: public; Owner: -; Tablespace: 
--

CREATE TABLE peers (
    ip character varying(15) NOT NULL,
    port integer DEFAULT 0 NOT NULL,
    nextattempt timestamp without time zone NOT NULL,
    numfailures integer DEFAULT 0 NOT NULL,
    rank integer DEFAULT 0 NOT NULL,
    CONSTRAINT peers_numfailures_check CHECK ((numfailures >= 0)),
    CONSTRAINT peers_port_check CHECK (((port > 0) AND (port <= 65535))),
    CONSTRAINT peers_rank_check CHECK ((rank >= 0))
);


--
-- Name: signers; Type: TABLE; Schema: public; Owner: -; Tablespace: 
--

CREATE TABLE signers (
    accountid character varying(51) NOT NULL,
    publickey character varying(51) NOT NULL,
    weight integer NOT NULL
);


--
-- Name: storestate; Type: TABLE; Schema: public; Owner: -; Tablespace: 
--

CREATE TABLE storestate (
    statename character(32) NOT NULL,
    state text
);


--
-- Name: trustlines; Type: TABLE; Schema: public; Owner: -; Tablespace: 
--

CREATE TABLE trustlines (
    accountid character varying(51) NOT NULL,
    issuer character varying(51) NOT NULL,
    alphanumcurrency character varying(4) NOT NULL,
    tlimit bigint DEFAULT 0 NOT NULL,
    balance bigint DEFAULT 0 NOT NULL,
    flags integer NOT NULL,
    CONSTRAINT trustlines_balance_check CHECK ((balance >= 0)),
    CONSTRAINT trustlines_tlimit_check CHECK ((tlimit >= 0))
);


--
-- Name: txhistory; Type: TABLE; Schema: public; Owner: -; Tablespace: 
--

CREATE TABLE txhistory (
    txid character(64) NOT NULL,
    ledgerseq integer NOT NULL,
    txindex integer NOT NULL,
    txbody text NOT NULL,
    txresult text NOT NULL,
    txmeta text NOT NULL,
    CONSTRAINT txhistory_ledgerseq_check CHECK ((ledgerseq >= 0))
);


--
-- Data for Name: accounts; Type: TABLE DATA; Schema: public; Owner: -
--

COPY accounts (accountid, balance, seqnum, numsubentries, inflationdest, homedomain, thresholds, flags) FROM stdin;
gspbxqXqEUZkiCCEFFCN9Vu4FLucdjLLdLcsV6E82Qc1T7ehsTC	99999959999999960	4	0	\N		01000000	0
gkbrs4E8duufpRyWq8Ww8fXhr3VHs6a2W7KPqseXWdkSBWEYYJ	9999999990	8589934593	1	\N		01000000	0
gs5gkyRVPxJjoFREJ9gRDEkZAzKzYam79NuAKSLRK11kV2TWHJC	9999999990	8589934593	1	\N		01000000	0
gBividpgAzyYpUALhcsEtvWkK1aPKqZC6d1mUQMDK3ZteQPkYe	9999999820	8589934610	18	\N		01000000	0
gsf2EkNXGX5PCkdZiakQ2Co3tTLV7S937fccqTFkYcMdFakFaDc	9999999920	8589934600	0	\N		01000000	0
\.


--
-- Data for Name: ledgerheaders; Type: TABLE DATA; Schema: public; Owner: -
--

COPY ledgerheaders (ledgerhash, prevhash, bucketlisthash, ledgerseq, closetime, data) FROM stdin;
e8e10918f9c000c73119abe54cf089f59f9015cc93c49ccf00b5e8b9afb6e6b1	0000000000000000000000000000000000000000000000000000000000000000	366ab1da319554c51293d7cbf7893a2373dbb0adb73bc8f86d4842995a948be6	1	0	AAAAAAAAAAAAAAAAAAAAAAAAAAAAAAAAAAAAAAAAAAAAAAAAAAAAAAAAAAAAAAAAAAAAAAAAAAAAAAAAAAAAAAAAAAAAAAAAAAAAAAAAAAAAAAAAAAAAAAAAAAAAAAAAAAAAAAAAAAAAAAAAAAAAAAAAAAA2arHaMZVUxRKT18v3iTojc9uwrbc7yPhtSEKZWpSL5gAAAAEBY0V4XYoAAAAAAAAAAAAAAAAAAAAAAAAAAAAAAAAACgCYloAAAAAAAAAAAAAAAAAAAAAAAAAAAAAAAAAAAAAAAAAAAAAAAAAAAAAAAAAAAAAAAAAAAAAAAAAAAAAAAAAAAAAAAAAAAAAAAAAAAAAAAAAAAAAAAAAAAAAAAAAAAAAAAAAAAAAAAAAAAAAAAAAAAAAAAAAAAAAAAAAAAAAAAAAAAAAAAAA=
ec65083646d18a99bd722acee1fc8d61f181a301c96d3926c4bc3cec0144fc47	e8e10918f9c000c73119abe54cf089f59f9015cc93c49ccf00b5e8b9afb6e6b1	e6af1be9256fb73d5f6176a6a569d7b35794468ba505cb5de25b393f97b9b652	2	1436543386	AAAAAejhCRj5wADHMRmr5UzwifWfkBXMk8SczwC16LmvtuaxJLP21+R5kuWuUH3GYtqmIDkxf489r8HmMGlN+j8dpnMAAAAAVZ/pmgAAAAEAAAAIAAAAAQAAAAEAAAAAJJTXhOmB92xGLXv5D7MfPuAuecnAbWsk/4kZRJHiTbTmrxvpJW+3PV9hdqaladezV5RGi6UFy13iWzk/l7m2UgAAAAIBY0V4XYoAAAAAAAAAAAAoAAAAAAAAAAAAAAAAAAAACgCYloAAAAAAAAAAAAAAAAAAAAAAAAAAAAAAAAAAAAAAAAAAAAAAAAAAAAAAAAAAAAAAAAAAAAAAAAAAAAAAAAAAAAAAAAAAAAAAAAAAAAAAAAAAAAAAAAAAAAAAAAAAAAAAAAAAAAAAAAAAAAAAAAAAAAAAAAAAAAAAAAAAAAAAAAAAAAAAAAA=
cab87cc4e07cf15b04824ac4b5cc06ccb0ec9592f3e1d7f20e68361a4690a126	ec65083646d18a99bd722acee1fc8d61f181a301c96d3926c4bc3cec0144fc47	5c51fe480c938e599aa0e3b46bb814464b93d907e75af35abcfe2fb196821b49	3	1436543387	AAAAAexlCDZG0YqZvXIqzuH8jWHxgaMByW05JsS8POwBRPxHertQ9orHrDvSA4O5Qzzp+IUX9C0RyX4fmNBRO/lFMe4AAAAAVZ/pmwAAAAAAAAAAYZOvJiwpo0u/jhhv6PtiaIEFUro8PZ3ZixIFPyZsjFVcUf5IDJOOWZqg47RruBRGS5PZB+da81q8/i+xloIbSQAAAAMBY0V4XYoAAAAAAAAAAACMAAAAAAAAAAAAAAAAAAAACgCYloAAAAAAAAAAAAAAAAAAAAAAAAAAAAAAAAAAAAAAAAAAAAAAAAAAAAAAAAAAAAAAAAAAAAAAAAAAAAAAAAAAAAAAAAAAAAAAAAAAAAAAAAAAAAAAAAAAAAAAAAAAAAAAAAAAAAAAAAAAAAAAAAAAAAAAAAAAAAAAAAAAAAAAAAAAAAAAAAA=
a0a0103266ed3776ca21c2e0b133a562d539a9ef22cb2671ea01478a780939c7	cab87cc4e07cf15b04824ac4b5cc06ccb0ec9592f3e1d7f20e68361a4690a126	da8e4ff5ac2c11004f41dee48559849e241ce9a094347ef24e8da5bfe29297ad	4	1436543388	AAAAAcq4fMTgfPFbBIJKxLXMBsyw7JWS8+HX8g5oNhpGkKEmvN2oZg4X1QFzRRrfPXezuy4yXtvTMA8EugNP4/cBi1EAAAAAVZ/pnAAAAAAAAAAA31w0/E+v3o411CU6LkZS3f67gRYsIQ3/3l7JRRN12HPajk/1rCwRAE9B3uSFWYSeJBzpoJQ0fvJOjaW/4pKXrQAAAAQBY0V4XYoAAAAAAAAAAADcAAAAAAAAAAAAAAAAAAAACgCYloAAAAAAAAAAAAAAAAAAAAAAAAAAAAAAAAAAAAAAAAAAAAAAAAAAAAAAAAAAAAAAAAAAAAAAAAAAAAAAAAAAAAAAAAAAAAAAAAAAAAAAAAAAAAAAAAAAAAAAAAAAAAAAAAAAAAAAAAAAAAAAAAAAAAAAAAAAAAAAAAAAAAAAAAAAAAAAAAA=
9a8e7b8078ce77512ceafa945c9b23422ead79e74434bfd4562a1a74ccfe89e1	a0a0103266ed3776ca21c2e0b133a562d539a9ef22cb2671ea01478a780939c7	89422951e6d3cfd11a5ecdc006aa41b6bd9994890d6e5e27fd8715b40113b191	5	1436543389	AAAAAaCgEDJm7Td2yiHC4LEzpWLVOanvIssmceoBR4p4CTnHfcks5TmVO6myw42+V5t9lofZcnwQXcjOC8us8P7JH9YAAAAAVZ/pnQAAAAAAAAAAOopapJEFhhAGh48HlTDbz7QU0QnQPeBuxtW2mnqkgmSJQilR5tPP0RpezcAGqkG2vZmUiQ1uXif9hxW0AROxkQAAAAUBY0V4XYoAAAAAAAAAAAFAAAAAAAAAAAAAAAAKAAAACgCYloAAAAAAAAAAAAAAAAAAAAAAAAAAAAAAAAAAAAAAAAAAAAAAAAAAAAAAAAAAAAAAAAAAAAAAAAAAAAAAAAAAAAAAAAAAAAAAAAAAAAAAAAAAAAAAAAAAAAAAAAAAAAAAAAAAAAAAAAAAAAAAAAAAAAAAAAAAAAAAAAAAAAAAAAAAAAAAAAA=
\.


--
-- Data for Name: offers; Type: TABLE DATA; Schema: public; Owner: -
--

COPY offers (accountid, offerid, paysalphanumcurrency, paysissuer, getsalphanumcurrency, getsissuer, amount, pricen, priced, price, flags) FROM stdin;
gBividpgAzyYpUALhcsEtvWkK1aPKqZC6d1mUQMDK3ZteQPkYe	1	USD	gsf2EkNXGX5PCkdZiakQ2Co3tTLV7S937fccqTFkYcMdFakFaDc	EUR	gsf2EkNXGX5PCkdZiakQ2Co3tTLV7S937fccqTFkYcMdFakFaDc	10	1	1	10000000	0
gBividpgAzyYpUALhcsEtvWkK1aPKqZC6d1mUQMDK3ZteQPkYe	2	USD	gsf2EkNXGX5PCkdZiakQ2Co3tTLV7S937fccqTFkYcMdFakFaDc	1	gsf2EkNXGX5PCkdZiakQ2Co3tTLV7S937fccqTFkYcMdFakFaDc	20	1	1	10000000	0
gBividpgAzyYpUALhcsEtvWkK1aPKqZC6d1mUQMDK3ZteQPkYe	3	1	gsf2EkNXGX5PCkdZiakQ2Co3tTLV7S937fccqTFkYcMdFakFaDc	EUR	gsf2EkNXGX5PCkdZiakQ2Co3tTLV7S937fccqTFkYcMdFakFaDc	20	1	1	10000000	0
gBividpgAzyYpUALhcsEtvWkK1aPKqZC6d1mUQMDK3ZteQPkYe	4	USD	gsf2EkNXGX5PCkdZiakQ2Co3tTLV7S937fccqTFkYcMdFakFaDc	21	gsf2EkNXGX5PCkdZiakQ2Co3tTLV7S937fccqTFkYcMdFakFaDc	30	1	1	10000000	0
gBividpgAzyYpUALhcsEtvWkK1aPKqZC6d1mUQMDK3ZteQPkYe	5	21	gsf2EkNXGX5PCkdZiakQ2Co3tTLV7S937fccqTFkYcMdFakFaDc	22	gsf2EkNXGX5PCkdZiakQ2Co3tTLV7S937fccqTFkYcMdFakFaDc	30	1	1	10000000	0
gBividpgAzyYpUALhcsEtvWkK1aPKqZC6d1mUQMDK3ZteQPkYe	6	22	gsf2EkNXGX5PCkdZiakQ2Co3tTLV7S937fccqTFkYcMdFakFaDc	EUR	gsf2EkNXGX5PCkdZiakQ2Co3tTLV7S937fccqTFkYcMdFakFaDc	30	1	1	10000000	0
gBividpgAzyYpUALhcsEtvWkK1aPKqZC6d1mUQMDK3ZteQPkYe	7	USD	gsf2EkNXGX5PCkdZiakQ2Co3tTLV7S937fccqTFkYcMdFakFaDc	31	gsf2EkNXGX5PCkdZiakQ2Co3tTLV7S937fccqTFkYcMdFakFaDc	40	1	1	10000000	0
gBividpgAzyYpUALhcsEtvWkK1aPKqZC6d1mUQMDK3ZteQPkYe	8	31	gsf2EkNXGX5PCkdZiakQ2Co3tTLV7S937fccqTFkYcMdFakFaDc	32	gsf2EkNXGX5PCkdZiakQ2Co3tTLV7S937fccqTFkYcMdFakFaDc	40	1	1	10000000	0
gBividpgAzyYpUALhcsEtvWkK1aPKqZC6d1mUQMDK3ZteQPkYe	9	32	gsf2EkNXGX5PCkdZiakQ2Co3tTLV7S937fccqTFkYcMdFakFaDc	33	gsf2EkNXGX5PCkdZiakQ2Co3tTLV7S937fccqTFkYcMdFakFaDc	40	1	1	10000000	0
gBividpgAzyYpUALhcsEtvWkK1aPKqZC6d1mUQMDK3ZteQPkYe	10	33	gsf2EkNXGX5PCkdZiakQ2Co3tTLV7S937fccqTFkYcMdFakFaDc	EUR	gsf2EkNXGX5PCkdZiakQ2Co3tTLV7S937fccqTFkYcMdFakFaDc	40	1	1	10000000	0
\.


--
-- Data for Name: peers; Type: TABLE DATA; Schema: public; Owner: -
--

COPY peers (ip, port, nextattempt, numfailures, rank) FROM stdin;
\.


--
-- Data for Name: signers; Type: TABLE DATA; Schema: public; Owner: -
--

COPY signers (accountid, publickey, weight) FROM stdin;
\.


--
-- Data for Name: storestate; Type: TABLE DATA; Schema: public; Owner: -
--

COPY storestate (statename, state) FROM stdin;
databaseinitialized             	true
forcescponnextlaunch            	false
lastclosedledger                	9a8e7b8078ce77512ceafa945c9b23422ead79e74434bfd4562a1a74ccfe89e1
historyarchivestate             	{\n    "version": 0,\n    "currentLedger": 5,\n    "currentBuckets": [\n        {\n            "curr": "102220bf50b86b0d59040508d7a724834222ebff976063aa0d4221202d54e59d",\n            "next": {\n                "state": 0\n            },\n            "snap": "f1ce72982fadb6308aeead2dcaf4708b2cdffbe14787e86a234fffd719a537e1"\n        },\n        {\n            "curr": "88af31f4c51afe5ea75861642359376feb623de5bec4354fa56ab752aeec8f36",\n            "next": {\n                "state": 1,\n                "output": "f1ce72982fadb6308aeead2dcaf4708b2cdffbe14787e86a234fffd719a537e1"\n            },\n            "snap": "0000000000000000000000000000000000000000000000000000000000000000"\n        },\n        {\n            "curr": "0000000000000000000000000000000000000000000000000000000000000000",\n            "next": {\n                "state": 0\n            },\n            "snap": "0000000000000000000000000000000000000000000000000000000000000000"\n        },\n        {\n            "curr": "0000000000000000000000000000000000000000000000000000000000000000",\n            "next": {\n                "state": 0\n            },\n            "snap": "0000000000000000000000000000000000000000000000000000000000000000"\n        },\n        {\n            "curr": "0000000000000000000000000000000000000000000000000000000000000000",\n            "next": {\n                "state": 0\n            },\n            "snap": "0000000000000000000000000000000000000000000000000000000000000000"\n        },\n        {\n            "curr": "0000000000000000000000000000000000000000000000000000000000000000",\n            "next": {\n                "state": 0\n            },\n            "snap": "0000000000000000000000000000000000000000000000000000000000000000"\n        },\n        {\n            "curr": "0000000000000000000000000000000000000000000000000000000000000000",\n            "next": {\n                "state": 0\n            },\n            "snap": "0000000000000000000000000000000000000000000000000000000000000000"\n        },\n        {\n            "curr": "0000000000000000000000000000000000000000000000000000000000000000",\n            "next": {\n                "state": 0\n            },\n            "snap": "0000000000000000000000000000000000000000000000000000000000000000"\n        },\n        {\n            "curr": "0000000000000000000000000000000000000000000000000000000000000000",\n            "next": {\n                "state": 0\n            },\n            "snap": "0000000000000000000000000000000000000000000000000000000000000000"\n        },\n        {\n            "curr": "0000000000000000000000000000000000000000000000000000000000000000",\n            "next": {\n                "state": 0\n            },\n            "snap": "0000000000000000000000000000000000000000000000000000000000000000"\n        },\n        {\n            "curr": "0000000000000000000000000000000000000000000000000000000000000000",\n            "next": {\n                "state": 0\n            },\n            "snap": "0000000000000000000000000000000000000000000000000000000000000000"\n        }\n    ]\n}
\.


--
-- Data for Name: trustlines; Type: TABLE DATA; Schema: public; Owner: -
--

COPY trustlines (accountid, issuer, alphanumcurrency, tlimit, balance, flags) FROM stdin;
gs5gkyRVPxJjoFREJ9gRDEkZAzKzYam79NuAKSLRK11kV2TWHJC	gsf2EkNXGX5PCkdZiakQ2Co3tTLV7S937fccqTFkYcMdFakFaDc	EUR	9223372036854775807	0	1
gBividpgAzyYpUALhcsEtvWkK1aPKqZC6d1mUQMDK3ZteQPkYe	gsf2EkNXGX5PCkdZiakQ2Co3tTLV7S937fccqTFkYcMdFakFaDc	USD	9223372036854775807	0	1
gkbrs4E8duufpRyWq8Ww8fXhr3VHs6a2W7KPqseXWdkSBWEYYJ	gsf2EkNXGX5PCkdZiakQ2Co3tTLV7S937fccqTFkYcMdFakFaDc	USD	9223372036854775807	5000	1
gBividpgAzyYpUALhcsEtvWkK1aPKqZC6d1mUQMDK3ZteQPkYe	gsf2EkNXGX5PCkdZiakQ2Co3tTLV7S937fccqTFkYcMdFakFaDc	EUR	9223372036854775807	5000	1
gBividpgAzyYpUALhcsEtvWkK1aPKqZC6d1mUQMDK3ZteQPkYe	gsf2EkNXGX5PCkdZiakQ2Co3tTLV7S937fccqTFkYcMdFakFaDc	1	9223372036854775807	5000	1
gBividpgAzyYpUALhcsEtvWkK1aPKqZC6d1mUQMDK3ZteQPkYe	gsf2EkNXGX5PCkdZiakQ2Co3tTLV7S937fccqTFkYcMdFakFaDc	21	9223372036854775807	5000	1
gBividpgAzyYpUALhcsEtvWkK1aPKqZC6d1mUQMDK3ZteQPkYe	gsf2EkNXGX5PCkdZiakQ2Co3tTLV7S937fccqTFkYcMdFakFaDc	22	9223372036854775807	5000	1
gBividpgAzyYpUALhcsEtvWkK1aPKqZC6d1mUQMDK3ZteQPkYe	gsf2EkNXGX5PCkdZiakQ2Co3tTLV7S937fccqTFkYcMdFakFaDc	31	9223372036854775807	5000	1
gBividpgAzyYpUALhcsEtvWkK1aPKqZC6d1mUQMDK3ZteQPkYe	gsf2EkNXGX5PCkdZiakQ2Co3tTLV7S937fccqTFkYcMdFakFaDc	32	9223372036854775807	5000	1
gBividpgAzyYpUALhcsEtvWkK1aPKqZC6d1mUQMDK3ZteQPkYe	gsf2EkNXGX5PCkdZiakQ2Co3tTLV7S937fccqTFkYcMdFakFaDc	33	9223372036854775807	5000	1
\.


--
-- Data for Name: txhistory; Type: TABLE DATA; Schema: public; Owner: -
--

COPY txhistory (txid, ledgerseq, txindex, txbody, txresult, txmeta) FROM stdin;
d20ac4ca15e0c9df685d629189a894eff4f99960fe77179bf6d524387b6faff7	2	1	AAAAAImbKEDtVjbFbdxfFLI5dfefG6I4jSaU5MVuzd3JYOXvAAAACgAAAAAAAAABAAAAAAAAAAAAAAABAAAAAAAAAAAAAAAAkp8m8Kk5zBEvhdDIcXAuV+G7ApGcMHN0GChs5ZhcPe0AAAACVAvkAAAAAAAAAAAByWDl7wAAAEBm0o+4Ej8MH5Kn7KfjvFk72E32EBNFzDdyekwCLWY9M1rd0BGa6mIozc9OlciVG9HPr8TOnFpssKMwmod0N2AG	0grEyhXgyd9oXWKRiaiU7/T5mWD+dxeb9tUkOHtvr/cAAAAAAAAACgAAAAAAAAABAAAAAAAAAAAAAAAAAAAAAA==	AAAAAgAAAAAAAAAAAAAAAJKfJvCpOcwRL4XQyHFwLlfhuwKRnDBzdBgobOWYXD3tAAAAAlQL5AAAAAACAAAAAAAAAAAAAAAAAAAAAAAAAAABAAAAAAAAAAAAAAAAAAABAAAAAAAAAACJmyhA7VY2xW3cXxSyOXX3nxuiOI0mlOTFbs3dyWDl7wFjRXYJfhv2AAAAAAAAAAEAAAAAAAAAAAAAAAAAAAAAAQAAAAAAAAAAAAAA
b5956066e8f4ffcbfda083c37fadabc9a2061e560ba2b4a53333cf59279e8196	2	2	AAAAAImbKEDtVjbFbdxfFLI5dfefG6I4jSaU5MVuzd3JYOXvAAAACgAAAAAAAAACAAAAAAAAAAAAAAABAAAAAAAAAAAAAAAAYv6A7bXTtq7ELHHGSVNg94zMiQtZAGe9/xtPwXPXjKUAAAACVAvkAAAAAAAAAAAByWDl7wAAAEBDTA2t29aUyXjrGnf/UICcP1ZV/LwNGyCzxos6BlB1xKhpHWp9gyyTxJGTBupR8Iu7XYZjeGPEKmE3lr9+3x4E	tZVgZuj0/8v9oIPDf62ryaIGHlYLorSlMzPPWSeegZYAAAAAAAAACgAAAAAAAAABAAAAAAAAAAAAAAAAAAAAAA==	AAAAAgAAAAAAAAAAAAAAAGL+gO2107auxCxxxklTYPeMzIkLWQBnvf8bT8Fz14ylAAAAAlQL5AAAAAACAAAAAAAAAAAAAAAAAAAAAAAAAAABAAAAAAAAAAAAAAAAAAABAAAAAAAAAACJmyhA7VY2xW3cXxSyOXX3nxuiOI0mlOTFbs3dyWDl7wFjRXO1cjfsAAAAAAAAAAIAAAAAAAAAAAAAAAAAAAAAAQAAAAAAAAAAAAAA
fbe5e605fda6375d9721059603cc45eb665f51aebdc42db224ed508bab3d8453	2	3	AAAAAImbKEDtVjbFbdxfFLI5dfefG6I4jSaU5MVuzd3JYOXvAAAACgAAAAAAAAADAAAAAAAAAAAAAAABAAAAAAAAAAAAAAAA4NJAKneF1YOpLSsIvntdrfid7ITPzsYrXbkcVTPqGkYAAAACVAvkAAAAAAAAAAAByWDl7wAAAEAnoZ9Px+vIWc7uv2NwskTW3s+PXmfz0elIcLVd0lJl5rmkl2o/3HDwqi5mdzrnv8K+jnPVzi+NiI9gGbfPylkC	++XmBf2mN12XIQWWA8xF62ZfUa69xC2yJO1Qi6s9hFMAAAAAAAAACgAAAAAAAAABAAAAAAAAAAAAAAAAAAAAAA==	AAAAAgAAAAAAAAAAAAAAAODSQCp3hdWDqS0rCL57Xa34neyEz87GK125HFUz6hpGAAAAAlQL5AAAAAACAAAAAAAAAAAAAAAAAAAAAAAAAAABAAAAAAAAAAAAAAAAAAABAAAAAAAAAACJmyhA7VY2xW3cXxSyOXX3nxuiOI0mlOTFbs3dyWDl7wFjRXFhZlPiAAAAAAAAAAMAAAAAAAAAAAAAAAAAAAAAAQAAAAAAAAAAAAAA
b6ab723db7571f628eeb4172133fa38105a00dd830b25e410c88d87895fa7b5b	2	4	AAAAAImbKEDtVjbFbdxfFLI5dfefG6I4jSaU5MVuzd3JYOXvAAAACgAAAAAAAAAEAAAAAAAAAAAAAAABAAAAAAAAAAAAAAAAGKkuDYiDIIOtA9puqrTOuxsV7WQetVBSgWHmTbY6so8AAAACVAvkAAAAAAAAAAAByWDl7wAAAEAEY6MzKyKGpk7rSuq35cJhzHoYAJ2hau494Z96zqOaYi6vt3F5wYmYLZv/HWf8RpBPhpj68XXPbzK1ltwC/OQO	tqtyPbdXH2KO60FyEz+jgQWgDdgwsl5BDIjYeJX6e1sAAAAAAAAACgAAAAAAAAABAAAAAAAAAAAAAAAAAAAAAA==	AAAAAgAAAAAAAAAAAAAAABipLg2IgyCDrQPabqq0zrsbFe1kHrVQUoFh5k22OrKPAAAAAlQL5AAAAAACAAAAAAAAAAAAAAAAAAAAAAAAAAABAAAAAAAAAAAAAAAAAAABAAAAAAAAAACJmyhA7VY2xW3cXxSyOXX3nxuiOI0mlOTFbs3dyWDl7wFjRW8NWm/YAAAAAAAAAAQAAAAAAAAAAAAAAAAAAAAAAQAAAAAAAAAAAAAA
8813da8d6a5655f9faea30ad40f8d4e4be07a3e3b191ef0ad3cdeb8313fe7041	3	1	AAAAAGL+gO2107auxCxxxklTYPeMzIkLWQBnvf8bT8Fz14ylAAAACgAAAAIAAAABAAAAAAAAAAAAAAABAAAAAAAAAAYAAAABVVNEAAAAAACSnybwqTnMES+F0MhxcC5X4bsCkZwwc3QYKGzlmFw97X//////////AAAAAAAAAAFz14ylAAAAQAj8xiRdfbZqywnDQN91NYAMuC1/TsZcUmUVx2JRTcQdf0tu+ucfkMnNWpEueqcsY2xASvHujjXPUtmhUXfpiQI=	iBPajWpWVfn66jCtQPjU5L4Ho+Oxke8K083rgxP+cEEAAAAAAAAACgAAAAAAAAABAAAAAAAAAAYAAAAAAAAAAA==	AAAAAgAAAAAAAAABAAAAAGL+gO2107auxCxxxklTYPeMzIkLWQBnvf8bT8Fz14ylAAAAAVVTRAAAAAAAkp8m8Kk5zBEvhdDIcXAuV+G7ApGcMHN0GChs5ZhcPe0AAAAAAAAAAH//////////AAAAAQAAAAAAAAABAAAAAAAAAABi/oDttdO2rsQsccZJU2D3jMyJC1kAZ73/G0/Bc9eMpQAAAAJUC+P2AAAAAgAAAAEAAAABAAAAAAAAAAAAAAAAAQAAAAAAAAAAAAAA
b1ecb9ff7c223c3d1a19d4be5ecb91328e2f52bc142c85484d82969bf4ff2dda	3	2	AAAAAODSQCp3hdWDqS0rCL57Xa34neyEz87GK125HFUz6hpGAAAACgAAAAIAAAABAAAAAAAAAAAAAAABAAAAAAAAAAYAAAABRVVSAAAAAACSnybwqTnMES+F0MhxcC5X4bsCkZwwc3QYKGzlmFw97X//////////AAAAAAAAAAEz6hpGAAAAQL61bW5+4/Kof+61LANgRVUsq8xUv4wVeKTeJvZrY3x0yUmzF5pNx75Dy3JHvxpuAqiDt1UBO3wDSkZYHgvMxAE=	sey5/3wiPD0aGdS+XsuRMo4vUrwULIVITYKWm/T/LdoAAAAAAAAACgAAAAAAAAABAAAAAAAAAAYAAAAAAAAAAA==	AAAAAgAAAAAAAAABAAAAAODSQCp3hdWDqS0rCL57Xa34neyEz87GK125HFUz6hpGAAAAAUVVUgAAAAAAkp8m8Kk5zBEvhdDIcXAuV+G7ApGcMHN0GChs5ZhcPe0AAAAAAAAAAH//////////AAAAAQAAAAAAAAABAAAAAAAAAADg0kAqd4XVg6ktKwi+e12t+J3shM/OxitduRxVM+oaRgAAAAJUC+P2AAAAAgAAAAEAAAABAAAAAAAAAAAAAAAAAQAAAAAAAAAAAAAA
262e2d5d7da7127b3f3ffcafdeb5a80ea03505f5755a5573bcaf5a090cb1bda0	3	3	AAAAABipLg2IgyCDrQPabqq0zrsbFe1kHrVQUoFh5k22OrKPAAAACgAAAAIAAAABAAAAAAAAAAAAAAABAAAAAAAAAAYAAAABVVNEAAAAAACSnybwqTnMES+F0MhxcC5X4bsCkZwwc3QYKGzlmFw97X//////////AAAAAAAAAAG2OrKPAAAAQE/8r9GNF51I45zXwkrepc9sn1MLTUZJ+DiXpHYmolXmcZXacsB1NdOLOrPG4kaGJ6MvW8pAlDBBHE0M5J+ElQw=	Ji4tXX2nEns/P/yv3rWoDqA1BfV1WlVzvK9aCQyxvaAAAAAAAAAACgAAAAAAAAABAAAAAAAAAAYAAAAAAAAAAA==	AAAAAgAAAAAAAAABAAAAABipLg2IgyCDrQPabqq0zrsbFe1kHrVQUoFh5k22OrKPAAAAAVVTRAAAAAAAkp8m8Kk5zBEvhdDIcXAuV+G7ApGcMHN0GChs5ZhcPe0AAAAAAAAAAH//////////AAAAAQAAAAAAAAABAAAAAAAAAAAYqS4NiIMgg60D2m6qtM67GxXtZB61UFKBYeZNtjqyjwAAAAJUC+P2AAAAAgAAAAEAAAABAAAAAAAAAAAAAAAAAQAAAAAAAAAAAAAA
49d255b32e55b1108a7a535b992e869d61dd5d98ae31b222ee62b0688f4d710a	3	4	AAAAABipLg2IgyCDrQPabqq0zrsbFe1kHrVQUoFh5k22OrKPAAAACgAAAAIAAAACAAAAAAAAAAAAAAABAAAAAAAAAAYAAAABRVVSAAAAAACSnybwqTnMES+F0MhxcC5X4bsCkZwwc3QYKGzlmFw97X//////////AAAAAAAAAAG2OrKPAAAAQD5y/mn57hmFLl9sXm49sZFnGDhdIximXC7TBMuZpROl2syiOryVvKipB8UL4JG1n5dmJbLK3RZ71VxzDmqECgE=	SdJVsy5VsRCKelNbmS6GnWHdXZiuMbIi7mKwaI9NcQoAAAAAAAAACgAAAAAAAAABAAAAAAAAAAYAAAAAAAAAAA==	AAAAAgAAAAAAAAABAAAAABipLg2IgyCDrQPabqq0zrsbFe1kHrVQUoFh5k22OrKPAAAAAUVVUgAAAAAAkp8m8Kk5zBEvhdDIcXAuV+G7ApGcMHN0GChs5ZhcPe0AAAAAAAAAAH//////////AAAAAQAAAAAAAAABAAAAAAAAAAAYqS4NiIMgg60D2m6qtM67GxXtZB61UFKBYeZNtjqyjwAAAAJUC+PsAAAAAgAAAAIAAAACAAAAAAAAAAAAAAAAAQAAAAAAAAAAAAAA
ad4a36e0568d6b62ced009b527f3f84eef50d31ecf18c0f3523a47973eb4ee18	3	5	AAAAABipLg2IgyCDrQPabqq0zrsbFe1kHrVQUoFh5k22OrKPAAAACgAAAAIAAAADAAAAAAAAAAAAAAABAAAAAAAAAAYAAAABMQAAAAAAAACSnybwqTnMES+F0MhxcC5X4bsCkZwwc3QYKGzlmFw97X//////////AAAAAAAAAAG2OrKPAAAAQGC8eCT7gjAhodVKs3E2L4iPK1GETBCNrLBm587g1txyDUiL5sbumNPszlSmDyr/H0Uz08Vq6ZDCO6tlj+AHAQk=	rUo24FaNa2LO0Am1J/P4Tu9Q0x7PGMDzUjpHlz607hgAAAAAAAAACgAAAAAAAAABAAAAAAAAAAYAAAAAAAAAAA==	AAAAAgAAAAAAAAABAAAAABipLg2IgyCDrQPabqq0zrsbFe1kHrVQUoFh5k22OrKPAAAAATEAAAAAAAAAkp8m8Kk5zBEvhdDIcXAuV+G7ApGcMHN0GChs5ZhcPe0AAAAAAAAAAH//////////AAAAAQAAAAAAAAABAAAAAAAAAAAYqS4NiIMgg60D2m6qtM67GxXtZB61UFKBYeZNtjqyjwAAAAJUC+PiAAAAAgAAAAMAAAADAAAAAAAAAAAAAAAAAQAAAAAAAAAAAAAA
b6dffa75864642698916345707edd8fea81f41ab56021ae2ddc33a39490cdc57	3	6	AAAAABipLg2IgyCDrQPabqq0zrsbFe1kHrVQUoFh5k22OrKPAAAACgAAAAIAAAAEAAAAAAAAAAAAAAABAAAAAAAAAAYAAAABMjEAAAAAAACSnybwqTnMES+F0MhxcC5X4bsCkZwwc3QYKGzlmFw97X//////////AAAAAAAAAAG2OrKPAAAAQHrtYMKtN+1IpX+tydEx+V5F//Xyj9BzZEJrwCXna4q3FvD8MdZnyW7R+lq+C0Lc7AzFHkgIDCAZi43OnJ7K0AU=	tt/6dYZGQmmJFjRXB+3Y/qgfQatWAhri3cM6OUkM3FcAAAAAAAAACgAAAAAAAAABAAAAAAAAAAYAAAAAAAAAAA==	AAAAAgAAAAAAAAABAAAAABipLg2IgyCDrQPabqq0zrsbFe1kHrVQUoFh5k22OrKPAAAAATIxAAAAAAAAkp8m8Kk5zBEvhdDIcXAuV+G7ApGcMHN0GChs5ZhcPe0AAAAAAAAAAH//////////AAAAAQAAAAAAAAABAAAAAAAAAAAYqS4NiIMgg60D2m6qtM67GxXtZB61UFKBYeZNtjqyjwAAAAJUC+PYAAAAAgAAAAQAAAAEAAAAAAAAAAAAAAAAAQAAAAAAAAAAAAAA
4d11915bf1bf629e9b09e8617a1e6eab85937d3abef243d27e067b8e48239e94	3	7	AAAAABipLg2IgyCDrQPabqq0zrsbFe1kHrVQUoFh5k22OrKPAAAACgAAAAIAAAAFAAAAAAAAAAAAAAABAAAAAAAAAAYAAAABMjIAAAAAAACSnybwqTnMES+F0MhxcC5X4bsCkZwwc3QYKGzlmFw97X//////////AAAAAAAAAAG2OrKPAAAAQB4+BUd+DcsJc2w/MvAVlQRaiRwLIMwZS278q1FjJyIfzMnjR25zDbIzGJsye14ymHZA1+7PjeC6u5P7RtRqcAs=	TRGRW/G/Yp6bCehheh5uq4WTfTq+8kPSfgZ7jkgjnpQAAAAAAAAACgAAAAAAAAABAAAAAAAAAAYAAAAAAAAAAA==	AAAAAgAAAAAAAAABAAAAABipLg2IgyCDrQPabqq0zrsbFe1kHrVQUoFh5k22OrKPAAAAATIyAAAAAAAAkp8m8Kk5zBEvhdDIcXAuV+G7ApGcMHN0GChs5ZhcPe0AAAAAAAAAAH//////////AAAAAQAAAAAAAAABAAAAAAAAAAAYqS4NiIMgg60D2m6qtM67GxXtZB61UFKBYeZNtjqyjwAAAAJUC+POAAAAAgAAAAUAAAAFAAAAAAAAAAAAAAAAAQAAAAAAAAAAAAAA
f43d4f30ba2af2fdc3dc8d0b056056145957f1147bc36eaf9b85c6cf7f743b6d	3	8	AAAAABipLg2IgyCDrQPabqq0zrsbFe1kHrVQUoFh5k22OrKPAAAACgAAAAIAAAAGAAAAAAAAAAAAAAABAAAAAAAAAAYAAAABMzEAAAAAAACSnybwqTnMES+F0MhxcC5X4bsCkZwwc3QYKGzlmFw97X//////////AAAAAAAAAAG2OrKPAAAAQBXjI9Z6vy2fYnwWSPBQmnCAZ9dFfRu0dRD4sgJu75bu8JQPTHHGODIMd6XFsUyHEd02rWcl7sUAindG0vmAgAA=	9D1PMLoq8v3D3I0LBWBWFFlX8RR7w26vm4XGz390O20AAAAAAAAACgAAAAAAAAABAAAAAAAAAAYAAAAAAAAAAA==	AAAAAgAAAAAAAAABAAAAABipLg2IgyCDrQPabqq0zrsbFe1kHrVQUoFh5k22OrKPAAAAATMxAAAAAAAAkp8m8Kk5zBEvhdDIcXAuV+G7ApGcMHN0GChs5ZhcPe0AAAAAAAAAAH//////////AAAAAQAAAAAAAAABAAAAAAAAAAAYqS4NiIMgg60D2m6qtM67GxXtZB61UFKBYeZNtjqyjwAAAAJUC+PEAAAAAgAAAAYAAAAGAAAAAAAAAAAAAAAAAQAAAAAAAAAAAAAA
14877264ae47160b60019cd993cd66863b763366462d6153c4b3898ded317014	3	9	AAAAABipLg2IgyCDrQPabqq0zrsbFe1kHrVQUoFh5k22OrKPAAAACgAAAAIAAAAHAAAAAAAAAAAAAAABAAAAAAAAAAYAAAABMzIAAAAAAACSnybwqTnMES+F0MhxcC5X4bsCkZwwc3QYKGzlmFw97X//////////AAAAAAAAAAG2OrKPAAAAQFybPqi+npRp6ttVjRtFv0HufmCPAui9eGTkqXx5j+ihw+XiJydJ7YFPf8YeLPtFf3g/FK/ormunF7pnpDT3YAA=	FIdyZK5HFgtgAZzZk81mhjt2M2ZGLWFTxLOJje0xcBQAAAAAAAAACgAAAAAAAAABAAAAAAAAAAYAAAAAAAAAAA==	AAAAAgAAAAAAAAABAAAAABipLg2IgyCDrQPabqq0zrsbFe1kHrVQUoFh5k22OrKPAAAAATMyAAAAAAAAkp8m8Kk5zBEvhdDIcXAuV+G7ApGcMHN0GChs5ZhcPe0AAAAAAAAAAH//////////AAAAAQAAAAAAAAABAAAAAAAAAAAYqS4NiIMgg60D2m6qtM67GxXtZB61UFKBYeZNtjqyjwAAAAJUC+O6AAAAAgAAAAcAAAAHAAAAAAAAAAAAAAAAAQAAAAAAAAAAAAAA
155839dfda0ed6bebb6d330668742c3cb553e110bbbcaff8a412d26a2db82632	3	10	AAAAABipLg2IgyCDrQPabqq0zrsbFe1kHrVQUoFh5k22OrKPAAAACgAAAAIAAAAIAAAAAAAAAAAAAAABAAAAAAAAAAYAAAABMzMAAAAAAACSnybwqTnMES+F0MhxcC5X4bsCkZwwc3QYKGzlmFw97X//////////AAAAAAAAAAG2OrKPAAAAQJ0PDaVBivSjNI+a7YV2+Ax1ywZisvPwvYx34rLtDmC19YLt3SDewZ+2RTpRdhFPwbb2J6a2B0BoYz+zDarblQQ=	FVg539oO1r67bTMGaHQsPLVT4RC7vK/4pBLSai24JjIAAAAAAAAACgAAAAAAAAABAAAAAAAAAAYAAAAAAAAAAA==	AAAAAgAAAAAAAAABAAAAABipLg2IgyCDrQPabqq0zrsbFe1kHrVQUoFh5k22OrKPAAAAATMzAAAAAAAAkp8m8Kk5zBEvhdDIcXAuV+G7ApGcMHN0GChs5ZhcPe0AAAAAAAAAAH//////////AAAAAQAAAAAAAAABAAAAAAAAAAAYqS4NiIMgg60D2m6qtM67GxXtZB61UFKBYeZNtjqyjwAAAAJUC+OwAAAAAgAAAAgAAAAIAAAAAAAAAAAAAAAAAQAAAAAAAAAAAAAA
21ca3b917e83fd3f2071e534af58026252645a39b37f989bfb473152a13068a8	4	1	AAAAAJKfJvCpOcwRL4XQyHFwLlfhuwKRnDBzdBgobOWYXD3tAAAACgAAAAIAAAABAAAAAAAAAAAAAAABAAAAAAAAAAEAAAAAYv6A7bXTtq7ELHHGSVNg94zMiQtZAGe9/xtPwXPXjKUAAAABVVNEAAAAAACSnybwqTnMES+F0MhxcC5X4bsCkZwwc3QYKGzlmFw97QAAAAAAABOIAAAAAAAAAAGYXD3tAAAAQPEXrl0exyBk0TLstLYjuBegBboNo9LtShN1+GMcjP8MTQOxxtig0eHrNg5LIgrDfUXkS2DJPRP3gb1hUUIocwI=	Ico7kX6D/T8gceU0r1gCYlJkWjmzf5ib+0cxUqEwaKgAAAAAAAAACgAAAAAAAAABAAAAAAAAAAEAAAAAAAAAAA==	AAAAAgAAAAEAAAAAAAAAAJKfJvCpOcwRL4XQyHFwLlfhuwKRnDBzdBgobOWYXD3tAAAAAlQL4/YAAAACAAAAAQAAAAAAAAAAAAAAAAAAAAABAAAAAAAAAAAAAAAAAAABAAAAAQAAAABi/oDttdO2rsQsccZJU2D3jMyJC1kAZ73/G0/Bc9eMpQAAAAFVU0QAAAAAAJKfJvCpOcwRL4XQyHFwLlfhuwKRnDBzdBgobOWYXD3tAAAAAAAAE4h//////////wAAAAEAAAAA
17f6895808b77bd871e80d1913b9bfdb2dadf6f7a8bf1d3a2076af6e33ec5378	4	2	AAAAAJKfJvCpOcwRL4XQyHFwLlfhuwKRnDBzdBgobOWYXD3tAAAACgAAAAIAAAACAAAAAAAAAAAAAAABAAAAAAAAAAEAAAAAGKkuDYiDIIOtA9puqrTOuxsV7WQetVBSgWHmTbY6so8AAAABRVVSAAAAAACSnybwqTnMES+F0MhxcC5X4bsCkZwwc3QYKGzlmFw97QAAAAAAABOIAAAAAAAAAAGYXD3tAAAAQBf+9J82Lh0aVHoDZTsX7zdaRtnTyMQmElyeWleOixy1wcFOeWzwEDyE3dGpBAM4f2Z+0N12UmdpX54UXZEx3gc=	F/aJWAi3e9hx6A0ZE7m/2y2t9veovx06IHavbjPsU3gAAAAAAAAACgAAAAAAAAABAAAAAAAAAAEAAAAAAAAAAA==	AAAAAgAAAAEAAAAAAAAAAJKfJvCpOcwRL4XQyHFwLlfhuwKRnDBzdBgobOWYXD3tAAAAAlQL4+wAAAACAAAAAgAAAAAAAAAAAAAAAAAAAAABAAAAAAAAAAAAAAAAAAABAAAAAQAAAAAYqS4NiIMgg60D2m6qtM67GxXtZB61UFKBYeZNtjqyjwAAAAFFVVIAAAAAAJKfJvCpOcwRL4XQyHFwLlfhuwKRnDBzdBgobOWYXD3tAAAAAAAAE4h//////////wAAAAEAAAAA
9ca47d948d4bda26599ae91e6ea31f9acf40c9c1914f0b28a94fd1843aa45d9e	4	3	AAAAAJKfJvCpOcwRL4XQyHFwLlfhuwKRnDBzdBgobOWYXD3tAAAACgAAAAIAAAADAAAAAAAAAAAAAAABAAAAAAAAAAEAAAAAGKkuDYiDIIOtA9puqrTOuxsV7WQetVBSgWHmTbY6so8AAAABMQAAAAAAAACSnybwqTnMES+F0MhxcC5X4bsCkZwwc3QYKGzlmFw97QAAAAAAABOIAAAAAAAAAAGYXD3tAAAAQFtvzitAIJC2S1K7D+5c5Rgd3bFuvuENDkSVAPdj7VWUISnrmsoNfVlxQitg+o/WUvl7UPIVRdDdYc7UcV5FMgM=	nKR9lI1L2iZZmukebqMfms9AycGRTwsoqU/RhDqkXZ4AAAAAAAAACgAAAAAAAAABAAAAAAAAAAEAAAAAAAAAAA==	AAAAAgAAAAEAAAAAAAAAAJKfJvCpOcwRL4XQyHFwLlfhuwKRnDBzdBgobOWYXD3tAAAAAlQL4+IAAAACAAAAAwAAAAAAAAAAAAAAAAAAAAABAAAAAAAAAAAAAAAAAAABAAAAAQAAAAAYqS4NiIMgg60D2m6qtM67GxXtZB61UFKBYeZNtjqyjwAAAAExAAAAAAAAAJKfJvCpOcwRL4XQyHFwLlfhuwKRnDBzdBgobOWYXD3tAAAAAAAAE4h//////////wAAAAEAAAAA
d4e200f8e9e8c48e1a48f2de5e5f0b6698c5b9fe9cc9a398b994f1441d05b941	4	4	AAAAAJKfJvCpOcwRL4XQyHFwLlfhuwKRnDBzdBgobOWYXD3tAAAACgAAAAIAAAAEAAAAAAAAAAAAAAABAAAAAAAAAAEAAAAAGKkuDYiDIIOtA9puqrTOuxsV7WQetVBSgWHmTbY6so8AAAABMjEAAAAAAACSnybwqTnMES+F0MhxcC5X4bsCkZwwc3QYKGzlmFw97QAAAAAAABOIAAAAAAAAAAGYXD3tAAAAQMpgqHu0Zh7R4EX6u45hCKxqzYd/XEt0rbHNXlroEpzQOCAXAi6g44L4QDPv8Ict3u34xBg0jHVFvTPBUKeQUAs=	1OIA+OnoxI4aSPLeXl8LZpjFuf6cyaOYuZTxRB0FuUEAAAAAAAAACgAAAAAAAAABAAAAAAAAAAEAAAAAAAAAAA==	AAAAAgAAAAEAAAAAAAAAAJKfJvCpOcwRL4XQyHFwLlfhuwKRnDBzdBgobOWYXD3tAAAAAlQL49gAAAACAAAABAAAAAAAAAAAAAAAAAAAAAABAAAAAAAAAAAAAAAAAAABAAAAAQAAAAAYqS4NiIMgg60D2m6qtM67GxXtZB61UFKBYeZNtjqyjwAAAAEyMQAAAAAAAJKfJvCpOcwRL4XQyHFwLlfhuwKRnDBzdBgobOWYXD3tAAAAAAAAE4h//////////wAAAAEAAAAA
8326cf13e8f4fd7a8a34a3ac9b781a26665edd04b9d1fd210ff960d393982b84	4	5	AAAAAJKfJvCpOcwRL4XQyHFwLlfhuwKRnDBzdBgobOWYXD3tAAAACgAAAAIAAAAFAAAAAAAAAAAAAAABAAAAAAAAAAEAAAAAGKkuDYiDIIOtA9puqrTOuxsV7WQetVBSgWHmTbY6so8AAAABMjIAAAAAAACSnybwqTnMES+F0MhxcC5X4bsCkZwwc3QYKGzlmFw97QAAAAAAABOIAAAAAAAAAAGYXD3tAAAAQMikQjgvJklGRVbYSnv36EhVOEQYkja4BnG23957x27VDzz8EjUsiKn8LLQW2RaRO2TmFQyEhVn+sSqLKU9iNAI=	gybPE+j0/XqKNKOsm3gaJmZe3QS50f0hD/lg05OYK4QAAAAAAAAACgAAAAAAAAABAAAAAAAAAAEAAAAAAAAAAA==	AAAAAgAAAAEAAAAAAAAAAJKfJvCpOcwRL4XQyHFwLlfhuwKRnDBzdBgobOWYXD3tAAAAAlQL484AAAACAAAABQAAAAAAAAAAAAAAAAAAAAABAAAAAAAAAAAAAAAAAAABAAAAAQAAAAAYqS4NiIMgg60D2m6qtM67GxXtZB61UFKBYeZNtjqyjwAAAAEyMgAAAAAAAJKfJvCpOcwRL4XQyHFwLlfhuwKRnDBzdBgobOWYXD3tAAAAAAAAE4h//////////wAAAAEAAAAA
a9ad6793df72cbbd64c355796e3846a20194709eedf3cc717ede745b67c18874	4	6	AAAAAJKfJvCpOcwRL4XQyHFwLlfhuwKRnDBzdBgobOWYXD3tAAAACgAAAAIAAAAGAAAAAAAAAAAAAAABAAAAAAAAAAEAAAAAGKkuDYiDIIOtA9puqrTOuxsV7WQetVBSgWHmTbY6so8AAAABMzEAAAAAAACSnybwqTnMES+F0MhxcC5X4bsCkZwwc3QYKGzlmFw97QAAAAAAABOIAAAAAAAAAAGYXD3tAAAAQDbybmcIYh1XbX2DYucJLWJDIfNAEFoZ0XH+Lf3YuE3LWTsm2aqIXat37A2qbTg4xyae9Cb2cSgCwKaXINbXzAA=	qa1nk99yy71kw1V5bjhGogGUcJ7t88xxft50W2fBiHQAAAAAAAAACgAAAAAAAAABAAAAAAAAAAEAAAAAAAAAAA==	AAAAAgAAAAEAAAAAAAAAAJKfJvCpOcwRL4XQyHFwLlfhuwKRnDBzdBgobOWYXD3tAAAAAlQL48QAAAACAAAABgAAAAAAAAAAAAAAAAAAAAABAAAAAAAAAAAAAAAAAAABAAAAAQAAAAAYqS4NiIMgg60D2m6qtM67GxXtZB61UFKBYeZNtjqyjwAAAAEzMQAAAAAAAJKfJvCpOcwRL4XQyHFwLlfhuwKRnDBzdBgobOWYXD3tAAAAAAAAE4h//////////wAAAAEAAAAA
e734462fd1ddb38074201899ce0e7f1a15e609bd4c794972091934bffc6eba1d	4	7	AAAAAJKfJvCpOcwRL4XQyHFwLlfhuwKRnDBzdBgobOWYXD3tAAAACgAAAAIAAAAHAAAAAAAAAAAAAAABAAAAAAAAAAEAAAAAGKkuDYiDIIOtA9puqrTOuxsV7WQetVBSgWHmTbY6so8AAAABMzIAAAAAAACSnybwqTnMES+F0MhxcC5X4bsCkZwwc3QYKGzlmFw97QAAAAAAABOIAAAAAAAAAAGYXD3tAAAAQAP3kFUSsYqSgfSO/y8JZOjuQ0sMBARjitn8x1EBB+6Iyas0OPXPMlScJtkC4qFt8/JPpt/gpKyp2fkg/DNuZwQ=	5zRGL9Hds4B0IBiZzg5/GhXmCb1MeUlyCRk0v/xuuh0AAAAAAAAACgAAAAAAAAABAAAAAAAAAAEAAAAAAAAAAA==	AAAAAgAAAAEAAAAAAAAAAJKfJvCpOcwRL4XQyHFwLlfhuwKRnDBzdBgobOWYXD3tAAAAAlQL47oAAAACAAAABwAAAAAAAAAAAAAAAAAAAAABAAAAAAAAAAAAAAAAAAABAAAAAQAAAAAYqS4NiIMgg60D2m6qtM67GxXtZB61UFKBYeZNtjqyjwAAAAEzMgAAAAAAAJKfJvCpOcwRL4XQyHFwLlfhuwKRnDBzdBgobOWYXD3tAAAAAAAAE4h//////////wAAAAEAAAAA
6b9cd4c131b1efce3172c2a608c67776947181628420468cd095a3977ff029c9	4	8	AAAAAJKfJvCpOcwRL4XQyHFwLlfhuwKRnDBzdBgobOWYXD3tAAAACgAAAAIAAAAIAAAAAAAAAAAAAAABAAAAAAAAAAEAAAAAGKkuDYiDIIOtA9puqrTOuxsV7WQetVBSgWHmTbY6so8AAAABMzMAAAAAAACSnybwqTnMES+F0MhxcC5X4bsCkZwwc3QYKGzlmFw97QAAAAAAABOIAAAAAAAAAAGYXD3tAAAAQGsv1Xbwrg6SaSxHjjI3SeNfr1NqY+uxArXGes+nOfoDVWPQfhprqTYXpNriBl7nEJJ8ylDzHWwDT1zlHsD39AA=	a5zUwTGx784xcsKmCMZ3dpRxgWKEIEaM0JWjl3/wKckAAAAAAAAACgAAAAAAAAABAAAAAAAAAAEAAAAAAAAAAA==	AAAAAgAAAAEAAAAAAAAAAJKfJvCpOcwRL4XQyHFwLlfhuwKRnDBzdBgobOWYXD3tAAAAAlQL47AAAAACAAAACAAAAAAAAAAAAAAAAAAAAAABAAAAAAAAAAAAAAAAAAABAAAAAQAAAAAYqS4NiIMgg60D2m6qtM67GxXtZB61UFKBYeZNtjqyjwAAAAEzMwAAAAAAAJKfJvCpOcwRL4XQyHFwLlfhuwKRnDBzdBgobOWYXD3tAAAAAAAAE4h//////////wAAAAEAAAAA
6d5df09d78a900d7c1468825701dd2d080fe357e5351492d12ce43b405623a14	5	1	AAAAABipLg2IgyCDrQPabqq0zrsbFe1kHrVQUoFh5k22OrKPAAAACgAAAAIAAAAJAAAAAAAAAAAAAAABAAAAAAAAAAMAAAABRVVSAAAAAACSnybwqTnMES+F0MhxcC5X4bsCkZwwc3QYKGzlmFw97QAAAAFVU0QAAAAAAJKfJvCpOcwRL4XQyHFwLlfhuwKRnDBzdBgobOWYXD3tAAAAAAAAAAoAAAABAAAAAQAAAAAAAAAAAAAAAAAAAAG2OrKPAAAAQKNR+CX9wrfHjbgaJOljfPT7FpZAoEgPdXX26SdGcXu3cgU3X7cJkjIY9SuhyiimvEk1P4clkS0RlLTh/wiGQg8=	bV3wnXipANfBRoglcB3S0ID+NX5TUUktEs5DtAViOhQAAAAAAAAACgAAAAAAAAABAAAAAAAAAAMAAAAAAAAAAAAAAAAAAAAAGKkuDYiDIIOtA9puqrTOuxsV7WQetVBSgWHmTbY6so8AAAAAAAAAAQAAAAFFVVIAAAAAAJKfJvCpOcwRL4XQyHFwLlfhuwKRnDBzdBgobOWYXD3tAAAAAVVTRAAAAAAAkp8m8Kk5zBEvhdDIcXAuV+G7ApGcMHN0GChs5ZhcPe0AAAAAAAAACgAAAAEAAAABAAAAAAAAAAAAAAAA	AAAAAgAAAAAAAAACAAAAABipLg2IgyCDrQPabqq0zrsbFe1kHrVQUoFh5k22OrKPAAAAAAAAAAEAAAABRVVSAAAAAACSnybwqTnMES+F0MhxcC5X4bsCkZwwc3QYKGzlmFw97QAAAAFVU0QAAAAAAJKfJvCpOcwRL4XQyHFwLlfhuwKRnDBzdBgobOWYXD3tAAAAAAAAAAoAAAABAAAAAQAAAAAAAAAAAAAAAQAAAAAAAAAAGKkuDYiDIIOtA9puqrTOuxsV7WQetVBSgWHmTbY6so8AAAACVAvjpgAAAAIAAAAJAAAACQAAAAAAAAAAAAAAAAEAAAAAAAAAAAAAAA==
892df7beb6c5ce3c6e205016576b203c98fb0a2fbd0a236816cd3d6572925afe	5	2	AAAAABipLg2IgyCDrQPabqq0zrsbFe1kHrVQUoFh5k22OrKPAAAACgAAAAIAAAAKAAAAAAAAAAAAAAABAAAAAAAAAAMAAAABMQAAAAAAAACSnybwqTnMES+F0MhxcC5X4bsCkZwwc3QYKGzlmFw97QAAAAFVU0QAAAAAAJKfJvCpOcwRL4XQyHFwLlfhuwKRnDBzdBgobOWYXD3tAAAAAAAAABQAAAABAAAAAQAAAAAAAAAAAAAAAAAAAAG2OrKPAAAAQO4UOhOc58J7bKQeedmmviLE+fCs+9/hiFXyzRuWdLFR/7ImNxWUay/cD+2wU9FJyALhkA6+eJNAJZlEYWe1yAw=	iS33vrbFzjxuIFAWV2sgPJj7Ci+9CiNoFs09ZXKSWv4AAAAAAAAACgAAAAAAAAABAAAAAAAAAAMAAAAAAAAAAAAAAAAAAAAAGKkuDYiDIIOtA9puqrTOuxsV7WQetVBSgWHmTbY6so8AAAAAAAAAAgAAAAExAAAAAAAAAJKfJvCpOcwRL4XQyHFwLlfhuwKRnDBzdBgobOWYXD3tAAAAAVVTRAAAAAAAkp8m8Kk5zBEvhdDIcXAuV+G7ApGcMHN0GChs5ZhcPe0AAAAAAAAAFAAAAAEAAAABAAAAAAAAAAAAAAAA	AAAAAgAAAAAAAAACAAAAABipLg2IgyCDrQPabqq0zrsbFe1kHrVQUoFh5k22OrKPAAAAAAAAAAIAAAABMQAAAAAAAACSnybwqTnMES+F0MhxcC5X4bsCkZwwc3QYKGzlmFw97QAAAAFVU0QAAAAAAJKfJvCpOcwRL4XQyHFwLlfhuwKRnDBzdBgobOWYXD3tAAAAAAAAABQAAAABAAAAAQAAAAAAAAAAAAAAAQAAAAAAAAAAGKkuDYiDIIOtA9puqrTOuxsV7WQetVBSgWHmTbY6so8AAAACVAvjnAAAAAIAAAAKAAAACgAAAAAAAAAAAAAAAAEAAAAAAAAAAAAAAA==
6c8c25937ff3f54d785a4cf0b56cdc0f8a94a06888e0e7ddddaa8c6b2cf91c52	5	3	AAAAABipLg2IgyCDrQPabqq0zrsbFe1kHrVQUoFh5k22OrKPAAAACgAAAAIAAAALAAAAAAAAAAAAAAABAAAAAAAAAAMAAAABRVVSAAAAAACSnybwqTnMES+F0MhxcC5X4bsCkZwwc3QYKGzlmFw97QAAAAExAAAAAAAAAJKfJvCpOcwRL4XQyHFwLlfhuwKRnDBzdBgobOWYXD3tAAAAAAAAABQAAAABAAAAAQAAAAAAAAAAAAAAAAAAAAG2OrKPAAAAQAxZQbEQNS5P/JXugekyyT8T5sML5X6Ub9YzNPSjbcfoaKxKMgVhRFBPT1NjjpC7yD51A6KZ+63R3H9Mw6gFQgk=	bIwlk3/z9U14WkzwtWzcD4qUoGiI4Ofd3aqMayz5HFIAAAAAAAAACgAAAAAAAAABAAAAAAAAAAMAAAAAAAAAAAAAAAAAAAAAGKkuDYiDIIOtA9puqrTOuxsV7WQetVBSgWHmTbY6so8AAAAAAAAAAwAAAAFFVVIAAAAAAJKfJvCpOcwRL4XQyHFwLlfhuwKRnDBzdBgobOWYXD3tAAAAATEAAAAAAAAAkp8m8Kk5zBEvhdDIcXAuV+G7ApGcMHN0GChs5ZhcPe0AAAAAAAAAFAAAAAEAAAABAAAAAAAAAAAAAAAA	AAAAAgAAAAAAAAACAAAAABipLg2IgyCDrQPabqq0zrsbFe1kHrVQUoFh5k22OrKPAAAAAAAAAAMAAAABRVVSAAAAAACSnybwqTnMES+F0MhxcC5X4bsCkZwwc3QYKGzlmFw97QAAAAExAAAAAAAAAJKfJvCpOcwRL4XQyHFwLlfhuwKRnDBzdBgobOWYXD3tAAAAAAAAABQAAAABAAAAAQAAAAAAAAAAAAAAAQAAAAAAAAAAGKkuDYiDIIOtA9puqrTOuxsV7WQetVBSgWHmTbY6so8AAAACVAvjkgAAAAIAAAALAAAACwAAAAAAAAAAAAAAAAEAAAAAAAAAAAAAAA==
8eb6a8a2d17a65e6eb75e8cdd4e45a7376736f54d43e4ed0e3e9249e04e517a4	5	4	AAAAABipLg2IgyCDrQPabqq0zrsbFe1kHrVQUoFh5k22OrKPAAAACgAAAAIAAAAMAAAAAAAAAAAAAAABAAAAAAAAAAMAAAABMjEAAAAAAACSnybwqTnMES+F0MhxcC5X4bsCkZwwc3QYKGzlmFw97QAAAAFVU0QAAAAAAJKfJvCpOcwRL4XQyHFwLlfhuwKRnDBzdBgobOWYXD3tAAAAAAAAAB4AAAABAAAAAQAAAAAAAAAAAAAAAAAAAAG2OrKPAAAAQIGsGn0kIctFCjsGVnYuN+FStRS83BcWXkQb/vfLhtb7TJOVvH5NJNwfWPLoAGTMhOPG8jDPsk+4BbgbwC9XuwM=	jraootF6ZebrdejN1ORac3Zzb1TUPk7Q4+kkngTlF6QAAAAAAAAACgAAAAAAAAABAAAAAAAAAAMAAAAAAAAAAAAAAAAAAAAAGKkuDYiDIIOtA9puqrTOuxsV7WQetVBSgWHmTbY6so8AAAAAAAAABAAAAAEyMQAAAAAAAJKfJvCpOcwRL4XQyHFwLlfhuwKRnDBzdBgobOWYXD3tAAAAAVVTRAAAAAAAkp8m8Kk5zBEvhdDIcXAuV+G7ApGcMHN0GChs5ZhcPe0AAAAAAAAAHgAAAAEAAAABAAAAAAAAAAAAAAAA	AAAAAgAAAAAAAAACAAAAABipLg2IgyCDrQPabqq0zrsbFe1kHrVQUoFh5k22OrKPAAAAAAAAAAQAAAABMjEAAAAAAACSnybwqTnMES+F0MhxcC5X4bsCkZwwc3QYKGzlmFw97QAAAAFVU0QAAAAAAJKfJvCpOcwRL4XQyHFwLlfhuwKRnDBzdBgobOWYXD3tAAAAAAAAAB4AAAABAAAAAQAAAAAAAAAAAAAAAQAAAAAAAAAAGKkuDYiDIIOtA9puqrTOuxsV7WQetVBSgWHmTbY6so8AAAACVAvjiAAAAAIAAAAMAAAADAAAAAAAAAAAAAAAAAEAAAAAAAAAAAAAAA==
992d0a5aa1bcebfa355797dfc37ad4ba691fd94dd59d323505fb9e288cfd3545	5	5	AAAAABipLg2IgyCDrQPabqq0zrsbFe1kHrVQUoFh5k22OrKPAAAACgAAAAIAAAANAAAAAAAAAAAAAAABAAAAAAAAAAMAAAABMjIAAAAAAACSnybwqTnMES+F0MhxcC5X4bsCkZwwc3QYKGzlmFw97QAAAAEyMQAAAAAAAJKfJvCpOcwRL4XQyHFwLlfhuwKRnDBzdBgobOWYXD3tAAAAAAAAAB4AAAABAAAAAQAAAAAAAAAAAAAAAAAAAAG2OrKPAAAAQMkCg8g1K38xaDOneh4a68woLahsr26VjsWkAaYhO6IghV8KFwnYrKQptd9JXOQso1sfF/XTwVqh4C+3HOX1Sgk=	mS0KWqG86/o1V5ffw3rUumkf2U3VnTI1BfueKIz9NUUAAAAAAAAACgAAAAAAAAABAAAAAAAAAAMAAAAAAAAAAAAAAAAAAAAAGKkuDYiDIIOtA9puqrTOuxsV7WQetVBSgWHmTbY6so8AAAAAAAAABQAAAAEyMgAAAAAAAJKfJvCpOcwRL4XQyHFwLlfhuwKRnDBzdBgobOWYXD3tAAAAATIxAAAAAAAAkp8m8Kk5zBEvhdDIcXAuV+G7ApGcMHN0GChs5ZhcPe0AAAAAAAAAHgAAAAEAAAABAAAAAAAAAAAAAAAA	AAAAAgAAAAAAAAACAAAAABipLg2IgyCDrQPabqq0zrsbFe1kHrVQUoFh5k22OrKPAAAAAAAAAAUAAAABMjIAAAAAAACSnybwqTnMES+F0MhxcC5X4bsCkZwwc3QYKGzlmFw97QAAAAEyMQAAAAAAAJKfJvCpOcwRL4XQyHFwLlfhuwKRnDBzdBgobOWYXD3tAAAAAAAAAB4AAAABAAAAAQAAAAAAAAAAAAAAAQAAAAAAAAAAGKkuDYiDIIOtA9puqrTOuxsV7WQetVBSgWHmTbY6so8AAAACVAvjfgAAAAIAAAANAAAADQAAAAAAAAAAAAAAAAEAAAAAAAAAAAAAAA==
1d188cb21bff57f0a9a115f63d641c2ae13c870a494333bc3519a5999205d225	5	6	AAAAABipLg2IgyCDrQPabqq0zrsbFe1kHrVQUoFh5k22OrKPAAAACgAAAAIAAAAOAAAAAAAAAAAAAAABAAAAAAAAAAMAAAABRVVSAAAAAACSnybwqTnMES+F0MhxcC5X4bsCkZwwc3QYKGzlmFw97QAAAAEyMgAAAAAAAJKfJvCpOcwRL4XQyHFwLlfhuwKRnDBzdBgobOWYXD3tAAAAAAAAAB4AAAABAAAAAQAAAAAAAAAAAAAAAAAAAAG2OrKPAAAAQEBT+F9hJAlKJsHI/Kn6KiOR1peokp0ZEfBhx0pG1GhC/lk6Ghk1YYkTXI3C1id54btQj+GmTBTADFwNRHktDAU=	HRiMshv/V/CpoRX2PWQcKuE8hwpJQzO8NRmlmZIF0iUAAAAAAAAACgAAAAAAAAABAAAAAAAAAAMAAAAAAAAAAAAAAAAAAAAAGKkuDYiDIIOtA9puqrTOuxsV7WQetVBSgWHmTbY6so8AAAAAAAAABgAAAAFFVVIAAAAAAJKfJvCpOcwRL4XQyHFwLlfhuwKRnDBzdBgobOWYXD3tAAAAATIyAAAAAAAAkp8m8Kk5zBEvhdDIcXAuV+G7ApGcMHN0GChs5ZhcPe0AAAAAAAAAHgAAAAEAAAABAAAAAAAAAAAAAAAA	AAAAAgAAAAAAAAACAAAAABipLg2IgyCDrQPabqq0zrsbFe1kHrVQUoFh5k22OrKPAAAAAAAAAAYAAAABRVVSAAAAAACSnybwqTnMES+F0MhxcC5X4bsCkZwwc3QYKGzlmFw97QAAAAEyMgAAAAAAAJKfJvCpOcwRL4XQyHFwLlfhuwKRnDBzdBgobOWYXD3tAAAAAAAAAB4AAAABAAAAAQAAAAAAAAAAAAAAAQAAAAAAAAAAGKkuDYiDIIOtA9puqrTOuxsV7WQetVBSgWHmTbY6so8AAAACVAvjdAAAAAIAAAAOAAAADgAAAAAAAAAAAAAAAAEAAAAAAAAAAAAAAA==
1024e43df0fc0d64c7d0fe019861964f726a1b04c2f9f8f895fe27284b1674f3	5	7	AAAAABipLg2IgyCDrQPabqq0zrsbFe1kHrVQUoFh5k22OrKPAAAACgAAAAIAAAAPAAAAAAAAAAAAAAABAAAAAAAAAAMAAAABMzEAAAAAAACSnybwqTnMES+F0MhxcC5X4bsCkZwwc3QYKGzlmFw97QAAAAFVU0QAAAAAAJKfJvCpOcwRL4XQyHFwLlfhuwKRnDBzdBgobOWYXD3tAAAAAAAAACgAAAABAAAAAQAAAAAAAAAAAAAAAAAAAAG2OrKPAAAAQPu/QnXbINMurd1BxeAvAWlfPwnabpiI0WejUMhMgHzjE2Mz8wvP57amEBReXNZc50iS7MYCChG9CNXvzBpCIgo=	ECTkPfD8DWTH0P4BmGGWT3JqGwTC+fj4lf4nKEsWdPMAAAAAAAAACgAAAAAAAAABAAAAAAAAAAMAAAAAAAAAAAAAAAAAAAAAGKkuDYiDIIOtA9puqrTOuxsV7WQetVBSgWHmTbY6so8AAAAAAAAABwAAAAEzMQAAAAAAAJKfJvCpOcwRL4XQyHFwLlfhuwKRnDBzdBgobOWYXD3tAAAAAVVTRAAAAAAAkp8m8Kk5zBEvhdDIcXAuV+G7ApGcMHN0GChs5ZhcPe0AAAAAAAAAKAAAAAEAAAABAAAAAAAAAAAAAAAA	AAAAAgAAAAAAAAACAAAAABipLg2IgyCDrQPabqq0zrsbFe1kHrVQUoFh5k22OrKPAAAAAAAAAAcAAAABMzEAAAAAAACSnybwqTnMES+F0MhxcC5X4bsCkZwwc3QYKGzlmFw97QAAAAFVU0QAAAAAAJKfJvCpOcwRL4XQyHFwLlfhuwKRnDBzdBgobOWYXD3tAAAAAAAAACgAAAABAAAAAQAAAAAAAAAAAAAAAQAAAAAAAAAAGKkuDYiDIIOtA9puqrTOuxsV7WQetVBSgWHmTbY6so8AAAACVAvjagAAAAIAAAAPAAAADwAAAAAAAAAAAAAAAAEAAAAAAAAAAAAAAA==
5d789bee987365dad5ba517583c153de989def7995f8d72bf150714b9dbc3d07	5	8	AAAAABipLg2IgyCDrQPabqq0zrsbFe1kHrVQUoFh5k22OrKPAAAACgAAAAIAAAAQAAAAAAAAAAAAAAABAAAAAAAAAAMAAAABMzIAAAAAAACSnybwqTnMES+F0MhxcC5X4bsCkZwwc3QYKGzlmFw97QAAAAEzMQAAAAAAAJKfJvCpOcwRL4XQyHFwLlfhuwKRnDBzdBgobOWYXD3tAAAAAAAAACgAAAABAAAAAQAAAAAAAAAAAAAAAAAAAAG2OrKPAAAAQI06kyzjxUVJeSnMQlKuNmjRhrHy3D1Lam+j9eAe2agSIUfJE7uOILosuRGcblmoZYqMznA33I7mMOzWUhWLpwg=	XXib7phzZdrVulF1g8FT3pid73mV+Ncr8VBxS528PQcAAAAAAAAACgAAAAAAAAABAAAAAAAAAAMAAAAAAAAAAAAAAAAAAAAAGKkuDYiDIIOtA9puqrTOuxsV7WQetVBSgWHmTbY6so8AAAAAAAAACAAAAAEzMgAAAAAAAJKfJvCpOcwRL4XQyHFwLlfhuwKRnDBzdBgobOWYXD3tAAAAATMxAAAAAAAAkp8m8Kk5zBEvhdDIcXAuV+G7ApGcMHN0GChs5ZhcPe0AAAAAAAAAKAAAAAEAAAABAAAAAAAAAAAAAAAA	AAAAAgAAAAAAAAACAAAAABipLg2IgyCDrQPabqq0zrsbFe1kHrVQUoFh5k22OrKPAAAAAAAAAAgAAAABMzIAAAAAAACSnybwqTnMES+F0MhxcC5X4bsCkZwwc3QYKGzlmFw97QAAAAEzMQAAAAAAAJKfJvCpOcwRL4XQyHFwLlfhuwKRnDBzdBgobOWYXD3tAAAAAAAAACgAAAABAAAAAQAAAAAAAAAAAAAAAQAAAAAAAAAAGKkuDYiDIIOtA9puqrTOuxsV7WQetVBSgWHmTbY6so8AAAACVAvjYAAAAAIAAAAQAAAAEAAAAAAAAAAAAAAAAAEAAAAAAAAAAAAAAA==
1531f434acd0ba0ce722b9a84dc911e619ead9ad27498afdc493343ecfb77fd3	5	9	AAAAABipLg2IgyCDrQPabqq0zrsbFe1kHrVQUoFh5k22OrKPAAAACgAAAAIAAAARAAAAAAAAAAAAAAABAAAAAAAAAAMAAAABMzMAAAAAAACSnybwqTnMES+F0MhxcC5X4bsCkZwwc3QYKGzlmFw97QAAAAEzMgAAAAAAAJKfJvCpOcwRL4XQyHFwLlfhuwKRnDBzdBgobOWYXD3tAAAAAAAAACgAAAABAAAAAQAAAAAAAAAAAAAAAAAAAAG2OrKPAAAAQKlNCMPECk1lcpdtEJpWX1TVcHTlsfvFSLK0aPkq8kAlikei+zm3DR7dSUMRjllA2aGIeIULVvTvw8j1VQKsnww=	FTH0NKzQugznIrmoTckR5hnq2a0nSYr9xJM0Ps+3f9MAAAAAAAAACgAAAAAAAAABAAAAAAAAAAMAAAAAAAAAAAAAAAAAAAAAGKkuDYiDIIOtA9puqrTOuxsV7WQetVBSgWHmTbY6so8AAAAAAAAACQAAAAEzMwAAAAAAAJKfJvCpOcwRL4XQyHFwLlfhuwKRnDBzdBgobOWYXD3tAAAAATMyAAAAAAAAkp8m8Kk5zBEvhdDIcXAuV+G7ApGcMHN0GChs5ZhcPe0AAAAAAAAAKAAAAAEAAAABAAAAAAAAAAAAAAAA	AAAAAgAAAAAAAAACAAAAABipLg2IgyCDrQPabqq0zrsbFe1kHrVQUoFh5k22OrKPAAAAAAAAAAkAAAABMzMAAAAAAACSnybwqTnMES+F0MhxcC5X4bsCkZwwc3QYKGzlmFw97QAAAAEzMgAAAAAAAJKfJvCpOcwRL4XQyHFwLlfhuwKRnDBzdBgobOWYXD3tAAAAAAAAACgAAAABAAAAAQAAAAAAAAAAAAAAAQAAAAAAAAAAGKkuDYiDIIOtA9puqrTOuxsV7WQetVBSgWHmTbY6so8AAAACVAvjVgAAAAIAAAARAAAAEQAAAAAAAAAAAAAAAAEAAAAAAAAAAAAAAA==
bc612e7d03957e15e14e11e87297dd411d1ce01c575e653c8291c261b5d1758b	5	10	AAAAABipLg2IgyCDrQPabqq0zrsbFe1kHrVQUoFh5k22OrKPAAAACgAAAAIAAAASAAAAAAAAAAAAAAABAAAAAAAAAAMAAAABRVVSAAAAAACSnybwqTnMES+F0MhxcC5X4bsCkZwwc3QYKGzlmFw97QAAAAEzMwAAAAAAAJKfJvCpOcwRL4XQyHFwLlfhuwKRnDBzdBgobOWYXD3tAAAAAAAAACgAAAABAAAAAQAAAAAAAAAAAAAAAAAAAAG2OrKPAAAAQAnG7+WOxIZnWlxUxfnrFWvf5SkK+DzSY6RQ/oiqyf/A10pHdjFa1mUVZI/ta8cF5ULjeGqssYPl651Z/eJGrAg=	vGEufQOVfhXhThHocpfdQR0c4BxXXmU8gpHCYbXRdYsAAAAAAAAACgAAAAAAAAABAAAAAAAAAAMAAAAAAAAAAAAAAAAAAAAAGKkuDYiDIIOtA9puqrTOuxsV7WQetVBSgWHmTbY6so8AAAAAAAAACgAAAAFFVVIAAAAAAJKfJvCpOcwRL4XQyHFwLlfhuwKRnDBzdBgobOWYXD3tAAAAATMzAAAAAAAAkp8m8Kk5zBEvhdDIcXAuV+G7ApGcMHN0GChs5ZhcPe0AAAAAAAAAKAAAAAEAAAABAAAAAAAAAAAAAAAA	AAAAAgAAAAAAAAACAAAAABipLg2IgyCDrQPabqq0zrsbFe1kHrVQUoFh5k22OrKPAAAAAAAAAAoAAAABRVVSAAAAAACSnybwqTnMES+F0MhxcC5X4bsCkZwwc3QYKGzlmFw97QAAAAEzMwAAAAAAAJKfJvCpOcwRL4XQyHFwLlfhuwKRnDBzdBgobOWYXD3tAAAAAAAAACgAAAABAAAAAQAAAAAAAAAAAAAAAQAAAAAAAAAAGKkuDYiDIIOtA9puqrTOuxsV7WQetVBSgWHmTbY6so8AAAACVAvjTAAAAAIAAAASAAAAEgAAAAAAAAAAAAAAAAEAAAAAAAAAAAAAAA==
\.


--
-- Name: accounts_pkey; Type: CONSTRAINT; Schema: public; Owner: -; Tablespace: 
--

ALTER TABLE ONLY accounts
    ADD CONSTRAINT accounts_pkey PRIMARY KEY (accountid);


--
-- Name: ledgerheaders_ledgerseq_key; Type: CONSTRAINT; Schema: public; Owner: -; Tablespace: 
--

ALTER TABLE ONLY ledgerheaders
    ADD CONSTRAINT ledgerheaders_ledgerseq_key UNIQUE (ledgerseq);


--
-- Name: ledgerheaders_pkey; Type: CONSTRAINT; Schema: public; Owner: -; Tablespace: 
--

ALTER TABLE ONLY ledgerheaders
    ADD CONSTRAINT ledgerheaders_pkey PRIMARY KEY (ledgerhash);


--
-- Name: offers_pkey; Type: CONSTRAINT; Schema: public; Owner: -; Tablespace: 
--

ALTER TABLE ONLY offers
    ADD CONSTRAINT offers_pkey PRIMARY KEY (offerid);


--
-- Name: peers_pkey; Type: CONSTRAINT; Schema: public; Owner: -; Tablespace: 
--

ALTER TABLE ONLY peers
    ADD CONSTRAINT peers_pkey PRIMARY KEY (ip, port);


--
-- Name: signers_pkey; Type: CONSTRAINT; Schema: public; Owner: -; Tablespace: 
--

ALTER TABLE ONLY signers
    ADD CONSTRAINT signers_pkey PRIMARY KEY (accountid, publickey);


--
-- Name: storestate_pkey; Type: CONSTRAINT; Schema: public; Owner: -; Tablespace: 
--

ALTER TABLE ONLY storestate
    ADD CONSTRAINT storestate_pkey PRIMARY KEY (statename);


--
-- Name: trustlines_pkey; Type: CONSTRAINT; Schema: public; Owner: -; Tablespace: 
--

ALTER TABLE ONLY trustlines
    ADD CONSTRAINT trustlines_pkey PRIMARY KEY (accountid, issuer, alphanumcurrency);


--
-- Name: txhistory_ledgerseq_txindex_key; Type: CONSTRAINT; Schema: public; Owner: -; Tablespace: 
--

ALTER TABLE ONLY txhistory
    ADD CONSTRAINT txhistory_ledgerseq_txindex_key UNIQUE (ledgerseq, txindex);


--
-- Name: txhistory_pkey; Type: CONSTRAINT; Schema: public; Owner: -; Tablespace: 
--

ALTER TABLE ONLY txhistory
    ADD CONSTRAINT txhistory_pkey PRIMARY KEY (txid, ledgerseq);


--
-- Name: accountbalances; Type: INDEX; Schema: public; Owner: -; Tablespace: 
--

CREATE INDEX accountbalances ON accounts USING btree (balance);


--
-- Name: accountlines; Type: INDEX; Schema: public; Owner: -; Tablespace: 
--

CREATE INDEX accountlines ON trustlines USING btree (accountid);


--
-- Name: getsissuerindex; Type: INDEX; Schema: public; Owner: -; Tablespace: 
--

CREATE INDEX getsissuerindex ON offers USING btree (getsissuer);


--
-- Name: ledgersbyseq; Type: INDEX; Schema: public; Owner: -; Tablespace: 
--

CREATE INDEX ledgersbyseq ON ledgerheaders USING btree (ledgerseq);


--
-- Name: paysissuerindex; Type: INDEX; Schema: public; Owner: -; Tablespace: 
--

CREATE INDEX paysissuerindex ON offers USING btree (paysissuer);


--
-- Name: priceindex; Type: INDEX; Schema: public; Owner: -; Tablespace: 
--

CREATE INDEX priceindex ON offers USING btree (price);


--
-- Name: signersaccount; Type: INDEX; Schema: public; Owner: -; Tablespace: 
--

CREATE INDEX signersaccount ON signers USING btree (accountid);


--
-- PostgreSQL database dump complete
--

