--
-- PostgreSQL database dump
--

SET statement_timeout = 0;
SET lock_timeout = 0;
SET client_encoding = 'UTF8';
SET standard_conforming_strings = on;
SET check_function_bodies = false;
SET client_min_messages = warning;

SET search_path = public, pg_catalog;

DROP INDEX public.unique_schema_migrations;
DROP INDEX public.index_history_transactions_on_id;
DROP INDEX public.index_history_transaction_statuses_lc_on_all;
DROP INDEX public.index_history_transaction_participants_on_transaction_hash;
DROP INDEX public.index_history_transaction_participants_on_account;
DROP INDEX public.index_history_operations_on_type;
DROP INDEX public.index_history_operations_on_transaction_id;
DROP INDEX public.index_history_operations_on_id;
DROP INDEX public.index_history_ledgers_on_sequence;
DROP INDEX public.index_history_ledgers_on_previous_ledger_hash;
DROP INDEX public.index_history_ledgers_on_ledger_hash;
DROP INDEX public.index_history_ledgers_on_id;
DROP INDEX public.index_history_ledgers_on_closed_at;
DROP INDEX public.index_history_effects_on_type;
DROP INDEX public.index_history_accounts_on_id;
DROP INDEX public.hs_transaction_by_id;
DROP INDEX public.hs_ledger_by_id;
DROP INDEX public.hist_op_p_id;
DROP INDEX public.hist_e_id;
DROP INDEX public.hist_e_by_order;
DROP INDEX public.by_status;
DROP INDEX public.by_ledger;
DROP INDEX public.by_hash;
DROP INDEX public.by_account;
ALTER TABLE ONLY public.history_transaction_statuses DROP CONSTRAINT history_transaction_statuses_pkey;
ALTER TABLE ONLY public.history_transaction_participants DROP CONSTRAINT history_transaction_participants_pkey;
ALTER TABLE ONLY public.history_operation_participants DROP CONSTRAINT history_operation_participants_pkey;
ALTER TABLE public.history_transaction_statuses ALTER COLUMN id DROP DEFAULT;
ALTER TABLE public.history_transaction_participants ALTER COLUMN id DROP DEFAULT;
ALTER TABLE public.history_operation_participants ALTER COLUMN id DROP DEFAULT;
DROP TABLE public.schema_migrations;
DROP TABLE public.history_transactions;
DROP SEQUENCE public.history_transaction_statuses_id_seq;
DROP TABLE public.history_transaction_statuses;
DROP SEQUENCE public.history_transaction_participants_id_seq;
DROP TABLE public.history_transaction_participants;
DROP TABLE public.history_operations;
DROP SEQUENCE public.history_operation_participants_id_seq;
DROP TABLE public.history_operation_participants;
DROP TABLE public.history_ledgers;
DROP TABLE public.history_effects;
DROP TABLE public.history_accounts;
DROP EXTENSION hstore;
DROP EXTENSION plpgsql;
DROP SCHEMA public;
--
-- Name: public; Type: SCHEMA; Schema: -; Owner: -
--

CREATE SCHEMA public;


--
-- Name: SCHEMA public; Type: COMMENT; Schema: -; Owner: -
--

COMMENT ON SCHEMA public IS 'standard public schema';


--
-- Name: plpgsql; Type: EXTENSION; Schema: -; Owner: -
--

CREATE EXTENSION IF NOT EXISTS plpgsql WITH SCHEMA pg_catalog;


--
-- Name: EXTENSION plpgsql; Type: COMMENT; Schema: -; Owner: -
--

COMMENT ON EXTENSION plpgsql IS 'PL/pgSQL procedural language';


--
-- Name: hstore; Type: EXTENSION; Schema: -; Owner: -
--

CREATE EXTENSION IF NOT EXISTS hstore WITH SCHEMA public;


--
-- Name: EXTENSION hstore; Type: COMMENT; Schema: -; Owner: -
--

COMMENT ON EXTENSION hstore IS 'data type for storing sets of (key, value) pairs';


SET search_path = public, pg_catalog;

SET default_tablespace = '';

SET default_with_oids = false;

--
-- Name: history_accounts; Type: TABLE; Schema: public; Owner: -; Tablespace: 
--

CREATE TABLE history_accounts (
    id bigint NOT NULL,
    address character varying(64)
);


--
-- Name: history_effects; Type: TABLE; Schema: public; Owner: -; Tablespace: 
--

CREATE TABLE history_effects (
    history_account_id bigint NOT NULL,
    history_operation_id bigint NOT NULL,
    "order" integer NOT NULL,
    type integer NOT NULL,
    details jsonb
);


--
-- Name: history_ledgers; Type: TABLE; Schema: public; Owner: -; Tablespace: 
--

CREATE TABLE history_ledgers (
    sequence integer NOT NULL,
    ledger_hash character varying(64) NOT NULL,
    previous_ledger_hash character varying(64),
    transaction_count integer DEFAULT 0 NOT NULL,
    operation_count integer DEFAULT 0 NOT NULL,
    closed_at timestamp without time zone NOT NULL,
    created_at timestamp without time zone,
    updated_at timestamp without time zone,
    id bigint
);


--
-- Name: history_operation_participants; Type: TABLE; Schema: public; Owner: -; Tablespace: 
--

CREATE TABLE history_operation_participants (
    id integer NOT NULL,
    history_operation_id bigint NOT NULL,
    history_account_id bigint NOT NULL
);


--
-- Name: history_operation_participants_id_seq; Type: SEQUENCE; Schema: public; Owner: -
--

CREATE SEQUENCE history_operation_participants_id_seq
    START WITH 1
    INCREMENT BY 1
    NO MINVALUE
    NO MAXVALUE
    CACHE 1;


--
-- Name: history_operation_participants_id_seq; Type: SEQUENCE OWNED BY; Schema: public; Owner: -
--

ALTER SEQUENCE history_operation_participants_id_seq OWNED BY history_operation_participants.id;


--
-- Name: history_operations; Type: TABLE; Schema: public; Owner: -; Tablespace: 
--

CREATE TABLE history_operations (
    id bigint NOT NULL,
    transaction_id bigint NOT NULL,
    application_order integer NOT NULL,
    type integer NOT NULL,
    details jsonb
);


--
-- Name: history_transaction_participants; Type: TABLE; Schema: public; Owner: -; Tablespace: 
--

CREATE TABLE history_transaction_participants (
    id integer NOT NULL,
    transaction_hash character varying(64) NOT NULL,
    account character varying(64) NOT NULL,
    created_at timestamp without time zone,
    updated_at timestamp without time zone
);


--
-- Name: history_transaction_participants_id_seq; Type: SEQUENCE; Schema: public; Owner: -
--

CREATE SEQUENCE history_transaction_participants_id_seq
    START WITH 1
    INCREMENT BY 1
    NO MINVALUE
    NO MAXVALUE
    CACHE 1;


--
-- Name: history_transaction_participants_id_seq; Type: SEQUENCE OWNED BY; Schema: public; Owner: -
--

ALTER SEQUENCE history_transaction_participants_id_seq OWNED BY history_transaction_participants.id;


--
-- Name: history_transaction_statuses; Type: TABLE; Schema: public; Owner: -; Tablespace: 
--

CREATE TABLE history_transaction_statuses (
    id integer NOT NULL,
    result_code_s character varying NOT NULL,
    result_code integer NOT NULL
);


--
-- Name: history_transaction_statuses_id_seq; Type: SEQUENCE; Schema: public; Owner: -
--

CREATE SEQUENCE history_transaction_statuses_id_seq
    START WITH 1
    INCREMENT BY 1
    NO MINVALUE
    NO MAXVALUE
    CACHE 1;


--
-- Name: history_transaction_statuses_id_seq; Type: SEQUENCE OWNED BY; Schema: public; Owner: -
--

ALTER SEQUENCE history_transaction_statuses_id_seq OWNED BY history_transaction_statuses.id;


--
-- Name: history_transactions; Type: TABLE; Schema: public; Owner: -; Tablespace: 
--

CREATE TABLE history_transactions (
    transaction_hash character varying(64) NOT NULL,
    ledger_sequence integer NOT NULL,
    application_order integer NOT NULL,
    account character varying(64) NOT NULL,
    account_sequence bigint NOT NULL,
    max_fee integer NOT NULL,
    fee_paid integer NOT NULL,
    operation_count integer NOT NULL,
    transaction_status_id integer NOT NULL,
    created_at timestamp without time zone,
    updated_at timestamp without time zone,
    id bigint
);


--
-- Name: schema_migrations; Type: TABLE; Schema: public; Owner: -; Tablespace: 
--

CREATE TABLE schema_migrations (
    version character varying(255) NOT NULL
);


--
-- Name: id; Type: DEFAULT; Schema: public; Owner: -
--

ALTER TABLE ONLY history_operation_participants ALTER COLUMN id SET DEFAULT nextval('history_operation_participants_id_seq'::regclass);


--
-- Name: id; Type: DEFAULT; Schema: public; Owner: -
--

ALTER TABLE ONLY history_transaction_participants ALTER COLUMN id SET DEFAULT nextval('history_transaction_participants_id_seq'::regclass);


--
-- Name: id; Type: DEFAULT; Schema: public; Owner: -
--

ALTER TABLE ONLY history_transaction_statuses ALTER COLUMN id SET DEFAULT nextval('history_transaction_statuses_id_seq'::regclass);


--
-- Data for Name: history_accounts; Type: TABLE DATA; Schema: public; Owner: -
--

COPY history_accounts (id, address) FROM stdin;
0	GCEZWKCA5VLDNRLN3RPRJMRZOX3Z6G5CHCGSNFHEYVXM3XOJMDS674JZ
8589938688	GDTOHHVDJDJ6GVZPVTGYVNGR5M446ZCPLFBQ2ZI7IA4JIGCYUHUBWPES
8589942784	GDRFUVECX7FYYFGWNMZ7WIMC6PLHQT6TMMTNBNSBAH7MRNYKDVC3623B
8589946880	GCMONRZZQW6Q6HTQFJBVOU7ZZHFXOU5TAR3KKWL6PK5QYX4GD4ATE56Z
8589950976	GAUHGMNTCAEWAAQIW24NPJ27JHWG232BPVZG64TDVIVOMQSDBYMUYVQL
\.


--
-- Data for Name: history_effects; Type: TABLE DATA; Schema: public; Owner: -
--

COPY history_effects (history_account_id, history_operation_id, "order", type, details) FROM stdin;
8589938688	8589938688	0	0	{"starting_balance": 10000000000}
0	8589938688	1	3	{"amount": 10000000000, "asset_type": "native"}
0	8589938688	2	10	{"weight": 1, "public_key": "GDTOHHVDJDJ6GVZPVTGYVNGR5M446ZCPLFBQ2ZI7IA4JIGCYUHUBWPES"}
8589942784	8589942784	0	0	{"starting_balance": 10000000000}
0	8589942784	1	3	{"amount": 10000000000, "asset_type": "native"}
0	8589942784	2	10	{"weight": 1, "public_key": "GDRFUVECX7FYYFGWNMZ7WIMC6PLHQT6TMMTNBNSBAH7MRNYKDVC3623B"}
8589946880	8589946880	0	0	{"starting_balance": 10000000000}
0	8589946880	1	3	{"amount": 10000000000, "asset_type": "native"}
0	8589946880	2	10	{"weight": 1, "public_key": "GCMONRZZQW6Q6HTQFJBVOU7ZZHFXOU5TAR3KKWL6PK5QYX4GD4ATE56Z"}
8589950976	8589950976	0	0	{"starting_balance": 10000000000}
0	8589950976	1	3	{"amount": 10000000000, "asset_type": "native"}
0	8589950976	2	10	{"weight": 1, "public_key": "GAUHGMNTCAEWAAQIW24NPJ27JHWG232BPVZG64TDVIVOMQSDBYMUYVQL"}
8589942784	12884905984	0	20	{"limit": 9223372036854775807, "asset_code": "USD", "asset_type": "credit_alphanum4", "asset_issuer": "GDTOHHVDJDJ6GVZPVTGYVNGR5M446ZCPLFBQ2ZI7IA4JIGCYUHUBWPES"}
8589950976	12884910080	0	20	{"limit": 9223372036854775807, "asset_code": "USD", "asset_type": "credit_alphanum4", "asset_issuer": "GDTOHHVDJDJ6GVZPVTGYVNGR5M446ZCPLFBQ2ZI7IA4JIGCYUHUBWPES"}
8589946880	12884914176	0	20	{"limit": 9223372036854775807, "asset_code": "EUR", "asset_type": "credit_alphanum4", "asset_issuer": "GDTOHHVDJDJ6GVZPVTGYVNGR5M446ZCPLFBQ2ZI7IA4JIGCYUHUBWPES"}
8589950976	12884918272	0	20	{"limit": 9223372036854775807, "asset_code": "EUR", "asset_type": "credit_alphanum4", "asset_issuer": "GDTOHHVDJDJ6GVZPVTGYVNGR5M446ZCPLFBQ2ZI7IA4JIGCYUHUBWPES"}
8589950976	12884922368	0	20	{"limit": 9223372036854775807, "asset_code": "1", "asset_type": "credit_alphanum4", "asset_issuer": "GDTOHHVDJDJ6GVZPVTGYVNGR5M446ZCPLFBQ2ZI7IA4JIGCYUHUBWPES"}
8589950976	12884926464	0	20	{"limit": 9223372036854775807, "asset_code": "21", "asset_type": "credit_alphanum4", "asset_issuer": "GDTOHHVDJDJ6GVZPVTGYVNGR5M446ZCPLFBQ2ZI7IA4JIGCYUHUBWPES"}
8589950976	12884930560	0	20	{"limit": 9223372036854775807, "asset_code": "22", "asset_type": "credit_alphanum4", "asset_issuer": "GDTOHHVDJDJ6GVZPVTGYVNGR5M446ZCPLFBQ2ZI7IA4JIGCYUHUBWPES"}
8589950976	12884934656	0	20	{"limit": 9223372036854775807, "asset_code": "31", "asset_type": "credit_alphanum4", "asset_issuer": "GDTOHHVDJDJ6GVZPVTGYVNGR5M446ZCPLFBQ2ZI7IA4JIGCYUHUBWPES"}
8589950976	12884938752	0	20	{"limit": 9223372036854775807, "asset_code": "32", "asset_type": "credit_alphanum4", "asset_issuer": "GDTOHHVDJDJ6GVZPVTGYVNGR5M446ZCPLFBQ2ZI7IA4JIGCYUHUBWPES"}
8589950976	12884942848	0	20	{"limit": 9223372036854775807, "asset_code": "33", "asset_type": "credit_alphanum4", "asset_issuer": "GDTOHHVDJDJ6GVZPVTGYVNGR5M446ZCPLFBQ2ZI7IA4JIGCYUHUBWPES"}
8589942784	17179873280	0	2	{"amount": 5000, "asset_code": "USD", "asset_type": "credit_alphanum4", "asset_issuer": "GDTOHHVDJDJ6GVZPVTGYVNGR5M446ZCPLFBQ2ZI7IA4JIGCYUHUBWPES"}
8589938688	17179873280	1	3	{"amount": 5000, "asset_code": "USD", "asset_type": "credit_alphanum4", "asset_issuer": "GDTOHHVDJDJ6GVZPVTGYVNGR5M446ZCPLFBQ2ZI7IA4JIGCYUHUBWPES"}
8589950976	17179877376	0	2	{"amount": 5000, "asset_code": "EUR", "asset_type": "credit_alphanum4", "asset_issuer": "GDTOHHVDJDJ6GVZPVTGYVNGR5M446ZCPLFBQ2ZI7IA4JIGCYUHUBWPES"}
8589938688	17179877376	1	3	{"amount": 5000, "asset_code": "EUR", "asset_type": "credit_alphanum4", "asset_issuer": "GDTOHHVDJDJ6GVZPVTGYVNGR5M446ZCPLFBQ2ZI7IA4JIGCYUHUBWPES"}
8589950976	17179881472	0	2	{"amount": 5000, "asset_code": "1", "asset_type": "credit_alphanum4", "asset_issuer": "GDTOHHVDJDJ6GVZPVTGYVNGR5M446ZCPLFBQ2ZI7IA4JIGCYUHUBWPES"}
8589938688	17179881472	1	3	{"amount": 5000, "asset_code": "1", "asset_type": "credit_alphanum4", "asset_issuer": "GDTOHHVDJDJ6GVZPVTGYVNGR5M446ZCPLFBQ2ZI7IA4JIGCYUHUBWPES"}
8589950976	17179885568	0	2	{"amount": 5000, "asset_code": "21", "asset_type": "credit_alphanum4", "asset_issuer": "GDTOHHVDJDJ6GVZPVTGYVNGR5M446ZCPLFBQ2ZI7IA4JIGCYUHUBWPES"}
8589938688	17179885568	1	3	{"amount": 5000, "asset_code": "21", "asset_type": "credit_alphanum4", "asset_issuer": "GDTOHHVDJDJ6GVZPVTGYVNGR5M446ZCPLFBQ2ZI7IA4JIGCYUHUBWPES"}
8589950976	17179889664	0	2	{"amount": 5000, "asset_code": "22", "asset_type": "credit_alphanum4", "asset_issuer": "GDTOHHVDJDJ6GVZPVTGYVNGR5M446ZCPLFBQ2ZI7IA4JIGCYUHUBWPES"}
8589938688	17179889664	1	3	{"amount": 5000, "asset_code": "22", "asset_type": "credit_alphanum4", "asset_issuer": "GDTOHHVDJDJ6GVZPVTGYVNGR5M446ZCPLFBQ2ZI7IA4JIGCYUHUBWPES"}
8589950976	17179893760	0	2	{"amount": 5000, "asset_code": "31", "asset_type": "credit_alphanum4", "asset_issuer": "GDTOHHVDJDJ6GVZPVTGYVNGR5M446ZCPLFBQ2ZI7IA4JIGCYUHUBWPES"}
8589938688	17179893760	1	3	{"amount": 5000, "asset_code": "31", "asset_type": "credit_alphanum4", "asset_issuer": "GDTOHHVDJDJ6GVZPVTGYVNGR5M446ZCPLFBQ2ZI7IA4JIGCYUHUBWPES"}
8589950976	17179897856	0	2	{"amount": 5000, "asset_code": "32", "asset_type": "credit_alphanum4", "asset_issuer": "GDTOHHVDJDJ6GVZPVTGYVNGR5M446ZCPLFBQ2ZI7IA4JIGCYUHUBWPES"}
8589938688	17179897856	1	3	{"amount": 5000, "asset_code": "32", "asset_type": "credit_alphanum4", "asset_issuer": "GDTOHHVDJDJ6GVZPVTGYVNGR5M446ZCPLFBQ2ZI7IA4JIGCYUHUBWPES"}
8589950976	17179901952	0	2	{"amount": 5000, "asset_code": "33", "asset_type": "credit_alphanum4", "asset_issuer": "GDTOHHVDJDJ6GVZPVTGYVNGR5M446ZCPLFBQ2ZI7IA4JIGCYUHUBWPES"}
8589938688	17179901952	1	3	{"amount": 5000, "asset_code": "33", "asset_type": "credit_alphanum4", "asset_issuer": "GDTOHHVDJDJ6GVZPVTGYVNGR5M446ZCPLFBQ2ZI7IA4JIGCYUHUBWPES"}
\.


--
-- Data for Name: history_ledgers; Type: TABLE DATA; Schema: public; Owner: -
--

COPY history_ledgers (sequence, ledger_hash, previous_ledger_hash, transaction_count, operation_count, closed_at, created_at, updated_at, id) FROM stdin;
1	e8e10918f9c000c73119abe54cf089f59f9015cc93c49ccf00b5e8b9afb6e6b1	\N	0	0	1970-01-01 00:00:00	2015-08-25 16:34:22.140428	2015-08-25 16:34:22.140428	4294967296
2	a78c852cb272c5fc44d64f40610b5933e020c71c37cf6572576a069b19e57db4	e8e10918f9c000c73119abe54cf089f59f9015cc93c49ccf00b5e8b9afb6e6b1	4	4	2015-08-25 16:34:20	2015-08-25 16:34:22.150484	2015-08-25 16:34:22.150484	8589934592
3	38d2a750623a6d6c142271c05afb85b754f4e368459052df936ac8ab8c51a666	a78c852cb272c5fc44d64f40610b5933e020c71c37cf6572576a069b19e57db4	10	10	2015-08-25 16:34:21	2015-08-25 16:34:22.256301	2015-08-25 16:34:22.256301	12884901888
4	77062563b4d886806aa1c9da7fff4db68c4e7ac8a3f98d4fc114c932ddba8a19	38d2a750623a6d6c142271c05afb85b754f4e368459052df936ac8ab8c51a666	8	8	2015-08-25 16:34:22	2015-08-25 16:34:22.381712	2015-08-25 16:34:22.381712	17179869184
5	e8665cde182dec4f811664309697c218e9a0f04883fd3bd8e8a2059565f5024a	77062563b4d886806aa1c9da7fff4db68c4e7ac8a3f98d4fc114c932ddba8a19	10	10	2015-08-25 16:34:23	2015-08-25 16:34:22.512414	2015-08-25 16:34:22.512414	21474836480
\.


--
-- Data for Name: history_operation_participants; Type: TABLE DATA; Schema: public; Owner: -
--

COPY history_operation_participants (id, history_operation_id, history_account_id) FROM stdin;
107	8589938688	0
108	8589938688	8589938688
109	8589942784	0
110	8589942784	8589942784
111	8589946880	0
112	8589946880	8589946880
113	8589950976	0
114	8589950976	8589950976
115	12884905984	8589942784
116	12884910080	8589950976
117	12884914176	8589946880
118	12884918272	8589950976
119	12884922368	8589950976
120	12884926464	8589950976
121	12884930560	8589950976
122	12884934656	8589950976
123	12884938752	8589950976
124	12884942848	8589950976
125	17179873280	8589938688
126	17179873280	8589942784
127	17179877376	8589938688
128	17179877376	8589950976
129	17179881472	8589938688
130	17179881472	8589950976
131	17179885568	8589938688
132	17179885568	8589950976
133	17179889664	8589938688
134	17179889664	8589950976
135	17179893760	8589938688
136	17179893760	8589950976
137	17179897856	8589938688
138	17179897856	8589950976
139	17179901952	8589938688
140	17179901952	8589950976
141	21474840576	8589950976
142	21474844672	8589950976
143	21474848768	8589950976
144	21474852864	8589950976
145	21474856960	8589950976
146	21474861056	8589950976
147	21474865152	8589950976
148	21474869248	8589950976
149	21474873344	8589950976
150	21474877440	8589950976
\.


--
-- Name: history_operation_participants_id_seq; Type: SEQUENCE SET; Schema: public; Owner: -
--

SELECT pg_catalog.setval('history_operation_participants_id_seq', 150, true);


--
-- Data for Name: history_operations; Type: TABLE DATA; Schema: public; Owner: -
--

COPY history_operations (id, transaction_id, application_order, type, details) FROM stdin;
8589938688	8589938688	0	0	{"funder": "GCEZWKCA5VLDNRLN3RPRJMRZOX3Z6G5CHCGSNFHEYVXM3XOJMDS674JZ", "account": "GDTOHHVDJDJ6GVZPVTGYVNGR5M446ZCPLFBQ2ZI7IA4JIGCYUHUBWPES", "starting_balance": 10000000000}
8589942784	8589942784	0	0	{"funder": "GCEZWKCA5VLDNRLN3RPRJMRZOX3Z6G5CHCGSNFHEYVXM3XOJMDS674JZ", "account": "GDRFUVECX7FYYFGWNMZ7WIMC6PLHQT6TMMTNBNSBAH7MRNYKDVC3623B", "starting_balance": 10000000000}
8589946880	8589946880	0	0	{"funder": "GCEZWKCA5VLDNRLN3RPRJMRZOX3Z6G5CHCGSNFHEYVXM3XOJMDS674JZ", "account": "GCMONRZZQW6Q6HTQFJBVOU7ZZHFXOU5TAR3KKWL6PK5QYX4GD4ATE56Z", "starting_balance": 10000000000}
8589950976	8589950976	0	0	{"funder": "GCEZWKCA5VLDNRLN3RPRJMRZOX3Z6G5CHCGSNFHEYVXM3XOJMDS674JZ", "account": "GAUHGMNTCAEWAAQIW24NPJ27JHWG232BPVZG64TDVIVOMQSDBYMUYVQL", "starting_balance": 10000000000}
12884905984	12884905984	0	6	{"limit": 9223372036854775807, "trustee": "GDTOHHVDJDJ6GVZPVTGYVNGR5M446ZCPLFBQ2ZI7IA4JIGCYUHUBWPES", "trustor": "GDRFUVECX7FYYFGWNMZ7WIMC6PLHQT6TMMTNBNSBAH7MRNYKDVC3623B", "asset_code": "USD", "asset_type": "credit_alphanum4", "asset_issuer": "GDTOHHVDJDJ6GVZPVTGYVNGR5M446ZCPLFBQ2ZI7IA4JIGCYUHUBWPES"}
12884910080	12884910080	0	6	{"limit": 9223372036854775807, "trustee": "GDTOHHVDJDJ6GVZPVTGYVNGR5M446ZCPLFBQ2ZI7IA4JIGCYUHUBWPES", "trustor": "GAUHGMNTCAEWAAQIW24NPJ27JHWG232BPVZG64TDVIVOMQSDBYMUYVQL", "asset_code": "USD", "asset_type": "credit_alphanum4", "asset_issuer": "GDTOHHVDJDJ6GVZPVTGYVNGR5M446ZCPLFBQ2ZI7IA4JIGCYUHUBWPES"}
12884914176	12884914176	0	6	{"limit": 9223372036854775807, "trustee": "GDTOHHVDJDJ6GVZPVTGYVNGR5M446ZCPLFBQ2ZI7IA4JIGCYUHUBWPES", "trustor": "GCMONRZZQW6Q6HTQFJBVOU7ZZHFXOU5TAR3KKWL6PK5QYX4GD4ATE56Z", "asset_code": "EUR", "asset_type": "credit_alphanum4", "asset_issuer": "GDTOHHVDJDJ6GVZPVTGYVNGR5M446ZCPLFBQ2ZI7IA4JIGCYUHUBWPES"}
12884918272	12884918272	0	6	{"limit": 9223372036854775807, "trustee": "GDTOHHVDJDJ6GVZPVTGYVNGR5M446ZCPLFBQ2ZI7IA4JIGCYUHUBWPES", "trustor": "GAUHGMNTCAEWAAQIW24NPJ27JHWG232BPVZG64TDVIVOMQSDBYMUYVQL", "asset_code": "EUR", "asset_type": "credit_alphanum4", "asset_issuer": "GDTOHHVDJDJ6GVZPVTGYVNGR5M446ZCPLFBQ2ZI7IA4JIGCYUHUBWPES"}
12884922368	12884922368	0	6	{"limit": 9223372036854775807, "trustee": "GDTOHHVDJDJ6GVZPVTGYVNGR5M446ZCPLFBQ2ZI7IA4JIGCYUHUBWPES", "trustor": "GAUHGMNTCAEWAAQIW24NPJ27JHWG232BPVZG64TDVIVOMQSDBYMUYVQL", "asset_code": "1", "asset_type": "credit_alphanum4", "asset_issuer": "GDTOHHVDJDJ6GVZPVTGYVNGR5M446ZCPLFBQ2ZI7IA4JIGCYUHUBWPES"}
12884926464	12884926464	0	6	{"limit": 9223372036854775807, "trustee": "GDTOHHVDJDJ6GVZPVTGYVNGR5M446ZCPLFBQ2ZI7IA4JIGCYUHUBWPES", "trustor": "GAUHGMNTCAEWAAQIW24NPJ27JHWG232BPVZG64TDVIVOMQSDBYMUYVQL", "asset_code": "21", "asset_type": "credit_alphanum4", "asset_issuer": "GDTOHHVDJDJ6GVZPVTGYVNGR5M446ZCPLFBQ2ZI7IA4JIGCYUHUBWPES"}
12884930560	12884930560	0	6	{"limit": 9223372036854775807, "trustee": "GDTOHHVDJDJ6GVZPVTGYVNGR5M446ZCPLFBQ2ZI7IA4JIGCYUHUBWPES", "trustor": "GAUHGMNTCAEWAAQIW24NPJ27JHWG232BPVZG64TDVIVOMQSDBYMUYVQL", "asset_code": "22", "asset_type": "credit_alphanum4", "asset_issuer": "GDTOHHVDJDJ6GVZPVTGYVNGR5M446ZCPLFBQ2ZI7IA4JIGCYUHUBWPES"}
12884934656	12884934656	0	6	{"limit": 9223372036854775807, "trustee": "GDTOHHVDJDJ6GVZPVTGYVNGR5M446ZCPLFBQ2ZI7IA4JIGCYUHUBWPES", "trustor": "GAUHGMNTCAEWAAQIW24NPJ27JHWG232BPVZG64TDVIVOMQSDBYMUYVQL", "asset_code": "31", "asset_type": "credit_alphanum4", "asset_issuer": "GDTOHHVDJDJ6GVZPVTGYVNGR5M446ZCPLFBQ2ZI7IA4JIGCYUHUBWPES"}
12884938752	12884938752	0	6	{"limit": 9223372036854775807, "trustee": "GDTOHHVDJDJ6GVZPVTGYVNGR5M446ZCPLFBQ2ZI7IA4JIGCYUHUBWPES", "trustor": "GAUHGMNTCAEWAAQIW24NPJ27JHWG232BPVZG64TDVIVOMQSDBYMUYVQL", "asset_code": "32", "asset_type": "credit_alphanum4", "asset_issuer": "GDTOHHVDJDJ6GVZPVTGYVNGR5M446ZCPLFBQ2ZI7IA4JIGCYUHUBWPES"}
12884942848	12884942848	0	6	{"limit": 9223372036854775807, "trustee": "GDTOHHVDJDJ6GVZPVTGYVNGR5M446ZCPLFBQ2ZI7IA4JIGCYUHUBWPES", "trustor": "GAUHGMNTCAEWAAQIW24NPJ27JHWG232BPVZG64TDVIVOMQSDBYMUYVQL", "asset_code": "33", "asset_type": "credit_alphanum4", "asset_issuer": "GDTOHHVDJDJ6GVZPVTGYVNGR5M446ZCPLFBQ2ZI7IA4JIGCYUHUBWPES"}
17179873280	17179873280	0	1	{"to": "GDRFUVECX7FYYFGWNMZ7WIMC6PLHQT6TMMTNBNSBAH7MRNYKDVC3623B", "from": "GDTOHHVDJDJ6GVZPVTGYVNGR5M446ZCPLFBQ2ZI7IA4JIGCYUHUBWPES", "amount": 5000, "asset_code": "USD", "asset_type": "credit_alphanum4", "asset_issuer": "GDTOHHVDJDJ6GVZPVTGYVNGR5M446ZCPLFBQ2ZI7IA4JIGCYUHUBWPES"}
17179877376	17179877376	0	1	{"to": "GAUHGMNTCAEWAAQIW24NPJ27JHWG232BPVZG64TDVIVOMQSDBYMUYVQL", "from": "GDTOHHVDJDJ6GVZPVTGYVNGR5M446ZCPLFBQ2ZI7IA4JIGCYUHUBWPES", "amount": 5000, "asset_code": "EUR", "asset_type": "credit_alphanum4", "asset_issuer": "GDTOHHVDJDJ6GVZPVTGYVNGR5M446ZCPLFBQ2ZI7IA4JIGCYUHUBWPES"}
17179881472	17179881472	0	1	{"to": "GAUHGMNTCAEWAAQIW24NPJ27JHWG232BPVZG64TDVIVOMQSDBYMUYVQL", "from": "GDTOHHVDJDJ6GVZPVTGYVNGR5M446ZCPLFBQ2ZI7IA4JIGCYUHUBWPES", "amount": 5000, "asset_code": "1", "asset_type": "credit_alphanum4", "asset_issuer": "GDTOHHVDJDJ6GVZPVTGYVNGR5M446ZCPLFBQ2ZI7IA4JIGCYUHUBWPES"}
17179885568	17179885568	0	1	{"to": "GAUHGMNTCAEWAAQIW24NPJ27JHWG232BPVZG64TDVIVOMQSDBYMUYVQL", "from": "GDTOHHVDJDJ6GVZPVTGYVNGR5M446ZCPLFBQ2ZI7IA4JIGCYUHUBWPES", "amount": 5000, "asset_code": "21", "asset_type": "credit_alphanum4", "asset_issuer": "GDTOHHVDJDJ6GVZPVTGYVNGR5M446ZCPLFBQ2ZI7IA4JIGCYUHUBWPES"}
17179889664	17179889664	0	1	{"to": "GAUHGMNTCAEWAAQIW24NPJ27JHWG232BPVZG64TDVIVOMQSDBYMUYVQL", "from": "GDTOHHVDJDJ6GVZPVTGYVNGR5M446ZCPLFBQ2ZI7IA4JIGCYUHUBWPES", "amount": 5000, "asset_code": "22", "asset_type": "credit_alphanum4", "asset_issuer": "GDTOHHVDJDJ6GVZPVTGYVNGR5M446ZCPLFBQ2ZI7IA4JIGCYUHUBWPES"}
17179893760	17179893760	0	1	{"to": "GAUHGMNTCAEWAAQIW24NPJ27JHWG232BPVZG64TDVIVOMQSDBYMUYVQL", "from": "GDTOHHVDJDJ6GVZPVTGYVNGR5M446ZCPLFBQ2ZI7IA4JIGCYUHUBWPES", "amount": 5000, "asset_code": "31", "asset_type": "credit_alphanum4", "asset_issuer": "GDTOHHVDJDJ6GVZPVTGYVNGR5M446ZCPLFBQ2ZI7IA4JIGCYUHUBWPES"}
17179897856	17179897856	0	1	{"to": "GAUHGMNTCAEWAAQIW24NPJ27JHWG232BPVZG64TDVIVOMQSDBYMUYVQL", "from": "GDTOHHVDJDJ6GVZPVTGYVNGR5M446ZCPLFBQ2ZI7IA4JIGCYUHUBWPES", "amount": 5000, "asset_code": "32", "asset_type": "credit_alphanum4", "asset_issuer": "GDTOHHVDJDJ6GVZPVTGYVNGR5M446ZCPLFBQ2ZI7IA4JIGCYUHUBWPES"}
17179901952	17179901952	0	1	{"to": "GAUHGMNTCAEWAAQIW24NPJ27JHWG232BPVZG64TDVIVOMQSDBYMUYVQL", "from": "GDTOHHVDJDJ6GVZPVTGYVNGR5M446ZCPLFBQ2ZI7IA4JIGCYUHUBWPES", "amount": 5000, "asset_code": "33", "asset_type": "credit_alphanum4", "asset_issuer": "GDTOHHVDJDJ6GVZPVTGYVNGR5M446ZCPLFBQ2ZI7IA4JIGCYUHUBWPES"}
21474840576	21474840576	0	3	{"price": {"d": 1, "n": 1}, "amount": 10, "offer_id": 0, "buying_asset_code": "USD", "buying_asset_type": "credit_alphanum4", "selling_asset_code": "EUR", "selling_asset_type": "credit_alphanum4", "buying_asset_issuer": "GDTOHHVDJDJ6GVZPVTGYVNGR5M446ZCPLFBQ2ZI7IA4JIGCYUHUBWPES", "selling_asset_issuer": "GDTOHHVDJDJ6GVZPVTGYVNGR5M446ZCPLFBQ2ZI7IA4JIGCYUHUBWPES"}
21474844672	21474844672	0	3	{"price": {"d": 1, "n": 1}, "amount": 20, "offer_id": 0, "buying_asset_code": "USD", "buying_asset_type": "credit_alphanum4", "selling_asset_code": "1", "selling_asset_type": "credit_alphanum4", "buying_asset_issuer": "GDTOHHVDJDJ6GVZPVTGYVNGR5M446ZCPLFBQ2ZI7IA4JIGCYUHUBWPES", "selling_asset_issuer": "GDTOHHVDJDJ6GVZPVTGYVNGR5M446ZCPLFBQ2ZI7IA4JIGCYUHUBWPES"}
21474848768	21474848768	0	3	{"price": {"d": 1, "n": 1}, "amount": 20, "offer_id": 0, "buying_asset_code": "1", "buying_asset_type": "credit_alphanum4", "selling_asset_code": "EUR", "selling_asset_type": "credit_alphanum4", "buying_asset_issuer": "GDTOHHVDJDJ6GVZPVTGYVNGR5M446ZCPLFBQ2ZI7IA4JIGCYUHUBWPES", "selling_asset_issuer": "GDTOHHVDJDJ6GVZPVTGYVNGR5M446ZCPLFBQ2ZI7IA4JIGCYUHUBWPES"}
21474852864	21474852864	0	3	{"price": {"d": 1, "n": 1}, "amount": 30, "offer_id": 0, "buying_asset_code": "USD", "buying_asset_type": "credit_alphanum4", "selling_asset_code": "21", "selling_asset_type": "credit_alphanum4", "buying_asset_issuer": "GDTOHHVDJDJ6GVZPVTGYVNGR5M446ZCPLFBQ2ZI7IA4JIGCYUHUBWPES", "selling_asset_issuer": "GDTOHHVDJDJ6GVZPVTGYVNGR5M446ZCPLFBQ2ZI7IA4JIGCYUHUBWPES"}
21474856960	21474856960	0	3	{"price": {"d": 1, "n": 1}, "amount": 30, "offer_id": 0, "buying_asset_code": "21", "buying_asset_type": "credit_alphanum4", "selling_asset_code": "22", "selling_asset_type": "credit_alphanum4", "buying_asset_issuer": "GDTOHHVDJDJ6GVZPVTGYVNGR5M446ZCPLFBQ2ZI7IA4JIGCYUHUBWPES", "selling_asset_issuer": "GDTOHHVDJDJ6GVZPVTGYVNGR5M446ZCPLFBQ2ZI7IA4JIGCYUHUBWPES"}
21474861056	21474861056	0	3	{"price": {"d": 1, "n": 1}, "amount": 30, "offer_id": 0, "buying_asset_code": "22", "buying_asset_type": "credit_alphanum4", "selling_asset_code": "EUR", "selling_asset_type": "credit_alphanum4", "buying_asset_issuer": "GDTOHHVDJDJ6GVZPVTGYVNGR5M446ZCPLFBQ2ZI7IA4JIGCYUHUBWPES", "selling_asset_issuer": "GDTOHHVDJDJ6GVZPVTGYVNGR5M446ZCPLFBQ2ZI7IA4JIGCYUHUBWPES"}
21474865152	21474865152	0	3	{"price": {"d": 1, "n": 1}, "amount": 40, "offer_id": 0, "buying_asset_code": "USD", "buying_asset_type": "credit_alphanum4", "selling_asset_code": "31", "selling_asset_type": "credit_alphanum4", "buying_asset_issuer": "GDTOHHVDJDJ6GVZPVTGYVNGR5M446ZCPLFBQ2ZI7IA4JIGCYUHUBWPES", "selling_asset_issuer": "GDTOHHVDJDJ6GVZPVTGYVNGR5M446ZCPLFBQ2ZI7IA4JIGCYUHUBWPES"}
21474869248	21474869248	0	3	{"price": {"d": 1, "n": 1}, "amount": 40, "offer_id": 0, "buying_asset_code": "31", "buying_asset_type": "credit_alphanum4", "selling_asset_code": "32", "selling_asset_type": "credit_alphanum4", "buying_asset_issuer": "GDTOHHVDJDJ6GVZPVTGYVNGR5M446ZCPLFBQ2ZI7IA4JIGCYUHUBWPES", "selling_asset_issuer": "GDTOHHVDJDJ6GVZPVTGYVNGR5M446ZCPLFBQ2ZI7IA4JIGCYUHUBWPES"}
21474873344	21474873344	0	3	{"price": {"d": 1, "n": 1}, "amount": 40, "offer_id": 0, "buying_asset_code": "32", "buying_asset_type": "credit_alphanum4", "selling_asset_code": "33", "selling_asset_type": "credit_alphanum4", "buying_asset_issuer": "GDTOHHVDJDJ6GVZPVTGYVNGR5M446ZCPLFBQ2ZI7IA4JIGCYUHUBWPES", "selling_asset_issuer": "GDTOHHVDJDJ6GVZPVTGYVNGR5M446ZCPLFBQ2ZI7IA4JIGCYUHUBWPES"}
21474877440	21474877440	0	3	{"price": {"d": 1, "n": 1}, "amount": 40, "offer_id": 0, "buying_asset_code": "33", "buying_asset_type": "credit_alphanum4", "selling_asset_code": "EUR", "selling_asset_type": "credit_alphanum4", "buying_asset_issuer": "GDTOHHVDJDJ6GVZPVTGYVNGR5M446ZCPLFBQ2ZI7IA4JIGCYUHUBWPES", "selling_asset_issuer": "GDTOHHVDJDJ6GVZPVTGYVNGR5M446ZCPLFBQ2ZI7IA4JIGCYUHUBWPES"}
\.


--
-- Data for Name: history_transaction_participants; Type: TABLE DATA; Schema: public; Owner: -
--

COPY history_transaction_participants (id, transaction_hash, account, created_at, updated_at) FROM stdin;
97	af105aa03932f4d4c1face1759425ba45f6430098775e43903fda698cda9745d	GCEZWKCA5VLDNRLN3RPRJMRZOX3Z6G5CHCGSNFHEYVXM3XOJMDS674JZ	2015-08-25 16:34:22.156193	2015-08-25 16:34:22.156193
98	af105aa03932f4d4c1face1759425ba45f6430098775e43903fda698cda9745d	GDTOHHVDJDJ6GVZPVTGYVNGR5M446ZCPLFBQ2ZI7IA4JIGCYUHUBWPES	2015-08-25 16:34:22.157248	2015-08-25 16:34:22.157248
99	c2021230f8de7cc83726a405782b315c9ecae9c3f09c2819ae5d1c999868eb56	GCEZWKCA5VLDNRLN3RPRJMRZOX3Z6G5CHCGSNFHEYVXM3XOJMDS674JZ	2015-08-25 16:34:22.180536	2015-08-25 16:34:22.180536
100	c2021230f8de7cc83726a405782b315c9ecae9c3f09c2819ae5d1c999868eb56	GDRFUVECX7FYYFGWNMZ7WIMC6PLHQT6TMMTNBNSBAH7MRNYKDVC3623B	2015-08-25 16:34:22.181614	2015-08-25 16:34:22.181614
101	7b699526cf0b9dceb9b932f6844eb3a533f55cfa5d9ebbd97fa624fd1ba33478	GCEZWKCA5VLDNRLN3RPRJMRZOX3Z6G5CHCGSNFHEYVXM3XOJMDS674JZ	2015-08-25 16:34:22.201806	2015-08-25 16:34:22.201806
102	7b699526cf0b9dceb9b932f6844eb3a533f55cfa5d9ebbd97fa624fd1ba33478	GCMONRZZQW6Q6HTQFJBVOU7ZZHFXOU5TAR3KKWL6PK5QYX4GD4ATE56Z	2015-08-25 16:34:22.20284	2015-08-25 16:34:22.20284
103	a2ac689288666e9859ffc43be96918437ea8b274345b8b44b44977f4cf7ed3d4	GCEZWKCA5VLDNRLN3RPRJMRZOX3Z6G5CHCGSNFHEYVXM3XOJMDS674JZ	2015-08-25 16:34:22.222797	2015-08-25 16:34:22.222797
104	a2ac689288666e9859ffc43be96918437ea8b274345b8b44b44977f4cf7ed3d4	GAUHGMNTCAEWAAQIW24NPJ27JHWG232BPVZG64TDVIVOMQSDBYMUYVQL	2015-08-25 16:34:22.22384	2015-08-25 16:34:22.22384
105	fce6c9b2a7e461b175ec2a741b7b30249049ada0adae817e13683d308246f17f	GDRFUVECX7FYYFGWNMZ7WIMC6PLHQT6TMMTNBNSBAH7MRNYKDVC3623B	2015-08-25 16:34:22.260955	2015-08-25 16:34:22.260955
106	1b3186320e40b05488fbdbcbc87b387358ddec3b40c8f24066d975b9192afe12	GAUHGMNTCAEWAAQIW24NPJ27JHWG232BPVZG64TDVIVOMQSDBYMUYVQL	2015-08-25 16:34:22.273377	2015-08-25 16:34:22.273377
107	42a12c2fca1d0ee9a5ace917b46fc728d433900cfadeb8749e1b85592de1a58a	GCMONRZZQW6Q6HTQFJBVOU7ZZHFXOU5TAR3KKWL6PK5QYX4GD4ATE56Z	2015-08-25 16:34:22.284154	2015-08-25 16:34:22.284154
108	f17fff4c3d3d9a0f6d76fde332e2eeac54c670c5269bb135d1e5deadec5b5c31	GAUHGMNTCAEWAAQIW24NPJ27JHWG232BPVZG64TDVIVOMQSDBYMUYVQL	2015-08-25 16:34:22.294907	2015-08-25 16:34:22.294907
109	22b44f8653f1ac583ed3ffb3f525991d483cbcf85d5dc0c4877639c8a4e876d5	GAUHGMNTCAEWAAQIW24NPJ27JHWG232BPVZG64TDVIVOMQSDBYMUYVQL	2015-08-25 16:34:22.305495	2015-08-25 16:34:22.305495
110	dda39807cf1d27bf9dcf534dc02a47c15323c5edc7b969be3808e1da7ae541d0	GAUHGMNTCAEWAAQIW24NPJ27JHWG232BPVZG64TDVIVOMQSDBYMUYVQL	2015-08-25 16:34:22.316492	2015-08-25 16:34:22.316492
111	29c8d3b0adc9c860f38b6945bc041bd45bb78f68cccb5fd5fbb6b4a180ff01a7	GAUHGMNTCAEWAAQIW24NPJ27JHWG232BPVZG64TDVIVOMQSDBYMUYVQL	2015-08-25 16:34:22.327177	2015-08-25 16:34:22.327177
112	e4e1058c469d50553087ca1853833d83f68a0d9cf67212a899dd9236d8da9f00	GAUHGMNTCAEWAAQIW24NPJ27JHWG232BPVZG64TDVIVOMQSDBYMUYVQL	2015-08-25 16:34:22.338016	2015-08-25 16:34:22.338016
113	7b09f640d0e0ee10a55689fa6eda73dd0420f7d3608c4932e1500309eae38cdd	GAUHGMNTCAEWAAQIW24NPJ27JHWG232BPVZG64TDVIVOMQSDBYMUYVQL	2015-08-25 16:34:22.348762	2015-08-25 16:34:22.348762
114	55fb4ba8c675af1e7d02f6f86ac3ae6f9c0577a8bfc7fcd45150943396e99820	GAUHGMNTCAEWAAQIW24NPJ27JHWG232BPVZG64TDVIVOMQSDBYMUYVQL	2015-08-25 16:34:22.361886	2015-08-25 16:34:22.361886
115	9fed0683f62802deff5f54c59a53135590c07f0b150d663cffd4c3fced3dbc99	GDTOHHVDJDJ6GVZPVTGYVNGR5M446ZCPLFBQ2ZI7IA4JIGCYUHUBWPES	2015-08-25 16:34:22.386264	2015-08-25 16:34:22.386264
116	2a263523991444322ac0f289d8ff280f2b6967cd63730d65e70052ecb785c17f	GDTOHHVDJDJ6GVZPVTGYVNGR5M446ZCPLFBQ2ZI7IA4JIGCYUHUBWPES	2015-08-25 16:34:22.401169	2015-08-25 16:34:22.401169
117	f3bf5371d654193abe6bd895ba912cea48b324c5fe8925ccbd80dbd125c14f06	GDTOHHVDJDJ6GVZPVTGYVNGR5M446ZCPLFBQ2ZI7IA4JIGCYUHUBWPES	2015-08-25 16:34:22.417055	2015-08-25 16:34:22.417055
118	a037d4861c18278cb4b207c244ba845e2aa6d0eb0c7e3d11b5b48a0fa5999778	GDTOHHVDJDJ6GVZPVTGYVNGR5M446ZCPLFBQ2ZI7IA4JIGCYUHUBWPES	2015-08-25 16:34:22.431239	2015-08-25 16:34:22.431239
119	0458aa8f58c9a49ecc9051dd3a960f3b6f3561ec2959cc80eae0d2f7b49660c7	GDTOHHVDJDJ6GVZPVTGYVNGR5M446ZCPLFBQ2ZI7IA4JIGCYUHUBWPES	2015-08-25 16:34:22.445554	2015-08-25 16:34:22.445554
120	3846603d430e2943bfcbb0b5306e67cfea978ee8c8f41c0f082de70a5b781468	GDTOHHVDJDJ6GVZPVTGYVNGR5M446ZCPLFBQ2ZI7IA4JIGCYUHUBWPES	2015-08-25 16:34:22.459907	2015-08-25 16:34:22.459907
121	49dfb8fac68398dbdf1db50a7f5aee2f550e0b3d4390e4a24023cf31cd3f3be4	GDTOHHVDJDJ6GVZPVTGYVNGR5M446ZCPLFBQ2ZI7IA4JIGCYUHUBWPES	2015-08-25 16:34:22.476051	2015-08-25 16:34:22.476051
122	f343f31c1fb720c743797c3edde45552dbea80174ece75c212152b710a7d68bd	GDTOHHVDJDJ6GVZPVTGYVNGR5M446ZCPLFBQ2ZI7IA4JIGCYUHUBWPES	2015-08-25 16:34:22.49059	2015-08-25 16:34:22.49059
123	048d9e0ef82d6768acee1c42b650665aed591b5f76841fd81ff46d4fd671624f	GAUHGMNTCAEWAAQIW24NPJ27JHWG232BPVZG64TDVIVOMQSDBYMUYVQL	2015-08-25 16:34:22.51739	2015-08-25 16:34:22.51739
124	54c8aef3ba4c02db7a365e808f1164c5b0e233840fd64c3d2f1a40dbfaf816d3	GAUHGMNTCAEWAAQIW24NPJ27JHWG232BPVZG64TDVIVOMQSDBYMUYVQL	2015-08-25 16:34:22.525417	2015-08-25 16:34:22.525417
125	c9985e90d865fe6cb2cde4820a0dc727c296d02d0d8c8df5a7519feaa9463e21	GAUHGMNTCAEWAAQIW24NPJ27JHWG232BPVZG64TDVIVOMQSDBYMUYVQL	2015-08-25 16:34:22.533038	2015-08-25 16:34:22.533038
126	e8e98613a3526b154886fe82e4f14c9bf3d74ffccd9dbac066fce4d1aa2cb774	GAUHGMNTCAEWAAQIW24NPJ27JHWG232BPVZG64TDVIVOMQSDBYMUYVQL	2015-08-25 16:34:22.541731	2015-08-25 16:34:22.541731
127	0d668d88f0c9f98d9b2d73843fddaad483a4c9a98e0995ee3e7173f4ff766cec	GAUHGMNTCAEWAAQIW24NPJ27JHWG232BPVZG64TDVIVOMQSDBYMUYVQL	2015-08-25 16:34:22.549535	2015-08-25 16:34:22.549535
128	f19028f38612e9980041acf465998e3d6b371dfc7621bf1eccfd2ab6e4f50d5f	GAUHGMNTCAEWAAQIW24NPJ27JHWG232BPVZG64TDVIVOMQSDBYMUYVQL	2015-08-25 16:34:22.557605	2015-08-25 16:34:22.557605
129	7636606df12e3adc732ef44b850de542568e1813ac72dc759a4b2e5a53acfd3a	GAUHGMNTCAEWAAQIW24NPJ27JHWG232BPVZG64TDVIVOMQSDBYMUYVQL	2015-08-25 16:34:22.565981	2015-08-25 16:34:22.565981
130	847ee65e93be682f185a2a26f073a37d2477a45687e36d4c76f9fe1f5da1de31	GAUHGMNTCAEWAAQIW24NPJ27JHWG232BPVZG64TDVIVOMQSDBYMUYVQL	2015-08-25 16:34:22.574754	2015-08-25 16:34:22.574754
131	fd37172e06b2c7e75fb32774f643ca66d5c31433455908c40322a22d29ea6bb6	GAUHGMNTCAEWAAQIW24NPJ27JHWG232BPVZG64TDVIVOMQSDBYMUYVQL	2015-08-25 16:34:22.58334	2015-08-25 16:34:22.58334
132	a2574ad52e33404659b39ef068091c8a838c6a384cb1e1244fc502b818809f97	GAUHGMNTCAEWAAQIW24NPJ27JHWG232BPVZG64TDVIVOMQSDBYMUYVQL	2015-08-25 16:34:22.591589	2015-08-25 16:34:22.591589
\.


--
-- Name: history_transaction_participants_id_seq; Type: SEQUENCE SET; Schema: public; Owner: -
--

SELECT pg_catalog.setval('history_transaction_participants_id_seq', 132, true);


--
-- Data for Name: history_transaction_statuses; Type: TABLE DATA; Schema: public; Owner: -
--

COPY history_transaction_statuses (id, result_code_s, result_code) FROM stdin;
\.


--
-- Name: history_transaction_statuses_id_seq; Type: SEQUENCE SET; Schema: public; Owner: -
--

SELECT pg_catalog.setval('history_transaction_statuses_id_seq', 1, false);


--
-- Data for Name: history_transactions; Type: TABLE DATA; Schema: public; Owner: -
--

COPY history_transactions (transaction_hash, ledger_sequence, application_order, account, account_sequence, max_fee, fee_paid, operation_count, transaction_status_id, created_at, updated_at, id) FROM stdin;
af105aa03932f4d4c1face1759425ba45f6430098775e43903fda698cda9745d	2	1	GCEZWKCA5VLDNRLN3RPRJMRZOX3Z6G5CHCGSNFHEYVXM3XOJMDS674JZ	1	10	10	1	-1	2015-08-25 16:34:22.154109	2015-08-25 16:34:22.154109	8589938688
c2021230f8de7cc83726a405782b315c9ecae9c3f09c2819ae5d1c999868eb56	2	2	GCEZWKCA5VLDNRLN3RPRJMRZOX3Z6G5CHCGSNFHEYVXM3XOJMDS674JZ	2	10	10	1	-1	2015-08-25 16:34:22.178334	2015-08-25 16:34:22.178334	8589942784
7b699526cf0b9dceb9b932f6844eb3a533f55cfa5d9ebbd97fa624fd1ba33478	2	3	GCEZWKCA5VLDNRLN3RPRJMRZOX3Z6G5CHCGSNFHEYVXM3XOJMDS674JZ	3	10	10	1	-1	2015-08-25 16:34:22.199754	2015-08-25 16:34:22.199754	8589946880
a2ac689288666e9859ffc43be96918437ea8b274345b8b44b44977f4cf7ed3d4	2	4	GCEZWKCA5VLDNRLN3RPRJMRZOX3Z6G5CHCGSNFHEYVXM3XOJMDS674JZ	4	10	10	1	-1	2015-08-25 16:34:22.220721	2015-08-25 16:34:22.220721	8589950976
fce6c9b2a7e461b175ec2a741b7b30249049ada0adae817e13683d308246f17f	3	1	GDRFUVECX7FYYFGWNMZ7WIMC6PLHQT6TMMTNBNSBAH7MRNYKDVC3623B	8589934593	10	10	1	-1	2015-08-25 16:34:22.259291	2015-08-25 16:34:22.259291	12884905984
1b3186320e40b05488fbdbcbc87b387358ddec3b40c8f24066d975b9192afe12	3	2	GAUHGMNTCAEWAAQIW24NPJ27JHWG232BPVZG64TDVIVOMQSDBYMUYVQL	8589934593	10	10	1	-1	2015-08-25 16:34:22.271514	2015-08-25 16:34:22.271514	12884910080
42a12c2fca1d0ee9a5ace917b46fc728d433900cfadeb8749e1b85592de1a58a	3	3	GCMONRZZQW6Q6HTQFJBVOU7ZZHFXOU5TAR3KKWL6PK5QYX4GD4ATE56Z	8589934593	10	10	1	-1	2015-08-25 16:34:22.282574	2015-08-25 16:34:22.282574	12884914176
f17fff4c3d3d9a0f6d76fde332e2eeac54c670c5269bb135d1e5deadec5b5c31	3	4	GAUHGMNTCAEWAAQIW24NPJ27JHWG232BPVZG64TDVIVOMQSDBYMUYVQL	8589934594	10	10	1	-1	2015-08-25 16:34:22.293322	2015-08-25 16:34:22.293322	12884918272
22b44f8653f1ac583ed3ffb3f525991d483cbcf85d5dc0c4877639c8a4e876d5	3	5	GAUHGMNTCAEWAAQIW24NPJ27JHWG232BPVZG64TDVIVOMQSDBYMUYVQL	8589934595	10	10	1	-1	2015-08-25 16:34:22.3038	2015-08-25 16:34:22.3038	12884922368
dda39807cf1d27bf9dcf534dc02a47c15323c5edc7b969be3808e1da7ae541d0	3	6	GAUHGMNTCAEWAAQIW24NPJ27JHWG232BPVZG64TDVIVOMQSDBYMUYVQL	8589934596	10	10	1	-1	2015-08-25 16:34:22.314675	2015-08-25 16:34:22.314675	12884926464
29c8d3b0adc9c860f38b6945bc041bd45bb78f68cccb5fd5fbb6b4a180ff01a7	3	7	GAUHGMNTCAEWAAQIW24NPJ27JHWG232BPVZG64TDVIVOMQSDBYMUYVQL	8589934597	10	10	1	-1	2015-08-25 16:34:22.325451	2015-08-25 16:34:22.325451	12884930560
e4e1058c469d50553087ca1853833d83f68a0d9cf67212a899dd9236d8da9f00	3	8	GAUHGMNTCAEWAAQIW24NPJ27JHWG232BPVZG64TDVIVOMQSDBYMUYVQL	8589934598	10	10	1	-1	2015-08-25 16:34:22.336401	2015-08-25 16:34:22.336401	12884934656
7b09f640d0e0ee10a55689fa6eda73dd0420f7d3608c4932e1500309eae38cdd	3	9	GAUHGMNTCAEWAAQIW24NPJ27JHWG232BPVZG64TDVIVOMQSDBYMUYVQL	8589934599	10	10	1	-1	2015-08-25 16:34:22.347095	2015-08-25 16:34:22.347095	12884938752
55fb4ba8c675af1e7d02f6f86ac3ae6f9c0577a8bfc7fcd45150943396e99820	3	10	GAUHGMNTCAEWAAQIW24NPJ27JHWG232BPVZG64TDVIVOMQSDBYMUYVQL	8589934600	10	10	1	-1	2015-08-25 16:34:22.359754	2015-08-25 16:34:22.359754	12884942848
9fed0683f62802deff5f54c59a53135590c07f0b150d663cffd4c3fced3dbc99	4	1	GDTOHHVDJDJ6GVZPVTGYVNGR5M446ZCPLFBQ2ZI7IA4JIGCYUHUBWPES	8589934593	10	10	1	-1	2015-08-25 16:34:22.384654	2015-08-25 16:34:22.384654	17179873280
2a263523991444322ac0f289d8ff280f2b6967cd63730d65e70052ecb785c17f	4	2	GDTOHHVDJDJ6GVZPVTGYVNGR5M446ZCPLFBQ2ZI7IA4JIGCYUHUBWPES	8589934594	10	10	1	-1	2015-08-25 16:34:22.399456	2015-08-25 16:34:22.399456	17179877376
f3bf5371d654193abe6bd895ba912cea48b324c5fe8925ccbd80dbd125c14f06	4	3	GDTOHHVDJDJ6GVZPVTGYVNGR5M446ZCPLFBQ2ZI7IA4JIGCYUHUBWPES	8589934595	10	10	1	-1	2015-08-25 16:34:22.415375	2015-08-25 16:34:22.415375	17179881472
a037d4861c18278cb4b207c244ba845e2aa6d0eb0c7e3d11b5b48a0fa5999778	4	4	GDTOHHVDJDJ6GVZPVTGYVNGR5M446ZCPLFBQ2ZI7IA4JIGCYUHUBWPES	8589934596	10	10	1	-1	2015-08-25 16:34:22.429689	2015-08-25 16:34:22.429689	17179885568
0458aa8f58c9a49ecc9051dd3a960f3b6f3561ec2959cc80eae0d2f7b49660c7	4	5	GDTOHHVDJDJ6GVZPVTGYVNGR5M446ZCPLFBQ2ZI7IA4JIGCYUHUBWPES	8589934597	10	10	1	-1	2015-08-25 16:34:22.443955	2015-08-25 16:34:22.443955	17179889664
3846603d430e2943bfcbb0b5306e67cfea978ee8c8f41c0f082de70a5b781468	4	6	GDTOHHVDJDJ6GVZPVTGYVNGR5M446ZCPLFBQ2ZI7IA4JIGCYUHUBWPES	8589934598	10	10	1	-1	2015-08-25 16:34:22.458261	2015-08-25 16:34:22.458261	17179893760
49dfb8fac68398dbdf1db50a7f5aee2f550e0b3d4390e4a24023cf31cd3f3be4	4	7	GDTOHHVDJDJ6GVZPVTGYVNGR5M446ZCPLFBQ2ZI7IA4JIGCYUHUBWPES	8589934599	10	10	1	-1	2015-08-25 16:34:22.473812	2015-08-25 16:34:22.473812	17179897856
f343f31c1fb720c743797c3edde45552dbea80174ece75c212152b710a7d68bd	4	8	GDTOHHVDJDJ6GVZPVTGYVNGR5M446ZCPLFBQ2ZI7IA4JIGCYUHUBWPES	8589934600	10	10	1	-1	2015-08-25 16:34:22.488864	2015-08-25 16:34:22.488864	17179901952
048d9e0ef82d6768acee1c42b650665aed591b5f76841fd81ff46d4fd671624f	5	1	GAUHGMNTCAEWAAQIW24NPJ27JHWG232BPVZG64TDVIVOMQSDBYMUYVQL	8589934601	10	10	1	-1	2015-08-25 16:34:22.515516	2015-08-25 16:34:22.515516	21474840576
54c8aef3ba4c02db7a365e808f1164c5b0e233840fd64c3d2f1a40dbfaf816d3	5	2	GAUHGMNTCAEWAAQIW24NPJ27JHWG232BPVZG64TDVIVOMQSDBYMUYVQL	8589934602	10	10	1	-1	2015-08-25 16:34:22.523845	2015-08-25 16:34:22.523845	21474844672
c9985e90d865fe6cb2cde4820a0dc727c296d02d0d8c8df5a7519feaa9463e21	5	3	GAUHGMNTCAEWAAQIW24NPJ27JHWG232BPVZG64TDVIVOMQSDBYMUYVQL	8589934603	10	10	1	-1	2015-08-25 16:34:22.531482	2015-08-25 16:34:22.531482	21474848768
e8e98613a3526b154886fe82e4f14c9bf3d74ffccd9dbac066fce4d1aa2cb774	5	4	GAUHGMNTCAEWAAQIW24NPJ27JHWG232BPVZG64TDVIVOMQSDBYMUYVQL	8589934604	10	10	1	-1	2015-08-25 16:34:22.539983	2015-08-25 16:34:22.539983	21474852864
0d668d88f0c9f98d9b2d73843fddaad483a4c9a98e0995ee3e7173f4ff766cec	5	5	GAUHGMNTCAEWAAQIW24NPJ27JHWG232BPVZG64TDVIVOMQSDBYMUYVQL	8589934605	10	10	1	-1	2015-08-25 16:34:22.547764	2015-08-25 16:34:22.547764	21474856960
f19028f38612e9980041acf465998e3d6b371dfc7621bf1eccfd2ab6e4f50d5f	5	6	GAUHGMNTCAEWAAQIW24NPJ27JHWG232BPVZG64TDVIVOMQSDBYMUYVQL	8589934606	10	10	1	-1	2015-08-25 16:34:22.555863	2015-08-25 16:34:22.555863	21474861056
7636606df12e3adc732ef44b850de542568e1813ac72dc759a4b2e5a53acfd3a	5	7	GAUHGMNTCAEWAAQIW24NPJ27JHWG232BPVZG64TDVIVOMQSDBYMUYVQL	8589934607	10	10	1	-1	2015-08-25 16:34:22.564204	2015-08-25 16:34:22.564204	21474865152
847ee65e93be682f185a2a26f073a37d2477a45687e36d4c76f9fe1f5da1de31	5	8	GAUHGMNTCAEWAAQIW24NPJ27JHWG232BPVZG64TDVIVOMQSDBYMUYVQL	8589934608	10	10	1	-1	2015-08-25 16:34:22.573061	2015-08-25 16:34:22.573061	21474869248
fd37172e06b2c7e75fb32774f643ca66d5c31433455908c40322a22d29ea6bb6	5	9	GAUHGMNTCAEWAAQIW24NPJ27JHWG232BPVZG64TDVIVOMQSDBYMUYVQL	8589934609	10	10	1	-1	2015-08-25 16:34:22.581614	2015-08-25 16:34:22.581614	21474873344
a2574ad52e33404659b39ef068091c8a838c6a384cb1e1244fc502b818809f97	5	10	GAUHGMNTCAEWAAQIW24NPJ27JHWG232BPVZG64TDVIVOMQSDBYMUYVQL	8589934610	10	10	1	-1	2015-08-25 16:34:22.589965	2015-08-25 16:34:22.589965	21474877440
\.


--
-- Data for Name: schema_migrations; Type: TABLE DATA; Schema: public; Owner: -
--

COPY schema_migrations (version) FROM stdin;
20150508215546
20150310224849
20150313225945
20150313225955
20150501160031
20150508003829
20150508175821
20150508183542
20150609230237
20150629181921
\.


--
-- Name: history_operation_participants_pkey; Type: CONSTRAINT; Schema: public; Owner: -; Tablespace: 
--

ALTER TABLE ONLY history_operation_participants
    ADD CONSTRAINT history_operation_participants_pkey PRIMARY KEY (id);


--
-- Name: history_transaction_participants_pkey; Type: CONSTRAINT; Schema: public; Owner: -; Tablespace: 
--

ALTER TABLE ONLY history_transaction_participants
    ADD CONSTRAINT history_transaction_participants_pkey PRIMARY KEY (id);


--
-- Name: history_transaction_statuses_pkey; Type: CONSTRAINT; Schema: public; Owner: -; Tablespace: 
--

ALTER TABLE ONLY history_transaction_statuses
    ADD CONSTRAINT history_transaction_statuses_pkey PRIMARY KEY (id);


--
-- Name: by_account; Type: INDEX; Schema: public; Owner: -; Tablespace: 
--

CREATE INDEX by_account ON history_transactions USING btree (account, account_sequence);


--
-- Name: by_hash; Type: INDEX; Schema: public; Owner: -; Tablespace: 
--

CREATE INDEX by_hash ON history_transactions USING btree (transaction_hash);


--
-- Name: by_ledger; Type: INDEX; Schema: public; Owner: -; Tablespace: 
--

CREATE INDEX by_ledger ON history_transactions USING btree (ledger_sequence, application_order);


--
-- Name: by_status; Type: INDEX; Schema: public; Owner: -; Tablespace: 
--

CREATE INDEX by_status ON history_transactions USING btree (transaction_status_id);


--
-- Name: hist_e_by_order; Type: INDEX; Schema: public; Owner: -; Tablespace: 
--

CREATE UNIQUE INDEX hist_e_by_order ON history_effects USING btree (history_operation_id, "order");


--
-- Name: hist_e_id; Type: INDEX; Schema: public; Owner: -; Tablespace: 
--

CREATE UNIQUE INDEX hist_e_id ON history_effects USING btree (history_account_id, history_operation_id, "order");


--
-- Name: hist_op_p_id; Type: INDEX; Schema: public; Owner: -; Tablespace: 
--

CREATE UNIQUE INDEX hist_op_p_id ON history_operation_participants USING btree (history_account_id, history_operation_id);


--
-- Name: hs_ledger_by_id; Type: INDEX; Schema: public; Owner: -; Tablespace: 
--

CREATE UNIQUE INDEX hs_ledger_by_id ON history_ledgers USING btree (id);


--
-- Name: hs_transaction_by_id; Type: INDEX; Schema: public; Owner: -; Tablespace: 
--

CREATE UNIQUE INDEX hs_transaction_by_id ON history_transactions USING btree (id);


--
-- Name: index_history_accounts_on_id; Type: INDEX; Schema: public; Owner: -; Tablespace: 
--

CREATE UNIQUE INDEX index_history_accounts_on_id ON history_accounts USING btree (id);


--
-- Name: index_history_effects_on_type; Type: INDEX; Schema: public; Owner: -; Tablespace: 
--

CREATE INDEX index_history_effects_on_type ON history_effects USING btree (type);


--
-- Name: index_history_ledgers_on_closed_at; Type: INDEX; Schema: public; Owner: -; Tablespace: 
--

CREATE INDEX index_history_ledgers_on_closed_at ON history_ledgers USING btree (closed_at);


--
-- Name: index_history_ledgers_on_id; Type: INDEX; Schema: public; Owner: -; Tablespace: 
--

CREATE UNIQUE INDEX index_history_ledgers_on_id ON history_ledgers USING btree (id);


--
-- Name: index_history_ledgers_on_ledger_hash; Type: INDEX; Schema: public; Owner: -; Tablespace: 
--

CREATE UNIQUE INDEX index_history_ledgers_on_ledger_hash ON history_ledgers USING btree (ledger_hash);


--
-- Name: index_history_ledgers_on_previous_ledger_hash; Type: INDEX; Schema: public; Owner: -; Tablespace: 
--

CREATE UNIQUE INDEX index_history_ledgers_on_previous_ledger_hash ON history_ledgers USING btree (previous_ledger_hash);


--
-- Name: index_history_ledgers_on_sequence; Type: INDEX; Schema: public; Owner: -; Tablespace: 
--

CREATE UNIQUE INDEX index_history_ledgers_on_sequence ON history_ledgers USING btree (sequence);


--
-- Name: index_history_operations_on_id; Type: INDEX; Schema: public; Owner: -; Tablespace: 
--

CREATE UNIQUE INDEX index_history_operations_on_id ON history_operations USING btree (id);


--
-- Name: index_history_operations_on_transaction_id; Type: INDEX; Schema: public; Owner: -; Tablespace: 
--

CREATE INDEX index_history_operations_on_transaction_id ON history_operations USING btree (transaction_id);


--
-- Name: index_history_operations_on_type; Type: INDEX; Schema: public; Owner: -; Tablespace: 
--

CREATE INDEX index_history_operations_on_type ON history_operations USING btree (type);


--
-- Name: index_history_transaction_participants_on_account; Type: INDEX; Schema: public; Owner: -; Tablespace: 
--

CREATE INDEX index_history_transaction_participants_on_account ON history_transaction_participants USING btree (account);


--
-- Name: index_history_transaction_participants_on_transaction_hash; Type: INDEX; Schema: public; Owner: -; Tablespace: 
--

CREATE INDEX index_history_transaction_participants_on_transaction_hash ON history_transaction_participants USING btree (transaction_hash);


--
-- Name: index_history_transaction_statuses_lc_on_all; Type: INDEX; Schema: public; Owner: -; Tablespace: 
--

CREATE UNIQUE INDEX index_history_transaction_statuses_lc_on_all ON history_transaction_statuses USING btree (id, result_code, result_code_s);


--
-- Name: index_history_transactions_on_id; Type: INDEX; Schema: public; Owner: -; Tablespace: 
--

CREATE UNIQUE INDEX index_history_transactions_on_id ON history_transactions USING btree (id);


--
-- Name: unique_schema_migrations; Type: INDEX; Schema: public; Owner: -; Tablespace: 
--

CREATE UNIQUE INDEX unique_schema_migrations ON schema_migrations USING btree (version);


--
-- Name: public; Type: ACL; Schema: -; Owner: -
--

REVOKE ALL ON SCHEMA public FROM PUBLIC;
REVOKE ALL ON SCHEMA public FROM nullstyle;
GRANT ALL ON SCHEMA public TO nullstyle;
GRANT ALL ON SCHEMA public TO PUBLIC;


--
-- PostgreSQL database dump complete
--

