--
-- PostgreSQL database dump
--

SET statement_timeout = 0;
SET lock_timeout = 0;
SET client_encoding = 'UTF8';
SET standard_conforming_strings = on;
SET check_function_bodies = false;
SET client_min_messages = warning;

SET search_path = public, pg_catalog;

DROP INDEX public.signersaccount;
DROP INDEX public.sellingissuerindex;
DROP INDEX public.priceindex;
DROP INDEX public.ledgersbyseq;
DROP INDEX public.buyingissuerindex;
DROP INDEX public.accountlines;
DROP INDEX public.accountbalances;
ALTER TABLE ONLY public.txhistory DROP CONSTRAINT txhistory_pkey;
ALTER TABLE ONLY public.txhistory DROP CONSTRAINT txhistory_ledgerseq_txindex_key;
ALTER TABLE ONLY public.trustlines DROP CONSTRAINT trustlines_pkey;
ALTER TABLE ONLY public.storestate DROP CONSTRAINT storestate_pkey;
ALTER TABLE ONLY public.signers DROP CONSTRAINT signers_pkey;
ALTER TABLE ONLY public.peers DROP CONSTRAINT peers_pkey;
ALTER TABLE ONLY public.offers DROP CONSTRAINT offers_pkey;
ALTER TABLE ONLY public.ledgerheaders DROP CONSTRAINT ledgerheaders_pkey;
ALTER TABLE ONLY public.ledgerheaders DROP CONSTRAINT ledgerheaders_ledgerseq_key;
ALTER TABLE ONLY public.accounts DROP CONSTRAINT accounts_pkey;
DROP TABLE public.txhistory;
DROP TABLE public.trustlines;
DROP TABLE public.storestate;
DROP TABLE public.signers;
DROP TABLE public.peers;
DROP TABLE public.offers;
DROP TABLE public.ledgerheaders;
DROP TABLE public.accounts;
DROP EXTENSION plpgsql;
DROP SCHEMA public;
--
-- Name: public; Type: SCHEMA; Schema: -; Owner: -
--

CREATE SCHEMA public;


--
-- Name: SCHEMA public; Type: COMMENT; Schema: -; Owner: -
--

COMMENT ON SCHEMA public IS 'standard public schema';


--
-- Name: plpgsql; Type: EXTENSION; Schema: -; Owner: -
--

CREATE EXTENSION IF NOT EXISTS plpgsql WITH SCHEMA pg_catalog;


--
-- Name: EXTENSION plpgsql; Type: COMMENT; Schema: -; Owner: -
--

COMMENT ON EXTENSION plpgsql IS 'PL/pgSQL procedural language';


SET search_path = public, pg_catalog;

SET default_tablespace = '';

SET default_with_oids = false;

--
-- Name: accounts; Type: TABLE; Schema: public; Owner: -; Tablespace: 
--

CREATE TABLE accounts (
    accountid character varying(56) NOT NULL,
    balance bigint NOT NULL,
    seqnum bigint NOT NULL,
    numsubentries integer NOT NULL,
    inflationdest character varying(56),
    homedomain character varying(32),
    thresholds text,
    flags integer NOT NULL,
    CONSTRAINT accounts_balance_check CHECK ((balance >= 0)),
    CONSTRAINT accounts_numsubentries_check CHECK ((numsubentries >= 0))
);


--
-- Name: ledgerheaders; Type: TABLE; Schema: public; Owner: -; Tablespace: 
--

CREATE TABLE ledgerheaders (
    ledgerhash character(64) NOT NULL,
    prevhash character(64) NOT NULL,
    bucketlisthash character(64) NOT NULL,
    ledgerseq integer,
    closetime bigint NOT NULL,
    data text NOT NULL,
    CONSTRAINT ledgerheaders_closetime_check CHECK ((closetime >= 0)),
    CONSTRAINT ledgerheaders_ledgerseq_check CHECK ((ledgerseq >= 0))
);


--
-- Name: offers; Type: TABLE; Schema: public; Owner: -; Tablespace: 
--

CREATE TABLE offers (
    sellerid character varying(56) NOT NULL,
    offerid bigint NOT NULL,
    sellingassettype integer,
    sellingassetcode character varying(12),
    sellingissuer character varying(56),
    buyingassettype integer,
    buyingassetcode character varying(12),
    buyingissuer character varying(56),
    amount bigint NOT NULL,
    pricen integer NOT NULL,
    priced integer NOT NULL,
    price bigint NOT NULL,
    flags integer NOT NULL,
    CONSTRAINT offers_amount_check CHECK ((amount >= 0)),
    CONSTRAINT offers_offerid_check CHECK ((offerid >= 0))
);


--
-- Name: peers; Type: TABLE; Schema: public; Owner: -; Tablespace: 
--

CREATE TABLE peers (
    ip character varying(15) NOT NULL,
    port integer DEFAULT 0 NOT NULL,
    nextattempt timestamp without time zone NOT NULL,
    numfailures integer DEFAULT 0 NOT NULL,
    rank integer DEFAULT 0 NOT NULL,
    CONSTRAINT peers_numfailures_check CHECK ((numfailures >= 0)),
    CONSTRAINT peers_port_check CHECK (((port > 0) AND (port <= 65535))),
    CONSTRAINT peers_rank_check CHECK ((rank >= 0))
);


--
-- Name: signers; Type: TABLE; Schema: public; Owner: -; Tablespace: 
--

CREATE TABLE signers (
    accountid character varying(56) NOT NULL,
    publickey character varying(56) NOT NULL,
    weight integer NOT NULL
);


--
-- Name: storestate; Type: TABLE; Schema: public; Owner: -; Tablespace: 
--

CREATE TABLE storestate (
    statename character(32) NOT NULL,
    state text
);


--
-- Name: trustlines; Type: TABLE; Schema: public; Owner: -; Tablespace: 
--

CREATE TABLE trustlines (
    accountid character varying(56) NOT NULL,
    assettype integer NOT NULL,
    issuer character varying(56) NOT NULL,
    assetcode character varying(12) NOT NULL,
    tlimit bigint DEFAULT 0 NOT NULL,
    balance bigint DEFAULT 0 NOT NULL,
    flags integer NOT NULL,
    CONSTRAINT trustlines_balance_check CHECK ((balance >= 0)),
    CONSTRAINT trustlines_tlimit_check CHECK ((tlimit >= 0))
);


--
-- Name: txhistory; Type: TABLE; Schema: public; Owner: -; Tablespace: 
--

CREATE TABLE txhistory (
    txid character(64) NOT NULL,
    ledgerseq integer NOT NULL,
    txindex integer NOT NULL,
    txbody text NOT NULL,
    txresult text NOT NULL,
    txmeta text NOT NULL,
    CONSTRAINT txhistory_ledgerseq_check CHECK ((ledgerseq >= 0))
);


--
-- Data for Name: accounts; Type: TABLE DATA; Schema: public; Owner: -
--

COPY accounts (accountid, balance, seqnum, numsubentries, inflationdest, homedomain, thresholds, flags) FROM stdin;
GCEZWKCA5VLDNRLN3RPRJMRZOX3Z6G5CHCGSNFHEYVXM3XOJMDS674JZ	99999959999999960	4	0	\N		AQAAAA==	0
GCYUOFZ3JEYYEJHGCPRSH7QGYXQJRGZ4TJCY426MAPBMXNEMF2QS6BY4	9999999990	8589934593	1	\N		AQAAAA==	0
GCKRELW3GD7TRDRDAIVPEFDXWFUPLLR3AXBNRNLFRZHSE3SHTOSUAV7D	9999999990	8589934593	1	\N		AQAAAA==	0
GAQGWLHDC76T4P7A6YJ22CBJGTU7E567PHCJE75BK6DRLJJLD46JZO3O	9999999820	8589934610	18	\N		AQAAAA==	0
GCSSR36BWWWYKBMCMYDJDAMTUP7LQYYFGYUKC7VIGTUG6ZABSM53R74J	9999999920	8589934600	0	\N		AQAAAA==	0
\.


--
-- Data for Name: ledgerheaders; Type: TABLE DATA; Schema: public; Owner: -
--

COPY ledgerheaders (ledgerhash, prevhash, bucketlisthash, ledgerseq, closetime, data) FROM stdin;
e8e10918f9c000c73119abe54cf089f59f9015cc93c49ccf00b5e8b9afb6e6b1	0000000000000000000000000000000000000000000000000000000000000000	366ab1da319554c51293d7cbf7893a2373dbb0adb73bc8f86d4842995a948be6	1	0	AAAAAAAAAAAAAAAAAAAAAAAAAAAAAAAAAAAAAAAAAAAAAAAAAAAAAAAAAAAAAAAAAAAAAAAAAAAAAAAAAAAAAAAAAAAAAAAAAAAAAAAAAAAAAAAAAAAAAAAAAAAAAAAAAAAAAAAAAAAAAAAAAAAAAAAAAAA2arHaMZVUxRKT18v3iTojc9uwrbc7yPhtSEKZWpSL5gAAAAEBY0V4XYoAAAAAAAAAAAAAAAAAAAAAAAAAAAAAAAAACgCYloAAAAAAAAAAAAAAAAAAAAAAAAAAAAAAAAAAAAAAAAAAAAAAAAAAAAAAAAAAAAAAAAAAAAAAAAAAAAAAAAAAAAAAAAAAAAAAAAAAAAAAAAAAAAAAAAAAAAAAAAAAAAAAAAAAAAAAAAAAAAAAAAAAAAAAAAAAAAAAAAAAAAAAAAAAAAAAAAA=
48c705ac0bc8dd76e7fd423cb8c5603570f3d675a28ed4766da0f8bc4f23209e	e8e10918f9c000c73119abe54cf089f59f9015cc93c49ccf00b5e8b9afb6e6b1	781798657830dc6820a0ee98c857b8b0a51b06260bbb38e86098c3663adb4608	2	1440440045	AAAAAejhCRj5wADHMRmr5UzwifWfkBXMk8SczwC16Lmvtuax2jUy0nyAKNxwfEEkM5rSHQWSeltH9fKKZzw8VFI9vSkAAAAAVdte7QAAAAEAAAAIAAAAAQAAAAEAAAAAktCLwjjxAo0zYgmbBYul0A91ZQ60CyvF8F/KxM42hhx4F5hleDDcaCCg7pjIV7iwpRsGJgu7OOhgmMNmOttGCAAAAAIBY0V4XYoAAAAAAAAAAAAoAAAAAAAAAAAAAAAAAAAACgCYloAAAAAAAAAAAAAAAAAAAAAAAAAAAAAAAAAAAAAAAAAAAAAAAAAAAAAAAAAAAAAAAAAAAAAAAAAAAAAAAAAAAAAAAAAAAAAAAAAAAAAAAAAAAAAAAAAAAAAAAAAAAAAAAAAAAAAAAAAAAAAAAAAAAAAAAAAAAAAAAAAAAAAAAAAAAAAAAAA=
643d0a201bcd6c6114f51cfc2055ea50c890486c9c259cf82a286caa71ec7c69	48c705ac0bc8dd76e7fd423cb8c5603570f3d675a28ed4766da0f8bc4f23209e	4cd7d343d080eeadc1faf17a4f5920b4b8dc3aa373b5283434d7e9fa73e68cbb	3	1440440046	AAAAAUjHBawLyN125/1CPLjFYDVw89Z1oo7Udm2g+LxPIyCeop7uG4RZrwPb8o0vhXsI6zt2TlLIETlHv8T/E0y5NRAAAAAAVdte7gAAAAAAAAAAVIrTtp40Sn/Fb8RIj87ybeEqloeO1e68Ky5GLqJ2KMRM19ND0IDurcH68XpPWSC0uNw6o3O1KDQ01+n6c+aMuwAAAAMBY0V4XYoAAAAAAAAAAACMAAAAAAAAAAAAAAAAAAAACgCYloAAAAAAAAAAAAAAAAAAAAAAAAAAAAAAAAAAAAAAAAAAAAAAAAAAAAAAAAAAAAAAAAAAAAAAAAAAAAAAAAAAAAAAAAAAAAAAAAAAAAAAAAAAAAAAAAAAAAAAAAAAAAAAAAAAAAAAAAAAAAAAAAAAAAAAAAAAAAAAAAAAAAAAAAAAAAAAAAA=
7bbf64006d115a690c0a31280254e1ad5f7834720ae7a61c48d6ece80d9c0366	643d0a201bcd6c6114f51cfc2055ea50c890486c9c259cf82a286caa71ec7c69	82f2a2a29655b4c44ace550e4fbb09ad2034ffacfbdc9dd2fcbd37ada7c03310	4	1440440047	AAAAAWQ9CiAbzWxhFPUc/CBV6lDIkEhsnCWc+CoobKpx7HxpNATaVFyzAEiM7EOas8MabLJWjvLpjnTFXU3F8LY80twAAAAAVdte7wAAAAAAAAAAX6z32NAAALhf6DWkGkauDk1B5jaG7ec2+clEG/8Tdw2C8qKillW0xErOVQ5PuwmtIDT/rPvcndL8vTetp8AzEAAAAAQBY0V4XYoAAAAAAAAAAADcAAAAAAAAAAAAAAAAAAAACgCYloAAAAAAAAAAAAAAAAAAAAAAAAAAAAAAAAAAAAAAAAAAAAAAAAAAAAAAAAAAAAAAAAAAAAAAAAAAAAAAAAAAAAAAAAAAAAAAAAAAAAAAAAAAAAAAAAAAAAAAAAAAAAAAAAAAAAAAAAAAAAAAAAAAAAAAAAAAAAAAAAAAAAAAAAAAAAAAAAA=
3cc0ea1df4ecdfda443ee5b05191c9d75844e190ca608acfebc16973e9f7a16c	7bbf64006d115a690c0a31280254e1ad5f7834720ae7a61c48d6ece80d9c0366	261628443c7fe293aeba9c8779a17396648b9a8e831ab3065e1c9ade39fee1f1	5	1440440048	AAAAAXu/ZABtEVppDAoxKAJU4a1feDRyCuemHEjW7OgNnANm1nAzRoVqhJjlV1bH/TTE1AAscBH87j9glzq965+zjYsAAAAAVdte8AAAAAAAAAAANcuV9W0+sOctzMPgsD9y2wWv+YTHomRrmuF97qwkTZQmFihEPH/ik666nId5oXOWZIuajoMaswZeHJreOf7h8QAAAAUBY0V4XYoAAAAAAAAAAAFAAAAAAAAAAAAAAAAKAAAACgCYloAAAAAAAAAAAAAAAAAAAAAAAAAAAAAAAAAAAAAAAAAAAAAAAAAAAAAAAAAAAAAAAAAAAAAAAAAAAAAAAAAAAAAAAAAAAAAAAAAAAAAAAAAAAAAAAAAAAAAAAAAAAAAAAAAAAAAAAAAAAAAAAAAAAAAAAAAAAAAAAAAAAAAAAAAAAAAAAAA=
\.


--
-- Data for Name: offers; Type: TABLE DATA; Schema: public; Owner: -
--

COPY offers (sellerid, offerid, sellingassettype, sellingassetcode, sellingissuer, buyingassettype, buyingassetcode, buyingissuer, amount, pricen, priced, price, flags) FROM stdin;
GAQGWLHDC76T4P7A6YJ22CBJGTU7E567PHCJE75BK6DRLJJLD46JZO3O	1	1	EUR	GCSSR36BWWWYKBMCMYDJDAMTUP7LQYYFGYUKC7VIGTUG6ZABSM53R74J	1	USD	GCSSR36BWWWYKBMCMYDJDAMTUP7LQYYFGYUKC7VIGTUG6ZABSM53R74J	10	1	1	10000000	0
GAQGWLHDC76T4P7A6YJ22CBJGTU7E567PHCJE75BK6DRLJJLD46JZO3O	2	1	1	GCSSR36BWWWYKBMCMYDJDAMTUP7LQYYFGYUKC7VIGTUG6ZABSM53R74J	1	USD	GCSSR36BWWWYKBMCMYDJDAMTUP7LQYYFGYUKC7VIGTUG6ZABSM53R74J	20	1	1	10000000	0
GAQGWLHDC76T4P7A6YJ22CBJGTU7E567PHCJE75BK6DRLJJLD46JZO3O	3	1	EUR	GCSSR36BWWWYKBMCMYDJDAMTUP7LQYYFGYUKC7VIGTUG6ZABSM53R74J	1	1	GCSSR36BWWWYKBMCMYDJDAMTUP7LQYYFGYUKC7VIGTUG6ZABSM53R74J	20	1	1	10000000	0
GAQGWLHDC76T4P7A6YJ22CBJGTU7E567PHCJE75BK6DRLJJLD46JZO3O	4	1	21	GCSSR36BWWWYKBMCMYDJDAMTUP7LQYYFGYUKC7VIGTUG6ZABSM53R74J	1	USD	GCSSR36BWWWYKBMCMYDJDAMTUP7LQYYFGYUKC7VIGTUG6ZABSM53R74J	30	1	1	10000000	0
GAQGWLHDC76T4P7A6YJ22CBJGTU7E567PHCJE75BK6DRLJJLD46JZO3O	5	1	22	GCSSR36BWWWYKBMCMYDJDAMTUP7LQYYFGYUKC7VIGTUG6ZABSM53R74J	1	21	GCSSR36BWWWYKBMCMYDJDAMTUP7LQYYFGYUKC7VIGTUG6ZABSM53R74J	30	1	1	10000000	0
GAQGWLHDC76T4P7A6YJ22CBJGTU7E567PHCJE75BK6DRLJJLD46JZO3O	6	1	EUR	GCSSR36BWWWYKBMCMYDJDAMTUP7LQYYFGYUKC7VIGTUG6ZABSM53R74J	1	22	GCSSR36BWWWYKBMCMYDJDAMTUP7LQYYFGYUKC7VIGTUG6ZABSM53R74J	30	1	1	10000000	0
GAQGWLHDC76T4P7A6YJ22CBJGTU7E567PHCJE75BK6DRLJJLD46JZO3O	7	1	31	GCSSR36BWWWYKBMCMYDJDAMTUP7LQYYFGYUKC7VIGTUG6ZABSM53R74J	1	USD	GCSSR36BWWWYKBMCMYDJDAMTUP7LQYYFGYUKC7VIGTUG6ZABSM53R74J	40	1	1	10000000	0
GAQGWLHDC76T4P7A6YJ22CBJGTU7E567PHCJE75BK6DRLJJLD46JZO3O	8	1	32	GCSSR36BWWWYKBMCMYDJDAMTUP7LQYYFGYUKC7VIGTUG6ZABSM53R74J	1	31	GCSSR36BWWWYKBMCMYDJDAMTUP7LQYYFGYUKC7VIGTUG6ZABSM53R74J	40	1	1	10000000	0
GAQGWLHDC76T4P7A6YJ22CBJGTU7E567PHCJE75BK6DRLJJLD46JZO3O	9	1	33	GCSSR36BWWWYKBMCMYDJDAMTUP7LQYYFGYUKC7VIGTUG6ZABSM53R74J	1	32	GCSSR36BWWWYKBMCMYDJDAMTUP7LQYYFGYUKC7VIGTUG6ZABSM53R74J	40	1	1	10000000	0
GAQGWLHDC76T4P7A6YJ22CBJGTU7E567PHCJE75BK6DRLJJLD46JZO3O	10	1	EUR	GCSSR36BWWWYKBMCMYDJDAMTUP7LQYYFGYUKC7VIGTUG6ZABSM53R74J	1	33	GCSSR36BWWWYKBMCMYDJDAMTUP7LQYYFGYUKC7VIGTUG6ZABSM53R74J	40	1	1	10000000	0
\.


--
-- Data for Name: peers; Type: TABLE DATA; Schema: public; Owner: -
--

COPY peers (ip, port, nextattempt, numfailures, rank) FROM stdin;
\.


--
-- Data for Name: signers; Type: TABLE DATA; Schema: public; Owner: -
--

COPY signers (accountid, publickey, weight) FROM stdin;
\.


--
-- Data for Name: storestate; Type: TABLE DATA; Schema: public; Owner: -
--

COPY storestate (statename, state) FROM stdin;
databaseinitialized             	true
forcescponnextlaunch            	false
lastclosedledger                	3cc0ea1df4ecdfda443ee5b05191c9d75844e190ca608acfebc16973e9f7a16c
historyarchivestate             	{\n    "version": 1,\n    "server": "72b501f-dirty",\n    "currentLedger": 5,\n    "currentBuckets": [\n        {\n            "curr": "6aa8d5c0d532acf44e5f2a53e56d5ddffd100f19b1fe170b07f774e08d80d7be",\n            "next": {\n                "state": 0\n            },\n            "snap": "223a5c230990e9c8b4023a72e859204f626a53d01fbbd243e5d7b594ef3290ec"\n        },\n        {\n            "curr": "88af31f4c51afe5ea75861642359376feb623de5bec4354fa56ab752aeec8f36",\n            "next": {\n                "state": 1,\n                "output": "223a5c230990e9c8b4023a72e859204f626a53d01fbbd243e5d7b594ef3290ec"\n            },\n            "snap": "0000000000000000000000000000000000000000000000000000000000000000"\n        },\n        {\n            "curr": "0000000000000000000000000000000000000000000000000000000000000000",\n            "next": {\n                "state": 0\n            },\n            "snap": "0000000000000000000000000000000000000000000000000000000000000000"\n        },\n        {\n            "curr": "0000000000000000000000000000000000000000000000000000000000000000",\n            "next": {\n                "state": 0\n            },\n            "snap": "0000000000000000000000000000000000000000000000000000000000000000"\n        },\n        {\n            "curr": "0000000000000000000000000000000000000000000000000000000000000000",\n            "next": {\n                "state": 0\n            },\n            "snap": "0000000000000000000000000000000000000000000000000000000000000000"\n        },\n        {\n            "curr": "0000000000000000000000000000000000000000000000000000000000000000",\n            "next": {\n                "state": 0\n            },\n            "snap": "0000000000000000000000000000000000000000000000000000000000000000"\n        },\n        {\n            "curr": "0000000000000000000000000000000000000000000000000000000000000000",\n            "next": {\n                "state": 0\n            },\n            "snap": "0000000000000000000000000000000000000000000000000000000000000000"\n        },\n        {\n            "curr": "0000000000000000000000000000000000000000000000000000000000000000",\n            "next": {\n                "state": 0\n            },\n            "snap": "0000000000000000000000000000000000000000000000000000000000000000"\n        },\n        {\n            "curr": "0000000000000000000000000000000000000000000000000000000000000000",\n            "next": {\n                "state": 0\n            },\n            "snap": "0000000000000000000000000000000000000000000000000000000000000000"\n        },\n        {\n            "curr": "0000000000000000000000000000000000000000000000000000000000000000",\n            "next": {\n                "state": 0\n            },\n            "snap": "0000000000000000000000000000000000000000000000000000000000000000"\n        },\n        {\n            "curr": "0000000000000000000000000000000000000000000000000000000000000000",\n            "next": {\n                "state": 0\n            },\n            "snap": "0000000000000000000000000000000000000000000000000000000000000000"\n        }\n    ]\n}
\.


--
-- Data for Name: trustlines; Type: TABLE DATA; Schema: public; Owner: -
--

COPY trustlines (accountid, assettype, issuer, assetcode, tlimit, balance, flags) FROM stdin;
GAQGWLHDC76T4P7A6YJ22CBJGTU7E567PHCJE75BK6DRLJJLD46JZO3O	1	GCSSR36BWWWYKBMCMYDJDAMTUP7LQYYFGYUKC7VIGTUG6ZABSM53R74J	USD	9223372036854775807	0	1
GCKRELW3GD7TRDRDAIVPEFDXWFUPLLR3AXBNRNLFRZHSE3SHTOSUAV7D	1	GCSSR36BWWWYKBMCMYDJDAMTUP7LQYYFGYUKC7VIGTUG6ZABSM53R74J	EUR	9223372036854775807	0	1
GCYUOFZ3JEYYEJHGCPRSH7QGYXQJRGZ4TJCY426MAPBMXNEMF2QS6BY4	1	GCSSR36BWWWYKBMCMYDJDAMTUP7LQYYFGYUKC7VIGTUG6ZABSM53R74J	USD	9223372036854775807	5000	1
GAQGWLHDC76T4P7A6YJ22CBJGTU7E567PHCJE75BK6DRLJJLD46JZO3O	1	GCSSR36BWWWYKBMCMYDJDAMTUP7LQYYFGYUKC7VIGTUG6ZABSM53R74J	EUR	9223372036854775807	5000	1
GAQGWLHDC76T4P7A6YJ22CBJGTU7E567PHCJE75BK6DRLJJLD46JZO3O	1	GCSSR36BWWWYKBMCMYDJDAMTUP7LQYYFGYUKC7VIGTUG6ZABSM53R74J	1	9223372036854775807	5000	1
GAQGWLHDC76T4P7A6YJ22CBJGTU7E567PHCJE75BK6DRLJJLD46JZO3O	1	GCSSR36BWWWYKBMCMYDJDAMTUP7LQYYFGYUKC7VIGTUG6ZABSM53R74J	21	9223372036854775807	5000	1
GAQGWLHDC76T4P7A6YJ22CBJGTU7E567PHCJE75BK6DRLJJLD46JZO3O	1	GCSSR36BWWWYKBMCMYDJDAMTUP7LQYYFGYUKC7VIGTUG6ZABSM53R74J	22	9223372036854775807	5000	1
GAQGWLHDC76T4P7A6YJ22CBJGTU7E567PHCJE75BK6DRLJJLD46JZO3O	1	GCSSR36BWWWYKBMCMYDJDAMTUP7LQYYFGYUKC7VIGTUG6ZABSM53R74J	31	9223372036854775807	5000	1
GAQGWLHDC76T4P7A6YJ22CBJGTU7E567PHCJE75BK6DRLJJLD46JZO3O	1	GCSSR36BWWWYKBMCMYDJDAMTUP7LQYYFGYUKC7VIGTUG6ZABSM53R74J	32	9223372036854775807	5000	1
GAQGWLHDC76T4P7A6YJ22CBJGTU7E567PHCJE75BK6DRLJJLD46JZO3O	1	GCSSR36BWWWYKBMCMYDJDAMTUP7LQYYFGYUKC7VIGTUG6ZABSM53R74J	33	9223372036854775807	5000	1
\.


--
-- Data for Name: txhistory; Type: TABLE DATA; Schema: public; Owner: -
--

COPY txhistory (txid, ledgerseq, txindex, txbody, txresult, txmeta) FROM stdin;
13935d6e59804649bce3a0db24d1dfc0eb18e15e92c15b72b205b230025b273a	2	1	AAAAAImbKEDtVjbFbdxfFLI5dfefG6I4jSaU5MVuzd3JYOXvAAAACgAAAAAAAAABAAAAAAAAAAAAAAABAAAAAAAAAAAAAAAApSjvwbWthQWCZgaRgZOj/rhjBTYooX6oNOhvZAGTO7gAAAACVAvkAAAAAAAAAAAByWDl7wAAAEByBP769WdDmApDPu1jzhQfJLO5KzBDcYqZq27fqwZl4MCztbfntcXJ3MRV8CG3oFOXO15eUtrJtT/BiAYfowEA	E5NdblmARkm846DbJNHfwOsY4V6SwVtysgWyMAJbJzoAAAAAAAAACgAAAAAAAAABAAAAAAAAAAAAAAAAAAAAAA==	AAAAAAAAAAEAAAABAAAAAAAAAACJmyhA7VY2xW3cXxSyOXX3nxuiOI0mlOTFbs3dyWDl7wFjRXhdif/2AAAAAAAAAAEAAAAAAAAAAAAAAAAAAAAAAQAAAAAAAAAAAAAAAAAAAQAAAAIAAAAAAAAAAAAAAAClKO/Bta2FBYJmBpGBk6P+uGMFNiihfqg06G9kAZM7uAAAAAJUC+QAAAAAAgAAAAAAAAAAAAAAAAAAAAAAAAAAAQAAAAAAAAAAAAAAAAAAAQAAAAAAAAAAiZsoQO1WNsVt3F8Usjl1958bojiNJpTkxW7N3clg5e8BY0V2CX4b9gAAAAAAAAABAAAAAAAAAAAAAAAAAAAAAAEAAAAAAAAAAAAAAA==
0a388cbbe3cabc674fcd6a76654fa2974a1c8ee2c2b8f104c914f79ce70f5bef	2	2	AAAAAImbKEDtVjbFbdxfFLI5dfefG6I4jSaU5MVuzd3JYOXvAAAACgAAAAAAAAACAAAAAAAAAAAAAAABAAAAAAAAAAAAAAAAsUcXO0kxgiTmE+Mj/gbF4JibPJpFjmvMA8LLtIwuoS8AAAACVAvkAAAAAAAAAAAByWDl7wAAAECuNIoflrnJceWkGGQUVoEmyueeZiRfH0Y81vkTSmOwTojB+vw2fJwXh8tUxKGDnjr6x6085eN4VL31mHMY+LYP	CjiMu+PKvGdPzWp2ZU+il0ocjuLCuPEEyRT3nOcPW+8AAAAAAAAACgAAAAAAAAABAAAAAAAAAAAAAAAAAAAAAA==	AAAAAAAAAAEAAAABAAAAAAAAAACJmyhA7VY2xW3cXxSyOXX3nxuiOI0mlOTFbs3dyWDl7wFjRXYJfhvsAAAAAAAAAAIAAAAAAAAAAAAAAAAAAAAAAQAAAAAAAAAAAAAAAAAAAQAAAAIAAAAAAAAAAAAAAACxRxc7STGCJOYT4yP+BsXgmJs8mkWOa8wDwsu0jC6hLwAAAAJUC+QAAAAAAgAAAAAAAAAAAAAAAAAAAAAAAAAAAQAAAAAAAAAAAAAAAAAAAQAAAAAAAAAAiZsoQO1WNsVt3F8Usjl1958bojiNJpTkxW7N3clg5e8BY0VztXI37AAAAAAAAAACAAAAAAAAAAAAAAAAAAAAAAEAAAAAAAAAAAAAAA==
228f8b22b579725990ef12a01dc8062f7c07fef77ceaa55547256bc1b65d9f2e	2	3	AAAAAImbKEDtVjbFbdxfFLI5dfefG6I4jSaU5MVuzd3JYOXvAAAACgAAAAAAAAADAAAAAAAAAAAAAAABAAAAAAAAAAAAAAAAlRIu2zD/OI4jAiryFHexaPWuOwXC2LVljk8ibkebpUAAAAACVAvkAAAAAAAAAAAByWDl7wAAAED6Pd+GavBvs87DxeN0c+cUas3PVKh0GKu6tAC4AHBgWd8dfxAmZQIA5ocC8QjL8NHbC4MJzg2wHQ1Z8Zf8l74O	Io+LIrV5clmQ7xKgHcgGL3wH/vd86qVVRyVrwbZdny4AAAAAAAAACgAAAAAAAAABAAAAAAAAAAAAAAAAAAAAAA==	AAAAAAAAAAEAAAABAAAAAAAAAACJmyhA7VY2xW3cXxSyOXX3nxuiOI0mlOTFbs3dyWDl7wFjRXO1cjfiAAAAAAAAAAMAAAAAAAAAAAAAAAAAAAAAAQAAAAAAAAAAAAAAAAAAAQAAAAIAAAAAAAAAAAAAAACVEi7bMP84jiMCKvIUd7Fo9a47BcLYtWWOTyJuR5ulQAAAAAJUC+QAAAAAAgAAAAAAAAAAAAAAAAAAAAAAAAAAAQAAAAAAAAAAAAAAAAAAAQAAAAAAAAAAiZsoQO1WNsVt3F8Usjl1958bojiNJpTkxW7N3clg5e8BY0VxYWZT4gAAAAAAAAADAAAAAAAAAAAAAAAAAAAAAAEAAAAAAAAAAAAAAA==
c2568b4aad465469f8c935124c8408f0960918e45cf5b742e8227541161d871f	2	4	AAAAAImbKEDtVjbFbdxfFLI5dfefG6I4jSaU5MVuzd3JYOXvAAAACgAAAAAAAAAEAAAAAAAAAAAAAAABAAAAAAAAAAAAAAAAIGss4xf9Pj/g9hOtCCk06fJ333nEkn+hV4cVpSsfPJwAAAACVAvkAAAAAAAAAAAByWDl7wAAAECH77kH+jL1/61Csg8Juis+CuWP0tBywq3CfoxzSdFXVf68FSG2xZ1qlNuAPzmWTFAr4ih1x5jLEo3Gf35+aDoO	wlaLSq1GVGn4yTUSTIQI8JYJGORc9bdC6CJ1QRYdhx8AAAAAAAAACgAAAAAAAAABAAAAAAAAAAAAAAAAAAAAAA==	AAAAAAAAAAEAAAABAAAAAAAAAACJmyhA7VY2xW3cXxSyOXX3nxuiOI0mlOTFbs3dyWDl7wFjRXFhZlPYAAAAAAAAAAQAAAAAAAAAAAAAAAAAAAAAAQAAAAAAAAAAAAAAAAAAAQAAAAIAAAAAAAAAAAAAAAAgayzjF/0+P+D2E60IKTTp8nffecSSf6FXhxWlKx88nAAAAAJUC+QAAAAAAgAAAAAAAAAAAAAAAAAAAAAAAAAAAQAAAAAAAAAAAAAAAAAAAQAAAAAAAAAAiZsoQO1WNsVt3F8Usjl1958bojiNJpTkxW7N3clg5e8BY0VvDVpv2AAAAAAAAAAEAAAAAAAAAAAAAAAAAAAAAAEAAAAAAAAAAAAAAA==
d978db900e138cd90fc402e419572c676c873da6586cb7485b470a63b658b1a9	3	1	AAAAALFHFztJMYIk5hPjI/4GxeCYmzyaRY5rzAPCy7SMLqEvAAAACgAAAAIAAAABAAAAAAAAAAAAAAABAAAAAAAAAAYAAAABVVNEAAAAAAClKO/Bta2FBYJmBpGBk6P+uGMFNiihfqg06G9kAZM7uH//////////AAAAAAAAAAGMLqEvAAAAQPBfyR2H7P+n9e5JByaojfsNiwj+vM0302TbAJiMN+pHrXZVcI5iF3+fCvYftMIQpfPB5NUOmSeiDQfCgOKRkgg=	2XjbkA4TjNkPxALkGVcsZ2yHPaZYbLdIW0cKY7ZYsakAAAAAAAAACgAAAAAAAAABAAAAAAAAAAYAAAAAAAAAAA==	AAAAAAAAAAEAAAABAAAAAAAAAACxRxc7STGCJOYT4yP+BsXgmJs8mkWOa8wDwsu0jC6hLwAAAAJUC+P2AAAAAgAAAAEAAAAAAAAAAAAAAAAAAAAAAQAAAAAAAAAAAAAAAAAAAQAAAAIAAAAAAAAAAQAAAACxRxc7STGCJOYT4yP+BsXgmJs8mkWOa8wDwsu0jC6hLwAAAAFVU0QAAAAAAKUo78G1rYUFgmYGkYGTo/64YwU2KKF+qDTob2QBkzu4AAAAAAAAAAB//////////wAAAAEAAAAAAAAAAQAAAAAAAAAAsUcXO0kxgiTmE+Mj/gbF4JibPJpFjmvMA8LLtIwuoS8AAAACVAvj9gAAAAIAAAABAAAAAQAAAAAAAAAAAAAAAAEAAAAAAAAAAAAAAA==
5f6502ba035f69091c9539fa2fbbdc583f44f2881880aad6fd8f71b614a12997	3	2	AAAAACBrLOMX/T4/4PYTrQgpNOnyd995xJJ/oVeHFaUrHzycAAAACgAAAAIAAAABAAAAAAAAAAAAAAABAAAAAAAAAAYAAAABVVNEAAAAAAClKO/Bta2FBYJmBpGBk6P+uGMFNiihfqg06G9kAZM7uH//////////AAAAAAAAAAErHzycAAAAQGQlxTvtF2LCltm+EXce8OsyAVzgrFSCTsKuBYREd8VjDscWu+Csi/5IcfTdPHgcsS4l7gSk+TsdnoTuhCu2Uw0=	X2UCugNfaQkclTn6L7vcWD9E8ogYgKrW/Y9xthShKZcAAAAAAAAACgAAAAAAAAABAAAAAAAAAAYAAAAAAAAAAA==	AAAAAAAAAAEAAAABAAAAAAAAAAAgayzjF/0+P+D2E60IKTTp8nffecSSf6FXhxWlKx88nAAAAAJUC+P2AAAAAgAAAAEAAAAAAAAAAAAAAAAAAAAAAQAAAAAAAAAAAAAAAAAAAQAAAAIAAAAAAAAAAQAAAAAgayzjF/0+P+D2E60IKTTp8nffecSSf6FXhxWlKx88nAAAAAFVU0QAAAAAAKUo78G1rYUFgmYGkYGTo/64YwU2KKF+qDTob2QBkzu4AAAAAAAAAAB//////////wAAAAEAAAAAAAAAAQAAAAAAAAAAIGss4xf9Pj/g9hOtCCk06fJ333nEkn+hV4cVpSsfPJwAAAACVAvj9gAAAAIAAAABAAAAAQAAAAAAAAAAAAAAAAEAAAAAAAAAAAAAAA==
4b6d5c1eaf8624a1a71f882518f7f06166aa00e598f5ea740090ba3d53b09874	3	3	AAAAAJUSLtsw/ziOIwIq8hR3sWj1rjsFwti1ZY5PIm5Hm6VAAAAACgAAAAIAAAABAAAAAAAAAAAAAAABAAAAAAAAAAYAAAABRVVSAAAAAAClKO/Bta2FBYJmBpGBk6P+uGMFNiihfqg06G9kAZM7uH//////////AAAAAAAAAAFHm6VAAAAAQO7tVSaXs7kfMfQMQr+2OjZmFChX//IgENRjGyaFfp4wzPGq3BPWqc3zPxCJ/nSKJDghCNG0nQMcjB74hqAZvQw=	S21cHq+GJKGnH4glGPfwYWaqAOWY9ep0AJC6PVOwmHQAAAAAAAAACgAAAAAAAAABAAAAAAAAAAYAAAAAAAAAAA==	AAAAAAAAAAEAAAABAAAAAAAAAACVEi7bMP84jiMCKvIUd7Fo9a47BcLYtWWOTyJuR5ulQAAAAAJUC+P2AAAAAgAAAAEAAAAAAAAAAAAAAAAAAAAAAQAAAAAAAAAAAAAAAAAAAQAAAAIAAAAAAAAAAQAAAACVEi7bMP84jiMCKvIUd7Fo9a47BcLYtWWOTyJuR5ulQAAAAAFFVVIAAAAAAKUo78G1rYUFgmYGkYGTo/64YwU2KKF+qDTob2QBkzu4AAAAAAAAAAB//////////wAAAAEAAAAAAAAAAQAAAAAAAAAAlRIu2zD/OI4jAiryFHexaPWuOwXC2LVljk8ibkebpUAAAAACVAvj9gAAAAIAAAABAAAAAQAAAAAAAAAAAAAAAAEAAAAAAAAAAAAAAA==
304b5b61963101ade22038a006fddd5bbfaf04b21875a8edc78ece0381894740	3	4	AAAAACBrLOMX/T4/4PYTrQgpNOnyd995xJJ/oVeHFaUrHzycAAAACgAAAAIAAAACAAAAAAAAAAAAAAABAAAAAAAAAAYAAAABRVVSAAAAAAClKO/Bta2FBYJmBpGBk6P+uGMFNiihfqg06G9kAZM7uH//////////AAAAAAAAAAErHzycAAAAQJIa3xrm78pzytVkeSO6C+K6Pm7Zpo+C+ILFaR8sFZ/Va6Pd/K5ebuYXeZQh2KBp6ouvMFiExIBRES+latObSws=	MEtbYZYxAa3iIDigBv3dW7+vBLIYdajtx47OA4GJR0AAAAAAAAAACgAAAAAAAAABAAAAAAAAAAYAAAAAAAAAAA==	AAAAAAAAAAEAAAABAAAAAAAAAAAgayzjF/0+P+D2E60IKTTp8nffecSSf6FXhxWlKx88nAAAAAJUC+PsAAAAAgAAAAIAAAABAAAAAAAAAAAAAAAAAQAAAAAAAAAAAAAAAAAAAQAAAAIAAAAAAAAAAQAAAAAgayzjF/0+P+D2E60IKTTp8nffecSSf6FXhxWlKx88nAAAAAFFVVIAAAAAAKUo78G1rYUFgmYGkYGTo/64YwU2KKF+qDTob2QBkzu4AAAAAAAAAAB//////////wAAAAEAAAAAAAAAAQAAAAAAAAAAIGss4xf9Pj/g9hOtCCk06fJ333nEkn+hV4cVpSsfPJwAAAACVAvj7AAAAAIAAAACAAAAAgAAAAAAAAAAAAAAAAEAAAAAAAAAAAAAAA==
ce39fad0ff2330d8932f0b6a40846204e858ca62343bfea700daa2e14a55c5a5	3	5	AAAAACBrLOMX/T4/4PYTrQgpNOnyd995xJJ/oVeHFaUrHzycAAAACgAAAAIAAAADAAAAAAAAAAAAAAABAAAAAAAAAAYAAAABMQAAAAAAAAClKO/Bta2FBYJmBpGBk6P+uGMFNiihfqg06G9kAZM7uH//////////AAAAAAAAAAErHzycAAAAQHpu6cPhfNnfFSSeMJ9DtIugrMOVI+/oTG1CVHzC828D/ks+eToaW3k+If20AF+VayPIbY1fOIikDR6OhTF3MAY=	zjn60P8jMNiTLwtqQIRiBOhYymI0O/6nANqi4UpVxaUAAAAAAAAACgAAAAAAAAABAAAAAAAAAAYAAAAAAAAAAA==	AAAAAAAAAAEAAAABAAAAAAAAAAAgayzjF/0+P+D2E60IKTTp8nffecSSf6FXhxWlKx88nAAAAAJUC+PiAAAAAgAAAAMAAAACAAAAAAAAAAAAAAAAAQAAAAAAAAAAAAAAAAAAAQAAAAIAAAAAAAAAAQAAAAAgayzjF/0+P+D2E60IKTTp8nffecSSf6FXhxWlKx88nAAAAAExAAAAAAAAAKUo78G1rYUFgmYGkYGTo/64YwU2KKF+qDTob2QBkzu4AAAAAAAAAAB//////////wAAAAEAAAAAAAAAAQAAAAAAAAAAIGss4xf9Pj/g9hOtCCk06fJ333nEkn+hV4cVpSsfPJwAAAACVAvj4gAAAAIAAAADAAAAAwAAAAAAAAAAAAAAAAEAAAAAAAAAAAAAAA==
781f728b91c739718a0dbafe44b01fa9ac9979bd20088ff1dc6a457e33c705b0	3	6	AAAAACBrLOMX/T4/4PYTrQgpNOnyd995xJJ/oVeHFaUrHzycAAAACgAAAAIAAAAEAAAAAAAAAAAAAAABAAAAAAAAAAYAAAABMjEAAAAAAAClKO/Bta2FBYJmBpGBk6P+uGMFNiihfqg06G9kAZM7uH//////////AAAAAAAAAAErHzycAAAAQLa1WKcocsu5HK7VGVHgswsTfBbIMsz8eutntZChi2o1plUfCu+iw2v0X6jbrXBLJm+XEIozz8/NQErro+h+1wk=	eB9yi5HHOXGKDbr+RLAfqayZeb0gCI/x3GpFfjPHBbAAAAAAAAAACgAAAAAAAAABAAAAAAAAAAYAAAAAAAAAAA==	AAAAAAAAAAEAAAABAAAAAAAAAAAgayzjF/0+P+D2E60IKTTp8nffecSSf6FXhxWlKx88nAAAAAJUC+PYAAAAAgAAAAQAAAADAAAAAAAAAAAAAAAAAQAAAAAAAAAAAAAAAAAAAQAAAAIAAAAAAAAAAQAAAAAgayzjF/0+P+D2E60IKTTp8nffecSSf6FXhxWlKx88nAAAAAEyMQAAAAAAAKUo78G1rYUFgmYGkYGTo/64YwU2KKF+qDTob2QBkzu4AAAAAAAAAAB//////////wAAAAEAAAAAAAAAAQAAAAAAAAAAIGss4xf9Pj/g9hOtCCk06fJ333nEkn+hV4cVpSsfPJwAAAACVAvj2AAAAAIAAAAEAAAABAAAAAAAAAAAAAAAAAEAAAAAAAAAAAAAAA==
4e5cd930857d28eb7bd724a110403645390840470326c0e463a524d08ab78648	3	7	AAAAACBrLOMX/T4/4PYTrQgpNOnyd995xJJ/oVeHFaUrHzycAAAACgAAAAIAAAAFAAAAAAAAAAAAAAABAAAAAAAAAAYAAAABMjIAAAAAAAClKO/Bta2FBYJmBpGBk6P+uGMFNiihfqg06G9kAZM7uH//////////AAAAAAAAAAErHzycAAAAQDgpPoipOhbwvigjWAIcOvQt9bOPMw/XAC5nvvbFgxLmJ6wf0EtQqSr5T8yHQ+Kr1sq6nO1COuAQGVY++ERdngw=	TlzZMIV9KOt71yShEEA2RTkIQEcDJsDkY6Uk0Iq3hkgAAAAAAAAACgAAAAAAAAABAAAAAAAAAAYAAAAAAAAAAA==	AAAAAAAAAAEAAAABAAAAAAAAAAAgayzjF/0+P+D2E60IKTTp8nffecSSf6FXhxWlKx88nAAAAAJUC+POAAAAAgAAAAUAAAAEAAAAAAAAAAAAAAAAAQAAAAAAAAAAAAAAAAAAAQAAAAIAAAAAAAAAAQAAAAAgayzjF/0+P+D2E60IKTTp8nffecSSf6FXhxWlKx88nAAAAAEyMgAAAAAAAKUo78G1rYUFgmYGkYGTo/64YwU2KKF+qDTob2QBkzu4AAAAAAAAAAB//////////wAAAAEAAAAAAAAAAQAAAAAAAAAAIGss4xf9Pj/g9hOtCCk06fJ333nEkn+hV4cVpSsfPJwAAAACVAvjzgAAAAIAAAAFAAAABQAAAAAAAAAAAAAAAAEAAAAAAAAAAAAAAA==
cd34d52615ae119ae19be1df0ab1eaaa441a2420b127586cdd932b9c895bbadf	3	8	AAAAACBrLOMX/T4/4PYTrQgpNOnyd995xJJ/oVeHFaUrHzycAAAACgAAAAIAAAAGAAAAAAAAAAAAAAABAAAAAAAAAAYAAAABMzEAAAAAAAClKO/Bta2FBYJmBpGBk6P+uGMFNiihfqg06G9kAZM7uH//////////AAAAAAAAAAErHzycAAAAQDddtUG8UGf/RnUIVkxCFdsq1EmPj981BsTAE89M+9BCJG/GeBkG+hP4RvEuQl3BT63sGeOvka48NfNBtM8rRAc=	zTTVJhWuEZrhm+HfCrHqqkQaJCCxJ1hs3ZMrnIlbut8AAAAAAAAACgAAAAAAAAABAAAAAAAAAAYAAAAAAAAAAA==	AAAAAAAAAAEAAAABAAAAAAAAAAAgayzjF/0+P+D2E60IKTTp8nffecSSf6FXhxWlKx88nAAAAAJUC+PEAAAAAgAAAAYAAAAFAAAAAAAAAAAAAAAAAQAAAAAAAAAAAAAAAAAAAQAAAAIAAAAAAAAAAQAAAAAgayzjF/0+P+D2E60IKTTp8nffecSSf6FXhxWlKx88nAAAAAEzMQAAAAAAAKUo78G1rYUFgmYGkYGTo/64YwU2KKF+qDTob2QBkzu4AAAAAAAAAAB//////////wAAAAEAAAAAAAAAAQAAAAAAAAAAIGss4xf9Pj/g9hOtCCk06fJ333nEkn+hV4cVpSsfPJwAAAACVAvjxAAAAAIAAAAGAAAABgAAAAAAAAAAAAAAAAEAAAAAAAAAAAAAAA==
bda2be829a22bfec94535afc83a56f5af8e23228de0bbda4062846ada2d48e5a	3	9	AAAAACBrLOMX/T4/4PYTrQgpNOnyd995xJJ/oVeHFaUrHzycAAAACgAAAAIAAAAHAAAAAAAAAAAAAAABAAAAAAAAAAYAAAABMzIAAAAAAAClKO/Bta2FBYJmBpGBk6P+uGMFNiihfqg06G9kAZM7uH//////////AAAAAAAAAAErHzycAAAAQOflJTNyElO3jQUkiIRx6BXR+2GI38/6SHRn0jYDLqtfC5K7gobnv/2yRK2JeJKP5ruQFlwVntl1eqZUCWxBnww=	vaK+gpoiv+yUU1r8g6VvWvjiMijeC72kBihGraLUjloAAAAAAAAACgAAAAAAAAABAAAAAAAAAAYAAAAAAAAAAA==	AAAAAAAAAAEAAAABAAAAAAAAAAAgayzjF/0+P+D2E60IKTTp8nffecSSf6FXhxWlKx88nAAAAAJUC+O6AAAAAgAAAAcAAAAGAAAAAAAAAAAAAAAAAQAAAAAAAAAAAAAAAAAAAQAAAAIAAAAAAAAAAQAAAAAgayzjF/0+P+D2E60IKTTp8nffecSSf6FXhxWlKx88nAAAAAEzMgAAAAAAAKUo78G1rYUFgmYGkYGTo/64YwU2KKF+qDTob2QBkzu4AAAAAAAAAAB//////////wAAAAEAAAAAAAAAAQAAAAAAAAAAIGss4xf9Pj/g9hOtCCk06fJ333nEkn+hV4cVpSsfPJwAAAACVAvjugAAAAIAAAAHAAAABwAAAAAAAAAAAAAAAAEAAAAAAAAAAAAAAA==
377306cca660c6fca1bccea2289d93993d6fa05451838f5ea07d48accc3a793a	3	10	AAAAACBrLOMX/T4/4PYTrQgpNOnyd995xJJ/oVeHFaUrHzycAAAACgAAAAIAAAAIAAAAAAAAAAAAAAABAAAAAAAAAAYAAAABMzMAAAAAAAClKO/Bta2FBYJmBpGBk6P+uGMFNiihfqg06G9kAZM7uH//////////AAAAAAAAAAErHzycAAAAQNLDpMvlxLBRQ8+F0Gcgv/2IIwSjjDcT/VoEnjaA42TtTNC6XRC5CYmHhleZrWTWl+9k6Cgz+u14cDUWRpbvbwQ=	N3MGzKZgxvyhvM6iKJ2TmT1voFRRg49eoH1IrMw6eToAAAAAAAAACgAAAAAAAAABAAAAAAAAAAYAAAAAAAAAAA==	AAAAAAAAAAEAAAABAAAAAAAAAAAgayzjF/0+P+D2E60IKTTp8nffecSSf6FXhxWlKx88nAAAAAJUC+OwAAAAAgAAAAgAAAAHAAAAAAAAAAAAAAAAAQAAAAAAAAAAAAAAAAAAAQAAAAIAAAAAAAAAAQAAAAAgayzjF/0+P+D2E60IKTTp8nffecSSf6FXhxWlKx88nAAAAAEzMwAAAAAAAKUo78G1rYUFgmYGkYGTo/64YwU2KKF+qDTob2QBkzu4AAAAAAAAAAB//////////wAAAAEAAAAAAAAAAQAAAAAAAAAAIGss4xf9Pj/g9hOtCCk06fJ333nEkn+hV4cVpSsfPJwAAAACVAvjsAAAAAIAAAAIAAAACAAAAAAAAAAAAAAAAAEAAAAAAAAAAAAAAA==
5d19c35d28ebf29e4b932ff502aa1087c243d5e01bbe7c3d234664a59d4d8f47	4	1	AAAAAKUo78G1rYUFgmYGkYGTo/64YwU2KKF+qDTob2QBkzu4AAAACgAAAAIAAAABAAAAAAAAAAAAAAABAAAAAAAAAAEAAAAAsUcXO0kxgiTmE+Mj/gbF4JibPJpFjmvMA8LLtIwuoS8AAAABVVNEAAAAAAClKO/Bta2FBYJmBpGBk6P+uGMFNiihfqg06G9kAZM7uAAAAAAAABOIAAAAAAAAAAEBkzu4AAAAQCqXwKbJCE3OFrmidfuYccxaxwDIoFoi9E1LqDgRLl+NvkHSTIj7tqONCRjIWhLPmJSxM6ioNtfbdiderdZwGQU=	XRnDXSjr8p5Lky/1AqoQh8JD1eAbvnw9I0ZkpZ1Nj0cAAAAAAAAACgAAAAAAAAABAAAAAAAAAAEAAAAAAAAAAA==	AAAAAAAAAAEAAAABAAAAAAAAAAClKO/Bta2FBYJmBpGBk6P+uGMFNiihfqg06G9kAZM7uAAAAAJUC+P2AAAAAgAAAAEAAAAAAAAAAAAAAAAAAAAAAQAAAAAAAAAAAAAAAAAAAQAAAAEAAAABAAAAAQAAAACxRxc7STGCJOYT4yP+BsXgmJs8mkWOa8wDwsu0jC6hLwAAAAFVU0QAAAAAAKUo78G1rYUFgmYGkYGTo/64YwU2KKF+qDTob2QBkzu4AAAAAAAAE4h//////////wAAAAEAAAAA
89135eff073fd1e099a74cdf6b358629bbed76b680112f876bd7ae6aeead63d3	4	2	AAAAAKUo78G1rYUFgmYGkYGTo/64YwU2KKF+qDTob2QBkzu4AAAACgAAAAIAAAACAAAAAAAAAAAAAAABAAAAAAAAAAEAAAAAIGss4xf9Pj/g9hOtCCk06fJ333nEkn+hV4cVpSsfPJwAAAABRVVSAAAAAAClKO/Bta2FBYJmBpGBk6P+uGMFNiihfqg06G9kAZM7uAAAAAAAABOIAAAAAAAAAAEBkzu4AAAAQGjTgucfnX4KmRNnxm6j9dqv3jDFhGf3lrWzSXCgDQ3LUmvX5OAx/ib6tnCofrOurN8dQkTVeyN8QJdknoa6bwA=	iRNe/wc/0eCZp0zfazWGKbvtdraAES+Ha9euau6tY9MAAAAAAAAACgAAAAAAAAABAAAAAAAAAAEAAAAAAAAAAA==	AAAAAAAAAAEAAAABAAAAAAAAAAClKO/Bta2FBYJmBpGBk6P+uGMFNiihfqg06G9kAZM7uAAAAAJUC+PsAAAAAgAAAAIAAAAAAAAAAAAAAAAAAAAAAQAAAAAAAAAAAAAAAAAAAQAAAAEAAAABAAAAAQAAAAAgayzjF/0+P+D2E60IKTTp8nffecSSf6FXhxWlKx88nAAAAAFFVVIAAAAAAKUo78G1rYUFgmYGkYGTo/64YwU2KKF+qDTob2QBkzu4AAAAAAAAE4h//////////wAAAAEAAAAA
9d35dda582b656981dfca684a717f02bc3a731bcbb82c1c60b39db3b43bddd18	4	3	AAAAAKUo78G1rYUFgmYGkYGTo/64YwU2KKF+qDTob2QBkzu4AAAACgAAAAIAAAADAAAAAAAAAAAAAAABAAAAAAAAAAEAAAAAIGss4xf9Pj/g9hOtCCk06fJ333nEkn+hV4cVpSsfPJwAAAABMQAAAAAAAAClKO/Bta2FBYJmBpGBk6P+uGMFNiihfqg06G9kAZM7uAAAAAAAABOIAAAAAAAAAAEBkzu4AAAAQFMQZChdD9eVtX0RDT6fPUuWpB8X7t0lMRjFdgyHbOoebVSmyga1RB3xs5Bm2vmV59qK4GwIbFu2D18P4Er6xwg=	nTXdpYK2Vpgd/KaEpxfwK8OnMby7gsHGCznbO0O93RgAAAAAAAAACgAAAAAAAAABAAAAAAAAAAEAAAAAAAAAAA==	AAAAAAAAAAEAAAABAAAAAAAAAAClKO/Bta2FBYJmBpGBk6P+uGMFNiihfqg06G9kAZM7uAAAAAJUC+PiAAAAAgAAAAMAAAAAAAAAAAAAAAAAAAAAAQAAAAAAAAAAAAAAAAAAAQAAAAEAAAABAAAAAQAAAAAgayzjF/0+P+D2E60IKTTp8nffecSSf6FXhxWlKx88nAAAAAExAAAAAAAAAKUo78G1rYUFgmYGkYGTo/64YwU2KKF+qDTob2QBkzu4AAAAAAAAE4h//////////wAAAAEAAAAA
e966f72f076e3a18c5bd815752402a48e0cebdf0f3f79dd510157ffcc3a0ad71	4	4	AAAAAKUo78G1rYUFgmYGkYGTo/64YwU2KKF+qDTob2QBkzu4AAAACgAAAAIAAAAEAAAAAAAAAAAAAAABAAAAAAAAAAEAAAAAIGss4xf9Pj/g9hOtCCk06fJ333nEkn+hV4cVpSsfPJwAAAABMjEAAAAAAAClKO/Bta2FBYJmBpGBk6P+uGMFNiihfqg06G9kAZM7uAAAAAAAABOIAAAAAAAAAAEBkzu4AAAAQOmcFvk9098zsJNf4/eWaAG4koiLyfz3nMUprTSvaVYF7C7rEP78BOSI0B5ttJYOg9wKBqjM2yyDIdXv4pvdKAc=	6Wb3LwduOhjFvYFXUkAqSODOvfDz953VEBV//MOgrXEAAAAAAAAACgAAAAAAAAABAAAAAAAAAAEAAAAAAAAAAA==	AAAAAAAAAAEAAAABAAAAAAAAAAClKO/Bta2FBYJmBpGBk6P+uGMFNiihfqg06G9kAZM7uAAAAAJUC+PYAAAAAgAAAAQAAAAAAAAAAAAAAAAAAAAAAQAAAAAAAAAAAAAAAAAAAQAAAAEAAAABAAAAAQAAAAAgayzjF/0+P+D2E60IKTTp8nffecSSf6FXhxWlKx88nAAAAAEyMQAAAAAAAKUo78G1rYUFgmYGkYGTo/64YwU2KKF+qDTob2QBkzu4AAAAAAAAE4h//////////wAAAAEAAAAA
f25895c0323006006f43d64c8853c5061a8093f060fa9936d1c48bcaa2011be9	4	5	AAAAAKUo78G1rYUFgmYGkYGTo/64YwU2KKF+qDTob2QBkzu4AAAACgAAAAIAAAAFAAAAAAAAAAAAAAABAAAAAAAAAAEAAAAAIGss4xf9Pj/g9hOtCCk06fJ333nEkn+hV4cVpSsfPJwAAAABMjIAAAAAAAClKO/Bta2FBYJmBpGBk6P+uGMFNiihfqg06G9kAZM7uAAAAAAAABOIAAAAAAAAAAEBkzu4AAAAQJJ226XkZAG6KK9D4g6sJDKPzlN7mLI1HIt5OwRZSSGfRfFQcR64mjv+DBPGpL7jxZSkikKNgGoaOrdo5RnCngg=	8liVwDIwBgBvQ9ZMiFPFBhqAk/Bg+pk20cSLyqIBG+kAAAAAAAAACgAAAAAAAAABAAAAAAAAAAEAAAAAAAAAAA==	AAAAAAAAAAEAAAABAAAAAAAAAAClKO/Bta2FBYJmBpGBk6P+uGMFNiihfqg06G9kAZM7uAAAAAJUC+POAAAAAgAAAAUAAAAAAAAAAAAAAAAAAAAAAQAAAAAAAAAAAAAAAAAAAQAAAAEAAAABAAAAAQAAAAAgayzjF/0+P+D2E60IKTTp8nffecSSf6FXhxWlKx88nAAAAAEyMgAAAAAAAKUo78G1rYUFgmYGkYGTo/64YwU2KKF+qDTob2QBkzu4AAAAAAAAE4h//////////wAAAAEAAAAA
093ee4fb3beec4af4b8fca8cb1be9a3234ca43698450430106b91d9261990fe8	4	6	AAAAAKUo78G1rYUFgmYGkYGTo/64YwU2KKF+qDTob2QBkzu4AAAACgAAAAIAAAAGAAAAAAAAAAAAAAABAAAAAAAAAAEAAAAAIGss4xf9Pj/g9hOtCCk06fJ333nEkn+hV4cVpSsfPJwAAAABMzEAAAAAAAClKO/Bta2FBYJmBpGBk6P+uGMFNiihfqg06G9kAZM7uAAAAAAAABOIAAAAAAAAAAEBkzu4AAAAQHfSPqUd1FPJOtlAWjp3ogil1HzwgVjyAT/oi7DHN/HG5S4VTmetX1jWUduKTraLhEgEnG0L/SwhlpJmtNOGVAo=	CT7k+zvuxK9Lj8qMsb6aMjTKQ2mEUEMBBrkdkmGZD+gAAAAAAAAACgAAAAAAAAABAAAAAAAAAAEAAAAAAAAAAA==	AAAAAAAAAAEAAAABAAAAAAAAAAClKO/Bta2FBYJmBpGBk6P+uGMFNiihfqg06G9kAZM7uAAAAAJUC+PEAAAAAgAAAAYAAAAAAAAAAAAAAAAAAAAAAQAAAAAAAAAAAAAAAAAAAQAAAAEAAAABAAAAAQAAAAAgayzjF/0+P+D2E60IKTTp8nffecSSf6FXhxWlKx88nAAAAAEzMQAAAAAAAKUo78G1rYUFgmYGkYGTo/64YwU2KKF+qDTob2QBkzu4AAAAAAAAE4h//////////wAAAAEAAAAA
cc882c4cb431f6672f9d6c504feafb15d1e88e03f10288d6832a21c1c42c199b	4	7	AAAAAKUo78G1rYUFgmYGkYGTo/64YwU2KKF+qDTob2QBkzu4AAAACgAAAAIAAAAHAAAAAAAAAAAAAAABAAAAAAAAAAEAAAAAIGss4xf9Pj/g9hOtCCk06fJ333nEkn+hV4cVpSsfPJwAAAABMzIAAAAAAAClKO/Bta2FBYJmBpGBk6P+uGMFNiihfqg06G9kAZM7uAAAAAAAABOIAAAAAAAAAAEBkzu4AAAAQMqa3dIK4cRZY2oFdBoC0PzquWZO9cdNiVDTg+se53JO1dGUueP73nGr5oRkrm2s4LR0tGAyjEUleiOVU5aLNgI=	zIgsTLQx9mcvnWxQT+r7FdHojgPxAojWgyohwcQsGZsAAAAAAAAACgAAAAAAAAABAAAAAAAAAAEAAAAAAAAAAA==	AAAAAAAAAAEAAAABAAAAAAAAAAClKO/Bta2FBYJmBpGBk6P+uGMFNiihfqg06G9kAZM7uAAAAAJUC+O6AAAAAgAAAAcAAAAAAAAAAAAAAAAAAAAAAQAAAAAAAAAAAAAAAAAAAQAAAAEAAAABAAAAAQAAAAAgayzjF/0+P+D2E60IKTTp8nffecSSf6FXhxWlKx88nAAAAAEzMgAAAAAAAKUo78G1rYUFgmYGkYGTo/64YwU2KKF+qDTob2QBkzu4AAAAAAAAE4h//////////wAAAAEAAAAA
ac40b0f862b4a7eb0245536bbd69e10de6b52f309d9542cf6c8512847a8c3e55	4	8	AAAAAKUo78G1rYUFgmYGkYGTo/64YwU2KKF+qDTob2QBkzu4AAAACgAAAAIAAAAIAAAAAAAAAAAAAAABAAAAAAAAAAEAAAAAIGss4xf9Pj/g9hOtCCk06fJ333nEkn+hV4cVpSsfPJwAAAABMzMAAAAAAAClKO/Bta2FBYJmBpGBk6P+uGMFNiihfqg06G9kAZM7uAAAAAAAABOIAAAAAAAAAAEBkzu4AAAAQJlDeaW/RtK8Ne2EuHUqM2zAqh/AYj1/cinlvVTbTFf4RebhTydVTAm7bsqGKc6mSmW4qBia9tKLogUR4TfqFQs=	rECw+GK0p+sCRVNrvWnhDea1LzCdlULPbIUShHqMPlUAAAAAAAAACgAAAAAAAAABAAAAAAAAAAEAAAAAAAAAAA==	AAAAAAAAAAEAAAABAAAAAAAAAAClKO/Bta2FBYJmBpGBk6P+uGMFNiihfqg06G9kAZM7uAAAAAJUC+OwAAAAAgAAAAgAAAAAAAAAAAAAAAAAAAAAAQAAAAAAAAAAAAAAAAAAAQAAAAEAAAABAAAAAQAAAAAgayzjF/0+P+D2E60IKTTp8nffecSSf6FXhxWlKx88nAAAAAEzMwAAAAAAAKUo78G1rYUFgmYGkYGTo/64YwU2KKF+qDTob2QBkzu4AAAAAAAAE4h//////////wAAAAEAAAAA
cba3b9d54e82ba39cce9652bc5aa34a607c120dbf46895ac607eceebe42780a0	5	1	AAAAACBrLOMX/T4/4PYTrQgpNOnyd995xJJ/oVeHFaUrHzycAAAACgAAAAIAAAAJAAAAAAAAAAAAAAABAAAAAAAAAAMAAAABRVVSAAAAAAClKO/Bta2FBYJmBpGBk6P+uGMFNiihfqg06G9kAZM7uAAAAAFVU0QAAAAAAKUo78G1rYUFgmYGkYGTo/64YwU2KKF+qDTob2QBkzu4AAAAAAAAAAoAAAABAAAAAQAAAAAAAAAAAAAAAAAAAAErHzycAAAAQJwZ7eSFtzKHw7Gft4LXftXTsJyV40kpzXIM5h4qYOWHgOk5evKa+hJXObLwNH7s8jqOv+Zm81w1RYM4pWT1qAU=	y6O51U6CujnM6WUrxao0pgfBINv0aJWsYH7O6+QngKAAAAAAAAAACgAAAAAAAAABAAAAAAAAAAMAAAAAAAAAAAAAAAAAAAAAIGss4xf9Pj/g9hOtCCk06fJ333nEkn+hV4cVpSsfPJwAAAAAAAAAAQAAAAFFVVIAAAAAAKUo78G1rYUFgmYGkYGTo/64YwU2KKF+qDTob2QBkzu4AAAAAVVTRAAAAAAApSjvwbWthQWCZgaRgZOj/rhjBTYooX6oNOhvZAGTO7gAAAAAAAAACgAAAAEAAAABAAAAAAAAAAAAAAAA	AAAAAAAAAAEAAAABAAAAAAAAAAAgayzjF/0+P+D2E60IKTTp8nffecSSf6FXhxWlKx88nAAAAAJUC+OmAAAAAgAAAAkAAAAIAAAAAAAAAAAAAAAAAQAAAAAAAAAAAAAAAAAAAQAAAAIAAAAAAAAAAgAAAAAgayzjF/0+P+D2E60IKTTp8nffecSSf6FXhxWlKx88nAAAAAAAAAABAAAAAUVVUgAAAAAApSjvwbWthQWCZgaRgZOj/rhjBTYooX6oNOhvZAGTO7gAAAABVVNEAAAAAAClKO/Bta2FBYJmBpGBk6P+uGMFNiihfqg06G9kAZM7uAAAAAAAAAAKAAAAAQAAAAEAAAAAAAAAAAAAAAEAAAAAAAAAACBrLOMX/T4/4PYTrQgpNOnyd995xJJ/oVeHFaUrHzycAAAAAlQL46YAAAACAAAACQAAAAkAAAAAAAAAAAAAAAABAAAAAAAAAAAAAAA=
3383e2716e270e6bf2be8cdfcc4080387846f49156f57261241ba52a757daa17	5	2	AAAAACBrLOMX/T4/4PYTrQgpNOnyd995xJJ/oVeHFaUrHzycAAAACgAAAAIAAAAKAAAAAAAAAAAAAAABAAAAAAAAAAMAAAABMQAAAAAAAAClKO/Bta2FBYJmBpGBk6P+uGMFNiihfqg06G9kAZM7uAAAAAFVU0QAAAAAAKUo78G1rYUFgmYGkYGTo/64YwU2KKF+qDTob2QBkzu4AAAAAAAAABQAAAABAAAAAQAAAAAAAAAAAAAAAAAAAAErHzycAAAAQJDAEIBlWmnZBostu74wI0EDb6k5vb3IgMf30N8vzNTWkDXenxHA6ZkywxQC5RpgI9F3nufK4y9I4u4NnXhsYQs=	M4PicW4nDmvyvozfzECAOHhG9JFW9XJhJBulKnV9qhcAAAAAAAAACgAAAAAAAAABAAAAAAAAAAMAAAAAAAAAAAAAAAAAAAAAIGss4xf9Pj/g9hOtCCk06fJ333nEkn+hV4cVpSsfPJwAAAAAAAAAAgAAAAExAAAAAAAAAKUo78G1rYUFgmYGkYGTo/64YwU2KKF+qDTob2QBkzu4AAAAAVVTRAAAAAAApSjvwbWthQWCZgaRgZOj/rhjBTYooX6oNOhvZAGTO7gAAAAAAAAAFAAAAAEAAAABAAAAAAAAAAAAAAAA	AAAAAAAAAAEAAAABAAAAAAAAAAAgayzjF/0+P+D2E60IKTTp8nffecSSf6FXhxWlKx88nAAAAAJUC+OcAAAAAgAAAAoAAAAJAAAAAAAAAAAAAAAAAQAAAAAAAAAAAAAAAAAAAQAAAAIAAAAAAAAAAgAAAAAgayzjF/0+P+D2E60IKTTp8nffecSSf6FXhxWlKx88nAAAAAAAAAACAAAAATEAAAAAAAAApSjvwbWthQWCZgaRgZOj/rhjBTYooX6oNOhvZAGTO7gAAAABVVNEAAAAAAClKO/Bta2FBYJmBpGBk6P+uGMFNiihfqg06G9kAZM7uAAAAAAAAAAUAAAAAQAAAAEAAAAAAAAAAAAAAAEAAAAAAAAAACBrLOMX/T4/4PYTrQgpNOnyd995xJJ/oVeHFaUrHzycAAAAAlQL45wAAAACAAAACgAAAAoAAAAAAAAAAAAAAAABAAAAAAAAAAAAAAA=
b5a173ff9211b8e7558fec9d0610285eb4aa89306f98a4a726acf89f178f4adb	5	3	AAAAACBrLOMX/T4/4PYTrQgpNOnyd995xJJ/oVeHFaUrHzycAAAACgAAAAIAAAALAAAAAAAAAAAAAAABAAAAAAAAAAMAAAABRVVSAAAAAAClKO/Bta2FBYJmBpGBk6P+uGMFNiihfqg06G9kAZM7uAAAAAExAAAAAAAAAKUo78G1rYUFgmYGkYGTo/64YwU2KKF+qDTob2QBkzu4AAAAAAAAABQAAAABAAAAAQAAAAAAAAAAAAAAAAAAAAErHzycAAAAQOZ+Pm4tazg0ZPmSC7Lj9ipO6fc8oD+lALlKaU04raLH/fNQGJiPlrR+oRLgtGPXPgwffhmN30xeeWFZEOplLwk=	taFz/5IRuOdVj+ydBhAoXrSqiTBvmKSnJqz4nxePStsAAAAAAAAACgAAAAAAAAABAAAAAAAAAAMAAAAAAAAAAAAAAAAAAAAAIGss4xf9Pj/g9hOtCCk06fJ333nEkn+hV4cVpSsfPJwAAAAAAAAAAwAAAAFFVVIAAAAAAKUo78G1rYUFgmYGkYGTo/64YwU2KKF+qDTob2QBkzu4AAAAATEAAAAAAAAApSjvwbWthQWCZgaRgZOj/rhjBTYooX6oNOhvZAGTO7gAAAAAAAAAFAAAAAEAAAABAAAAAAAAAAAAAAAA	AAAAAAAAAAEAAAABAAAAAAAAAAAgayzjF/0+P+D2E60IKTTp8nffecSSf6FXhxWlKx88nAAAAAJUC+OSAAAAAgAAAAsAAAAKAAAAAAAAAAAAAAAAAQAAAAAAAAAAAAAAAAAAAQAAAAIAAAAAAAAAAgAAAAAgayzjF/0+P+D2E60IKTTp8nffecSSf6FXhxWlKx88nAAAAAAAAAADAAAAAUVVUgAAAAAApSjvwbWthQWCZgaRgZOj/rhjBTYooX6oNOhvZAGTO7gAAAABMQAAAAAAAAClKO/Bta2FBYJmBpGBk6P+uGMFNiihfqg06G9kAZM7uAAAAAAAAAAUAAAAAQAAAAEAAAAAAAAAAAAAAAEAAAAAAAAAACBrLOMX/T4/4PYTrQgpNOnyd995xJJ/oVeHFaUrHzycAAAAAlQL45IAAAACAAAACwAAAAsAAAAAAAAAAAAAAAABAAAAAAAAAAAAAAA=
8c040b11fc7f55a9328c8fd72bfafbcd604771cbba52e4d8eaec5ad9f905d144	5	4	AAAAACBrLOMX/T4/4PYTrQgpNOnyd995xJJ/oVeHFaUrHzycAAAACgAAAAIAAAAMAAAAAAAAAAAAAAABAAAAAAAAAAMAAAABMjEAAAAAAAClKO/Bta2FBYJmBpGBk6P+uGMFNiihfqg06G9kAZM7uAAAAAFVU0QAAAAAAKUo78G1rYUFgmYGkYGTo/64YwU2KKF+qDTob2QBkzu4AAAAAAAAAB4AAAABAAAAAQAAAAAAAAAAAAAAAAAAAAErHzycAAAAQIMVVNROErsyL5jVB1oUGLiNxbTDzi+7joy0qF2GTK/tKfezawrcb3n+Tm0cM8siZdWlj0owX/h5/GbUJQBU0A4=	jAQLEfx/VakyjI/XK/r7zWBHccu6UuTY6uxa2fkF0UQAAAAAAAAACgAAAAAAAAABAAAAAAAAAAMAAAAAAAAAAAAAAAAAAAAAIGss4xf9Pj/g9hOtCCk06fJ333nEkn+hV4cVpSsfPJwAAAAAAAAABAAAAAEyMQAAAAAAAKUo78G1rYUFgmYGkYGTo/64YwU2KKF+qDTob2QBkzu4AAAAAVVTRAAAAAAApSjvwbWthQWCZgaRgZOj/rhjBTYooX6oNOhvZAGTO7gAAAAAAAAAHgAAAAEAAAABAAAAAAAAAAAAAAAA	AAAAAAAAAAEAAAABAAAAAAAAAAAgayzjF/0+P+D2E60IKTTp8nffecSSf6FXhxWlKx88nAAAAAJUC+OIAAAAAgAAAAwAAAALAAAAAAAAAAAAAAAAAQAAAAAAAAAAAAAAAAAAAQAAAAIAAAAAAAAAAgAAAAAgayzjF/0+P+D2E60IKTTp8nffecSSf6FXhxWlKx88nAAAAAAAAAAEAAAAATIxAAAAAAAApSjvwbWthQWCZgaRgZOj/rhjBTYooX6oNOhvZAGTO7gAAAABVVNEAAAAAAClKO/Bta2FBYJmBpGBk6P+uGMFNiihfqg06G9kAZM7uAAAAAAAAAAeAAAAAQAAAAEAAAAAAAAAAAAAAAEAAAAAAAAAACBrLOMX/T4/4PYTrQgpNOnyd995xJJ/oVeHFaUrHzycAAAAAlQL44gAAAACAAAADAAAAAwAAAAAAAAAAAAAAAABAAAAAAAAAAAAAAA=
ea3b515763815ce263ddf6263d79e381174cff43cac8c9a98209b8b6651d2023	5	5	AAAAACBrLOMX/T4/4PYTrQgpNOnyd995xJJ/oVeHFaUrHzycAAAACgAAAAIAAAANAAAAAAAAAAAAAAABAAAAAAAAAAMAAAABMjIAAAAAAAClKO/Bta2FBYJmBpGBk6P+uGMFNiihfqg06G9kAZM7uAAAAAEyMQAAAAAAAKUo78G1rYUFgmYGkYGTo/64YwU2KKF+qDTob2QBkzu4AAAAAAAAAB4AAAABAAAAAQAAAAAAAAAAAAAAAAAAAAErHzycAAAAQJv6+NbQGrgi0Rs4f5FCmFcz7WzhBhpYBklsP3aKMJ9rvWI+u0UFTdgQ8RaAdKIOYfITGvZYDJc7+uB6N7OemQE=	6jtRV2OBXOJj3fYmPXnjgRdM/0PKyMmpggm4tmUdICMAAAAAAAAACgAAAAAAAAABAAAAAAAAAAMAAAAAAAAAAAAAAAAAAAAAIGss4xf9Pj/g9hOtCCk06fJ333nEkn+hV4cVpSsfPJwAAAAAAAAABQAAAAEyMgAAAAAAAKUo78G1rYUFgmYGkYGTo/64YwU2KKF+qDTob2QBkzu4AAAAATIxAAAAAAAApSjvwbWthQWCZgaRgZOj/rhjBTYooX6oNOhvZAGTO7gAAAAAAAAAHgAAAAEAAAABAAAAAAAAAAAAAAAA	AAAAAAAAAAEAAAABAAAAAAAAAAAgayzjF/0+P+D2E60IKTTp8nffecSSf6FXhxWlKx88nAAAAAJUC+N+AAAAAgAAAA0AAAAMAAAAAAAAAAAAAAAAAQAAAAAAAAAAAAAAAAAAAQAAAAIAAAAAAAAAAgAAAAAgayzjF/0+P+D2E60IKTTp8nffecSSf6FXhxWlKx88nAAAAAAAAAAFAAAAATIyAAAAAAAApSjvwbWthQWCZgaRgZOj/rhjBTYooX6oNOhvZAGTO7gAAAABMjEAAAAAAAClKO/Bta2FBYJmBpGBk6P+uGMFNiihfqg06G9kAZM7uAAAAAAAAAAeAAAAAQAAAAEAAAAAAAAAAAAAAAEAAAAAAAAAACBrLOMX/T4/4PYTrQgpNOnyd995xJJ/oVeHFaUrHzycAAAAAlQL434AAAACAAAADQAAAA0AAAAAAAAAAAAAAAABAAAAAAAAAAAAAAA=
1bad25c09776c64ba1022fef9f0afc45a21dd2b0c0c98b213fa3bf6792e932fc	5	6	AAAAACBrLOMX/T4/4PYTrQgpNOnyd995xJJ/oVeHFaUrHzycAAAACgAAAAIAAAAOAAAAAAAAAAAAAAABAAAAAAAAAAMAAAABRVVSAAAAAAClKO/Bta2FBYJmBpGBk6P+uGMFNiihfqg06G9kAZM7uAAAAAEyMgAAAAAAAKUo78G1rYUFgmYGkYGTo/64YwU2KKF+qDTob2QBkzu4AAAAAAAAAB4AAAABAAAAAQAAAAAAAAAAAAAAAAAAAAErHzycAAAAQJCumQw3Z0osvRDjlyCTcHwfTbzUoZ0KiHpYdulhgYJeZ8e5zRuIzOmCEsQqb5tMpgrBjTOKl+vWqekR2VL7Mg8=	G60lwJd2xkuhAi/vnwr8RaId0rDAyYshP6O/Z5LpMvwAAAAAAAAACgAAAAAAAAABAAAAAAAAAAMAAAAAAAAAAAAAAAAAAAAAIGss4xf9Pj/g9hOtCCk06fJ333nEkn+hV4cVpSsfPJwAAAAAAAAABgAAAAFFVVIAAAAAAKUo78G1rYUFgmYGkYGTo/64YwU2KKF+qDTob2QBkzu4AAAAATIyAAAAAAAApSjvwbWthQWCZgaRgZOj/rhjBTYooX6oNOhvZAGTO7gAAAAAAAAAHgAAAAEAAAABAAAAAAAAAAAAAAAA	AAAAAAAAAAEAAAABAAAAAAAAAAAgayzjF/0+P+D2E60IKTTp8nffecSSf6FXhxWlKx88nAAAAAJUC+N0AAAAAgAAAA4AAAANAAAAAAAAAAAAAAAAAQAAAAAAAAAAAAAAAAAAAQAAAAIAAAAAAAAAAgAAAAAgayzjF/0+P+D2E60IKTTp8nffecSSf6FXhxWlKx88nAAAAAAAAAAGAAAAAUVVUgAAAAAApSjvwbWthQWCZgaRgZOj/rhjBTYooX6oNOhvZAGTO7gAAAABMjIAAAAAAAClKO/Bta2FBYJmBpGBk6P+uGMFNiihfqg06G9kAZM7uAAAAAAAAAAeAAAAAQAAAAEAAAAAAAAAAAAAAAEAAAAAAAAAACBrLOMX/T4/4PYTrQgpNOnyd995xJJ/oVeHFaUrHzycAAAAAlQL43QAAAACAAAADgAAAA4AAAAAAAAAAAAAAAABAAAAAAAAAAAAAAA=
48e840e6d24673eab51ea550da56d63c2b11e924dabec9f16d5b90f098ecbe12	5	7	AAAAACBrLOMX/T4/4PYTrQgpNOnyd995xJJ/oVeHFaUrHzycAAAACgAAAAIAAAAPAAAAAAAAAAAAAAABAAAAAAAAAAMAAAABMzEAAAAAAAClKO/Bta2FBYJmBpGBk6P+uGMFNiihfqg06G9kAZM7uAAAAAFVU0QAAAAAAKUo78G1rYUFgmYGkYGTo/64YwU2KKF+qDTob2QBkzu4AAAAAAAAACgAAAABAAAAAQAAAAAAAAAAAAAAAAAAAAErHzycAAAAQJufWFy74bKC3/ePymAZwJjRZuLY7c8y2WLLPAKUPdI4bF2i0thQvcaalZ+7gzyI0WzkWCeQ1Os+XweMEc2AwAU=	SOhA5tJGc+q1HqVQ2lbWPCsR6STavsnxbVuQ8JjsvhIAAAAAAAAACgAAAAAAAAABAAAAAAAAAAMAAAAAAAAAAAAAAAAAAAAAIGss4xf9Pj/g9hOtCCk06fJ333nEkn+hV4cVpSsfPJwAAAAAAAAABwAAAAEzMQAAAAAAAKUo78G1rYUFgmYGkYGTo/64YwU2KKF+qDTob2QBkzu4AAAAAVVTRAAAAAAApSjvwbWthQWCZgaRgZOj/rhjBTYooX6oNOhvZAGTO7gAAAAAAAAAKAAAAAEAAAABAAAAAAAAAAAAAAAA	AAAAAAAAAAEAAAABAAAAAAAAAAAgayzjF/0+P+D2E60IKTTp8nffecSSf6FXhxWlKx88nAAAAAJUC+NqAAAAAgAAAA8AAAAOAAAAAAAAAAAAAAAAAQAAAAAAAAAAAAAAAAAAAQAAAAIAAAAAAAAAAgAAAAAgayzjF/0+P+D2E60IKTTp8nffecSSf6FXhxWlKx88nAAAAAAAAAAHAAAAATMxAAAAAAAApSjvwbWthQWCZgaRgZOj/rhjBTYooX6oNOhvZAGTO7gAAAABVVNEAAAAAAClKO/Bta2FBYJmBpGBk6P+uGMFNiihfqg06G9kAZM7uAAAAAAAAAAoAAAAAQAAAAEAAAAAAAAAAAAAAAEAAAAAAAAAACBrLOMX/T4/4PYTrQgpNOnyd995xJJ/oVeHFaUrHzycAAAAAlQL42oAAAACAAAADwAAAA8AAAAAAAAAAAAAAAABAAAAAAAAAAAAAAA=
5c64ec6350a89edde8d0e86c863d816af1af8132c47554d4312bdfda5347f4f6	5	8	AAAAACBrLOMX/T4/4PYTrQgpNOnyd995xJJ/oVeHFaUrHzycAAAACgAAAAIAAAAQAAAAAAAAAAAAAAABAAAAAAAAAAMAAAABMzIAAAAAAAClKO/Bta2FBYJmBpGBk6P+uGMFNiihfqg06G9kAZM7uAAAAAEzMQAAAAAAAKUo78G1rYUFgmYGkYGTo/64YwU2KKF+qDTob2QBkzu4AAAAAAAAACgAAAABAAAAAQAAAAAAAAAAAAAAAAAAAAErHzycAAAAQPWI7/qAlInIzDmhqik5JiWXxb4EKrH25LDlYCzAE/Y4f4FRiQmvuEdJB9w+8/ddQluGPeVQIi7DWU9SRSd1eAw=	XGTsY1Cont3o0Ohshj2BavGvgTLEdVTUMSvf2lNH9PYAAAAAAAAACgAAAAAAAAABAAAAAAAAAAMAAAAAAAAAAAAAAAAAAAAAIGss4xf9Pj/g9hOtCCk06fJ333nEkn+hV4cVpSsfPJwAAAAAAAAACAAAAAEzMgAAAAAAAKUo78G1rYUFgmYGkYGTo/64YwU2KKF+qDTob2QBkzu4AAAAATMxAAAAAAAApSjvwbWthQWCZgaRgZOj/rhjBTYooX6oNOhvZAGTO7gAAAAAAAAAKAAAAAEAAAABAAAAAAAAAAAAAAAA	AAAAAAAAAAEAAAABAAAAAAAAAAAgayzjF/0+P+D2E60IKTTp8nffecSSf6FXhxWlKx88nAAAAAJUC+NgAAAAAgAAABAAAAAPAAAAAAAAAAAAAAAAAQAAAAAAAAAAAAAAAAAAAQAAAAIAAAAAAAAAAgAAAAAgayzjF/0+P+D2E60IKTTp8nffecSSf6FXhxWlKx88nAAAAAAAAAAIAAAAATMyAAAAAAAApSjvwbWthQWCZgaRgZOj/rhjBTYooX6oNOhvZAGTO7gAAAABMzEAAAAAAAClKO/Bta2FBYJmBpGBk6P+uGMFNiihfqg06G9kAZM7uAAAAAAAAAAoAAAAAQAAAAEAAAAAAAAAAAAAAAEAAAAAAAAAACBrLOMX/T4/4PYTrQgpNOnyd995xJJ/oVeHFaUrHzycAAAAAlQL42AAAAACAAAAEAAAABAAAAAAAAAAAAAAAAABAAAAAAAAAAAAAAA=
63ad97e94653d64ef2d78afb8eefb2300761d434c0d4951784351322d367db8a	5	9	AAAAACBrLOMX/T4/4PYTrQgpNOnyd995xJJ/oVeHFaUrHzycAAAACgAAAAIAAAARAAAAAAAAAAAAAAABAAAAAAAAAAMAAAABMzMAAAAAAAClKO/Bta2FBYJmBpGBk6P+uGMFNiihfqg06G9kAZM7uAAAAAEzMgAAAAAAAKUo78G1rYUFgmYGkYGTo/64YwU2KKF+qDTob2QBkzu4AAAAAAAAACgAAAABAAAAAQAAAAAAAAAAAAAAAAAAAAErHzycAAAAQNe6He11J156RGUoquxvpvu1J06gGSdgL7bjcF3t52uo9dKOhPM01+QV3/8g5E32YXURi7L4w2H5xTyppDNMpQg=	Y62X6UZT1k7y14r7ju+yMAdh1DTA1JUXhDUTItNn24oAAAAAAAAACgAAAAAAAAABAAAAAAAAAAMAAAAAAAAAAAAAAAAAAAAAIGss4xf9Pj/g9hOtCCk06fJ333nEkn+hV4cVpSsfPJwAAAAAAAAACQAAAAEzMwAAAAAAAKUo78G1rYUFgmYGkYGTo/64YwU2KKF+qDTob2QBkzu4AAAAATMyAAAAAAAApSjvwbWthQWCZgaRgZOj/rhjBTYooX6oNOhvZAGTO7gAAAAAAAAAKAAAAAEAAAABAAAAAAAAAAAAAAAA	AAAAAAAAAAEAAAABAAAAAAAAAAAgayzjF/0+P+D2E60IKTTp8nffecSSf6FXhxWlKx88nAAAAAJUC+NWAAAAAgAAABEAAAAQAAAAAAAAAAAAAAAAAQAAAAAAAAAAAAAAAAAAAQAAAAIAAAAAAAAAAgAAAAAgayzjF/0+P+D2E60IKTTp8nffecSSf6FXhxWlKx88nAAAAAAAAAAJAAAAATMzAAAAAAAApSjvwbWthQWCZgaRgZOj/rhjBTYooX6oNOhvZAGTO7gAAAABMzIAAAAAAAClKO/Bta2FBYJmBpGBk6P+uGMFNiihfqg06G9kAZM7uAAAAAAAAAAoAAAAAQAAAAEAAAAAAAAAAAAAAAEAAAAAAAAAACBrLOMX/T4/4PYTrQgpNOnyd995xJJ/oVeHFaUrHzycAAAAAlQL41YAAAACAAAAEQAAABEAAAAAAAAAAAAAAAABAAAAAAAAAAAAAAA=
d4e901e17124f3af3e55d35dae3648385d29600598f4e74fc074aef8856a5469	5	10	AAAAACBrLOMX/T4/4PYTrQgpNOnyd995xJJ/oVeHFaUrHzycAAAACgAAAAIAAAASAAAAAAAAAAAAAAABAAAAAAAAAAMAAAABRVVSAAAAAAClKO/Bta2FBYJmBpGBk6P+uGMFNiihfqg06G9kAZM7uAAAAAEzMwAAAAAAAKUo78G1rYUFgmYGkYGTo/64YwU2KKF+qDTob2QBkzu4AAAAAAAAACgAAAABAAAAAQAAAAAAAAAAAAAAAAAAAAErHzycAAAAQBFwnOAFrAREIcoq26N0QC6aQVnVNKUb+B8GyBI5MRUUpUyEvmO84N1bNkgB9f60MVtCYc9FsIlZEJ64CT01gwc=	1OkB4XEk868+VdNdrjZIOF0pYAWY9OdPwHSu+IVqVGkAAAAAAAAACgAAAAAAAAABAAAAAAAAAAMAAAAAAAAAAAAAAAAAAAAAIGss4xf9Pj/g9hOtCCk06fJ333nEkn+hV4cVpSsfPJwAAAAAAAAACgAAAAFFVVIAAAAAAKUo78G1rYUFgmYGkYGTo/64YwU2KKF+qDTob2QBkzu4AAAAATMzAAAAAAAApSjvwbWthQWCZgaRgZOj/rhjBTYooX6oNOhvZAGTO7gAAAAAAAAAKAAAAAEAAAABAAAAAAAAAAAAAAAA	AAAAAAAAAAEAAAABAAAAAAAAAAAgayzjF/0+P+D2E60IKTTp8nffecSSf6FXhxWlKx88nAAAAAJUC+NMAAAAAgAAABIAAAARAAAAAAAAAAAAAAAAAQAAAAAAAAAAAAAAAAAAAQAAAAIAAAAAAAAAAgAAAAAgayzjF/0+P+D2E60IKTTp8nffecSSf6FXhxWlKx88nAAAAAAAAAAKAAAAAUVVUgAAAAAApSjvwbWthQWCZgaRgZOj/rhjBTYooX6oNOhvZAGTO7gAAAABMzMAAAAAAAClKO/Bta2FBYJmBpGBk6P+uGMFNiihfqg06G9kAZM7uAAAAAAAAAAoAAAAAQAAAAEAAAAAAAAAAAAAAAEAAAAAAAAAACBrLOMX/T4/4PYTrQgpNOnyd995xJJ/oVeHFaUrHzycAAAAAlQL40wAAAACAAAAEgAAABIAAAAAAAAAAAAAAAABAAAAAAAAAAAAAAA=
\.


--
-- Name: accounts_pkey; Type: CONSTRAINT; Schema: public; Owner: -; Tablespace: 
--

ALTER TABLE ONLY accounts
    ADD CONSTRAINT accounts_pkey PRIMARY KEY (accountid);


--
-- Name: ledgerheaders_ledgerseq_key; Type: CONSTRAINT; Schema: public; Owner: -; Tablespace: 
--

ALTER TABLE ONLY ledgerheaders
    ADD CONSTRAINT ledgerheaders_ledgerseq_key UNIQUE (ledgerseq);


--
-- Name: ledgerheaders_pkey; Type: CONSTRAINT; Schema: public; Owner: -; Tablespace: 
--

ALTER TABLE ONLY ledgerheaders
    ADD CONSTRAINT ledgerheaders_pkey PRIMARY KEY (ledgerhash);


--
-- Name: offers_pkey; Type: CONSTRAINT; Schema: public; Owner: -; Tablespace: 
--

ALTER TABLE ONLY offers
    ADD CONSTRAINT offers_pkey PRIMARY KEY (offerid);


--
-- Name: peers_pkey; Type: CONSTRAINT; Schema: public; Owner: -; Tablespace: 
--

ALTER TABLE ONLY peers
    ADD CONSTRAINT peers_pkey PRIMARY KEY (ip, port);


--
-- Name: signers_pkey; Type: CONSTRAINT; Schema: public; Owner: -; Tablespace: 
--

ALTER TABLE ONLY signers
    ADD CONSTRAINT signers_pkey PRIMARY KEY (accountid, publickey);


--
-- Name: storestate_pkey; Type: CONSTRAINT; Schema: public; Owner: -; Tablespace: 
--

ALTER TABLE ONLY storestate
    ADD CONSTRAINT storestate_pkey PRIMARY KEY (statename);


--
-- Name: trustlines_pkey; Type: CONSTRAINT; Schema: public; Owner: -; Tablespace: 
--

ALTER TABLE ONLY trustlines
    ADD CONSTRAINT trustlines_pkey PRIMARY KEY (accountid, issuer, assetcode);


--
-- Name: txhistory_ledgerseq_txindex_key; Type: CONSTRAINT; Schema: public; Owner: -; Tablespace: 
--

ALTER TABLE ONLY txhistory
    ADD CONSTRAINT txhistory_ledgerseq_txindex_key UNIQUE (ledgerseq, txindex);


--
-- Name: txhistory_pkey; Type: CONSTRAINT; Schema: public; Owner: -; Tablespace: 
--

ALTER TABLE ONLY txhistory
    ADD CONSTRAINT txhistory_pkey PRIMARY KEY (txid, ledgerseq);


--
-- Name: accountbalances; Type: INDEX; Schema: public; Owner: -; Tablespace: 
--

CREATE INDEX accountbalances ON accounts USING btree (balance) WHERE (balance >= 1000000000);


--
-- Name: accountlines; Type: INDEX; Schema: public; Owner: -; Tablespace: 
--

CREATE INDEX accountlines ON trustlines USING btree (accountid);


--
-- Name: buyingissuerindex; Type: INDEX; Schema: public; Owner: -; Tablespace: 
--

CREATE INDEX buyingissuerindex ON offers USING btree (buyingissuer);


--
-- Name: ledgersbyseq; Type: INDEX; Schema: public; Owner: -; Tablespace: 
--

CREATE INDEX ledgersbyseq ON ledgerheaders USING btree (ledgerseq);


--
-- Name: priceindex; Type: INDEX; Schema: public; Owner: -; Tablespace: 
--

CREATE INDEX priceindex ON offers USING btree (price);


--
-- Name: sellingissuerindex; Type: INDEX; Schema: public; Owner: -; Tablespace: 
--

CREATE INDEX sellingissuerindex ON offers USING btree (sellingissuer);


--
-- Name: signersaccount; Type: INDEX; Schema: public; Owner: -; Tablespace: 
--

CREATE INDEX signersaccount ON signers USING btree (accountid);


--
-- PostgreSQL database dump complete
--

