--
-- PostgreSQL database dump
--

SET statement_timeout = 0;
SET lock_timeout = 0;
SET client_encoding = 'UTF8';
SET standard_conforming_strings = on;
SET check_function_bodies = false;
SET client_min_messages = warning;

SET search_path = public, pg_catalog;

DROP INDEX public.signersaccount;
DROP INDEX public.sellingissuerindex;
DROP INDEX public.priceindex;
DROP INDEX public.ledgersbyseq;
DROP INDEX public.histfeebyseq;
DROP INDEX public.histbyseq;
DROP INDEX public.buyingissuerindex;
DROP INDEX public.accountlines;
DROP INDEX public.accountbalances;
ALTER TABLE ONLY public.txhistory DROP CONSTRAINT txhistory_pkey;
ALTER TABLE ONLY public.txfeehistory DROP CONSTRAINT txfeehistory_pkey;
ALTER TABLE ONLY public.trustlines DROP CONSTRAINT trustlines_pkey;
ALTER TABLE ONLY public.storestate DROP CONSTRAINT storestate_pkey;
ALTER TABLE ONLY public.signers DROP CONSTRAINT signers_pkey;
ALTER TABLE ONLY public.pubsub DROP CONSTRAINT pubsub_pkey;
ALTER TABLE ONLY public.peers DROP CONSTRAINT peers_pkey;
ALTER TABLE ONLY public.offers DROP CONSTRAINT offers_pkey;
ALTER TABLE ONLY public.ledgerheaders DROP CONSTRAINT ledgerheaders_pkey;
ALTER TABLE ONLY public.ledgerheaders DROP CONSTRAINT ledgerheaders_ledgerseq_key;
ALTER TABLE ONLY public.accounts DROP CONSTRAINT accounts_pkey;
DROP TABLE public.txhistory;
DROP TABLE public.txfeehistory;
DROP TABLE public.trustlines;
DROP TABLE public.storestate;
DROP TABLE public.signers;
DROP TABLE public.pubsub;
DROP TABLE public.peers;
DROP TABLE public.offers;
DROP TABLE public.ledgerheaders;
DROP TABLE public.accounts;
DROP EXTENSION plpgsql;
DROP SCHEMA public;
--
-- Name: public; Type: SCHEMA; Schema: -; Owner: -
--

CREATE SCHEMA public;


--
-- Name: SCHEMA public; Type: COMMENT; Schema: -; Owner: -
--

COMMENT ON SCHEMA public IS 'standard public schema';


--
-- Name: plpgsql; Type: EXTENSION; Schema: -; Owner: -
--

CREATE EXTENSION IF NOT EXISTS plpgsql WITH SCHEMA pg_catalog;


--
-- Name: EXTENSION plpgsql; Type: COMMENT; Schema: -; Owner: -
--

COMMENT ON EXTENSION plpgsql IS 'PL/pgSQL procedural language';


SET search_path = public, pg_catalog;

SET default_tablespace = '';

SET default_with_oids = false;

--
-- Name: accounts; Type: TABLE; Schema: public; Owner: -; Tablespace: 
--

CREATE TABLE accounts (
    accountid character varying(56) NOT NULL,
    balance bigint NOT NULL,
    seqnum bigint NOT NULL,
    numsubentries integer NOT NULL,
    inflationdest character varying(56),
    homedomain character varying(32) NOT NULL,
    thresholds text NOT NULL,
    flags integer NOT NULL,
    lastmodified integer NOT NULL,
    CONSTRAINT accounts_balance_check CHECK ((balance >= 0)),
    CONSTRAINT accounts_numsubentries_check CHECK ((numsubentries >= 0))
);


--
-- Name: ledgerheaders; Type: TABLE; Schema: public; Owner: -; Tablespace: 
--

CREATE TABLE ledgerheaders (
    ledgerhash character(64) NOT NULL,
    prevhash character(64) NOT NULL,
    bucketlisthash character(64) NOT NULL,
    ledgerseq integer,
    closetime bigint NOT NULL,
    data text NOT NULL,
    CONSTRAINT ledgerheaders_closetime_check CHECK ((closetime >= 0)),
    CONSTRAINT ledgerheaders_ledgerseq_check CHECK ((ledgerseq >= 0))
);


--
-- Name: offers; Type: TABLE; Schema: public; Owner: -; Tablespace: 
--

CREATE TABLE offers (
    sellerid character varying(56) NOT NULL,
    offerid bigint NOT NULL,
    sellingassettype integer NOT NULL,
    sellingassetcode character varying(12),
    sellingissuer character varying(56),
    buyingassettype integer NOT NULL,
    buyingassetcode character varying(12),
    buyingissuer character varying(56),
    amount bigint NOT NULL,
    pricen integer NOT NULL,
    priced integer NOT NULL,
    price double precision NOT NULL,
    flags integer NOT NULL,
    lastmodified integer NOT NULL,
    CONSTRAINT offers_amount_check CHECK ((amount >= 0)),
    CONSTRAINT offers_offerid_check CHECK ((offerid >= 0))
);


--
-- Name: peers; Type: TABLE; Schema: public; Owner: -; Tablespace: 
--

CREATE TABLE peers (
    ip character varying(15) NOT NULL,
    port integer DEFAULT 0 NOT NULL,
    nextattempt timestamp without time zone NOT NULL,
    numfailures integer DEFAULT 0 NOT NULL,
    CONSTRAINT peers_numfailures_check CHECK ((numfailures >= 0)),
    CONSTRAINT peers_port_check CHECK (((port > 0) AND (port <= 65535)))
);


--
-- Name: pubsub; Type: TABLE; Schema: public; Owner: -; Tablespace: 
--

CREATE TABLE pubsub (
    resid character(32) NOT NULL,
    lastread integer
);


--
-- Name: signers; Type: TABLE; Schema: public; Owner: -; Tablespace: 
--

CREATE TABLE signers (
    accountid character varying(56) NOT NULL,
    publickey character varying(56) NOT NULL,
    weight integer NOT NULL
);


--
-- Name: storestate; Type: TABLE; Schema: public; Owner: -; Tablespace: 
--

CREATE TABLE storestate (
    statename character(32) NOT NULL,
    state text
);


--
-- Name: trustlines; Type: TABLE; Schema: public; Owner: -; Tablespace: 
--

CREATE TABLE trustlines (
    accountid character varying(56) NOT NULL,
    assettype integer NOT NULL,
    issuer character varying(56) NOT NULL,
    assetcode character varying(12) NOT NULL,
    tlimit bigint DEFAULT 0 NOT NULL,
    balance bigint DEFAULT 0 NOT NULL,
    flags integer NOT NULL,
    lastmodified integer NOT NULL,
    CONSTRAINT trustlines_balance_check CHECK ((balance >= 0)),
    CONSTRAINT trustlines_tlimit_check CHECK ((tlimit >= 0))
);


--
-- Name: txfeehistory; Type: TABLE; Schema: public; Owner: -; Tablespace: 
--

CREATE TABLE txfeehistory (
    txid character(64) NOT NULL,
    ledgerseq integer NOT NULL,
    txindex integer NOT NULL,
    txchanges text NOT NULL,
    CONSTRAINT txfeehistory_ledgerseq_check CHECK ((ledgerseq >= 0))
);


--
-- Name: txhistory; Type: TABLE; Schema: public; Owner: -; Tablespace: 
--

CREATE TABLE txhistory (
    txid character(64) NOT NULL,
    ledgerseq integer NOT NULL,
    txindex integer NOT NULL,
    txbody text NOT NULL,
    txresult text NOT NULL,
    txmeta text NOT NULL,
    CONSTRAINT txhistory_ledgerseq_check CHECK ((ledgerseq >= 0))
);


--
-- Data for Name: accounts; Type: TABLE DATA; Schema: public; Owner: -
--

COPY accounts (accountid, balance, seqnum, numsubentries, inflationdest, homedomain, thresholds, flags, lastmodified) FROM stdin;
GBRPYHIL2CI3FNQ4BXLFMNDLFJUNPU2HY3ZMFSHONUCEOASW7QC7OX2H	99999959999999960	4	0	\N		AQAAAA==	0	2
GCPQIGBTIOML6XQTAAWDGL6WDLTNGLKBIJNRXYPZUYBZJ6DIKA2SS3YZ	9999999990	8589934593	1	\N		AQAAAA==	0	3
GDVROCNI2LZDZUPJ2LT5OWI3V75WR7L5F5I5PXC3FGW4OROITYUQT7TP	9999999990	8589934593	1	\N		AQAAAA==	0	3
GDT6RTJZJSHB4AOQGAAKZ3HHBJKZRG6RB4HM65PFYCQCT2QKJSDHTU7N	9999999920	8589934600	0	\N		AQAAAA==	0	4
GDKVJDH2LBUW6WXQ5ZI2ECVEFQUO5BAPT55EBXH2OA726CUMV4PNUWOA	9999999820	8589934610	18	\N		AQAAAA==	0	5
\.


--
-- Data for Name: ledgerheaders; Type: TABLE DATA; Schema: public; Owner: -
--

COPY ledgerheaders (ledgerhash, prevhash, bucketlisthash, ledgerseq, closetime, data) FROM stdin;
5ade5048fb66795219cbb45a55bf5e2710f739610d10e6875bf7f85d85900669	0000000000000000000000000000000000000000000000000000000000000000	759f642a94be58e4118ef79bd7f343832a82db2fc4f98f41ee7d22b61df716ed	1	0	AAAAAAAAAAAAAAAAAAAAAAAAAAAAAAAAAAAAAAAAAAAAAAAAAAAAAAAAAAAAAAAAAAAAAAAAAAAAAAAAAAAAAAAAAAAAAAAAAAAAAAAAAAAAAAAAAAAAAAAAAAAAAAAAAAAAAAAAAAAAAAAAAAAAAAAAAAB1n2QqlL5Y5BGO95vX80ODKoLbL8T5j0HufSK2HfcW7QAAAAEBY0V4XYoAAAAAAAAAAAAAAAAAAAAAAAAAAAAAAAAACgCYloAAAAAAAAAAAAAAAAAAAAAAAAAAAAAAAAAAAAAAAAAAAAAAAAAAAAAAAAAAAAAAAAAAAAAAAAAAAAAAAAAAAAAAAAAAAAAAAAAAAAAAAAAAAAAAAAAAAAAAAAAAAAAAAAAAAAAAAAAAAAAAAAAAAAAAAAAAAAAAAAAAAAAAAAAAAAAAAAA=
524220eaa3066c5a60aba0b18cd2a62fe8c1ff9fa08b1b3f9f0bf3e57d535aa2	5ade5048fb66795219cbb45a55bf5e2710f739610d10e6875bf7f85d85900669	e56a2eacb4e4c16d01a42e3974470f4f06058e235a6eddfa70a787b9b81d253b	2	1442522508	AAAAAVreUEj7ZnlSGcu0WlW/XicQ9zlhDRDmh1v3+F2FkAZpDzNxahVcaUytsLHJEKbSHnCYKMpNMQz1Ar+1QESMh78AAAAAVfsljAAAAAEAAAAIAAAAAQAAAAEAAAAAZBMPUYHseZXPMV9z1LafQ7JBvK1G/mlCeZiB11O7ax/lai6stOTBbQGkLjl0Rw9PBgWOI1pu3fpwp4e5uB0lOwAAAAIBY0V4XYoAAAAAAAAAAAAoAAAAAAAAAAAAAAAAAAAACgCYloAAAAAAAAAAAAAAAAAAAAAAAAAAAAAAAAAAAAAAAAAAAAAAAAAAAAAAAAAAAAAAAAAAAAAAAAAAAAAAAAAAAAAAAAAAAAAAAAAAAAAAAAAAAAAAAAAAAAAAAAAAAAAAAAAAAAAAAAAAAAAAAAAAAAAAAAAAAAAAAAAAAAAAAAAAAAAAAAA=
5defbf349c9de24ef2d771b76297ecd30ff67d84201cb9d6e8cb8ddef9e9951e	524220eaa3066c5a60aba0b18cd2a62fe8c1ff9fa08b1b3f9f0bf3e57d535aa2	5553e9633d13cb05a2df8cad01537c704a4811ec3e621101af64d47ba14f7ddc	3	1442522509	AAAAAVJCIOqjBmxaYKugsYzSpi/owf+foIsbP58L8+V9U1qiLQfD7qzPvxM1CzvlRzEEFTHoy18OWlHfRN2GsaE6vooAAAAAVfsljQAAAAAAAAAAzIPoVquIsOUeU94Ycp/mF+5XAW/VsQcqtnDmmHgfGVtVU+ljPRPLBaLfjK0BU3xwSkgR7D5iEQGvZNR7oU993AAAAAMBY0V4XYoAAAAAAAAAAACMAAAAAAAAAAAAAAAAAAAACgCYloAAAAAAAAAAAAAAAAAAAAAAAAAAAAAAAAAAAAAAAAAAAAAAAAAAAAAAAAAAAAAAAAAAAAAAAAAAAAAAAAAAAAAAAAAAAAAAAAAAAAAAAAAAAAAAAAAAAAAAAAAAAAAAAAAAAAAAAAAAAAAAAAAAAAAAAAAAAAAAAAAAAAAAAAAAAAAAAAA=
3ab18f31ce7237a0ec60a7293582d4b2ab848035eea6ae9bee9b3777404d09bb	5defbf349c9de24ef2d771b76297ecd30ff67d84201cb9d6e8cb8ddef9e9951e	0ba54ed9622f4397e7066c077c85f114a27927265d917bc18d57201563cb50d9	4	1442522510	AAAAAV3vvzScneJO8tdxt2KX7NMP9n2EIBy51ujLjd756ZUezLidAOwI0xavrP7aHeZjEA+srGszM4FPdzF/4Vyl8M0AAAAAVfsljgAAAAAAAAAA2dn+8kpktbHO3cFyDUb47FBZy9KlOUwaQ3LuM/WQEo0LpU7ZYi9Dl+cGbAd8hfEUonknJl2Re8GNVyAVY8tQ2QAAAAQBY0V4XYoAAAAAAAAAAADcAAAAAAAAAAAAAAAAAAAACgCYloAAAAAAAAAAAAAAAAAAAAAAAAAAAAAAAAAAAAAAAAAAAAAAAAAAAAAAAAAAAAAAAAAAAAAAAAAAAAAAAAAAAAAAAAAAAAAAAAAAAAAAAAAAAAAAAAAAAAAAAAAAAAAAAAAAAAAAAAAAAAAAAAAAAAAAAAAAAAAAAAAAAAAAAAAAAAAAAAA=
1c35381b2502c94ffd707e564c32fb919efd7be1f30db5d8fcf6691b0e973887	3ab18f31ce7237a0ec60a7293582d4b2ab848035eea6ae9bee9b3777404d09bb	b003b9b92d0fc19849b9cdbc021daceade669b387ee531668c5ff4a7a8ae1f44	5	1442522511	AAAAATqxjzHOcjeg7GCnKTWC1LKrhIA17qaum+6bN3dATQm7FKQkTadylowN40dS+uTc0AOR+mq3oOGvRM5VtRr02BQAAAAAVfsljwAAAAAAAAAAl58NJ03pddRlUNiCUS95MgWLtF5RMasyzCSIbvz8WhKwA7m5LQ/BmEm5zbwCHazq3mabOH7lMWaMX/SnqK4fRAAAAAUBY0V4XYoAAAAAAAAAAAFAAAAAAAAAAAAAAAAKAAAACgCYloAAAAAAAAAAAAAAAAAAAAAAAAAAAAAAAAAAAAAAAAAAAAAAAAAAAAAAAAAAAAAAAAAAAAAAAAAAAAAAAAAAAAAAAAAAAAAAAAAAAAAAAAAAAAAAAAAAAAAAAAAAAAAAAAAAAAAAAAAAAAAAAAAAAAAAAAAAAAAAAAAAAAAAAAAAAAAAAAA=
\.


--
-- Data for Name: offers; Type: TABLE DATA; Schema: public; Owner: -
--

COPY offers (sellerid, offerid, sellingassettype, sellingassetcode, sellingissuer, buyingassettype, buyingassetcode, buyingissuer, amount, pricen, priced, price, flags, lastmodified) FROM stdin;
GDKVJDH2LBUW6WXQ5ZI2ECVEFQUO5BAPT55EBXH2OA726CUMV4PNUWOA	1	1	EUR	GDT6RTJZJSHB4AOQGAAKZ3HHBJKZRG6RB4HM65PFYCQCT2QKJSDHTU7N	1	USD	GDT6RTJZJSHB4AOQGAAKZ3HHBJKZRG6RB4HM65PFYCQCT2QKJSDHTU7N	100000000	1	1	1	0	5
GDKVJDH2LBUW6WXQ5ZI2ECVEFQUO5BAPT55EBXH2OA726CUMV4PNUWOA	2	1	1	GDT6RTJZJSHB4AOQGAAKZ3HHBJKZRG6RB4HM65PFYCQCT2QKJSDHTU7N	1	USD	GDT6RTJZJSHB4AOQGAAKZ3HHBJKZRG6RB4HM65PFYCQCT2QKJSDHTU7N	200000000	1	1	1	0	5
GDKVJDH2LBUW6WXQ5ZI2ECVEFQUO5BAPT55EBXH2OA726CUMV4PNUWOA	3	1	EUR	GDT6RTJZJSHB4AOQGAAKZ3HHBJKZRG6RB4HM65PFYCQCT2QKJSDHTU7N	1	1	GDT6RTJZJSHB4AOQGAAKZ3HHBJKZRG6RB4HM65PFYCQCT2QKJSDHTU7N	200000000	1	1	1	0	5
GDKVJDH2LBUW6WXQ5ZI2ECVEFQUO5BAPT55EBXH2OA726CUMV4PNUWOA	4	1	21	GDT6RTJZJSHB4AOQGAAKZ3HHBJKZRG6RB4HM65PFYCQCT2QKJSDHTU7N	1	USD	GDT6RTJZJSHB4AOQGAAKZ3HHBJKZRG6RB4HM65PFYCQCT2QKJSDHTU7N	300000000	1	1	1	0	5
GDKVJDH2LBUW6WXQ5ZI2ECVEFQUO5BAPT55EBXH2OA726CUMV4PNUWOA	5	1	22	GDT6RTJZJSHB4AOQGAAKZ3HHBJKZRG6RB4HM65PFYCQCT2QKJSDHTU7N	1	21	GDT6RTJZJSHB4AOQGAAKZ3HHBJKZRG6RB4HM65PFYCQCT2QKJSDHTU7N	300000000	1	1	1	0	5
GDKVJDH2LBUW6WXQ5ZI2ECVEFQUO5BAPT55EBXH2OA726CUMV4PNUWOA	6	1	EUR	GDT6RTJZJSHB4AOQGAAKZ3HHBJKZRG6RB4HM65PFYCQCT2QKJSDHTU7N	1	22	GDT6RTJZJSHB4AOQGAAKZ3HHBJKZRG6RB4HM65PFYCQCT2QKJSDHTU7N	300000000	1	1	1	0	5
GDKVJDH2LBUW6WXQ5ZI2ECVEFQUO5BAPT55EBXH2OA726CUMV4PNUWOA	7	1	31	GDT6RTJZJSHB4AOQGAAKZ3HHBJKZRG6RB4HM65PFYCQCT2QKJSDHTU7N	1	USD	GDT6RTJZJSHB4AOQGAAKZ3HHBJKZRG6RB4HM65PFYCQCT2QKJSDHTU7N	400000000	1	1	1	0	5
GDKVJDH2LBUW6WXQ5ZI2ECVEFQUO5BAPT55EBXH2OA726CUMV4PNUWOA	8	1	32	GDT6RTJZJSHB4AOQGAAKZ3HHBJKZRG6RB4HM65PFYCQCT2QKJSDHTU7N	1	31	GDT6RTJZJSHB4AOQGAAKZ3HHBJKZRG6RB4HM65PFYCQCT2QKJSDHTU7N	400000000	1	1	1	0	5
GDKVJDH2LBUW6WXQ5ZI2ECVEFQUO5BAPT55EBXH2OA726CUMV4PNUWOA	9	1	33	GDT6RTJZJSHB4AOQGAAKZ3HHBJKZRG6RB4HM65PFYCQCT2QKJSDHTU7N	1	32	GDT6RTJZJSHB4AOQGAAKZ3HHBJKZRG6RB4HM65PFYCQCT2QKJSDHTU7N	400000000	1	1	1	0	5
GDKVJDH2LBUW6WXQ5ZI2ECVEFQUO5BAPT55EBXH2OA726CUMV4PNUWOA	10	1	EUR	GDT6RTJZJSHB4AOQGAAKZ3HHBJKZRG6RB4HM65PFYCQCT2QKJSDHTU7N	1	33	GDT6RTJZJSHB4AOQGAAKZ3HHBJKZRG6RB4HM65PFYCQCT2QKJSDHTU7N	400000000	1	1	1	0	5
\.


--
-- Data for Name: peers; Type: TABLE DATA; Schema: public; Owner: -
--

COPY peers (ip, port, nextattempt, numfailures) FROM stdin;
\.


--
-- Data for Name: pubsub; Type: TABLE DATA; Schema: public; Owner: -
--

COPY pubsub (resid, lastread) FROM stdin;
\.


--
-- Data for Name: signers; Type: TABLE DATA; Schema: public; Owner: -
--

COPY signers (accountid, publickey, weight) FROM stdin;
\.


--
-- Data for Name: storestate; Type: TABLE DATA; Schema: public; Owner: -
--

COPY storestate (statename, state) FROM stdin;
databaseinitialized             	true
forcescponnextlaunch            	false
lastclosedledger                	1c35381b2502c94ffd707e564c32fb919efd7be1f30db5d8fcf6691b0e973887
historyarchivestate             	{\n    "version": 1,\n    "server": "85472c7",\n    "currentLedger": 5,\n    "currentBuckets": [\n        {\n            "curr": "b41bcb41a8b69f0d73e7018efed71a5114c8d2867a8fa0deb54d6e01787c7dd1",\n            "next": {\n                "state": 0\n            },\n            "snap": "6fe5322454862adb5c91373fc4ef4e91843b11ad73e293b7859ec8325dc4dc40"\n        },\n        {\n            "curr": "936f3d81329f7c1a77aa8408d6ef5f6de032a4c866e799e4755ec0e752c8f768",\n            "next": {\n                "state": 1,\n                "output": "6fe5322454862adb5c91373fc4ef4e91843b11ad73e293b7859ec8325dc4dc40"\n            },\n            "snap": "0000000000000000000000000000000000000000000000000000000000000000"\n        },\n        {\n            "curr": "0000000000000000000000000000000000000000000000000000000000000000",\n            "next": {\n                "state": 0\n            },\n            "snap": "0000000000000000000000000000000000000000000000000000000000000000"\n        },\n        {\n            "curr": "0000000000000000000000000000000000000000000000000000000000000000",\n            "next": {\n                "state": 0\n            },\n            "snap": "0000000000000000000000000000000000000000000000000000000000000000"\n        },\n        {\n            "curr": "0000000000000000000000000000000000000000000000000000000000000000",\n            "next": {\n                "state": 0\n            },\n            "snap": "0000000000000000000000000000000000000000000000000000000000000000"\n        },\n        {\n            "curr": "0000000000000000000000000000000000000000000000000000000000000000",\n            "next": {\n                "state": 0\n            },\n            "snap": "0000000000000000000000000000000000000000000000000000000000000000"\n        },\n        {\n            "curr": "0000000000000000000000000000000000000000000000000000000000000000",\n            "next": {\n                "state": 0\n            },\n            "snap": "0000000000000000000000000000000000000000000000000000000000000000"\n        },\n        {\n            "curr": "0000000000000000000000000000000000000000000000000000000000000000",\n            "next": {\n                "state": 0\n            },\n            "snap": "0000000000000000000000000000000000000000000000000000000000000000"\n        },\n        {\n            "curr": "0000000000000000000000000000000000000000000000000000000000000000",\n            "next": {\n                "state": 0\n            },\n            "snap": "0000000000000000000000000000000000000000000000000000000000000000"\n        },\n        {\n            "curr": "0000000000000000000000000000000000000000000000000000000000000000",\n            "next": {\n                "state": 0\n            },\n            "snap": "0000000000000000000000000000000000000000000000000000000000000000"\n        },\n        {\n            "curr": "0000000000000000000000000000000000000000000000000000000000000000",\n            "next": {\n                "state": 0\n            },\n            "snap": "0000000000000000000000000000000000000000000000000000000000000000"\n        }\n    ]\n}
\.


--
-- Data for Name: trustlines; Type: TABLE DATA; Schema: public; Owner: -
--

COPY trustlines (accountid, assettype, issuer, assetcode, tlimit, balance, flags, lastmodified) FROM stdin;
GDVROCNI2LZDZUPJ2LT5OWI3V75WR7L5F5I5PXC3FGW4OROITYUQT7TP	1	GDT6RTJZJSHB4AOQGAAKZ3HHBJKZRG6RB4HM65PFYCQCT2QKJSDHTU7N	EUR	9223372036854775807	0	1	3
GDKVJDH2LBUW6WXQ5ZI2ECVEFQUO5BAPT55EBXH2OA726CUMV4PNUWOA	1	GDT6RTJZJSHB4AOQGAAKZ3HHBJKZRG6RB4HM65PFYCQCT2QKJSDHTU7N	USD	9223372036854775807	0	1	3
GCPQIGBTIOML6XQTAAWDGL6WDLTNGLKBIJNRXYPZUYBZJ6DIKA2SS3YZ	1	GDT6RTJZJSHB4AOQGAAKZ3HHBJKZRG6RB4HM65PFYCQCT2QKJSDHTU7N	USD	9223372036854775807	50000000000	1	4
GDKVJDH2LBUW6WXQ5ZI2ECVEFQUO5BAPT55EBXH2OA726CUMV4PNUWOA	1	GDT6RTJZJSHB4AOQGAAKZ3HHBJKZRG6RB4HM65PFYCQCT2QKJSDHTU7N	EUR	9223372036854775807	50000000000	1	4
GDKVJDH2LBUW6WXQ5ZI2ECVEFQUO5BAPT55EBXH2OA726CUMV4PNUWOA	1	GDT6RTJZJSHB4AOQGAAKZ3HHBJKZRG6RB4HM65PFYCQCT2QKJSDHTU7N	1	9223372036854775807	50000000000	1	4
GDKVJDH2LBUW6WXQ5ZI2ECVEFQUO5BAPT55EBXH2OA726CUMV4PNUWOA	1	GDT6RTJZJSHB4AOQGAAKZ3HHBJKZRG6RB4HM65PFYCQCT2QKJSDHTU7N	21	9223372036854775807	50000000000	1	4
GDKVJDH2LBUW6WXQ5ZI2ECVEFQUO5BAPT55EBXH2OA726CUMV4PNUWOA	1	GDT6RTJZJSHB4AOQGAAKZ3HHBJKZRG6RB4HM65PFYCQCT2QKJSDHTU7N	22	9223372036854775807	50000000000	1	4
GDKVJDH2LBUW6WXQ5ZI2ECVEFQUO5BAPT55EBXH2OA726CUMV4PNUWOA	1	GDT6RTJZJSHB4AOQGAAKZ3HHBJKZRG6RB4HM65PFYCQCT2QKJSDHTU7N	31	9223372036854775807	50000000000	1	4
GDKVJDH2LBUW6WXQ5ZI2ECVEFQUO5BAPT55EBXH2OA726CUMV4PNUWOA	1	GDT6RTJZJSHB4AOQGAAKZ3HHBJKZRG6RB4HM65PFYCQCT2QKJSDHTU7N	32	9223372036854775807	50000000000	1	4
GDKVJDH2LBUW6WXQ5ZI2ECVEFQUO5BAPT55EBXH2OA726CUMV4PNUWOA	1	GDT6RTJZJSHB4AOQGAAKZ3HHBJKZRG6RB4HM65PFYCQCT2QKJSDHTU7N	33	9223372036854775807	50000000000	1	4
\.


--
-- Data for Name: txfeehistory; Type: TABLE DATA; Schema: public; Owner: -
--

COPY txfeehistory (txid, ledgerseq, txindex, txchanges) FROM stdin;
3b53c9e9eb64748408cfb6ac66594c80308debf3db9de97589492212c631b2f4	2	1	AAAAAQAAAAEAAAACAAAAAAAAAABi/B0L0JGythwN1lY0aypo19NHxvLCyO5tBEcCVvwF9wFjRXhdif/2AAAAAAAAAAEAAAAAAAAAAAAAAAAAAAAAAQAAAAAAAAAAAAAAAAAAAA==
b28374606dbe83733987519e310b827c6e58b0b08bcd4d449fb05889b7f3346c	2	2	AAAAAQAAAAEAAAACAAAAAAAAAABi/B0L0JGythwN1lY0aypo19NHxvLCyO5tBEcCVvwF9wFjRXhdif/sAAAAAAAAAAIAAAAAAAAAAAAAAAAAAAAAAQAAAAAAAAAAAAAAAAAAAA==
3cd95252cf766259655358716e4b27729f9815f339688ea8ede7cc28ca791fbf	2	3	AAAAAQAAAAEAAAACAAAAAAAAAABi/B0L0JGythwN1lY0aypo19NHxvLCyO5tBEcCVvwF9wFjRXhdif/iAAAAAAAAAAMAAAAAAAAAAAAAAAAAAAAAAQAAAAAAAAAAAAAAAAAAAA==
9455bf5b1cab56c8c2f815a0dcc99d435b5fbe11def992b8320cfd33401c5d0c	2	4	AAAAAQAAAAEAAAACAAAAAAAAAABi/B0L0JGythwN1lY0aypo19NHxvLCyO5tBEcCVvwF9wFjRXhdif/YAAAAAAAAAAQAAAAAAAAAAAAAAAAAAAAAAQAAAAAAAAAAAAAAAAAAAA==
a918ad94e85a083808a79e3b2eb44075703a185c4bec86ce73cacccca6ceda80	3	1	AAAAAQAAAAEAAAADAAAAAAAAAACfBBgzQ5i/XhMALDMv1hrm0y1BQlsb4fmmA5T4aFA1KQAAAAJUC+P2AAAAAgAAAAEAAAAAAAAAAAAAAAAAAAAAAQAAAAAAAAAAAAAAAAAAAA==
86e7e030f24ea37312097b21d02842eb55224fe7d74bf4d3613acef45a4fb00d	3	2	AAAAAQAAAAEAAAADAAAAAAAAAADrFwmo0vI80enS59dZG6/7aP19L1HX3FsprcdFyJ4pCQAAAAJUC+P2AAAAAgAAAAEAAAAAAAAAAAAAAAAAAAAAAQAAAAAAAAAAAAAAAAAAAA==
fea75039db37f05504f551000e43c35728a972ad6052dc8e78744de7170d94c0	3	3	AAAAAQAAAAEAAAADAAAAAAAAAADVVIz6WGlvWvDuUaIKpCwo7oQPn3pA3PpwP68KjK8e2gAAAAJUC+P2AAAAAgAAAAEAAAAAAAAAAAAAAAAAAAAAAQAAAAAAAAAAAAAAAAAAAA==
6949c3f532f586283e652a6c636b7e6b7387043c6db395d696467c8292554a53	3	4	AAAAAQAAAAEAAAADAAAAAAAAAADVVIz6WGlvWvDuUaIKpCwo7oQPn3pA3PpwP68KjK8e2gAAAAJUC+PsAAAAAgAAAAIAAAAAAAAAAAAAAAAAAAAAAQAAAAAAAAAAAAAAAAAAAA==
c42532a03a983f8a6e5885df58ff7907b2b66841b309d0024a557e5bd6103530	3	5	AAAAAQAAAAEAAAADAAAAAAAAAADVVIz6WGlvWvDuUaIKpCwo7oQPn3pA3PpwP68KjK8e2gAAAAJUC+PiAAAAAgAAAAMAAAAAAAAAAAAAAAAAAAAAAQAAAAAAAAAAAAAAAAAAAA==
09edb0b8d1f7e829a5df46f1c9aa7e28adef42ed1982a2405b9b5dcd01515d34	3	6	AAAAAQAAAAEAAAADAAAAAAAAAADVVIz6WGlvWvDuUaIKpCwo7oQPn3pA3PpwP68KjK8e2gAAAAJUC+PYAAAAAgAAAAQAAAAAAAAAAAAAAAAAAAAAAQAAAAAAAAAAAAAAAAAAAA==
365a07b09db3fbbf8d973ebabb1715aef306d678221f22ec7782612aa9606ab5	3	7	AAAAAQAAAAEAAAADAAAAAAAAAADVVIz6WGlvWvDuUaIKpCwo7oQPn3pA3PpwP68KjK8e2gAAAAJUC+POAAAAAgAAAAUAAAAAAAAAAAAAAAAAAAAAAQAAAAAAAAAAAAAAAAAAAA==
dc170915ae12e8a1fa5b53df02d87aac9913d8004f01f65f0bcad036a3dfa5d4	3	8	AAAAAQAAAAEAAAADAAAAAAAAAADVVIz6WGlvWvDuUaIKpCwo7oQPn3pA3PpwP68KjK8e2gAAAAJUC+PEAAAAAgAAAAYAAAAAAAAAAAAAAAAAAAAAAQAAAAAAAAAAAAAAAAAAAA==
14c25d01f50385a073c8e13731c93c66ead87afedf28acaae6e7171a315efca5	3	9	AAAAAQAAAAEAAAADAAAAAAAAAADVVIz6WGlvWvDuUaIKpCwo7oQPn3pA3PpwP68KjK8e2gAAAAJUC+O6AAAAAgAAAAcAAAAAAAAAAAAAAAAAAAAAAQAAAAAAAAAAAAAAAAAAAA==
18a5b8a0a2de989805a2380a25f912786b793dfe51fa87cf068405f252b7c578	3	10	AAAAAQAAAAEAAAADAAAAAAAAAADVVIz6WGlvWvDuUaIKpCwo7oQPn3pA3PpwP68KjK8e2gAAAAJUC+OwAAAAAgAAAAgAAAAAAAAAAAAAAAAAAAAAAQAAAAAAAAAAAAAAAAAAAA==
6fc6094938d8764e9103942ca87ad0705f6ff990140e620186b63e9f90e1a941	4	1	AAAAAQAAAAEAAAAEAAAAAAAAAADn6M05TI4eAdAwAKzs5wpVmJvRDw7PdeXAoCnqCkyGeQAAAAJUC+P2AAAAAgAAAAEAAAAAAAAAAAAAAAAAAAAAAQAAAAAAAAAAAAAAAAAAAA==
03df8d761604b10e27b02c98db2cfb618646d52fd43c000721f07a2c78c63447	4	2	AAAAAQAAAAEAAAAEAAAAAAAAAADn6M05TI4eAdAwAKzs5wpVmJvRDw7PdeXAoCnqCkyGeQAAAAJUC+PsAAAAAgAAAAIAAAAAAAAAAAAAAAAAAAAAAQAAAAAAAAAAAAAAAAAAAA==
fe678766b9cab067b349579817348b46df2235e7e00319d3a5f0b9ecbaca80de	4	3	AAAAAQAAAAEAAAAEAAAAAAAAAADn6M05TI4eAdAwAKzs5wpVmJvRDw7PdeXAoCnqCkyGeQAAAAJUC+PiAAAAAgAAAAMAAAAAAAAAAAAAAAAAAAAAAQAAAAAAAAAAAAAAAAAAAA==
f34c36eb5ec7e589a76beb4c77e1a04fb8155b6f92a7b79d53de7a4e3cc704f3	4	4	AAAAAQAAAAEAAAAEAAAAAAAAAADn6M05TI4eAdAwAKzs5wpVmJvRDw7PdeXAoCnqCkyGeQAAAAJUC+PYAAAAAgAAAAQAAAAAAAAAAAAAAAAAAAAAAQAAAAAAAAAAAAAAAAAAAA==
1b93f5d7f80f07a21a1da7673acfb4c520130fcb08155edc99c6f8961db43e6f	4	5	AAAAAQAAAAEAAAAEAAAAAAAAAADn6M05TI4eAdAwAKzs5wpVmJvRDw7PdeXAoCnqCkyGeQAAAAJUC+POAAAAAgAAAAUAAAAAAAAAAAAAAAAAAAAAAQAAAAAAAAAAAAAAAAAAAA==
c3f643c6bf0315122c892fe66d9674c224122f2c935255a9b958ca92163f3a8b	4	6	AAAAAQAAAAEAAAAEAAAAAAAAAADn6M05TI4eAdAwAKzs5wpVmJvRDw7PdeXAoCnqCkyGeQAAAAJUC+PEAAAAAgAAAAYAAAAAAAAAAAAAAAAAAAAAAQAAAAAAAAAAAAAAAAAAAA==
d5b6b75b1dbaf34759a944b71ee16f21affc4b573bd86984e83f0973e9dcf07d	4	7	AAAAAQAAAAEAAAAEAAAAAAAAAADn6M05TI4eAdAwAKzs5wpVmJvRDw7PdeXAoCnqCkyGeQAAAAJUC+O6AAAAAgAAAAcAAAAAAAAAAAAAAAAAAAAAAQAAAAAAAAAAAAAAAAAAAA==
5e32abe0125144e4135e781d83f5c6a5f923878fed42d0ec725e282e8fe786d2	4	8	AAAAAQAAAAEAAAAEAAAAAAAAAADn6M05TI4eAdAwAKzs5wpVmJvRDw7PdeXAoCnqCkyGeQAAAAJUC+OwAAAAAgAAAAgAAAAAAAAAAAAAAAAAAAAAAQAAAAAAAAAAAAAAAAAAAA==
5be94ebe92a85f4b251141e04567f599570aa5f22ca901a4ca88078a51236050	5	1	AAAAAQAAAAEAAAAFAAAAAAAAAADVVIz6WGlvWvDuUaIKpCwo7oQPn3pA3PpwP68KjK8e2gAAAAJUC+OmAAAAAgAAAAkAAAAIAAAAAAAAAAAAAAAAAQAAAAAAAAAAAAAAAAAAAA==
09a276f1c90064c75b46c19a500a3896629d1aa4888526ec6e2cb39568c57521	5	2	AAAAAQAAAAEAAAAFAAAAAAAAAADVVIz6WGlvWvDuUaIKpCwo7oQPn3pA3PpwP68KjK8e2gAAAAJUC+OcAAAAAgAAAAoAAAAIAAAAAAAAAAAAAAAAAQAAAAAAAAAAAAAAAAAAAA==
43202e548cc2fd74d2f045adc0b91913a1c3ec9c06a79cda06198dfbde9d5270	5	3	AAAAAQAAAAEAAAAFAAAAAAAAAADVVIz6WGlvWvDuUaIKpCwo7oQPn3pA3PpwP68KjK8e2gAAAAJUC+OSAAAAAgAAAAsAAAAIAAAAAAAAAAAAAAAAAQAAAAAAAAAAAAAAAAAAAA==
da694f3bc11b7e7ce241c6f9d961b61972569e17d4a9d477593aaa37ccb6d495	5	4	AAAAAQAAAAEAAAAFAAAAAAAAAADVVIz6WGlvWvDuUaIKpCwo7oQPn3pA3PpwP68KjK8e2gAAAAJUC+OIAAAAAgAAAAwAAAAIAAAAAAAAAAAAAAAAAQAAAAAAAAAAAAAAAAAAAA==
9d4dbd281678c69891437a80e11a061ed04786c29fe8477b48dadd97b7944e11	5	5	AAAAAQAAAAEAAAAFAAAAAAAAAADVVIz6WGlvWvDuUaIKpCwo7oQPn3pA3PpwP68KjK8e2gAAAAJUC+N+AAAAAgAAAA0AAAAIAAAAAAAAAAAAAAAAAQAAAAAAAAAAAAAAAAAAAA==
348ce981cfa1b4203af4286f3f1b4d41d669de23835d1d9ac07295286fc8bbca	5	6	AAAAAQAAAAEAAAAFAAAAAAAAAADVVIz6WGlvWvDuUaIKpCwo7oQPn3pA3PpwP68KjK8e2gAAAAJUC+N0AAAAAgAAAA4AAAAIAAAAAAAAAAAAAAAAAQAAAAAAAAAAAAAAAAAAAA==
97f4f2b5005f3cf3bf2c978e39c331a1594fd44f1c55fc17be0235594683b31e	5	7	AAAAAQAAAAEAAAAFAAAAAAAAAADVVIz6WGlvWvDuUaIKpCwo7oQPn3pA3PpwP68KjK8e2gAAAAJUC+NqAAAAAgAAAA8AAAAIAAAAAAAAAAAAAAAAAQAAAAAAAAAAAAAAAAAAAA==
4af87fb06287711f8ef11e04591919e6b37ea9033856daebb7565a9e9391da02	5	8	AAAAAQAAAAEAAAAFAAAAAAAAAADVVIz6WGlvWvDuUaIKpCwo7oQPn3pA3PpwP68KjK8e2gAAAAJUC+NgAAAAAgAAABAAAAAIAAAAAAAAAAAAAAAAAQAAAAAAAAAAAAAAAAAAAA==
474a5f4892d620658e9a1ac15bca4c64a1e89b7f8039037204df2bac9f17062a	5	9	AAAAAQAAAAEAAAAFAAAAAAAAAADVVIz6WGlvWvDuUaIKpCwo7oQPn3pA3PpwP68KjK8e2gAAAAJUC+NWAAAAAgAAABEAAAAIAAAAAAAAAAAAAAAAAQAAAAAAAAAAAAAAAAAAAA==
4b1f58607a9c12cabd079f9f88e6acaa495e8b5d4c8114c3100b4871fa1565d8	5	10	AAAAAQAAAAEAAAAFAAAAAAAAAADVVIz6WGlvWvDuUaIKpCwo7oQPn3pA3PpwP68KjK8e2gAAAAJUC+NMAAAAAgAAABIAAAAIAAAAAAAAAAAAAAAAAQAAAAAAAAAAAAAAAAAAAA==
\.


--
-- Data for Name: txhistory; Type: TABLE DATA; Schema: public; Owner: -
--

COPY txhistory (txid, ledgerseq, txindex, txbody, txresult, txmeta) FROM stdin;
3b53c9e9eb64748408cfb6ac66594c80308debf3db9de97589492212c631b2f4	2	1	AAAAAGL8HQvQkbK2HA3WVjRrKmjX00fG8sLI7m0ERwJW/AX3AAAACgAAAAAAAAABAAAAAAAAAAAAAAABAAAAAAAAAAAAAAAA5+jNOUyOHgHQMACs7OcKVZib0Q8Oz3XlwKAp6gpMhnkAAAACVAvkAAAAAAAAAAABVvwF9wAAAEBHSKWIW52IGhfJ4nqwe9Z1FRVyHureAyi4vIaQrdQW1G/ErOGy+LCOGru2nysehGInq+NycCwMSf2LGrCy4MUI	O1PJ6etkdIQIz7asZllMgDCN6/Pbnel1iUkiEsYxsvQAAAAAAAAACgAAAAAAAAABAAAAAAAAAAAAAAAAAAAAAA==	AAAAAAAAAAEAAAACAAAAAAAAAAIAAAAAAAAAAOfozTlMjh4B0DAArOznClWYm9EPDs915cCgKeoKTIZ5AAAAAlQL5AAAAAACAAAAAAAAAAAAAAAAAAAAAAAAAAABAAAAAAAAAAAAAAAAAAAAAAAAAQAAAAIAAAAAAAAAAGL8HQvQkbK2HA3WVjRrKmjX00fG8sLI7m0ERwJW/AX3AWNFdgl+G9gAAAAAAAAABAAAAAAAAAAAAAAAAAAAAAABAAAAAAAAAAAAAAAAAAAA
b28374606dbe83733987519e310b827c6e58b0b08bcd4d449fb05889b7f3346c	2	2	AAAAAGL8HQvQkbK2HA3WVjRrKmjX00fG8sLI7m0ERwJW/AX3AAAACgAAAAAAAAACAAAAAAAAAAAAAAABAAAAAAAAAAAAAAAAnwQYM0OYv14TACwzL9Ya5tMtQUJbG+H5pgOU+GhQNSkAAAACVAvkAAAAAAAAAAABVvwF9wAAAEDeYPDxwi0Od72OhDfRIEsMjOnTZIYYwNjmWFxp9ctYGwgksPzDllQ90VDRH/6gdFrQAYKELfG5wkxdqsAxWzkH	soN0YG2+g3M5h1GeMQuCfG5YsLCLzU1En7BYibfzNGwAAAAAAAAACgAAAAAAAAABAAAAAAAAAAAAAAAAAAAAAA==	AAAAAAAAAAEAAAACAAAAAAAAAAIAAAAAAAAAAJ8EGDNDmL9eEwAsMy/WGubTLUFCWxvh+aYDlPhoUDUpAAAAAlQL5AAAAAACAAAAAAAAAAAAAAAAAAAAAAAAAAABAAAAAAAAAAAAAAAAAAAAAAAAAQAAAAIAAAAAAAAAAGL8HQvQkbK2HA3WVjRrKmjX00fG8sLI7m0ERwJW/AX3AWNFc7VyN9gAAAAAAAAABAAAAAAAAAAAAAAAAAAAAAABAAAAAAAAAAAAAAAAAAAA
3cd95252cf766259655358716e4b27729f9815f339688ea8ede7cc28ca791fbf	2	3	AAAAAGL8HQvQkbK2HA3WVjRrKmjX00fG8sLI7m0ERwJW/AX3AAAACgAAAAAAAAADAAAAAAAAAAAAAAABAAAAAAAAAAAAAAAA6xcJqNLyPNHp0ufXWRuv+2j9fS9R19xbKa3HRcieKQkAAAACVAvkAAAAAAAAAAABVvwF9wAAAEAyfKErkWBGeeXLa9ib2UzlzD+Xewnoo59JIsIscyFNqiZQqigxlZjk2GCtK6VAxIviDqUwHSbQwyWHPFoGD5kH	PNlSUs92YlllU1hxbksncp+YFfM5aI6o7efMKMp5H78AAAAAAAAACgAAAAAAAAABAAAAAAAAAAAAAAAAAAAAAA==	AAAAAAAAAAEAAAACAAAAAAAAAAIAAAAAAAAAAOsXCajS8jzR6dLn11kbr/to/X0vUdfcWymtx0XInikJAAAAAlQL5AAAAAACAAAAAAAAAAAAAAAAAAAAAAAAAAABAAAAAAAAAAAAAAAAAAAAAAAAAQAAAAIAAAAAAAAAAGL8HQvQkbK2HA3WVjRrKmjX00fG8sLI7m0ERwJW/AX3AWNFcWFmU9gAAAAAAAAABAAAAAAAAAAAAAAAAAAAAAABAAAAAAAAAAAAAAAAAAAA
9455bf5b1cab56c8c2f815a0dcc99d435b5fbe11def992b8320cfd33401c5d0c	2	4	AAAAAGL8HQvQkbK2HA3WVjRrKmjX00fG8sLI7m0ERwJW/AX3AAAACgAAAAAAAAAEAAAAAAAAAAAAAAABAAAAAAAAAAAAAAAA1VSM+lhpb1rw7lGiCqQsKO6ED596QNz6cD+vCoyvHtoAAAACVAvkAAAAAAAAAAABVvwF9wAAAEBNlDiMH+r+BX5pt2HThTpUQZCgyg58RXGKFBQi/wG2zdmZTFoL6hpbyNNUjgzMDte/VwduR9K8KcccL25E+LYK	lFW/WxyrVsjC+BWg3MmdQ1tfvhHe+ZK4Mgz9M0AcXQwAAAAAAAAACgAAAAAAAAABAAAAAAAAAAAAAAAAAAAAAA==	AAAAAAAAAAEAAAACAAAAAAAAAAIAAAAAAAAAANVUjPpYaW9a8O5RogqkLCjuhA+fekDc+nA/rwqMrx7aAAAAAlQL5AAAAAACAAAAAAAAAAAAAAAAAAAAAAAAAAABAAAAAAAAAAAAAAAAAAAAAAAAAQAAAAIAAAAAAAAAAGL8HQvQkbK2HA3WVjRrKmjX00fG8sLI7m0ERwJW/AX3AWNFbw1ab9gAAAAAAAAABAAAAAAAAAAAAAAAAAAAAAABAAAAAAAAAAAAAAAAAAAA
a918ad94e85a083808a79e3b2eb44075703a185c4bec86ce73cacccca6ceda80	3	1	AAAAAJ8EGDNDmL9eEwAsMy/WGubTLUFCWxvh+aYDlPhoUDUpAAAACgAAAAIAAAABAAAAAAAAAAAAAAABAAAAAAAAAAYAAAABVVNEAAAAAADn6M05TI4eAdAwAKzs5wpVmJvRDw7PdeXAoCnqCkyGeX//////////AAAAAAAAAAFoUDUpAAAAQH3rcOzE7n1IN1OW/IDIQSbaIbdpXa2uolMRlNNEXnIrInbxh0VLemAMjDmYi3wNTNiaFetitwZkBSy/rvRLOgE=	qRitlOhaCDgIp547LrRAdXA6GFxL7IbOc8rMzKbO2oAAAAAAAAAACgAAAAAAAAABAAAAAAAAAAYAAAAAAAAAAA==	AAAAAAAAAAEAAAACAAAAAAAAAAMAAAABAAAAAJ8EGDNDmL9eEwAsMy/WGubTLUFCWxvh+aYDlPhoUDUpAAAAAVVTRAAAAAAA5+jNOUyOHgHQMACs7OcKVZib0Q8Oz3XlwKAp6gpMhnkAAAAAAAAAAH//////////AAAAAQAAAAAAAAAAAAAAAQAAAAMAAAAAAAAAAJ8EGDNDmL9eEwAsMy/WGubTLUFCWxvh+aYDlPhoUDUpAAAAAlQL4/YAAAACAAAAAQAAAAEAAAAAAAAAAAAAAAABAAAAAAAAAAAAAAAAAAAA
86e7e030f24ea37312097b21d02842eb55224fe7d74bf4d3613acef45a4fb00d	3	2	AAAAAOsXCajS8jzR6dLn11kbr/to/X0vUdfcWymtx0XInikJAAAACgAAAAIAAAABAAAAAAAAAAAAAAABAAAAAAAAAAYAAAABRVVSAAAAAADn6M05TI4eAdAwAKzs5wpVmJvRDw7PdeXAoCnqCkyGeX//////////AAAAAAAAAAHInikJAAAAQBhcOSqCYB71vxh3eLPok0nND9S+GBY6Q7bqrYDWabZ1lbzOuCRcJZ8nlZE3nyFKrNNq1YpAxl5aDoVbezumYwg=	hufgMPJOo3MSCXsh0ChC61UiT+fXS/TTYTrO9FpPsA0AAAAAAAAACgAAAAAAAAABAAAAAAAAAAYAAAAAAAAAAA==	AAAAAAAAAAEAAAACAAAAAAAAAAMAAAABAAAAAOsXCajS8jzR6dLn11kbr/to/X0vUdfcWymtx0XInikJAAAAAUVVUgAAAAAA5+jNOUyOHgHQMACs7OcKVZib0Q8Oz3XlwKAp6gpMhnkAAAAAAAAAAH//////////AAAAAQAAAAAAAAAAAAAAAQAAAAMAAAAAAAAAAOsXCajS8jzR6dLn11kbr/to/X0vUdfcWymtx0XInikJAAAAAlQL4/YAAAACAAAAAQAAAAEAAAAAAAAAAAAAAAABAAAAAAAAAAAAAAAAAAAA
fea75039db37f05504f551000e43c35728a972ad6052dc8e78744de7170d94c0	3	3	AAAAANVUjPpYaW9a8O5RogqkLCjuhA+fekDc+nA/rwqMrx7aAAAACgAAAAIAAAABAAAAAAAAAAAAAAABAAAAAAAAAAYAAAABVVNEAAAAAADn6M05TI4eAdAwAKzs5wpVmJvRDw7PdeXAoCnqCkyGeX//////////AAAAAAAAAAGMrx7aAAAAQCt/7NrnthwZ2YsttaKkDPS2rCe4tBz/1uBwCOrX7LbaO5fD9K6mGEWlQlUaRMgeYPTjIRhPBxigO3wh4qVclwo=	/qdQOds38FUE9VEADkPDVyipcq1gUtyOeHRN5xcNlMAAAAAAAAAACgAAAAAAAAABAAAAAAAAAAYAAAAAAAAAAA==	AAAAAAAAAAEAAAACAAAAAAAAAAMAAAABAAAAANVUjPpYaW9a8O5RogqkLCjuhA+fekDc+nA/rwqMrx7aAAAAAVVTRAAAAAAA5+jNOUyOHgHQMACs7OcKVZib0Q8Oz3XlwKAp6gpMhnkAAAAAAAAAAH//////////AAAAAQAAAAAAAAAAAAAAAQAAAAMAAAAAAAAAANVUjPpYaW9a8O5RogqkLCjuhA+fekDc+nA/rwqMrx7aAAAAAlQL47AAAAACAAAACAAAAAEAAAAAAAAAAAAAAAABAAAAAAAAAAAAAAAAAAAA
6949c3f532f586283e652a6c636b7e6b7387043c6db395d696467c8292554a53	3	4	AAAAANVUjPpYaW9a8O5RogqkLCjuhA+fekDc+nA/rwqMrx7aAAAACgAAAAIAAAACAAAAAAAAAAAAAAABAAAAAAAAAAYAAAABRVVSAAAAAADn6M05TI4eAdAwAKzs5wpVmJvRDw7PdeXAoCnqCkyGeX//////////AAAAAAAAAAGMrx7aAAAAQNO46MIjJSylRM5hMm2W5DlzFrqJLlkZl+0lHIdFHeml/fkIcNpuorlhzSbR3n+w0J4FzEUJSMZ/2PZRa0o97gc=	aUnD9TL1hig+ZSpsY2t+a3OHBDxts5XWlkZ8gpJVSlMAAAAAAAAACgAAAAAAAAABAAAAAAAAAAYAAAAAAAAAAA==	AAAAAAAAAAEAAAACAAAAAAAAAAMAAAABAAAAANVUjPpYaW9a8O5RogqkLCjuhA+fekDc+nA/rwqMrx7aAAAAAUVVUgAAAAAA5+jNOUyOHgHQMACs7OcKVZib0Q8Oz3XlwKAp6gpMhnkAAAAAAAAAAH//////////AAAAAQAAAAAAAAAAAAAAAQAAAAMAAAAAAAAAANVUjPpYaW9a8O5RogqkLCjuhA+fekDc+nA/rwqMrx7aAAAAAlQL47AAAAACAAAACAAAAAIAAAAAAAAAAAAAAAABAAAAAAAAAAAAAAAAAAAA
c42532a03a983f8a6e5885df58ff7907b2b66841b309d0024a557e5bd6103530	3	5	AAAAANVUjPpYaW9a8O5RogqkLCjuhA+fekDc+nA/rwqMrx7aAAAACgAAAAIAAAADAAAAAAAAAAAAAAABAAAAAAAAAAYAAAABMQAAAAAAAADn6M05TI4eAdAwAKzs5wpVmJvRDw7PdeXAoCnqCkyGeX//////////AAAAAAAAAAGMrx7aAAAAQJXE5HPVBX0TQDF55i51g3d6UcO9ur9r4mAC36AwE7hD7LZxc+85Z6BB9HPmvZ+FE/bIcRS1IlZO9v3jS2/1zA0=	xCUyoDqYP4puWIXfWP95B7K2aEGzCdACSlV+W9YQNTAAAAAAAAAACgAAAAAAAAABAAAAAAAAAAYAAAAAAAAAAA==	AAAAAAAAAAEAAAACAAAAAAAAAAMAAAABAAAAANVUjPpYaW9a8O5RogqkLCjuhA+fekDc+nA/rwqMrx7aAAAAATEAAAAAAAAA5+jNOUyOHgHQMACs7OcKVZib0Q8Oz3XlwKAp6gpMhnkAAAAAAAAAAH//////////AAAAAQAAAAAAAAAAAAAAAQAAAAMAAAAAAAAAANVUjPpYaW9a8O5RogqkLCjuhA+fekDc+nA/rwqMrx7aAAAAAlQL47AAAAACAAAACAAAAAMAAAAAAAAAAAAAAAABAAAAAAAAAAAAAAAAAAAA
09edb0b8d1f7e829a5df46f1c9aa7e28adef42ed1982a2405b9b5dcd01515d34	3	6	AAAAANVUjPpYaW9a8O5RogqkLCjuhA+fekDc+nA/rwqMrx7aAAAACgAAAAIAAAAEAAAAAAAAAAAAAAABAAAAAAAAAAYAAAABMjEAAAAAAADn6M05TI4eAdAwAKzs5wpVmJvRDw7PdeXAoCnqCkyGeX//////////AAAAAAAAAAGMrx7aAAAAQLdobr/RkqrGcSFxZZGC46K7HO/SUKO9Mxz5o2wpSDfOVhPM6iQ3b9pDznNgmUXOKIOtVpi/bg69bBQaCMfPaw4=	Ce2wuNH36Cml30bxyap+KK3vQu0ZgqJAW5tdzQFRXTQAAAAAAAAACgAAAAAAAAABAAAAAAAAAAYAAAAAAAAAAA==	AAAAAAAAAAEAAAACAAAAAAAAAAMAAAABAAAAANVUjPpYaW9a8O5RogqkLCjuhA+fekDc+nA/rwqMrx7aAAAAATIxAAAAAAAA5+jNOUyOHgHQMACs7OcKVZib0Q8Oz3XlwKAp6gpMhnkAAAAAAAAAAH//////////AAAAAQAAAAAAAAAAAAAAAQAAAAMAAAAAAAAAANVUjPpYaW9a8O5RogqkLCjuhA+fekDc+nA/rwqMrx7aAAAAAlQL47AAAAACAAAACAAAAAQAAAAAAAAAAAAAAAABAAAAAAAAAAAAAAAAAAAA
365a07b09db3fbbf8d973ebabb1715aef306d678221f22ec7782612aa9606ab5	3	7	AAAAANVUjPpYaW9a8O5RogqkLCjuhA+fekDc+nA/rwqMrx7aAAAACgAAAAIAAAAFAAAAAAAAAAAAAAABAAAAAAAAAAYAAAABMjIAAAAAAADn6M05TI4eAdAwAKzs5wpVmJvRDw7PdeXAoCnqCkyGeX//////////AAAAAAAAAAGMrx7aAAAAQCUWvKqmV7dU3bMKQpuhr3BeDJrdRffRzYXrowwUOjEsqVH1hvRuzBvlEKxjitogh1JmC3Nd0uaOU5NI3qs23gY=	NloHsJ2z+7+Nlz66uxcVrvMG1ngiHyLsd4JhKqlgarUAAAAAAAAACgAAAAAAAAABAAAAAAAAAAYAAAAAAAAAAA==	AAAAAAAAAAEAAAACAAAAAAAAAAMAAAABAAAAANVUjPpYaW9a8O5RogqkLCjuhA+fekDc+nA/rwqMrx7aAAAAATIyAAAAAAAA5+jNOUyOHgHQMACs7OcKVZib0Q8Oz3XlwKAp6gpMhnkAAAAAAAAAAH//////////AAAAAQAAAAAAAAAAAAAAAQAAAAMAAAAAAAAAANVUjPpYaW9a8O5RogqkLCjuhA+fekDc+nA/rwqMrx7aAAAAAlQL47AAAAACAAAACAAAAAUAAAAAAAAAAAAAAAABAAAAAAAAAAAAAAAAAAAA
dc170915ae12e8a1fa5b53df02d87aac9913d8004f01f65f0bcad036a3dfa5d4	3	8	AAAAANVUjPpYaW9a8O5RogqkLCjuhA+fekDc+nA/rwqMrx7aAAAACgAAAAIAAAAGAAAAAAAAAAAAAAABAAAAAAAAAAYAAAABMzEAAAAAAADn6M05TI4eAdAwAKzs5wpVmJvRDw7PdeXAoCnqCkyGeX//////////AAAAAAAAAAGMrx7aAAAAQDuX8T1DvPvUZeK/vQxXkuirBBV4TSSI3Vvf/eTqLZHxM9BE9hRag3AddayE9WhaZ9iq6Gxh5JXBIfcgjicGyw8=	3BcJFa4S6KH6W1PfAth6rJkT2ABPAfZfC8rQNqPfpdQAAAAAAAAACgAAAAAAAAABAAAAAAAAAAYAAAAAAAAAAA==	AAAAAAAAAAEAAAACAAAAAAAAAAMAAAABAAAAANVUjPpYaW9a8O5RogqkLCjuhA+fekDc+nA/rwqMrx7aAAAAATMxAAAAAAAA5+jNOUyOHgHQMACs7OcKVZib0Q8Oz3XlwKAp6gpMhnkAAAAAAAAAAH//////////AAAAAQAAAAAAAAAAAAAAAQAAAAMAAAAAAAAAANVUjPpYaW9a8O5RogqkLCjuhA+fekDc+nA/rwqMrx7aAAAAAlQL47AAAAACAAAACAAAAAYAAAAAAAAAAAAAAAABAAAAAAAAAAAAAAAAAAAA
14c25d01f50385a073c8e13731c93c66ead87afedf28acaae6e7171a315efca5	3	9	AAAAANVUjPpYaW9a8O5RogqkLCjuhA+fekDc+nA/rwqMrx7aAAAACgAAAAIAAAAHAAAAAAAAAAAAAAABAAAAAAAAAAYAAAABMzIAAAAAAADn6M05TI4eAdAwAKzs5wpVmJvRDw7PdeXAoCnqCkyGeX//////////AAAAAAAAAAGMrx7aAAAAQBBcYvpukHrYb/br5tK3Z4W7tykjluZ4LX8OsiX+kxEh12mfXe1PWFkNLVb3gZe/Cwfl+E+s2Um1OpQC4ddDmQI=	FMJdAfUDhaBzyOE3Mck8ZurYev7fKKyq5ucXGjFe/KUAAAAAAAAACgAAAAAAAAABAAAAAAAAAAYAAAAAAAAAAA==	AAAAAAAAAAEAAAACAAAAAAAAAAMAAAABAAAAANVUjPpYaW9a8O5RogqkLCjuhA+fekDc+nA/rwqMrx7aAAAAATMyAAAAAAAA5+jNOUyOHgHQMACs7OcKVZib0Q8Oz3XlwKAp6gpMhnkAAAAAAAAAAH//////////AAAAAQAAAAAAAAAAAAAAAQAAAAMAAAAAAAAAANVUjPpYaW9a8O5RogqkLCjuhA+fekDc+nA/rwqMrx7aAAAAAlQL47AAAAACAAAACAAAAAcAAAAAAAAAAAAAAAABAAAAAAAAAAAAAAAAAAAA
18a5b8a0a2de989805a2380a25f912786b793dfe51fa87cf068405f252b7c578	3	10	AAAAANVUjPpYaW9a8O5RogqkLCjuhA+fekDc+nA/rwqMrx7aAAAACgAAAAIAAAAIAAAAAAAAAAAAAAABAAAAAAAAAAYAAAABMzMAAAAAAADn6M05TI4eAdAwAKzs5wpVmJvRDw7PdeXAoCnqCkyGeX//////////AAAAAAAAAAGMrx7aAAAAQBHO32X6XWyhoVOSJqo2a+sw0GTcb2nHtJ9v+ZWEiYpreA1HCkPMacjobLJcpDNerwy60W+f2WWnlsqy//7r+QE=	GKW4oKLemJgFojgKJfkSeGt5Pf5R+ofPBoQF8lK3xXgAAAAAAAAACgAAAAAAAAABAAAAAAAAAAYAAAAAAAAAAA==	AAAAAAAAAAEAAAACAAAAAAAAAAMAAAABAAAAANVUjPpYaW9a8O5RogqkLCjuhA+fekDc+nA/rwqMrx7aAAAAATMzAAAAAAAA5+jNOUyOHgHQMACs7OcKVZib0Q8Oz3XlwKAp6gpMhnkAAAAAAAAAAH//////////AAAAAQAAAAAAAAAAAAAAAQAAAAMAAAAAAAAAANVUjPpYaW9a8O5RogqkLCjuhA+fekDc+nA/rwqMrx7aAAAAAlQL47AAAAACAAAACAAAAAgAAAAAAAAAAAAAAAABAAAAAAAAAAAAAAAAAAAA
6fc6094938d8764e9103942ca87ad0705f6ff990140e620186b63e9f90e1a941	4	1	AAAAAOfozTlMjh4B0DAArOznClWYm9EPDs915cCgKeoKTIZ5AAAACgAAAAIAAAABAAAAAAAAAAAAAAABAAAAAAAAAAEAAAAAnwQYM0OYv14TACwzL9Ya5tMtQUJbG+H5pgOU+GhQNSkAAAABVVNEAAAAAADn6M05TI4eAdAwAKzs5wpVmJvRDw7PdeXAoCnqCkyGeQAAAAukO3QAAAAAAAAAAAEKTIZ5AAAAQN8ku7VKPS3vw0IeWOfKzs+OLK6150eq6GGLDvKly9gaLe9/d6mBAHh47i67OAvFxt2JBTef6bH448GTPT1xAQY=	b8YJSTjYdk6RA5QsqHrQcF9v+ZAUDmIBhrY+n5DhqUEAAAAAAAAACgAAAAAAAAABAAAAAAAAAAEAAAAAAAAAAA==	AAAAAAAAAAEAAAABAAAAAQAAAAQAAAABAAAAAJ8EGDNDmL9eEwAsMy/WGubTLUFCWxvh+aYDlPhoUDUpAAAAAVVTRAAAAAAA5+jNOUyOHgHQMACs7OcKVZib0Q8Oz3XlwKAp6gpMhnkAAAALpDt0AH//////////AAAAAQAAAAAAAAAA
03df8d761604b10e27b02c98db2cfb618646d52fd43c000721f07a2c78c63447	4	2	AAAAAOfozTlMjh4B0DAArOznClWYm9EPDs915cCgKeoKTIZ5AAAACgAAAAIAAAACAAAAAAAAAAAAAAABAAAAAAAAAAEAAAAA1VSM+lhpb1rw7lGiCqQsKO6ED596QNz6cD+vCoyvHtoAAAABRVVSAAAAAADn6M05TI4eAdAwAKzs5wpVmJvRDw7PdeXAoCnqCkyGeQAAAAukO3QAAAAAAAAAAAEKTIZ5AAAAQARIW3me9s49YOedpuKjXf+JEtfpvaW2mqaS+sL/4lhJ4NFLkTdo8sgm9z+ufGCnjFQJ4CWCeSG92lslqLTfKQo=	A9+NdhYEsQ4nsCyY2yz7YYZG1S/UPAAHIfB6LHjGNEcAAAAAAAAACgAAAAAAAAABAAAAAAAAAAEAAAAAAAAAAA==	AAAAAAAAAAEAAAABAAAAAQAAAAQAAAABAAAAANVUjPpYaW9a8O5RogqkLCjuhA+fekDc+nA/rwqMrx7aAAAAAUVVUgAAAAAA5+jNOUyOHgHQMACs7OcKVZib0Q8Oz3XlwKAp6gpMhnkAAAALpDt0AH//////////AAAAAQAAAAAAAAAA
fe678766b9cab067b349579817348b46df2235e7e00319d3a5f0b9ecbaca80de	4	3	AAAAAOfozTlMjh4B0DAArOznClWYm9EPDs915cCgKeoKTIZ5AAAACgAAAAIAAAADAAAAAAAAAAAAAAABAAAAAAAAAAEAAAAA1VSM+lhpb1rw7lGiCqQsKO6ED596QNz6cD+vCoyvHtoAAAABMQAAAAAAAADn6M05TI4eAdAwAKzs5wpVmJvRDw7PdeXAoCnqCkyGeQAAAAukO3QAAAAAAAAAAAEKTIZ5AAAAQPLZaJp9o4dbptqewDT3GUjq9JVTSCyr2x0m7E77cV6/o+rhddzIQIHTDV1qZiDEqd8nxYFxM6FAGrXK9/GP3w4=	/meHZrnKsGezSVeYFzSLRt8iNefgAxnTpfC57LrKgN4AAAAAAAAACgAAAAAAAAABAAAAAAAAAAEAAAAAAAAAAA==	AAAAAAAAAAEAAAABAAAAAQAAAAQAAAABAAAAANVUjPpYaW9a8O5RogqkLCjuhA+fekDc+nA/rwqMrx7aAAAAATEAAAAAAAAA5+jNOUyOHgHQMACs7OcKVZib0Q8Oz3XlwKAp6gpMhnkAAAALpDt0AH//////////AAAAAQAAAAAAAAAA
f34c36eb5ec7e589a76beb4c77e1a04fb8155b6f92a7b79d53de7a4e3cc704f3	4	4	AAAAAOfozTlMjh4B0DAArOznClWYm9EPDs915cCgKeoKTIZ5AAAACgAAAAIAAAAEAAAAAAAAAAAAAAABAAAAAAAAAAEAAAAA1VSM+lhpb1rw7lGiCqQsKO6ED596QNz6cD+vCoyvHtoAAAABMjEAAAAAAADn6M05TI4eAdAwAKzs5wpVmJvRDw7PdeXAoCnqCkyGeQAAAAukO3QAAAAAAAAAAAEKTIZ5AAAAQNX1xnVubumEibdK1m4pqVPfzoY54Bc0ACYuRmhlQz0RX5cRBOSLefezWTj+ye1roooxlQoj7bARsjGU4tLe5AI=	80w2617H5Ymna+tMd+GgT7gVW2+Sp7edU956TjzHBPMAAAAAAAAACgAAAAAAAAABAAAAAAAAAAEAAAAAAAAAAA==	AAAAAAAAAAEAAAABAAAAAQAAAAQAAAABAAAAANVUjPpYaW9a8O5RogqkLCjuhA+fekDc+nA/rwqMrx7aAAAAATIxAAAAAAAA5+jNOUyOHgHQMACs7OcKVZib0Q8Oz3XlwKAp6gpMhnkAAAALpDt0AH//////////AAAAAQAAAAAAAAAA
1b93f5d7f80f07a21a1da7673acfb4c520130fcb08155edc99c6f8961db43e6f	4	5	AAAAAOfozTlMjh4B0DAArOznClWYm9EPDs915cCgKeoKTIZ5AAAACgAAAAIAAAAFAAAAAAAAAAAAAAABAAAAAAAAAAEAAAAA1VSM+lhpb1rw7lGiCqQsKO6ED596QNz6cD+vCoyvHtoAAAABMjIAAAAAAADn6M05TI4eAdAwAKzs5wpVmJvRDw7PdeXAoCnqCkyGeQAAAAukO3QAAAAAAAAAAAEKTIZ5AAAAQBLKwE8PNGvjzUER93jsFDXANEWgkYn+Rd+zvgSU8LB45UoNyV8Is6QJoyv1ZaGwnLxVGPbjkrRApAAiZpFVgQw=	G5P11/gPB6IaHadnOs+0xSATD8sIFV7cmcb4lh20Pm8AAAAAAAAACgAAAAAAAAABAAAAAAAAAAEAAAAAAAAAAA==	AAAAAAAAAAEAAAABAAAAAQAAAAQAAAABAAAAANVUjPpYaW9a8O5RogqkLCjuhA+fekDc+nA/rwqMrx7aAAAAATIyAAAAAAAA5+jNOUyOHgHQMACs7OcKVZib0Q8Oz3XlwKAp6gpMhnkAAAALpDt0AH//////////AAAAAQAAAAAAAAAA
c3f643c6bf0315122c892fe66d9674c224122f2c935255a9b958ca92163f3a8b	4	6	AAAAAOfozTlMjh4B0DAArOznClWYm9EPDs915cCgKeoKTIZ5AAAACgAAAAIAAAAGAAAAAAAAAAAAAAABAAAAAAAAAAEAAAAA1VSM+lhpb1rw7lGiCqQsKO6ED596QNz6cD+vCoyvHtoAAAABMzEAAAAAAADn6M05TI4eAdAwAKzs5wpVmJvRDw7PdeXAoCnqCkyGeQAAAAukO3QAAAAAAAAAAAEKTIZ5AAAAQCbs5/OGMIWYgqce9C+DaJ4ouK/LGyGWDgEsvViEa+5mVMtslRG3kzPMsuaojl2T+4pddGfjHw/2MRZna0ll0Qc=	w/ZDxr8DFRIsiS/mbZZ0wiQSLyyTUlWpuVjKkhY/OosAAAAAAAAACgAAAAAAAAABAAAAAAAAAAEAAAAAAAAAAA==	AAAAAAAAAAEAAAABAAAAAQAAAAQAAAABAAAAANVUjPpYaW9a8O5RogqkLCjuhA+fekDc+nA/rwqMrx7aAAAAATMxAAAAAAAA5+jNOUyOHgHQMACs7OcKVZib0Q8Oz3XlwKAp6gpMhnkAAAALpDt0AH//////////AAAAAQAAAAAAAAAA
d5b6b75b1dbaf34759a944b71ee16f21affc4b573bd86984e83f0973e9dcf07d	4	7	AAAAAOfozTlMjh4B0DAArOznClWYm9EPDs915cCgKeoKTIZ5AAAACgAAAAIAAAAHAAAAAAAAAAAAAAABAAAAAAAAAAEAAAAA1VSM+lhpb1rw7lGiCqQsKO6ED596QNz6cD+vCoyvHtoAAAABMzIAAAAAAADn6M05TI4eAdAwAKzs5wpVmJvRDw7PdeXAoCnqCkyGeQAAAAukO3QAAAAAAAAAAAEKTIZ5AAAAQIlw3FjUstVoU6F+mcQhEUYuYIDfKyCggCWnFIVp0MVhTtRysqM2evnhggA8nchcK53/G28Et3I8RwKUS5ndVQg=	1ba3Wx2680dZqUS3HuFvIa/8S1c72GmE6D8Jc+nc8H0AAAAAAAAACgAAAAAAAAABAAAAAAAAAAEAAAAAAAAAAA==	AAAAAAAAAAEAAAABAAAAAQAAAAQAAAABAAAAANVUjPpYaW9a8O5RogqkLCjuhA+fekDc+nA/rwqMrx7aAAAAATMyAAAAAAAA5+jNOUyOHgHQMACs7OcKVZib0Q8Oz3XlwKAp6gpMhnkAAAALpDt0AH//////////AAAAAQAAAAAAAAAA
5e32abe0125144e4135e781d83f5c6a5f923878fed42d0ec725e282e8fe786d2	4	8	AAAAAOfozTlMjh4B0DAArOznClWYm9EPDs915cCgKeoKTIZ5AAAACgAAAAIAAAAIAAAAAAAAAAAAAAABAAAAAAAAAAEAAAAA1VSM+lhpb1rw7lGiCqQsKO6ED596QNz6cD+vCoyvHtoAAAABMzMAAAAAAADn6M05TI4eAdAwAKzs5wpVmJvRDw7PdeXAoCnqCkyGeQAAAAukO3QAAAAAAAAAAAEKTIZ5AAAAQL0CZ3pMvWBiFQPpkuIV/xqU6W1Sf0AaEns4f8ohpS3oNEjrhv0VyeDUhMxalJUrn8ljk1HEWqnCzuVuayB9cQ8=	XjKr4BJRROQTXngdg/XGpfkjh4/tQtDscl4oLo/nhtIAAAAAAAAACgAAAAAAAAABAAAAAAAAAAEAAAAAAAAAAA==	AAAAAAAAAAEAAAABAAAAAQAAAAQAAAABAAAAANVUjPpYaW9a8O5RogqkLCjuhA+fekDc+nA/rwqMrx7aAAAAATMzAAAAAAAA5+jNOUyOHgHQMACs7OcKVZib0Q8Oz3XlwKAp6gpMhnkAAAALpDt0AH//////////AAAAAQAAAAAAAAAA
5be94ebe92a85f4b251141e04567f599570aa5f22ca901a4ca88078a51236050	5	1	AAAAANVUjPpYaW9a8O5RogqkLCjuhA+fekDc+nA/rwqMrx7aAAAACgAAAAIAAAAJAAAAAAAAAAAAAAABAAAAAAAAAAMAAAABRVVSAAAAAADn6M05TI4eAdAwAKzs5wpVmJvRDw7PdeXAoCnqCkyGeQAAAAFVU0QAAAAAAOfozTlMjh4B0DAArOznClWYm9EPDs915cCgKeoKTIZ5AAAAAAX14QAAAAABAAAAAQAAAAAAAAAAAAAAAAAAAAGMrx7aAAAAQL3ObyF9MdVU0/dQC335MPSeR8irMpEnE+mODQSaZF2eQP1IfUbh/A/PEGDLfozD6Y20/7/ePWbrFkEXYuMJ7Q0=	W+lOvpKoX0slEUHgRWf1mVcKpfIsqQGkyogHilEjYFAAAAAAAAAACgAAAAAAAAABAAAAAAAAAAMAAAAAAAAAAAAAAAAAAAAA1VSM+lhpb1rw7lGiCqQsKO6ED596QNz6cD+vCoyvHtoAAAAAAAAAAQAAAAFFVVIAAAAAAOfozTlMjh4B0DAArOznClWYm9EPDs915cCgKeoKTIZ5AAAAAVVTRAAAAAAA5+jNOUyOHgHQMACs7OcKVZib0Q8Oz3XlwKAp6gpMhnkAAAAABfXhAAAAAAEAAAABAAAAAAAAAAAAAAAA	AAAAAAAAAAEAAAACAAAAAAAAAAUAAAACAAAAANVUjPpYaW9a8O5RogqkLCjuhA+fekDc+nA/rwqMrx7aAAAAAAAAAAEAAAABRVVSAAAAAADn6M05TI4eAdAwAKzs5wpVmJvRDw7PdeXAoCnqCkyGeQAAAAFVU0QAAAAAAOfozTlMjh4B0DAArOznClWYm9EPDs915cCgKeoKTIZ5AAAAAAX14QAAAAABAAAAAQAAAAAAAAAAAAAAAAAAAAEAAAAFAAAAAAAAAADVVIz6WGlvWvDuUaIKpCwo7oQPn3pA3PpwP68KjK8e2gAAAAJUC+NMAAAAAgAAABIAAAAJAAAAAAAAAAAAAAAAAQAAAAAAAAAAAAAAAAAAAA==
09a276f1c90064c75b46c19a500a3896629d1aa4888526ec6e2cb39568c57521	5	2	AAAAANVUjPpYaW9a8O5RogqkLCjuhA+fekDc+nA/rwqMrx7aAAAACgAAAAIAAAAKAAAAAAAAAAAAAAABAAAAAAAAAAMAAAABMQAAAAAAAADn6M05TI4eAdAwAKzs5wpVmJvRDw7PdeXAoCnqCkyGeQAAAAFVU0QAAAAAAOfozTlMjh4B0DAArOznClWYm9EPDs915cCgKeoKTIZ5AAAAAAvrwgAAAAABAAAAAQAAAAAAAAAAAAAAAAAAAAGMrx7aAAAAQPDzPZeQP+jHly3AIzvsVQAuHiiLj3t5s/s17x014imScN+CVokwULqEUEV17GfGvi4RAXTi0fgGlFpT56xiNwc=	CaJ28ckAZMdbRsGaUAo4lmKdGqSIhSbsbiyzlWjFdSEAAAAAAAAACgAAAAAAAAABAAAAAAAAAAMAAAAAAAAAAAAAAAAAAAAA1VSM+lhpb1rw7lGiCqQsKO6ED596QNz6cD+vCoyvHtoAAAAAAAAAAgAAAAExAAAAAAAAAOfozTlMjh4B0DAArOznClWYm9EPDs915cCgKeoKTIZ5AAAAAVVTRAAAAAAA5+jNOUyOHgHQMACs7OcKVZib0Q8Oz3XlwKAp6gpMhnkAAAAAC+vCAAAAAAEAAAABAAAAAAAAAAAAAAAA	AAAAAAAAAAEAAAACAAAAAAAAAAUAAAACAAAAANVUjPpYaW9a8O5RogqkLCjuhA+fekDc+nA/rwqMrx7aAAAAAAAAAAIAAAABMQAAAAAAAADn6M05TI4eAdAwAKzs5wpVmJvRDw7PdeXAoCnqCkyGeQAAAAFVU0QAAAAAAOfozTlMjh4B0DAArOznClWYm9EPDs915cCgKeoKTIZ5AAAAAAvrwgAAAAABAAAAAQAAAAAAAAAAAAAAAAAAAAEAAAAFAAAAAAAAAADVVIz6WGlvWvDuUaIKpCwo7oQPn3pA3PpwP68KjK8e2gAAAAJUC+NMAAAAAgAAABIAAAAKAAAAAAAAAAAAAAAAAQAAAAAAAAAAAAAAAAAAAA==
43202e548cc2fd74d2f045adc0b91913a1c3ec9c06a79cda06198dfbde9d5270	5	3	AAAAANVUjPpYaW9a8O5RogqkLCjuhA+fekDc+nA/rwqMrx7aAAAACgAAAAIAAAALAAAAAAAAAAAAAAABAAAAAAAAAAMAAAABRVVSAAAAAADn6M05TI4eAdAwAKzs5wpVmJvRDw7PdeXAoCnqCkyGeQAAAAExAAAAAAAAAOfozTlMjh4B0DAArOznClWYm9EPDs915cCgKeoKTIZ5AAAAAAvrwgAAAAABAAAAAQAAAAAAAAAAAAAAAAAAAAGMrx7aAAAAQGh9slorRJliciTIYos2R7JU554kdENiuj0Y0XSO66oEt7Z4wyyBy8pTZjbcF2Rfi6a3+QewdApUkkG+IEVa0wI=	QyAuVIzC/XTS8EWtwLkZE6HD7JwGp5zaBhmN+96dUnAAAAAAAAAACgAAAAAAAAABAAAAAAAAAAMAAAAAAAAAAAAAAAAAAAAA1VSM+lhpb1rw7lGiCqQsKO6ED596QNz6cD+vCoyvHtoAAAAAAAAAAwAAAAFFVVIAAAAAAOfozTlMjh4B0DAArOznClWYm9EPDs915cCgKeoKTIZ5AAAAATEAAAAAAAAA5+jNOUyOHgHQMACs7OcKVZib0Q8Oz3XlwKAp6gpMhnkAAAAAC+vCAAAAAAEAAAABAAAAAAAAAAAAAAAA	AAAAAAAAAAEAAAACAAAAAAAAAAUAAAACAAAAANVUjPpYaW9a8O5RogqkLCjuhA+fekDc+nA/rwqMrx7aAAAAAAAAAAMAAAABRVVSAAAAAADn6M05TI4eAdAwAKzs5wpVmJvRDw7PdeXAoCnqCkyGeQAAAAExAAAAAAAAAOfozTlMjh4B0DAArOznClWYm9EPDs915cCgKeoKTIZ5AAAAAAvrwgAAAAABAAAAAQAAAAAAAAAAAAAAAAAAAAEAAAAFAAAAAAAAAADVVIz6WGlvWvDuUaIKpCwo7oQPn3pA3PpwP68KjK8e2gAAAAJUC+NMAAAAAgAAABIAAAALAAAAAAAAAAAAAAAAAQAAAAAAAAAAAAAAAAAAAA==
da694f3bc11b7e7ce241c6f9d961b61972569e17d4a9d477593aaa37ccb6d495	5	4	AAAAANVUjPpYaW9a8O5RogqkLCjuhA+fekDc+nA/rwqMrx7aAAAACgAAAAIAAAAMAAAAAAAAAAAAAAABAAAAAAAAAAMAAAABMjEAAAAAAADn6M05TI4eAdAwAKzs5wpVmJvRDw7PdeXAoCnqCkyGeQAAAAFVU0QAAAAAAOfozTlMjh4B0DAArOznClWYm9EPDs915cCgKeoKTIZ5AAAAABHhowAAAAABAAAAAQAAAAAAAAAAAAAAAAAAAAGMrx7aAAAAQATGO4hAFdGjgbjL4itt0hjhks+0eP+c/prAxdV/LBG7D6HEc/mzorrtHrj/EjMx2bbQkWpo0tjbSiNjz+6RdgA=	2mlPO8EbfnziQcb52WG2GXJWnhfUqdR3WTqqN8y21JUAAAAAAAAACgAAAAAAAAABAAAAAAAAAAMAAAAAAAAAAAAAAAAAAAAA1VSM+lhpb1rw7lGiCqQsKO6ED596QNz6cD+vCoyvHtoAAAAAAAAABAAAAAEyMQAAAAAAAOfozTlMjh4B0DAArOznClWYm9EPDs915cCgKeoKTIZ5AAAAAVVTRAAAAAAA5+jNOUyOHgHQMACs7OcKVZib0Q8Oz3XlwKAp6gpMhnkAAAAAEeGjAAAAAAEAAAABAAAAAAAAAAAAAAAA	AAAAAAAAAAEAAAACAAAAAAAAAAUAAAACAAAAANVUjPpYaW9a8O5RogqkLCjuhA+fekDc+nA/rwqMrx7aAAAAAAAAAAQAAAABMjEAAAAAAADn6M05TI4eAdAwAKzs5wpVmJvRDw7PdeXAoCnqCkyGeQAAAAFVU0QAAAAAAOfozTlMjh4B0DAArOznClWYm9EPDs915cCgKeoKTIZ5AAAAABHhowAAAAABAAAAAQAAAAAAAAAAAAAAAAAAAAEAAAAFAAAAAAAAAADVVIz6WGlvWvDuUaIKpCwo7oQPn3pA3PpwP68KjK8e2gAAAAJUC+NMAAAAAgAAABIAAAAMAAAAAAAAAAAAAAAAAQAAAAAAAAAAAAAAAAAAAA==
9d4dbd281678c69891437a80e11a061ed04786c29fe8477b48dadd97b7944e11	5	5	AAAAANVUjPpYaW9a8O5RogqkLCjuhA+fekDc+nA/rwqMrx7aAAAACgAAAAIAAAANAAAAAAAAAAAAAAABAAAAAAAAAAMAAAABMjIAAAAAAADn6M05TI4eAdAwAKzs5wpVmJvRDw7PdeXAoCnqCkyGeQAAAAEyMQAAAAAAAOfozTlMjh4B0DAArOznClWYm9EPDs915cCgKeoKTIZ5AAAAABHhowAAAAABAAAAAQAAAAAAAAAAAAAAAAAAAAGMrx7aAAAAQOM8o0m3DJIMTopjtRgwCxo+zne5uZWhbAb/RvXfxQ04+hvqHO8fjsweW7Bwpntso70HGsdM20kk5Vt50G5YYQE=	nU29KBZ4xpiRQ3qA4RoGHtBHhsKf6Ed7SNrdl7eUThEAAAAAAAAACgAAAAAAAAABAAAAAAAAAAMAAAAAAAAAAAAAAAAAAAAA1VSM+lhpb1rw7lGiCqQsKO6ED596QNz6cD+vCoyvHtoAAAAAAAAABQAAAAEyMgAAAAAAAOfozTlMjh4B0DAArOznClWYm9EPDs915cCgKeoKTIZ5AAAAATIxAAAAAAAA5+jNOUyOHgHQMACs7OcKVZib0Q8Oz3XlwKAp6gpMhnkAAAAAEeGjAAAAAAEAAAABAAAAAAAAAAAAAAAA	AAAAAAAAAAEAAAACAAAAAAAAAAUAAAACAAAAANVUjPpYaW9a8O5RogqkLCjuhA+fekDc+nA/rwqMrx7aAAAAAAAAAAUAAAABMjIAAAAAAADn6M05TI4eAdAwAKzs5wpVmJvRDw7PdeXAoCnqCkyGeQAAAAEyMQAAAAAAAOfozTlMjh4B0DAArOznClWYm9EPDs915cCgKeoKTIZ5AAAAABHhowAAAAABAAAAAQAAAAAAAAAAAAAAAAAAAAEAAAAFAAAAAAAAAADVVIz6WGlvWvDuUaIKpCwo7oQPn3pA3PpwP68KjK8e2gAAAAJUC+NMAAAAAgAAABIAAAANAAAAAAAAAAAAAAAAAQAAAAAAAAAAAAAAAAAAAA==
348ce981cfa1b4203af4286f3f1b4d41d669de23835d1d9ac07295286fc8bbca	5	6	AAAAANVUjPpYaW9a8O5RogqkLCjuhA+fekDc+nA/rwqMrx7aAAAACgAAAAIAAAAOAAAAAAAAAAAAAAABAAAAAAAAAAMAAAABRVVSAAAAAADn6M05TI4eAdAwAKzs5wpVmJvRDw7PdeXAoCnqCkyGeQAAAAEyMgAAAAAAAOfozTlMjh4B0DAArOznClWYm9EPDs915cCgKeoKTIZ5AAAAABHhowAAAAABAAAAAQAAAAAAAAAAAAAAAAAAAAGMrx7aAAAAQPk3yqcfLGGAMltXXObtWW8CYNNylUFBZL50O8VoGArak1MGhrBnAxFaPBoluFw0liaYnoQvbrIEfXnk5pksIwA=	NIzpgc+htCA69ChvPxtNQdZp3iODXR2awHKVKG/Iu8oAAAAAAAAACgAAAAAAAAABAAAAAAAAAAMAAAAAAAAAAAAAAAAAAAAA1VSM+lhpb1rw7lGiCqQsKO6ED596QNz6cD+vCoyvHtoAAAAAAAAABgAAAAFFVVIAAAAAAOfozTlMjh4B0DAArOznClWYm9EPDs915cCgKeoKTIZ5AAAAATIyAAAAAAAA5+jNOUyOHgHQMACs7OcKVZib0Q8Oz3XlwKAp6gpMhnkAAAAAEeGjAAAAAAEAAAABAAAAAAAAAAAAAAAA	AAAAAAAAAAEAAAACAAAAAAAAAAUAAAACAAAAANVUjPpYaW9a8O5RogqkLCjuhA+fekDc+nA/rwqMrx7aAAAAAAAAAAYAAAABRVVSAAAAAADn6M05TI4eAdAwAKzs5wpVmJvRDw7PdeXAoCnqCkyGeQAAAAEyMgAAAAAAAOfozTlMjh4B0DAArOznClWYm9EPDs915cCgKeoKTIZ5AAAAABHhowAAAAABAAAAAQAAAAAAAAAAAAAAAAAAAAEAAAAFAAAAAAAAAADVVIz6WGlvWvDuUaIKpCwo7oQPn3pA3PpwP68KjK8e2gAAAAJUC+NMAAAAAgAAABIAAAAOAAAAAAAAAAAAAAAAAQAAAAAAAAAAAAAAAAAAAA==
97f4f2b5005f3cf3bf2c978e39c331a1594fd44f1c55fc17be0235594683b31e	5	7	AAAAANVUjPpYaW9a8O5RogqkLCjuhA+fekDc+nA/rwqMrx7aAAAACgAAAAIAAAAPAAAAAAAAAAAAAAABAAAAAAAAAAMAAAABMzEAAAAAAADn6M05TI4eAdAwAKzs5wpVmJvRDw7PdeXAoCnqCkyGeQAAAAFVU0QAAAAAAOfozTlMjh4B0DAArOznClWYm9EPDs915cCgKeoKTIZ5AAAAABfXhAAAAAABAAAAAQAAAAAAAAAAAAAAAAAAAAGMrx7aAAAAQM7012JztoBNPGuoCiAiwZJoWKuwDT1JKw25lwTg3PBqbBaaaYgr7Exn42wg4h2eNdQn2glRgSecjI4Seu5+lgY=	l/TytQBfPPO/LJeOOcMxoVlP1E8cVfwXvgI1WUaDsx4AAAAAAAAACgAAAAAAAAABAAAAAAAAAAMAAAAAAAAAAAAAAAAAAAAA1VSM+lhpb1rw7lGiCqQsKO6ED596QNz6cD+vCoyvHtoAAAAAAAAABwAAAAEzMQAAAAAAAOfozTlMjh4B0DAArOznClWYm9EPDs915cCgKeoKTIZ5AAAAAVVTRAAAAAAA5+jNOUyOHgHQMACs7OcKVZib0Q8Oz3XlwKAp6gpMhnkAAAAAF9eEAAAAAAEAAAABAAAAAAAAAAAAAAAA	AAAAAAAAAAEAAAACAAAAAAAAAAUAAAACAAAAANVUjPpYaW9a8O5RogqkLCjuhA+fekDc+nA/rwqMrx7aAAAAAAAAAAcAAAABMzEAAAAAAADn6M05TI4eAdAwAKzs5wpVmJvRDw7PdeXAoCnqCkyGeQAAAAFVU0QAAAAAAOfozTlMjh4B0DAArOznClWYm9EPDs915cCgKeoKTIZ5AAAAABfXhAAAAAABAAAAAQAAAAAAAAAAAAAAAAAAAAEAAAAFAAAAAAAAAADVVIz6WGlvWvDuUaIKpCwo7oQPn3pA3PpwP68KjK8e2gAAAAJUC+NMAAAAAgAAABIAAAAPAAAAAAAAAAAAAAAAAQAAAAAAAAAAAAAAAAAAAA==
4af87fb06287711f8ef11e04591919e6b37ea9033856daebb7565a9e9391da02	5	8	AAAAANVUjPpYaW9a8O5RogqkLCjuhA+fekDc+nA/rwqMrx7aAAAACgAAAAIAAAAQAAAAAAAAAAAAAAABAAAAAAAAAAMAAAABMzIAAAAAAADn6M05TI4eAdAwAKzs5wpVmJvRDw7PdeXAoCnqCkyGeQAAAAEzMQAAAAAAAOfozTlMjh4B0DAArOznClWYm9EPDs915cCgKeoKTIZ5AAAAABfXhAAAAAABAAAAAQAAAAAAAAAAAAAAAAAAAAGMrx7aAAAAQPH7S7MEZ2Q9RCgTVXeBX4yYKEoqd2UxKUYAmhMuHlyaAKfhg/vDNYPhy6ck0R1SQm4hGLxlP3IG1rnyUFH2RA0=	Svh/sGKHcR+O8R4EWRkZ5rN+qQM4Vtrrt1ZanpOR2gIAAAAAAAAACgAAAAAAAAABAAAAAAAAAAMAAAAAAAAAAAAAAAAAAAAA1VSM+lhpb1rw7lGiCqQsKO6ED596QNz6cD+vCoyvHtoAAAAAAAAACAAAAAEzMgAAAAAAAOfozTlMjh4B0DAArOznClWYm9EPDs915cCgKeoKTIZ5AAAAATMxAAAAAAAA5+jNOUyOHgHQMACs7OcKVZib0Q8Oz3XlwKAp6gpMhnkAAAAAF9eEAAAAAAEAAAABAAAAAAAAAAAAAAAA	AAAAAAAAAAEAAAACAAAAAAAAAAUAAAACAAAAANVUjPpYaW9a8O5RogqkLCjuhA+fekDc+nA/rwqMrx7aAAAAAAAAAAgAAAABMzIAAAAAAADn6M05TI4eAdAwAKzs5wpVmJvRDw7PdeXAoCnqCkyGeQAAAAEzMQAAAAAAAOfozTlMjh4B0DAArOznClWYm9EPDs915cCgKeoKTIZ5AAAAABfXhAAAAAABAAAAAQAAAAAAAAAAAAAAAAAAAAEAAAAFAAAAAAAAAADVVIz6WGlvWvDuUaIKpCwo7oQPn3pA3PpwP68KjK8e2gAAAAJUC+NMAAAAAgAAABIAAAAQAAAAAAAAAAAAAAAAAQAAAAAAAAAAAAAAAAAAAA==
474a5f4892d620658e9a1ac15bca4c64a1e89b7f8039037204df2bac9f17062a	5	9	AAAAANVUjPpYaW9a8O5RogqkLCjuhA+fekDc+nA/rwqMrx7aAAAACgAAAAIAAAARAAAAAAAAAAAAAAABAAAAAAAAAAMAAAABMzMAAAAAAADn6M05TI4eAdAwAKzs5wpVmJvRDw7PdeXAoCnqCkyGeQAAAAEzMgAAAAAAAOfozTlMjh4B0DAArOznClWYm9EPDs915cCgKeoKTIZ5AAAAABfXhAAAAAABAAAAAQAAAAAAAAAAAAAAAAAAAAGMrx7aAAAAQJxEulh3x1U1nDqEfkTItiKPspuyocmH53mNXr1Muz6nNz/X06uSujAqhk+Btv0CAmcOuSBSbQftI7lZ6bD/EgI=	R0pfSJLWIGWOmhrBW8pMZKHom3+AOQNyBN8rrJ8XBioAAAAAAAAACgAAAAAAAAABAAAAAAAAAAMAAAAAAAAAAAAAAAAAAAAA1VSM+lhpb1rw7lGiCqQsKO6ED596QNz6cD+vCoyvHtoAAAAAAAAACQAAAAEzMwAAAAAAAOfozTlMjh4B0DAArOznClWYm9EPDs915cCgKeoKTIZ5AAAAATMyAAAAAAAA5+jNOUyOHgHQMACs7OcKVZib0Q8Oz3XlwKAp6gpMhnkAAAAAF9eEAAAAAAEAAAABAAAAAAAAAAAAAAAA	AAAAAAAAAAEAAAACAAAAAAAAAAUAAAACAAAAANVUjPpYaW9a8O5RogqkLCjuhA+fekDc+nA/rwqMrx7aAAAAAAAAAAkAAAABMzMAAAAAAADn6M05TI4eAdAwAKzs5wpVmJvRDw7PdeXAoCnqCkyGeQAAAAEzMgAAAAAAAOfozTlMjh4B0DAArOznClWYm9EPDs915cCgKeoKTIZ5AAAAABfXhAAAAAABAAAAAQAAAAAAAAAAAAAAAAAAAAEAAAAFAAAAAAAAAADVVIz6WGlvWvDuUaIKpCwo7oQPn3pA3PpwP68KjK8e2gAAAAJUC+NMAAAAAgAAABIAAAARAAAAAAAAAAAAAAAAAQAAAAAAAAAAAAAAAAAAAA==
4b1f58607a9c12cabd079f9f88e6acaa495e8b5d4c8114c3100b4871fa1565d8	5	10	AAAAANVUjPpYaW9a8O5RogqkLCjuhA+fekDc+nA/rwqMrx7aAAAACgAAAAIAAAASAAAAAAAAAAAAAAABAAAAAAAAAAMAAAABRVVSAAAAAADn6M05TI4eAdAwAKzs5wpVmJvRDw7PdeXAoCnqCkyGeQAAAAEzMwAAAAAAAOfozTlMjh4B0DAArOznClWYm9EPDs915cCgKeoKTIZ5AAAAABfXhAAAAAABAAAAAQAAAAAAAAAAAAAAAAAAAAGMrx7aAAAAQNDhqJei4OVbEp7nBHzWRS4TVaE7CwjS1/rlqMebDtVpzpUMAuI3E0ym2EKRnZO6y4dJj1Q+Gcj1U4LQoFqu/A0=	Sx9YYHqcEsq9B5+fiOasqklei11MgRTDEAtIcfoVZdgAAAAAAAAACgAAAAAAAAABAAAAAAAAAAMAAAAAAAAAAAAAAAAAAAAA1VSM+lhpb1rw7lGiCqQsKO6ED596QNz6cD+vCoyvHtoAAAAAAAAACgAAAAFFVVIAAAAAAOfozTlMjh4B0DAArOznClWYm9EPDs915cCgKeoKTIZ5AAAAATMzAAAAAAAA5+jNOUyOHgHQMACs7OcKVZib0Q8Oz3XlwKAp6gpMhnkAAAAAF9eEAAAAAAEAAAABAAAAAAAAAAAAAAAA	AAAAAAAAAAEAAAACAAAAAAAAAAUAAAACAAAAANVUjPpYaW9a8O5RogqkLCjuhA+fekDc+nA/rwqMrx7aAAAAAAAAAAoAAAABRVVSAAAAAADn6M05TI4eAdAwAKzs5wpVmJvRDw7PdeXAoCnqCkyGeQAAAAEzMwAAAAAAAOfozTlMjh4B0DAArOznClWYm9EPDs915cCgKeoKTIZ5AAAAABfXhAAAAAABAAAAAQAAAAAAAAAAAAAAAAAAAAEAAAAFAAAAAAAAAADVVIz6WGlvWvDuUaIKpCwo7oQPn3pA3PpwP68KjK8e2gAAAAJUC+NMAAAAAgAAABIAAAASAAAAAAAAAAAAAAAAAQAAAAAAAAAAAAAAAAAAAA==
\.


--
-- Name: accounts_pkey; Type: CONSTRAINT; Schema: public; Owner: -; Tablespace: 
--

ALTER TABLE ONLY accounts
    ADD CONSTRAINT accounts_pkey PRIMARY KEY (accountid);


--
-- Name: ledgerheaders_ledgerseq_key; Type: CONSTRAINT; Schema: public; Owner: -; Tablespace: 
--

ALTER TABLE ONLY ledgerheaders
    ADD CONSTRAINT ledgerheaders_ledgerseq_key UNIQUE (ledgerseq);


--
-- Name: ledgerheaders_pkey; Type: CONSTRAINT; Schema: public; Owner: -; Tablespace: 
--

ALTER TABLE ONLY ledgerheaders
    ADD CONSTRAINT ledgerheaders_pkey PRIMARY KEY (ledgerhash);


--
-- Name: offers_pkey; Type: CONSTRAINT; Schema: public; Owner: -; Tablespace: 
--

ALTER TABLE ONLY offers
    ADD CONSTRAINT offers_pkey PRIMARY KEY (offerid);


--
-- Name: peers_pkey; Type: CONSTRAINT; Schema: public; Owner: -; Tablespace: 
--

ALTER TABLE ONLY peers
    ADD CONSTRAINT peers_pkey PRIMARY KEY (ip, port);


--
-- Name: pubsub_pkey; Type: CONSTRAINT; Schema: public; Owner: -; Tablespace: 
--

ALTER TABLE ONLY pubsub
    ADD CONSTRAINT pubsub_pkey PRIMARY KEY (resid);


--
-- Name: signers_pkey; Type: CONSTRAINT; Schema: public; Owner: -; Tablespace: 
--

ALTER TABLE ONLY signers
    ADD CONSTRAINT signers_pkey PRIMARY KEY (accountid, publickey);


--
-- Name: storestate_pkey; Type: CONSTRAINT; Schema: public; Owner: -; Tablespace: 
--

ALTER TABLE ONLY storestate
    ADD CONSTRAINT storestate_pkey PRIMARY KEY (statename);


--
-- Name: trustlines_pkey; Type: CONSTRAINT; Schema: public; Owner: -; Tablespace: 
--

ALTER TABLE ONLY trustlines
    ADD CONSTRAINT trustlines_pkey PRIMARY KEY (accountid, issuer, assetcode);


--
-- Name: txfeehistory_pkey; Type: CONSTRAINT; Schema: public; Owner: -; Tablespace: 
--

ALTER TABLE ONLY txfeehistory
    ADD CONSTRAINT txfeehistory_pkey PRIMARY KEY (ledgerseq, txindex);


--
-- Name: txhistory_pkey; Type: CONSTRAINT; Schema: public; Owner: -; Tablespace: 
--

ALTER TABLE ONLY txhistory
    ADD CONSTRAINT txhistory_pkey PRIMARY KEY (ledgerseq, txindex);


--
-- Name: accountbalances; Type: INDEX; Schema: public; Owner: -; Tablespace: 
--

CREATE INDEX accountbalances ON accounts USING btree (balance) WHERE (balance >= 1000000000);


--
-- Name: accountlines; Type: INDEX; Schema: public; Owner: -; Tablespace: 
--

CREATE INDEX accountlines ON trustlines USING btree (accountid);


--
-- Name: buyingissuerindex; Type: INDEX; Schema: public; Owner: -; Tablespace: 
--

CREATE INDEX buyingissuerindex ON offers USING btree (buyingissuer);


--
-- Name: histbyseq; Type: INDEX; Schema: public; Owner: -; Tablespace: 
--

CREATE INDEX histbyseq ON txhistory USING btree (ledgerseq);


--
-- Name: histfeebyseq; Type: INDEX; Schema: public; Owner: -; Tablespace: 
--

CREATE INDEX histfeebyseq ON txfeehistory USING btree (ledgerseq);


--
-- Name: ledgersbyseq; Type: INDEX; Schema: public; Owner: -; Tablespace: 
--

CREATE INDEX ledgersbyseq ON ledgerheaders USING btree (ledgerseq);


--
-- Name: priceindex; Type: INDEX; Schema: public; Owner: -; Tablespace: 
--

CREATE INDEX priceindex ON offers USING btree (price);


--
-- Name: sellingissuerindex; Type: INDEX; Schema: public; Owner: -; Tablespace: 
--

CREATE INDEX sellingissuerindex ON offers USING btree (sellingissuer);


--
-- Name: signersaccount; Type: INDEX; Schema: public; Owner: -; Tablespace: 
--

CREATE INDEX signersaccount ON signers USING btree (accountid);


--
-- PostgreSQL database dump complete
--

