--
-- PostgreSQL database dump
--

SET statement_timeout = 0;
SET lock_timeout = 0;
SET client_encoding = 'UTF8';
SET standard_conforming_strings = on;
SET check_function_bodies = false;
SET client_min_messages = warning;

SET search_path = public, pg_catalog;

DROP INDEX public.signersaccount;
DROP INDEX public.sellingissuerindex;
DROP INDEX public.priceindex;
DROP INDEX public.ledgersbyseq;
DROP INDEX public.buyingissuerindex;
DROP INDEX public.accountlines;
DROP INDEX public.accountbalances;
ALTER TABLE ONLY public.txhistory DROP CONSTRAINT txhistory_pkey;
ALTER TABLE ONLY public.txhistory DROP CONSTRAINT txhistory_ledgerseq_txindex_key;
ALTER TABLE ONLY public.trustlines DROP CONSTRAINT trustlines_pkey;
ALTER TABLE ONLY public.storestate DROP CONSTRAINT storestate_pkey;
ALTER TABLE ONLY public.signers DROP CONSTRAINT signers_pkey;
ALTER TABLE ONLY public.peers DROP CONSTRAINT peers_pkey;
ALTER TABLE ONLY public.offers DROP CONSTRAINT offers_pkey;
ALTER TABLE ONLY public.ledgerheaders DROP CONSTRAINT ledgerheaders_pkey;
ALTER TABLE ONLY public.ledgerheaders DROP CONSTRAINT ledgerheaders_ledgerseq_key;
ALTER TABLE ONLY public.accounts DROP CONSTRAINT accounts_pkey;
DROP TABLE public.txhistory;
DROP TABLE public.trustlines;
DROP TABLE public.storestate;
DROP TABLE public.signers;
DROP TABLE public.peers;
DROP TABLE public.offers;
DROP TABLE public.ledgerheaders;
DROP TABLE public.accounts;
DROP EXTENSION plpgsql;
DROP SCHEMA public;
--
-- Name: public; Type: SCHEMA; Schema: -; Owner: -
--

CREATE SCHEMA public;


--
-- Name: SCHEMA public; Type: COMMENT; Schema: -; Owner: -
--

COMMENT ON SCHEMA public IS 'standard public schema';


--
-- Name: plpgsql; Type: EXTENSION; Schema: -; Owner: -
--

CREATE EXTENSION IF NOT EXISTS plpgsql WITH SCHEMA pg_catalog;


--
-- Name: EXTENSION plpgsql; Type: COMMENT; Schema: -; Owner: -
--

COMMENT ON EXTENSION plpgsql IS 'PL/pgSQL procedural language';


SET search_path = public, pg_catalog;

SET default_tablespace = '';

SET default_with_oids = false;

--
-- Name: accounts; Type: TABLE; Schema: public; Owner: -; Tablespace: 
--

CREATE TABLE accounts (
    accountid character varying(56) NOT NULL,
    balance bigint NOT NULL,
    seqnum bigint NOT NULL,
    numsubentries integer NOT NULL,
    inflationdest character varying(56),
    homedomain character varying(32),
    thresholds text,
    flags integer NOT NULL,
    CONSTRAINT accounts_balance_check CHECK ((balance >= 0)),
    CONSTRAINT accounts_numsubentries_check CHECK ((numsubentries >= 0))
);


--
-- Name: ledgerheaders; Type: TABLE; Schema: public; Owner: -; Tablespace: 
--

CREATE TABLE ledgerheaders (
    ledgerhash character(64) NOT NULL,
    prevhash character(64) NOT NULL,
    bucketlisthash character(64) NOT NULL,
    ledgerseq integer,
    closetime bigint NOT NULL,
    data text NOT NULL,
    CONSTRAINT ledgerheaders_closetime_check CHECK ((closetime >= 0)),
    CONSTRAINT ledgerheaders_ledgerseq_check CHECK ((ledgerseq >= 0))
);


--
-- Name: offers; Type: TABLE; Schema: public; Owner: -; Tablespace: 
--

CREATE TABLE offers (
    sellerid character varying(56) NOT NULL,
    offerid bigint NOT NULL,
    sellingassettype integer,
    sellingassetcode character varying(12),
    sellingissuer character varying(56),
    buyingassettype integer,
    buyingassetcode character varying(12),
    buyingissuer character varying(56),
    amount bigint NOT NULL,
    pricen integer NOT NULL,
    priced integer NOT NULL,
    price bigint NOT NULL,
    flags integer NOT NULL,
    CONSTRAINT offers_amount_check CHECK ((amount >= 0)),
    CONSTRAINT offers_offerid_check CHECK ((offerid >= 0))
);


--
-- Name: peers; Type: TABLE; Schema: public; Owner: -; Tablespace: 
--

CREATE TABLE peers (
    ip character varying(15) NOT NULL,
    port integer DEFAULT 0 NOT NULL,
    nextattempt timestamp without time zone NOT NULL,
    numfailures integer DEFAULT 0 NOT NULL,
    rank integer DEFAULT 0 NOT NULL,
    CONSTRAINT peers_numfailures_check CHECK ((numfailures >= 0)),
    CONSTRAINT peers_port_check CHECK (((port > 0) AND (port <= 65535))),
    CONSTRAINT peers_rank_check CHECK ((rank >= 0))
);


--
-- Name: signers; Type: TABLE; Schema: public; Owner: -; Tablespace: 
--

CREATE TABLE signers (
    accountid character varying(56) NOT NULL,
    publickey character varying(56) NOT NULL,
    weight integer NOT NULL
);


--
-- Name: storestate; Type: TABLE; Schema: public; Owner: -; Tablespace: 
--

CREATE TABLE storestate (
    statename character(32) NOT NULL,
    state text
);


--
-- Name: trustlines; Type: TABLE; Schema: public; Owner: -; Tablespace: 
--

CREATE TABLE trustlines (
    accountid character varying(56) NOT NULL,
    assettype integer NOT NULL,
    issuer character varying(56) NOT NULL,
    assetcode character varying(12) NOT NULL,
    tlimit bigint DEFAULT 0 NOT NULL,
    balance bigint DEFAULT 0 NOT NULL,
    flags integer NOT NULL,
    CONSTRAINT trustlines_balance_check CHECK ((balance >= 0)),
    CONSTRAINT trustlines_tlimit_check CHECK ((tlimit >= 0))
);


--
-- Name: txhistory; Type: TABLE; Schema: public; Owner: -; Tablespace: 
--

CREATE TABLE txhistory (
    txid character(64) NOT NULL,
    ledgerseq integer NOT NULL,
    txindex integer NOT NULL,
    txbody text NOT NULL,
    txresult text NOT NULL,
    txmeta text NOT NULL,
    CONSTRAINT txhistory_ledgerseq_check CHECK ((ledgerseq >= 0))
);


--
-- Data for Name: accounts; Type: TABLE DATA; Schema: public; Owner: -
--

COPY accounts (accountid, balance, seqnum, numsubentries, inflationdest, homedomain, thresholds, flags) FROM stdin;
GCEZWKCA5VLDNRLN3RPRJMRZOX3Z6G5CHCGSNFHEYVXM3XOJMDS674JZ	99999959999999960	4	0	\N		AQAAAA==	0
GDRFUVECX7FYYFGWNMZ7WIMC6PLHQT6TMMTNBNSBAH7MRNYKDVC3623B	9999999990	8589934593	1	\N		AQAAAA==	0
GCMONRZZQW6Q6HTQFJBVOU7ZZHFXOU5TAR3KKWL6PK5QYX4GD4ATE56Z	9999999990	8589934593	1	\N		AQAAAA==	0
GAUHGMNTCAEWAAQIW24NPJ27JHWG232BPVZG64TDVIVOMQSDBYMUYVQL	9999999820	8589934610	18	\N		AQAAAA==	0
GDTOHHVDJDJ6GVZPVTGYVNGR5M446ZCPLFBQ2ZI7IA4JIGCYUHUBWPES	9999999920	8589934600	0	\N		AQAAAA==	0
\.


--
-- Data for Name: ledgerheaders; Type: TABLE DATA; Schema: public; Owner: -
--

COPY ledgerheaders (ledgerhash, prevhash, bucketlisthash, ledgerseq, closetime, data) FROM stdin;
e8e10918f9c000c73119abe54cf089f59f9015cc93c49ccf00b5e8b9afb6e6b1	0000000000000000000000000000000000000000000000000000000000000000	366ab1da319554c51293d7cbf7893a2373dbb0adb73bc8f86d4842995a948be6	1	0	AAAAAAAAAAAAAAAAAAAAAAAAAAAAAAAAAAAAAAAAAAAAAAAAAAAAAAAAAAAAAAAAAAAAAAAAAAAAAAAAAAAAAAAAAAAAAAAAAAAAAAAAAAAAAAAAAAAAAAAAAAAAAAAAAAAAAAAAAAAAAAAAAAAAAAAAAAA2arHaMZVUxRKT18v3iTojc9uwrbc7yPhtSEKZWpSL5gAAAAEBY0V4XYoAAAAAAAAAAAAAAAAAAAAAAAAAAAAAAAAACgCYloAAAAAAAAAAAAAAAAAAAAAAAAAAAAAAAAAAAAAAAAAAAAAAAAAAAAAAAAAAAAAAAAAAAAAAAAAAAAAAAAAAAAAAAAAAAAAAAAAAAAAAAAAAAAAAAAAAAAAAAAAAAAAAAAAAAAAAAAAAAAAAAAAAAAAAAAAAAAAAAAAAAAAAAAAAAAAAAAA=
a78c852cb272c5fc44d64f40610b5933e020c71c37cf6572576a069b19e57db4	e8e10918f9c000c73119abe54cf089f59f9015cc93c49ccf00b5e8b9afb6e6b1	f3a4c423e21db4bfac1480454ad3d04982f3f0a32904aeefad2466f81580c3e7	2	1440520460	AAAAAejhCRj5wADHMRmr5UzwifWfkBXMk8SczwC16LmvtuaxDDUX8cafIVv3EaZ+hFEQIqAAFWdINXObSVWr7mwcFvQAAAAAVdyZDAAAAAEAAAAIAAAAAQAAAAEAAAAAbS0C7HQgV0OyFMytIkHD6Y3icn0p+rnRsbWoufEDL+PzpMQj4h20v6wUgEVK09BJgvPwoykEru+tJGb4FYDD5wAAAAIBY0V4XYoAAAAAAAAAAAAoAAAAAAAAAAAAAAAAAAAACgCYloAAAAAAAAAAAAAAAAAAAAAAAAAAAAAAAAAAAAAAAAAAAAAAAAAAAAAAAAAAAAAAAAAAAAAAAAAAAAAAAAAAAAAAAAAAAAAAAAAAAAAAAAAAAAAAAAAAAAAAAAAAAAAAAAAAAAAAAAAAAAAAAAAAAAAAAAAAAAAAAAAAAAAAAAAAAAAAAAA=
38d2a750623a6d6c142271c05afb85b754f4e368459052df936ac8ab8c51a666	a78c852cb272c5fc44d64f40610b5933e020c71c37cf6572576a069b19e57db4	ab0f0c6b92ea8685404d006ce68cd0c7e99538ba9eb02f81a86cc9587b884786	3	1440520461	AAAAAaeMhSyycsX8RNZPQGELWTPgIMccN89lcldqBpsZ5X209IvpYKKhEP97GwcJYmRHXCpXnJMQ8dde7IRFNqKMrZ4AAAAAVdyZDQAAAAAAAAAAYBUaSEyojJd5PtFu9n4vBjAd/HXGxo9mJMvfPVnlYVarDwxrkuqGhUBNAGzmjNDH6ZU4up6wL4GobMlYe4hHhgAAAAMBY0V4XYoAAAAAAAAAAACMAAAAAAAAAAAAAAAAAAAACgCYloAAAAAAAAAAAAAAAAAAAAAAAAAAAAAAAAAAAAAAAAAAAAAAAAAAAAAAAAAAAAAAAAAAAAAAAAAAAAAAAAAAAAAAAAAAAAAAAAAAAAAAAAAAAAAAAAAAAAAAAAAAAAAAAAAAAAAAAAAAAAAAAAAAAAAAAAAAAAAAAAAAAAAAAAAAAAAAAAA=
77062563b4d886806aa1c9da7fff4db68c4e7ac8a3f98d4fc114c932ddba8a19	38d2a750623a6d6c142271c05afb85b754f4e368459052df936ac8ab8c51a666	038b11975cfc36558f0dcb0756f91c20b75a648d81c84c6c5f414c087f775cfd	4	1440520462	AAAAATjSp1BiOm1sFCJxwFr7hbdU9ONoRZBS35NqyKuMUaZmbdT5YejVN3+SQFm2dYvwlnOw9y3atKq8ERdCf1LfyZwAAAAAVdyZDgAAAAAAAAAA4OCbHbjtXAL28mRlUl1RH1ECuN0w9ETgVfojPrdE8kYDixGXXPw2VY8NywdW+Rwgt1pkjYHITGxfQUwIf3dc/QAAAAQBY0V4XYoAAAAAAAAAAADcAAAAAAAAAAAAAAAAAAAACgCYloAAAAAAAAAAAAAAAAAAAAAAAAAAAAAAAAAAAAAAAAAAAAAAAAAAAAAAAAAAAAAAAAAAAAAAAAAAAAAAAAAAAAAAAAAAAAAAAAAAAAAAAAAAAAAAAAAAAAAAAAAAAAAAAAAAAAAAAAAAAAAAAAAAAAAAAAAAAAAAAAAAAAAAAAAAAAAAAAA=
e8665cde182dec4f811664309697c218e9a0f04883fd3bd8e8a2059565f5024a	77062563b4d886806aa1c9da7fff4db68c4e7ac8a3f98d4fc114c932ddba8a19	9df96c821078620f00dfd7a56d2a5858f2f1939289ee288164fb217a4a81958a	5	1440520463	AAAAAXcGJWO02IaAaqHJ2n//TbaMTnrIo/mNT8EUyTLduooZOC6S+Wdl0JyjDXvBTltJw8C2MoMxvR2YfP9GKSMSBOEAAAAAVdyZDwAAAAAAAAAAjE4Vp8YAkGjGyHFhDd1y2j99CBXW2jRrfChXM5SzJ4Cd+WyCEHhiDwDf16VtKlhY8vGTkonuKIFk+yF6SoGVigAAAAUBY0V4XYoAAAAAAAAAAAFAAAAAAAAAAAAAAAAKAAAACgCYloAAAAAAAAAAAAAAAAAAAAAAAAAAAAAAAAAAAAAAAAAAAAAAAAAAAAAAAAAAAAAAAAAAAAAAAAAAAAAAAAAAAAAAAAAAAAAAAAAAAAAAAAAAAAAAAAAAAAAAAAAAAAAAAAAAAAAAAAAAAAAAAAAAAAAAAAAAAAAAAAAAAAAAAAAAAAAAAAA=
\.


--
-- Data for Name: offers; Type: TABLE DATA; Schema: public; Owner: -
--

COPY offers (sellerid, offerid, sellingassettype, sellingassetcode, sellingissuer, buyingassettype, buyingassetcode, buyingissuer, amount, pricen, priced, price, flags) FROM stdin;
GAUHGMNTCAEWAAQIW24NPJ27JHWG232BPVZG64TDVIVOMQSDBYMUYVQL	1	1	EUR	GDTOHHVDJDJ6GVZPVTGYVNGR5M446ZCPLFBQ2ZI7IA4JIGCYUHUBWPES	1	USD	GDTOHHVDJDJ6GVZPVTGYVNGR5M446ZCPLFBQ2ZI7IA4JIGCYUHUBWPES	10	1	1	10000000	0
GAUHGMNTCAEWAAQIW24NPJ27JHWG232BPVZG64TDVIVOMQSDBYMUYVQL	2	1	1	GDTOHHVDJDJ6GVZPVTGYVNGR5M446ZCPLFBQ2ZI7IA4JIGCYUHUBWPES	1	USD	GDTOHHVDJDJ6GVZPVTGYVNGR5M446ZCPLFBQ2ZI7IA4JIGCYUHUBWPES	20	1	1	10000000	0
GAUHGMNTCAEWAAQIW24NPJ27JHWG232BPVZG64TDVIVOMQSDBYMUYVQL	3	1	EUR	GDTOHHVDJDJ6GVZPVTGYVNGR5M446ZCPLFBQ2ZI7IA4JIGCYUHUBWPES	1	1	GDTOHHVDJDJ6GVZPVTGYVNGR5M446ZCPLFBQ2ZI7IA4JIGCYUHUBWPES	20	1	1	10000000	0
GAUHGMNTCAEWAAQIW24NPJ27JHWG232BPVZG64TDVIVOMQSDBYMUYVQL	4	1	21	GDTOHHVDJDJ6GVZPVTGYVNGR5M446ZCPLFBQ2ZI7IA4JIGCYUHUBWPES	1	USD	GDTOHHVDJDJ6GVZPVTGYVNGR5M446ZCPLFBQ2ZI7IA4JIGCYUHUBWPES	30	1	1	10000000	0
GAUHGMNTCAEWAAQIW24NPJ27JHWG232BPVZG64TDVIVOMQSDBYMUYVQL	5	1	22	GDTOHHVDJDJ6GVZPVTGYVNGR5M446ZCPLFBQ2ZI7IA4JIGCYUHUBWPES	1	21	GDTOHHVDJDJ6GVZPVTGYVNGR5M446ZCPLFBQ2ZI7IA4JIGCYUHUBWPES	30	1	1	10000000	0
GAUHGMNTCAEWAAQIW24NPJ27JHWG232BPVZG64TDVIVOMQSDBYMUYVQL	6	1	EUR	GDTOHHVDJDJ6GVZPVTGYVNGR5M446ZCPLFBQ2ZI7IA4JIGCYUHUBWPES	1	22	GDTOHHVDJDJ6GVZPVTGYVNGR5M446ZCPLFBQ2ZI7IA4JIGCYUHUBWPES	30	1	1	10000000	0
GAUHGMNTCAEWAAQIW24NPJ27JHWG232BPVZG64TDVIVOMQSDBYMUYVQL	7	1	31	GDTOHHVDJDJ6GVZPVTGYVNGR5M446ZCPLFBQ2ZI7IA4JIGCYUHUBWPES	1	USD	GDTOHHVDJDJ6GVZPVTGYVNGR5M446ZCPLFBQ2ZI7IA4JIGCYUHUBWPES	40	1	1	10000000	0
GAUHGMNTCAEWAAQIW24NPJ27JHWG232BPVZG64TDVIVOMQSDBYMUYVQL	8	1	32	GDTOHHVDJDJ6GVZPVTGYVNGR5M446ZCPLFBQ2ZI7IA4JIGCYUHUBWPES	1	31	GDTOHHVDJDJ6GVZPVTGYVNGR5M446ZCPLFBQ2ZI7IA4JIGCYUHUBWPES	40	1	1	10000000	0
GAUHGMNTCAEWAAQIW24NPJ27JHWG232BPVZG64TDVIVOMQSDBYMUYVQL	9	1	33	GDTOHHVDJDJ6GVZPVTGYVNGR5M446ZCPLFBQ2ZI7IA4JIGCYUHUBWPES	1	32	GDTOHHVDJDJ6GVZPVTGYVNGR5M446ZCPLFBQ2ZI7IA4JIGCYUHUBWPES	40	1	1	10000000	0
GAUHGMNTCAEWAAQIW24NPJ27JHWG232BPVZG64TDVIVOMQSDBYMUYVQL	10	1	EUR	GDTOHHVDJDJ6GVZPVTGYVNGR5M446ZCPLFBQ2ZI7IA4JIGCYUHUBWPES	1	33	GDTOHHVDJDJ6GVZPVTGYVNGR5M446ZCPLFBQ2ZI7IA4JIGCYUHUBWPES	40	1	1	10000000	0
\.


--
-- Data for Name: peers; Type: TABLE DATA; Schema: public; Owner: -
--

COPY peers (ip, port, nextattempt, numfailures, rank) FROM stdin;
\.


--
-- Data for Name: signers; Type: TABLE DATA; Schema: public; Owner: -
--

COPY signers (accountid, publickey, weight) FROM stdin;
\.


--
-- Data for Name: storestate; Type: TABLE DATA; Schema: public; Owner: -
--

COPY storestate (statename, state) FROM stdin;
databaseinitialized             	true
forcescponnextlaunch            	false
lastclosedledger                	e8665cde182dec4f811664309697c218e9a0f04883fd3bd8e8a2059565f5024a
historyarchivestate             	{\n    "version": 1,\n    "server": "72b501f-dirty",\n    "currentLedger": 5,\n    "currentBuckets": [\n        {\n            "curr": "21f301dabe3a5967339bcae0e4b8c937e2be672fd5edddce67adb04daf1f1ca3",\n            "next": {\n                "state": 0\n            },\n            "snap": "8a5b5e26a51c084864495e677dafd9a9636e75af292e7c33c6114f672a96e527"\n        },\n        {\n            "curr": "88af31f4c51afe5ea75861642359376feb623de5bec4354fa56ab752aeec8f36",\n            "next": {\n                "state": 1,\n                "output": "8a5b5e26a51c084864495e677dafd9a9636e75af292e7c33c6114f672a96e527"\n            },\n            "snap": "0000000000000000000000000000000000000000000000000000000000000000"\n        },\n        {\n            "curr": "0000000000000000000000000000000000000000000000000000000000000000",\n            "next": {\n                "state": 0\n            },\n            "snap": "0000000000000000000000000000000000000000000000000000000000000000"\n        },\n        {\n            "curr": "0000000000000000000000000000000000000000000000000000000000000000",\n            "next": {\n                "state": 0\n            },\n            "snap": "0000000000000000000000000000000000000000000000000000000000000000"\n        },\n        {\n            "curr": "0000000000000000000000000000000000000000000000000000000000000000",\n            "next": {\n                "state": 0\n            },\n            "snap": "0000000000000000000000000000000000000000000000000000000000000000"\n        },\n        {\n            "curr": "0000000000000000000000000000000000000000000000000000000000000000",\n            "next": {\n                "state": 0\n            },\n            "snap": "0000000000000000000000000000000000000000000000000000000000000000"\n        },\n        {\n            "curr": "0000000000000000000000000000000000000000000000000000000000000000",\n            "next": {\n                "state": 0\n            },\n            "snap": "0000000000000000000000000000000000000000000000000000000000000000"\n        },\n        {\n            "curr": "0000000000000000000000000000000000000000000000000000000000000000",\n            "next": {\n                "state": 0\n            },\n            "snap": "0000000000000000000000000000000000000000000000000000000000000000"\n        },\n        {\n            "curr": "0000000000000000000000000000000000000000000000000000000000000000",\n            "next": {\n                "state": 0\n            },\n            "snap": "0000000000000000000000000000000000000000000000000000000000000000"\n        },\n        {\n            "curr": "0000000000000000000000000000000000000000000000000000000000000000",\n            "next": {\n                "state": 0\n            },\n            "snap": "0000000000000000000000000000000000000000000000000000000000000000"\n        },\n        {\n            "curr": "0000000000000000000000000000000000000000000000000000000000000000",\n            "next": {\n                "state": 0\n            },\n            "snap": "0000000000000000000000000000000000000000000000000000000000000000"\n        }\n    ]\n}
\.


--
-- Data for Name: trustlines; Type: TABLE DATA; Schema: public; Owner: -
--

COPY trustlines (accountid, assettype, issuer, assetcode, tlimit, balance, flags) FROM stdin;
GAUHGMNTCAEWAAQIW24NPJ27JHWG232BPVZG64TDVIVOMQSDBYMUYVQL	1	GDTOHHVDJDJ6GVZPVTGYVNGR5M446ZCPLFBQ2ZI7IA4JIGCYUHUBWPES	USD	9223372036854775807	0	1
GCMONRZZQW6Q6HTQFJBVOU7ZZHFXOU5TAR3KKWL6PK5QYX4GD4ATE56Z	1	GDTOHHVDJDJ6GVZPVTGYVNGR5M446ZCPLFBQ2ZI7IA4JIGCYUHUBWPES	EUR	9223372036854775807	0	1
GDRFUVECX7FYYFGWNMZ7WIMC6PLHQT6TMMTNBNSBAH7MRNYKDVC3623B	1	GDTOHHVDJDJ6GVZPVTGYVNGR5M446ZCPLFBQ2ZI7IA4JIGCYUHUBWPES	USD	9223372036854775807	5000	1
GAUHGMNTCAEWAAQIW24NPJ27JHWG232BPVZG64TDVIVOMQSDBYMUYVQL	1	GDTOHHVDJDJ6GVZPVTGYVNGR5M446ZCPLFBQ2ZI7IA4JIGCYUHUBWPES	EUR	9223372036854775807	5000	1
GAUHGMNTCAEWAAQIW24NPJ27JHWG232BPVZG64TDVIVOMQSDBYMUYVQL	1	GDTOHHVDJDJ6GVZPVTGYVNGR5M446ZCPLFBQ2ZI7IA4JIGCYUHUBWPES	1	9223372036854775807	5000	1
GAUHGMNTCAEWAAQIW24NPJ27JHWG232BPVZG64TDVIVOMQSDBYMUYVQL	1	GDTOHHVDJDJ6GVZPVTGYVNGR5M446ZCPLFBQ2ZI7IA4JIGCYUHUBWPES	21	9223372036854775807	5000	1
GAUHGMNTCAEWAAQIW24NPJ27JHWG232BPVZG64TDVIVOMQSDBYMUYVQL	1	GDTOHHVDJDJ6GVZPVTGYVNGR5M446ZCPLFBQ2ZI7IA4JIGCYUHUBWPES	22	9223372036854775807	5000	1
GAUHGMNTCAEWAAQIW24NPJ27JHWG232BPVZG64TDVIVOMQSDBYMUYVQL	1	GDTOHHVDJDJ6GVZPVTGYVNGR5M446ZCPLFBQ2ZI7IA4JIGCYUHUBWPES	31	9223372036854775807	5000	1
GAUHGMNTCAEWAAQIW24NPJ27JHWG232BPVZG64TDVIVOMQSDBYMUYVQL	1	GDTOHHVDJDJ6GVZPVTGYVNGR5M446ZCPLFBQ2ZI7IA4JIGCYUHUBWPES	32	9223372036854775807	5000	1
GAUHGMNTCAEWAAQIW24NPJ27JHWG232BPVZG64TDVIVOMQSDBYMUYVQL	1	GDTOHHVDJDJ6GVZPVTGYVNGR5M446ZCPLFBQ2ZI7IA4JIGCYUHUBWPES	33	9223372036854775807	5000	1
\.


--
-- Data for Name: txhistory; Type: TABLE DATA; Schema: public; Owner: -
--

COPY txhistory (txid, ledgerseq, txindex, txbody, txresult, txmeta) FROM stdin;
af105aa03932f4d4c1face1759425ba45f6430098775e43903fda698cda9745d	2	1	AAAAAImbKEDtVjbFbdxfFLI5dfefG6I4jSaU5MVuzd3JYOXvAAAACgAAAAAAAAABAAAAAAAAAAAAAAABAAAAAAAAAAAAAAAA5uOeo0jT41cvrM2KtNHrOc9kT1lDDWUfQDiUGFih6BsAAAACVAvkAAAAAAAAAAAByWDl7wAAAECn0mB35ZwmQR0uMd+4i/cMw2IFs6aVkoXJv9F11d6YxfoC+sHO6AFlWEk81hows3OLU0wCzbJC6wD28Na/zfYA	rxBaoDky9NTB+s4XWUJbpF9kMAmHdeQ5A/2mmM2pdF0AAAAAAAAACgAAAAAAAAABAAAAAAAAAAAAAAAAAAAAAA==	AAAAAAAAAAEAAAABAAAAAAAAAACJmyhA7VY2xW3cXxSyOXX3nxuiOI0mlOTFbs3dyWDl7wFjRXhdif/2AAAAAAAAAAEAAAAAAAAAAAAAAAAAAAAAAQAAAAAAAAAAAAAAAAAAAQAAAAIAAAAAAAAAAAAAAADm456jSNPjVy+szYq00es5z2RPWUMNZR9AOJQYWKHoGwAAAAJUC+QAAAAAAgAAAAAAAAAAAAAAAAAAAAAAAAAAAQAAAAAAAAAAAAAAAAAAAQAAAAAAAAAAiZsoQO1WNsVt3F8Usjl1958bojiNJpTkxW7N3clg5e8BY0V2CX4b9gAAAAAAAAABAAAAAAAAAAAAAAAAAAAAAAEAAAAAAAAAAAAAAA==
c2021230f8de7cc83726a405782b315c9ecae9c3f09c2819ae5d1c999868eb56	2	2	AAAAAImbKEDtVjbFbdxfFLI5dfefG6I4jSaU5MVuzd3JYOXvAAAACgAAAAAAAAACAAAAAAAAAAAAAAABAAAAAAAAAAAAAAAA4lpUgr/LjBTWazP7IYLz1nhP02Mm0LZBAf7ItwodRb8AAAACVAvkAAAAAAAAAAAByWDl7wAAAEC8JojXIIAjXsSNN6UXULgDsjhWw7s3IJlL1wbw9DLTrkTZY0j8CsSsYXf8tFHmWrPNKIaRM3X2h3jDvkTjAnQE	wgISMPjefMg3JqQFeCsxXJ7K6cPwnCgZrl0cmZho61YAAAAAAAAACgAAAAAAAAABAAAAAAAAAAAAAAAAAAAAAA==	AAAAAAAAAAEAAAABAAAAAAAAAACJmyhA7VY2xW3cXxSyOXX3nxuiOI0mlOTFbs3dyWDl7wFjRXYJfhvsAAAAAAAAAAIAAAAAAAAAAAAAAAAAAAAAAQAAAAAAAAAAAAAAAAAAAQAAAAIAAAAAAAAAAAAAAADiWlSCv8uMFNZrM/shgvPWeE/TYybQtkEB/si3Ch1FvwAAAAJUC+QAAAAAAgAAAAAAAAAAAAAAAAAAAAAAAAAAAQAAAAAAAAAAAAAAAAAAAQAAAAAAAAAAiZsoQO1WNsVt3F8Usjl1958bojiNJpTkxW7N3clg5e8BY0VztXI37AAAAAAAAAACAAAAAAAAAAAAAAAAAAAAAAEAAAAAAAAAAAAAAA==
7b699526cf0b9dceb9b932f6844eb3a533f55cfa5d9ebbd97fa624fd1ba33478	2	3	AAAAAImbKEDtVjbFbdxfFLI5dfefG6I4jSaU5MVuzd3JYOXvAAAACgAAAAAAAAADAAAAAAAAAAAAAAABAAAAAAAAAAAAAAAAmObHOYW9Dx5wKkNXU/nJy3dTswR2pVl+ersMX4YfATIAAAACVAvkAAAAAAAAAAAByWDl7wAAAEBK7/pj8aN4fpUEMM86DXkm7PW0hv6nCNsOvAI5FOo2oSb07s9Iv0xTVdMF4XPS94TxAmHxCIWGdBMbNmliYE8H	e2mVJs8Lnc65uTL2hE6zpTP1XPpdnrvZf6Yk/RujNHgAAAAAAAAACgAAAAAAAAABAAAAAAAAAAAAAAAAAAAAAA==	AAAAAAAAAAEAAAABAAAAAAAAAACJmyhA7VY2xW3cXxSyOXX3nxuiOI0mlOTFbs3dyWDl7wFjRXO1cjfiAAAAAAAAAAMAAAAAAAAAAAAAAAAAAAAAAQAAAAAAAAAAAAAAAAAAAQAAAAIAAAAAAAAAAAAAAACY5sc5hb0PHnAqQ1dT+cnLd1OzBHalWX56uwxfhh8BMgAAAAJUC+QAAAAAAgAAAAAAAAAAAAAAAAAAAAAAAAAAAQAAAAAAAAAAAAAAAAAAAQAAAAAAAAAAiZsoQO1WNsVt3F8Usjl1958bojiNJpTkxW7N3clg5e8BY0VxYWZT4gAAAAAAAAADAAAAAAAAAAAAAAAAAAAAAAEAAAAAAAAAAAAAAA==
a2ac689288666e9859ffc43be96918437ea8b274345b8b44b44977f4cf7ed3d4	2	4	AAAAAImbKEDtVjbFbdxfFLI5dfefG6I4jSaU5MVuzd3JYOXvAAAACgAAAAAAAAAEAAAAAAAAAAAAAAABAAAAAAAAAAAAAAAAKHMxsxAJYAIItrjXp19J7G1vQX1yb3JjqirmQkMOGUwAAAACVAvkAAAAAAAAAAAByWDl7wAAAEA0RY3Yj4pe84dEDeOZGPJnV1jHY4vQlhO/JCckHMantnzhMV5fl6KVXrrZfMwIicKA2JIOcj/SpnILWmo+9+QP	oqxokohmbphZ/8Q76WkYQ36osnQ0W4tEtEl39M9+09QAAAAAAAAACgAAAAAAAAABAAAAAAAAAAAAAAAAAAAAAA==	AAAAAAAAAAEAAAABAAAAAAAAAACJmyhA7VY2xW3cXxSyOXX3nxuiOI0mlOTFbs3dyWDl7wFjRXFhZlPYAAAAAAAAAAQAAAAAAAAAAAAAAAAAAAAAAQAAAAAAAAAAAAAAAAAAAQAAAAIAAAAAAAAAAAAAAAAoczGzEAlgAgi2uNenX0nsbW9BfXJvcmOqKuZCQw4ZTAAAAAJUC+QAAAAAAgAAAAAAAAAAAAAAAAAAAAAAAAAAAQAAAAAAAAAAAAAAAAAAAQAAAAAAAAAAiZsoQO1WNsVt3F8Usjl1958bojiNJpTkxW7N3clg5e8BY0VvDVpv2AAAAAAAAAAEAAAAAAAAAAAAAAAAAAAAAAEAAAAAAAAAAAAAAA==
fce6c9b2a7e461b175ec2a741b7b30249049ada0adae817e13683d308246f17f	3	1	AAAAAOJaVIK/y4wU1msz+yGC89Z4T9NjJtC2QQH+yLcKHUW/AAAACgAAAAIAAAABAAAAAAAAAAAAAAABAAAAAAAAAAYAAAABVVNEAAAAAADm456jSNPjVy+szYq00es5z2RPWUMNZR9AOJQYWKHoG3//////////AAAAAAAAAAEKHUW/AAAAQMDl95QjNeceV/MiQpo36LFVv0rpe48ll2foLpvJkFGAqSvDe1MyCYHtGL/N6rOa3EU93pxabU2R4CF3QWMHqAI=	/ObJsqfkYbF17Cp0G3swJJBJraCtroF+E2g9MIJG8X8AAAAAAAAACgAAAAAAAAABAAAAAAAAAAYAAAAAAAAAAA==	AAAAAAAAAAEAAAABAAAAAAAAAADiWlSCv8uMFNZrM/shgvPWeE/TYybQtkEB/si3Ch1FvwAAAAJUC+P2AAAAAgAAAAEAAAAAAAAAAAAAAAAAAAAAAQAAAAAAAAAAAAAAAAAAAQAAAAIAAAAAAAAAAQAAAADiWlSCv8uMFNZrM/shgvPWeE/TYybQtkEB/si3Ch1FvwAAAAFVU0QAAAAAAObjnqNI0+NXL6zNirTR6znPZE9ZQw1lH0A4lBhYoegbAAAAAAAAAAB//////////wAAAAEAAAAAAAAAAQAAAAAAAAAA4lpUgr/LjBTWazP7IYLz1nhP02Mm0LZBAf7ItwodRb8AAAACVAvj9gAAAAIAAAABAAAAAQAAAAAAAAAAAAAAAAEAAAAAAAAAAAAAAA==
1b3186320e40b05488fbdbcbc87b387358ddec3b40c8f24066d975b9192afe12	3	2	AAAAAChzMbMQCWACCLa416dfSextb0F9cm9yY6oq5kJDDhlMAAAACgAAAAIAAAABAAAAAAAAAAAAAAABAAAAAAAAAAYAAAABVVNEAAAAAADm456jSNPjVy+szYq00es5z2RPWUMNZR9AOJQYWKHoG3//////////AAAAAAAAAAFDDhlMAAAAQPikrUuSDm2fECwxJ5VYob5RUoF3Gu2QvSYUI8Te+ZiFnLtTTbC97WCsGU+wsO+RqM/Ee8ThMtJKgBFQsBiuwQs=	GzGGMg5AsFSI+9vLyHs4c1jd7DtAyPJAZtl1uRkq/hIAAAAAAAAACgAAAAAAAAABAAAAAAAAAAYAAAAAAAAAAA==	AAAAAAAAAAEAAAABAAAAAAAAAAAoczGzEAlgAgi2uNenX0nsbW9BfXJvcmOqKuZCQw4ZTAAAAAJUC+P2AAAAAgAAAAEAAAAAAAAAAAAAAAAAAAAAAQAAAAAAAAAAAAAAAAAAAQAAAAIAAAAAAAAAAQAAAAAoczGzEAlgAgi2uNenX0nsbW9BfXJvcmOqKuZCQw4ZTAAAAAFVU0QAAAAAAObjnqNI0+NXL6zNirTR6znPZE9ZQw1lH0A4lBhYoegbAAAAAAAAAAB//////////wAAAAEAAAAAAAAAAQAAAAAAAAAAKHMxsxAJYAIItrjXp19J7G1vQX1yb3JjqirmQkMOGUwAAAACVAvj9gAAAAIAAAABAAAAAQAAAAAAAAAAAAAAAAEAAAAAAAAAAAAAAA==
42a12c2fca1d0ee9a5ace917b46fc728d433900cfadeb8749e1b85592de1a58a	3	3	AAAAAJjmxzmFvQ8ecCpDV1P5yct3U7MEdqVZfnq7DF+GHwEyAAAACgAAAAIAAAABAAAAAAAAAAAAAAABAAAAAAAAAAYAAAABRVVSAAAAAADm456jSNPjVy+szYq00es5z2RPWUMNZR9AOJQYWKHoG3//////////AAAAAAAAAAGGHwEyAAAAQId5kMcK9Fj1G7p5QnfFSkHWsi7TFi+Xl0SWaLlrwQyCutm1bZrKRYGy/nczqxf5REpl43mP9/YyYM417eQ4ywM=	QqEsL8odDumlrOkXtG/HKNQzkAz63rh0nhuFWS3hpYoAAAAAAAAACgAAAAAAAAABAAAAAAAAAAYAAAAAAAAAAA==	AAAAAAAAAAEAAAABAAAAAAAAAACY5sc5hb0PHnAqQ1dT+cnLd1OzBHalWX56uwxfhh8BMgAAAAJUC+P2AAAAAgAAAAEAAAAAAAAAAAAAAAAAAAAAAQAAAAAAAAAAAAAAAAAAAQAAAAIAAAAAAAAAAQAAAACY5sc5hb0PHnAqQ1dT+cnLd1OzBHalWX56uwxfhh8BMgAAAAFFVVIAAAAAAObjnqNI0+NXL6zNirTR6znPZE9ZQw1lH0A4lBhYoegbAAAAAAAAAAB//////////wAAAAEAAAAAAAAAAQAAAAAAAAAAmObHOYW9Dx5wKkNXU/nJy3dTswR2pVl+ersMX4YfATIAAAACVAvj9gAAAAIAAAABAAAAAQAAAAAAAAAAAAAAAAEAAAAAAAAAAAAAAA==
f17fff4c3d3d9a0f6d76fde332e2eeac54c670c5269bb135d1e5deadec5b5c31	3	4	AAAAAChzMbMQCWACCLa416dfSextb0F9cm9yY6oq5kJDDhlMAAAACgAAAAIAAAACAAAAAAAAAAAAAAABAAAAAAAAAAYAAAABRVVSAAAAAADm456jSNPjVy+szYq00es5z2RPWUMNZR9AOJQYWKHoG3//////////AAAAAAAAAAFDDhlMAAAAQGrGnF8ppFaE/8r22313570gaEv2Ieco1fRgOxPbsWgwczokPtKvdpqDtvzyi5wYsAStZ0B2fz6nQZTC1AomGAo=	8X//TD09mg9tdv3jMuLurFTGcMUmm7E10eXerexbXDEAAAAAAAAACgAAAAAAAAABAAAAAAAAAAYAAAAAAAAAAA==	AAAAAAAAAAEAAAABAAAAAAAAAAAoczGzEAlgAgi2uNenX0nsbW9BfXJvcmOqKuZCQw4ZTAAAAAJUC+PsAAAAAgAAAAIAAAABAAAAAAAAAAAAAAAAAQAAAAAAAAAAAAAAAAAAAQAAAAIAAAAAAAAAAQAAAAAoczGzEAlgAgi2uNenX0nsbW9BfXJvcmOqKuZCQw4ZTAAAAAFFVVIAAAAAAObjnqNI0+NXL6zNirTR6znPZE9ZQw1lH0A4lBhYoegbAAAAAAAAAAB//////////wAAAAEAAAAAAAAAAQAAAAAAAAAAKHMxsxAJYAIItrjXp19J7G1vQX1yb3JjqirmQkMOGUwAAAACVAvj7AAAAAIAAAACAAAAAgAAAAAAAAAAAAAAAAEAAAAAAAAAAAAAAA==
22b44f8653f1ac583ed3ffb3f525991d483cbcf85d5dc0c4877639c8a4e876d5	3	5	AAAAAChzMbMQCWACCLa416dfSextb0F9cm9yY6oq5kJDDhlMAAAACgAAAAIAAAADAAAAAAAAAAAAAAABAAAAAAAAAAYAAAABMQAAAAAAAADm456jSNPjVy+szYq00es5z2RPWUMNZR9AOJQYWKHoG3//////////AAAAAAAAAAFDDhlMAAAAQFJJx+ZVubxOSQhHYPtsdHdZholagBYfBgbb+UFcxtctshVrT8tzErhKXCq7dUIF+ODwiLpHmaqUbzJKQ959SAs=	IrRPhlPxrFg+0/+z9SWZHUg8vPhdXcDEh3Y5yKTodtUAAAAAAAAACgAAAAAAAAABAAAAAAAAAAYAAAAAAAAAAA==	AAAAAAAAAAEAAAABAAAAAAAAAAAoczGzEAlgAgi2uNenX0nsbW9BfXJvcmOqKuZCQw4ZTAAAAAJUC+PiAAAAAgAAAAMAAAACAAAAAAAAAAAAAAAAAQAAAAAAAAAAAAAAAAAAAQAAAAIAAAAAAAAAAQAAAAAoczGzEAlgAgi2uNenX0nsbW9BfXJvcmOqKuZCQw4ZTAAAAAExAAAAAAAAAObjnqNI0+NXL6zNirTR6znPZE9ZQw1lH0A4lBhYoegbAAAAAAAAAAB//////////wAAAAEAAAAAAAAAAQAAAAAAAAAAKHMxsxAJYAIItrjXp19J7G1vQX1yb3JjqirmQkMOGUwAAAACVAvj4gAAAAIAAAADAAAAAwAAAAAAAAAAAAAAAAEAAAAAAAAAAAAAAA==
dda39807cf1d27bf9dcf534dc02a47c15323c5edc7b969be3808e1da7ae541d0	3	6	AAAAAChzMbMQCWACCLa416dfSextb0F9cm9yY6oq5kJDDhlMAAAACgAAAAIAAAAEAAAAAAAAAAAAAAABAAAAAAAAAAYAAAABMjEAAAAAAADm456jSNPjVy+szYq00es5z2RPWUMNZR9AOJQYWKHoG3//////////AAAAAAAAAAFDDhlMAAAAQD7KR1JE6f5cR/nC82vrrZc+bJr91l2fzTEnSKFT22dSzStPSqK8fF8CjkbDvSpOr+GKMFjtTLe+ldZT3HXcdQU=	3aOYB88dJ7+dz1NNwCpHwVMjxe3HuWm+OAjh2nrlQdAAAAAAAAAACgAAAAAAAAABAAAAAAAAAAYAAAAAAAAAAA==	AAAAAAAAAAEAAAABAAAAAAAAAAAoczGzEAlgAgi2uNenX0nsbW9BfXJvcmOqKuZCQw4ZTAAAAAJUC+PYAAAAAgAAAAQAAAADAAAAAAAAAAAAAAAAAQAAAAAAAAAAAAAAAAAAAQAAAAIAAAAAAAAAAQAAAAAoczGzEAlgAgi2uNenX0nsbW9BfXJvcmOqKuZCQw4ZTAAAAAEyMQAAAAAAAObjnqNI0+NXL6zNirTR6znPZE9ZQw1lH0A4lBhYoegbAAAAAAAAAAB//////////wAAAAEAAAAAAAAAAQAAAAAAAAAAKHMxsxAJYAIItrjXp19J7G1vQX1yb3JjqirmQkMOGUwAAAACVAvj2AAAAAIAAAAEAAAABAAAAAAAAAAAAAAAAAEAAAAAAAAAAAAAAA==
29c8d3b0adc9c860f38b6945bc041bd45bb78f68cccb5fd5fbb6b4a180ff01a7	3	7	AAAAAChzMbMQCWACCLa416dfSextb0F9cm9yY6oq5kJDDhlMAAAACgAAAAIAAAAFAAAAAAAAAAAAAAABAAAAAAAAAAYAAAABMjIAAAAAAADm456jSNPjVy+szYq00es5z2RPWUMNZR9AOJQYWKHoG3//////////AAAAAAAAAAFDDhlMAAAAQOCfBfKrvZFMZWmlJRk0av9+G8mES2gRWAxnLGyPFC73q6vwW+sacCvV408r1fkHAtl1g21teBK8TvYnY2019wQ=	KcjTsK3JyGDzi2lFvAQb1Fu3j2jMy1/V+7a0oYD/AacAAAAAAAAACgAAAAAAAAABAAAAAAAAAAYAAAAAAAAAAA==	AAAAAAAAAAEAAAABAAAAAAAAAAAoczGzEAlgAgi2uNenX0nsbW9BfXJvcmOqKuZCQw4ZTAAAAAJUC+POAAAAAgAAAAUAAAAEAAAAAAAAAAAAAAAAAQAAAAAAAAAAAAAAAAAAAQAAAAIAAAAAAAAAAQAAAAAoczGzEAlgAgi2uNenX0nsbW9BfXJvcmOqKuZCQw4ZTAAAAAEyMgAAAAAAAObjnqNI0+NXL6zNirTR6znPZE9ZQw1lH0A4lBhYoegbAAAAAAAAAAB//////////wAAAAEAAAAAAAAAAQAAAAAAAAAAKHMxsxAJYAIItrjXp19J7G1vQX1yb3JjqirmQkMOGUwAAAACVAvjzgAAAAIAAAAFAAAABQAAAAAAAAAAAAAAAAEAAAAAAAAAAAAAAA==
e4e1058c469d50553087ca1853833d83f68a0d9cf67212a899dd9236d8da9f00	3	8	AAAAAChzMbMQCWACCLa416dfSextb0F9cm9yY6oq5kJDDhlMAAAACgAAAAIAAAAGAAAAAAAAAAAAAAABAAAAAAAAAAYAAAABMzEAAAAAAADm456jSNPjVy+szYq00es5z2RPWUMNZR9AOJQYWKHoG3//////////AAAAAAAAAAFDDhlMAAAAQMo5dNMSQ2wnS9hBordg3mHjGSRne2lSkVN48cY1RqiBaM0MP4kEq0pKCXOG1Qbv34NZydMluD7LKV/Zbt61xQA=	5OEFjEadUFUwh8oYU4M9g/aKDZz2chKomd2SNtjanwAAAAAAAAAACgAAAAAAAAABAAAAAAAAAAYAAAAAAAAAAA==	AAAAAAAAAAEAAAABAAAAAAAAAAAoczGzEAlgAgi2uNenX0nsbW9BfXJvcmOqKuZCQw4ZTAAAAAJUC+PEAAAAAgAAAAYAAAAFAAAAAAAAAAAAAAAAAQAAAAAAAAAAAAAAAAAAAQAAAAIAAAAAAAAAAQAAAAAoczGzEAlgAgi2uNenX0nsbW9BfXJvcmOqKuZCQw4ZTAAAAAEzMQAAAAAAAObjnqNI0+NXL6zNirTR6znPZE9ZQw1lH0A4lBhYoegbAAAAAAAAAAB//////////wAAAAEAAAAAAAAAAQAAAAAAAAAAKHMxsxAJYAIItrjXp19J7G1vQX1yb3JjqirmQkMOGUwAAAACVAvjxAAAAAIAAAAGAAAABgAAAAAAAAAAAAAAAAEAAAAAAAAAAAAAAA==
7b09f640d0e0ee10a55689fa6eda73dd0420f7d3608c4932e1500309eae38cdd	3	9	AAAAAChzMbMQCWACCLa416dfSextb0F9cm9yY6oq5kJDDhlMAAAACgAAAAIAAAAHAAAAAAAAAAAAAAABAAAAAAAAAAYAAAABMzIAAAAAAADm456jSNPjVy+szYq00es5z2RPWUMNZR9AOJQYWKHoG3//////////AAAAAAAAAAFDDhlMAAAAQNpSfppATnnL8OUv10xJtEKEQcpQ36WKbb2IF48MTh5BUo+E6fkrpv9DH/zYFCC5D8zMB0jT6AZwMSNtrQ4DqQ8=	ewn2QNDg7hClVon6btpz3QQg99NgjEky4VADCerjjN0AAAAAAAAACgAAAAAAAAABAAAAAAAAAAYAAAAAAAAAAA==	AAAAAAAAAAEAAAABAAAAAAAAAAAoczGzEAlgAgi2uNenX0nsbW9BfXJvcmOqKuZCQw4ZTAAAAAJUC+O6AAAAAgAAAAcAAAAGAAAAAAAAAAAAAAAAAQAAAAAAAAAAAAAAAAAAAQAAAAIAAAAAAAAAAQAAAAAoczGzEAlgAgi2uNenX0nsbW9BfXJvcmOqKuZCQw4ZTAAAAAEzMgAAAAAAAObjnqNI0+NXL6zNirTR6znPZE9ZQw1lH0A4lBhYoegbAAAAAAAAAAB//////////wAAAAEAAAAAAAAAAQAAAAAAAAAAKHMxsxAJYAIItrjXp19J7G1vQX1yb3JjqirmQkMOGUwAAAACVAvjugAAAAIAAAAHAAAABwAAAAAAAAAAAAAAAAEAAAAAAAAAAAAAAA==
55fb4ba8c675af1e7d02f6f86ac3ae6f9c0577a8bfc7fcd45150943396e99820	3	10	AAAAAChzMbMQCWACCLa416dfSextb0F9cm9yY6oq5kJDDhlMAAAACgAAAAIAAAAIAAAAAAAAAAAAAAABAAAAAAAAAAYAAAABMzMAAAAAAADm456jSNPjVy+szYq00es5z2RPWUMNZR9AOJQYWKHoG3//////////AAAAAAAAAAFDDhlMAAAAQEnotQHBCgL0WRBPKCJTUcjXQ6auqGo0scXByA255y/ErZZxQ2OBR7D5wM7A83gkwOnVeoqJmHuLajZCaPfw7AQ=	VftLqMZ1rx59Avb4asOub5wFd6i/x/zUUVCUM5bpmCAAAAAAAAAACgAAAAAAAAABAAAAAAAAAAYAAAAAAAAAAA==	AAAAAAAAAAEAAAABAAAAAAAAAAAoczGzEAlgAgi2uNenX0nsbW9BfXJvcmOqKuZCQw4ZTAAAAAJUC+OwAAAAAgAAAAgAAAAHAAAAAAAAAAAAAAAAAQAAAAAAAAAAAAAAAAAAAQAAAAIAAAAAAAAAAQAAAAAoczGzEAlgAgi2uNenX0nsbW9BfXJvcmOqKuZCQw4ZTAAAAAEzMwAAAAAAAObjnqNI0+NXL6zNirTR6znPZE9ZQw1lH0A4lBhYoegbAAAAAAAAAAB//////////wAAAAEAAAAAAAAAAQAAAAAAAAAAKHMxsxAJYAIItrjXp19J7G1vQX1yb3JjqirmQkMOGUwAAAACVAvjsAAAAAIAAAAIAAAACAAAAAAAAAAAAAAAAAEAAAAAAAAAAAAAAA==
9fed0683f62802deff5f54c59a53135590c07f0b150d663cffd4c3fced3dbc99	4	1	AAAAAObjnqNI0+NXL6zNirTR6znPZE9ZQw1lH0A4lBhYoegbAAAACgAAAAIAAAABAAAAAAAAAAAAAAABAAAAAAAAAAEAAAAA4lpUgr/LjBTWazP7IYLz1nhP02Mm0LZBAf7ItwodRb8AAAABVVNEAAAAAADm456jSNPjVy+szYq00es5z2RPWUMNZR9AOJQYWKHoGwAAAAAAABOIAAAAAAAAAAFYoegbAAAAQBsdSFOg6Nhp6ctzgFI8ep/VkUHBQ4b4xAWvxLVd289yibJFMrL1Bl0LV+4hg44e3u34J7WYyq0DJi0dzo2idQ4=	n+0Gg/YoAt7/X1TFmlMTVZDAfwsVDWY8/9TD/O09vJkAAAAAAAAACgAAAAAAAAABAAAAAAAAAAEAAAAAAAAAAA==	AAAAAAAAAAEAAAABAAAAAAAAAADm456jSNPjVy+szYq00es5z2RPWUMNZR9AOJQYWKHoGwAAAAJUC+P2AAAAAgAAAAEAAAAAAAAAAAAAAAAAAAAAAQAAAAAAAAAAAAAAAAAAAQAAAAEAAAABAAAAAQAAAADiWlSCv8uMFNZrM/shgvPWeE/TYybQtkEB/si3Ch1FvwAAAAFVU0QAAAAAAObjnqNI0+NXL6zNirTR6znPZE9ZQw1lH0A4lBhYoegbAAAAAAAAE4h//////////wAAAAEAAAAA
2a263523991444322ac0f289d8ff280f2b6967cd63730d65e70052ecb785c17f	4	2	AAAAAObjnqNI0+NXL6zNirTR6znPZE9ZQw1lH0A4lBhYoegbAAAACgAAAAIAAAACAAAAAAAAAAAAAAABAAAAAAAAAAEAAAAAKHMxsxAJYAIItrjXp19J7G1vQX1yb3JjqirmQkMOGUwAAAABRVVSAAAAAADm456jSNPjVy+szYq00es5z2RPWUMNZR9AOJQYWKHoGwAAAAAAABOIAAAAAAAAAAFYoegbAAAAQDrvW8uFNcLNjSXBYY1bXqmOLYVr/m24zGJH7sgPE4ihxeqWWx/k08SUSJlJqqpCHY8Xc/IjQM/9x7oFGlwW6A0=	KiY1I5kURDIqwPKJ2P8oDytpZ81jcw1l5wBS7LeFwX8AAAAAAAAACgAAAAAAAAABAAAAAAAAAAEAAAAAAAAAAA==	AAAAAAAAAAEAAAABAAAAAAAAAADm456jSNPjVy+szYq00es5z2RPWUMNZR9AOJQYWKHoGwAAAAJUC+PsAAAAAgAAAAIAAAAAAAAAAAAAAAAAAAAAAQAAAAAAAAAAAAAAAAAAAQAAAAEAAAABAAAAAQAAAAAoczGzEAlgAgi2uNenX0nsbW9BfXJvcmOqKuZCQw4ZTAAAAAFFVVIAAAAAAObjnqNI0+NXL6zNirTR6znPZE9ZQw1lH0A4lBhYoegbAAAAAAAAE4h//////////wAAAAEAAAAA
f3bf5371d654193abe6bd895ba912cea48b324c5fe8925ccbd80dbd125c14f06	4	3	AAAAAObjnqNI0+NXL6zNirTR6znPZE9ZQw1lH0A4lBhYoegbAAAACgAAAAIAAAADAAAAAAAAAAAAAAABAAAAAAAAAAEAAAAAKHMxsxAJYAIItrjXp19J7G1vQX1yb3JjqirmQkMOGUwAAAABMQAAAAAAAADm456jSNPjVy+szYq00es5z2RPWUMNZR9AOJQYWKHoGwAAAAAAABOIAAAAAAAAAAFYoegbAAAAQBwW2yiqDA8YUtAsjYcjJVfjKqBcJvNgvc4dSKp4xltmtMn/jJe9TZNg8IaK07+a2CHfzQc2ZL92aWRkar/JvwM=	879TcdZUGTq+a9iVupEs6kizJMX+iSXMvYDb0SXBTwYAAAAAAAAACgAAAAAAAAABAAAAAAAAAAEAAAAAAAAAAA==	AAAAAAAAAAEAAAABAAAAAAAAAADm456jSNPjVy+szYq00es5z2RPWUMNZR9AOJQYWKHoGwAAAAJUC+PiAAAAAgAAAAMAAAAAAAAAAAAAAAAAAAAAAQAAAAAAAAAAAAAAAAAAAQAAAAEAAAABAAAAAQAAAAAoczGzEAlgAgi2uNenX0nsbW9BfXJvcmOqKuZCQw4ZTAAAAAExAAAAAAAAAObjnqNI0+NXL6zNirTR6znPZE9ZQw1lH0A4lBhYoegbAAAAAAAAE4h//////////wAAAAEAAAAA
a037d4861c18278cb4b207c244ba845e2aa6d0eb0c7e3d11b5b48a0fa5999778	4	4	AAAAAObjnqNI0+NXL6zNirTR6znPZE9ZQw1lH0A4lBhYoegbAAAACgAAAAIAAAAEAAAAAAAAAAAAAAABAAAAAAAAAAEAAAAAKHMxsxAJYAIItrjXp19J7G1vQX1yb3JjqirmQkMOGUwAAAABMjEAAAAAAADm456jSNPjVy+szYq00es5z2RPWUMNZR9AOJQYWKHoGwAAAAAAABOIAAAAAAAAAAFYoegbAAAAQFFgvQGj48onxO63KrycPVYMBQbudlWL9C4uKVp9XBCOjenAOw5dPXXzwCh0GTCHIazHucSuY04HQNvyHD4vhgo=	oDfUhhwYJ4y0sgfCRLqEXiqm0OsMfj0RtbSKD6WZl3gAAAAAAAAACgAAAAAAAAABAAAAAAAAAAEAAAAAAAAAAA==	AAAAAAAAAAEAAAABAAAAAAAAAADm456jSNPjVy+szYq00es5z2RPWUMNZR9AOJQYWKHoGwAAAAJUC+PYAAAAAgAAAAQAAAAAAAAAAAAAAAAAAAAAAQAAAAAAAAAAAAAAAAAAAQAAAAEAAAABAAAAAQAAAAAoczGzEAlgAgi2uNenX0nsbW9BfXJvcmOqKuZCQw4ZTAAAAAEyMQAAAAAAAObjnqNI0+NXL6zNirTR6znPZE9ZQw1lH0A4lBhYoegbAAAAAAAAE4h//////////wAAAAEAAAAA
0458aa8f58c9a49ecc9051dd3a960f3b6f3561ec2959cc80eae0d2f7b49660c7	4	5	AAAAAObjnqNI0+NXL6zNirTR6znPZE9ZQw1lH0A4lBhYoegbAAAACgAAAAIAAAAFAAAAAAAAAAAAAAABAAAAAAAAAAEAAAAAKHMxsxAJYAIItrjXp19J7G1vQX1yb3JjqirmQkMOGUwAAAABMjIAAAAAAADm456jSNPjVy+szYq00es5z2RPWUMNZR9AOJQYWKHoGwAAAAAAABOIAAAAAAAAAAFYoegbAAAAQMq8cT99CpTMXI7Fiu4rb/Iw9gqzNdRZuQwkg4DrZPXk20AGV+oYIJ4TThiCE1u8zLcbioQcs7wMU8IViTnUbgw=	BFiqj1jJpJ7MkFHdOpYPO281YewpWcyA6uDS97SWYMcAAAAAAAAACgAAAAAAAAABAAAAAAAAAAEAAAAAAAAAAA==	AAAAAAAAAAEAAAABAAAAAAAAAADm456jSNPjVy+szYq00es5z2RPWUMNZR9AOJQYWKHoGwAAAAJUC+POAAAAAgAAAAUAAAAAAAAAAAAAAAAAAAAAAQAAAAAAAAAAAAAAAAAAAQAAAAEAAAABAAAAAQAAAAAoczGzEAlgAgi2uNenX0nsbW9BfXJvcmOqKuZCQw4ZTAAAAAEyMgAAAAAAAObjnqNI0+NXL6zNirTR6znPZE9ZQw1lH0A4lBhYoegbAAAAAAAAE4h//////////wAAAAEAAAAA
3846603d430e2943bfcbb0b5306e67cfea978ee8c8f41c0f082de70a5b781468	4	6	AAAAAObjnqNI0+NXL6zNirTR6znPZE9ZQw1lH0A4lBhYoegbAAAACgAAAAIAAAAGAAAAAAAAAAAAAAABAAAAAAAAAAEAAAAAKHMxsxAJYAIItrjXp19J7G1vQX1yb3JjqirmQkMOGUwAAAABMzEAAAAAAADm456jSNPjVy+szYq00es5z2RPWUMNZR9AOJQYWKHoGwAAAAAAABOIAAAAAAAAAAFYoegbAAAAQMvJlksUhvRBgmwuKQB1/sjjK1Qn9OxPhPd50VOM+HvmJP6rZFBoMPSSb4lkKZiqlumXNuOVS6py8vcnXdXF5gs=	OEZgPUMOKUO/y7C1MG5nz+qXjujI9BwPCC3nClt4FGgAAAAAAAAACgAAAAAAAAABAAAAAAAAAAEAAAAAAAAAAA==	AAAAAAAAAAEAAAABAAAAAAAAAADm456jSNPjVy+szYq00es5z2RPWUMNZR9AOJQYWKHoGwAAAAJUC+PEAAAAAgAAAAYAAAAAAAAAAAAAAAAAAAAAAQAAAAAAAAAAAAAAAAAAAQAAAAEAAAABAAAAAQAAAAAoczGzEAlgAgi2uNenX0nsbW9BfXJvcmOqKuZCQw4ZTAAAAAEzMQAAAAAAAObjnqNI0+NXL6zNirTR6znPZE9ZQw1lH0A4lBhYoegbAAAAAAAAE4h//////////wAAAAEAAAAA
49dfb8fac68398dbdf1db50a7f5aee2f550e0b3d4390e4a24023cf31cd3f3be4	4	7	AAAAAObjnqNI0+NXL6zNirTR6znPZE9ZQw1lH0A4lBhYoegbAAAACgAAAAIAAAAHAAAAAAAAAAAAAAABAAAAAAAAAAEAAAAAKHMxsxAJYAIItrjXp19J7G1vQX1yb3JjqirmQkMOGUwAAAABMzIAAAAAAADm456jSNPjVy+szYq00es5z2RPWUMNZR9AOJQYWKHoGwAAAAAAABOIAAAAAAAAAAFYoegbAAAAQJQ33qwjxPm2nefE08K2qWlR0O4tOmIv53C44NgC1wMWiRSRsnQwtsQSOvF0vFfFrkL/Lb47PYFbSslKroJZ5g4=	Sd+4+saDmNvfHbUKf1ruL1UOCz1DkOSiQCPPMc0/O+QAAAAAAAAACgAAAAAAAAABAAAAAAAAAAEAAAAAAAAAAA==	AAAAAAAAAAEAAAABAAAAAAAAAADm456jSNPjVy+szYq00es5z2RPWUMNZR9AOJQYWKHoGwAAAAJUC+O6AAAAAgAAAAcAAAAAAAAAAAAAAAAAAAAAAQAAAAAAAAAAAAAAAAAAAQAAAAEAAAABAAAAAQAAAAAoczGzEAlgAgi2uNenX0nsbW9BfXJvcmOqKuZCQw4ZTAAAAAEzMgAAAAAAAObjnqNI0+NXL6zNirTR6znPZE9ZQw1lH0A4lBhYoegbAAAAAAAAE4h//////////wAAAAEAAAAA
f343f31c1fb720c743797c3edde45552dbea80174ece75c212152b710a7d68bd	4	8	AAAAAObjnqNI0+NXL6zNirTR6znPZE9ZQw1lH0A4lBhYoegbAAAACgAAAAIAAAAIAAAAAAAAAAAAAAABAAAAAAAAAAEAAAAAKHMxsxAJYAIItrjXp19J7G1vQX1yb3JjqirmQkMOGUwAAAABMzMAAAAAAADm456jSNPjVy+szYq00es5z2RPWUMNZR9AOJQYWKHoGwAAAAAAABOIAAAAAAAAAAFYoegbAAAAQEdW0/rzxSsU/sOrplpEsIPUOHGjcHmly5Ql3rvj+RFPVOB0EJvtbzCdDtxoEhQ3Cz7A0yRZkOmS15rNR4sddQY=	80PzHB+3IMdDeXw+3eRVUtvqgBdOznXCEhUrcQp9aL0AAAAAAAAACgAAAAAAAAABAAAAAAAAAAEAAAAAAAAAAA==	AAAAAAAAAAEAAAABAAAAAAAAAADm456jSNPjVy+szYq00es5z2RPWUMNZR9AOJQYWKHoGwAAAAJUC+OwAAAAAgAAAAgAAAAAAAAAAAAAAAAAAAAAAQAAAAAAAAAAAAAAAAAAAQAAAAEAAAABAAAAAQAAAAAoczGzEAlgAgi2uNenX0nsbW9BfXJvcmOqKuZCQw4ZTAAAAAEzMwAAAAAAAObjnqNI0+NXL6zNirTR6znPZE9ZQw1lH0A4lBhYoegbAAAAAAAAE4h//////////wAAAAEAAAAA
048d9e0ef82d6768acee1c42b650665aed591b5f76841fd81ff46d4fd671624f	5	1	AAAAAChzMbMQCWACCLa416dfSextb0F9cm9yY6oq5kJDDhlMAAAACgAAAAIAAAAJAAAAAAAAAAAAAAABAAAAAAAAAAMAAAABRVVSAAAAAADm456jSNPjVy+szYq00es5z2RPWUMNZR9AOJQYWKHoGwAAAAFVU0QAAAAAAObjnqNI0+NXL6zNirTR6znPZE9ZQw1lH0A4lBhYoegbAAAAAAAAAAoAAAABAAAAAQAAAAAAAAAAAAAAAAAAAAFDDhlMAAAAQOGCUE2dkjkYDLVnXI9hQIJbDoJ0mY+/mlOUIy5cnJgLprBN6gFZGgiSpDaEC/dlLM9NqVQO46uCak7MQMdMAQQ=	BI2eDvgtZ2is7hxCtlBmWu1ZG192hB/YH/RtT9ZxYk8AAAAAAAAACgAAAAAAAAABAAAAAAAAAAMAAAAAAAAAAAAAAAAAAAAAKHMxsxAJYAIItrjXp19J7G1vQX1yb3JjqirmQkMOGUwAAAAAAAAAAQAAAAFFVVIAAAAAAObjnqNI0+NXL6zNirTR6znPZE9ZQw1lH0A4lBhYoegbAAAAAVVTRAAAAAAA5uOeo0jT41cvrM2KtNHrOc9kT1lDDWUfQDiUGFih6BsAAAAAAAAACgAAAAEAAAABAAAAAAAAAAAAAAAA	AAAAAAAAAAEAAAABAAAAAAAAAAAoczGzEAlgAgi2uNenX0nsbW9BfXJvcmOqKuZCQw4ZTAAAAAJUC+OmAAAAAgAAAAkAAAAIAAAAAAAAAAAAAAAAAQAAAAAAAAAAAAAAAAAAAQAAAAIAAAAAAAAAAgAAAAAoczGzEAlgAgi2uNenX0nsbW9BfXJvcmOqKuZCQw4ZTAAAAAAAAAABAAAAAUVVUgAAAAAA5uOeo0jT41cvrM2KtNHrOc9kT1lDDWUfQDiUGFih6BsAAAABVVNEAAAAAADm456jSNPjVy+szYq00es5z2RPWUMNZR9AOJQYWKHoGwAAAAAAAAAKAAAAAQAAAAEAAAAAAAAAAAAAAAEAAAAAAAAAAChzMbMQCWACCLa416dfSextb0F9cm9yY6oq5kJDDhlMAAAAAlQL46YAAAACAAAACQAAAAkAAAAAAAAAAAAAAAABAAAAAAAAAAAAAAA=
54c8aef3ba4c02db7a365e808f1164c5b0e233840fd64c3d2f1a40dbfaf816d3	5	2	AAAAAChzMbMQCWACCLa416dfSextb0F9cm9yY6oq5kJDDhlMAAAACgAAAAIAAAAKAAAAAAAAAAAAAAABAAAAAAAAAAMAAAABMQAAAAAAAADm456jSNPjVy+szYq00es5z2RPWUMNZR9AOJQYWKHoGwAAAAFVU0QAAAAAAObjnqNI0+NXL6zNirTR6znPZE9ZQw1lH0A4lBhYoegbAAAAAAAAABQAAAABAAAAAQAAAAAAAAAAAAAAAAAAAAFDDhlMAAAAQLZAf02qrxTXSSqgk+mf66MDruGS+s/eyVFpK4uowV0cL403Q9LBrHmLCiCKjgEWCxLsnIzPy9PFPB/Izi2xHgE=	VMiu87pMAtt6Nl6AjxFkxbDiM4QP1kw9LxpA2/r4FtMAAAAAAAAACgAAAAAAAAABAAAAAAAAAAMAAAAAAAAAAAAAAAAAAAAAKHMxsxAJYAIItrjXp19J7G1vQX1yb3JjqirmQkMOGUwAAAAAAAAAAgAAAAExAAAAAAAAAObjnqNI0+NXL6zNirTR6znPZE9ZQw1lH0A4lBhYoegbAAAAAVVTRAAAAAAA5uOeo0jT41cvrM2KtNHrOc9kT1lDDWUfQDiUGFih6BsAAAAAAAAAFAAAAAEAAAABAAAAAAAAAAAAAAAA	AAAAAAAAAAEAAAABAAAAAAAAAAAoczGzEAlgAgi2uNenX0nsbW9BfXJvcmOqKuZCQw4ZTAAAAAJUC+OcAAAAAgAAAAoAAAAJAAAAAAAAAAAAAAAAAQAAAAAAAAAAAAAAAAAAAQAAAAIAAAAAAAAAAgAAAAAoczGzEAlgAgi2uNenX0nsbW9BfXJvcmOqKuZCQw4ZTAAAAAAAAAACAAAAATEAAAAAAAAA5uOeo0jT41cvrM2KtNHrOc9kT1lDDWUfQDiUGFih6BsAAAABVVNEAAAAAADm456jSNPjVy+szYq00es5z2RPWUMNZR9AOJQYWKHoGwAAAAAAAAAUAAAAAQAAAAEAAAAAAAAAAAAAAAEAAAAAAAAAAChzMbMQCWACCLa416dfSextb0F9cm9yY6oq5kJDDhlMAAAAAlQL45wAAAACAAAACgAAAAoAAAAAAAAAAAAAAAABAAAAAAAAAAAAAAA=
c9985e90d865fe6cb2cde4820a0dc727c296d02d0d8c8df5a7519feaa9463e21	5	3	AAAAAChzMbMQCWACCLa416dfSextb0F9cm9yY6oq5kJDDhlMAAAACgAAAAIAAAALAAAAAAAAAAAAAAABAAAAAAAAAAMAAAABRVVSAAAAAADm456jSNPjVy+szYq00es5z2RPWUMNZR9AOJQYWKHoGwAAAAExAAAAAAAAAObjnqNI0+NXL6zNirTR6znPZE9ZQw1lH0A4lBhYoegbAAAAAAAAABQAAAABAAAAAQAAAAAAAAAAAAAAAAAAAAFDDhlMAAAAQC0WFsBGbY5qf7tuAWybveUl/wLYe+sq1KpQtrcnXoviK+8xVKzamGknAimcyr3zelYCT4Jn3vXxdGsFXTunsQc=	yZhekNhl/myyzeSCCg3HJ8KW0C0NjI31p1Gf6qlGPiEAAAAAAAAACgAAAAAAAAABAAAAAAAAAAMAAAAAAAAAAAAAAAAAAAAAKHMxsxAJYAIItrjXp19J7G1vQX1yb3JjqirmQkMOGUwAAAAAAAAAAwAAAAFFVVIAAAAAAObjnqNI0+NXL6zNirTR6znPZE9ZQw1lH0A4lBhYoegbAAAAATEAAAAAAAAA5uOeo0jT41cvrM2KtNHrOc9kT1lDDWUfQDiUGFih6BsAAAAAAAAAFAAAAAEAAAABAAAAAAAAAAAAAAAA	AAAAAAAAAAEAAAABAAAAAAAAAAAoczGzEAlgAgi2uNenX0nsbW9BfXJvcmOqKuZCQw4ZTAAAAAJUC+OSAAAAAgAAAAsAAAAKAAAAAAAAAAAAAAAAAQAAAAAAAAAAAAAAAAAAAQAAAAIAAAAAAAAAAgAAAAAoczGzEAlgAgi2uNenX0nsbW9BfXJvcmOqKuZCQw4ZTAAAAAAAAAADAAAAAUVVUgAAAAAA5uOeo0jT41cvrM2KtNHrOc9kT1lDDWUfQDiUGFih6BsAAAABMQAAAAAAAADm456jSNPjVy+szYq00es5z2RPWUMNZR9AOJQYWKHoGwAAAAAAAAAUAAAAAQAAAAEAAAAAAAAAAAAAAAEAAAAAAAAAAChzMbMQCWACCLa416dfSextb0F9cm9yY6oq5kJDDhlMAAAAAlQL45IAAAACAAAACwAAAAsAAAAAAAAAAAAAAAABAAAAAAAAAAAAAAA=
e8e98613a3526b154886fe82e4f14c9bf3d74ffccd9dbac066fce4d1aa2cb774	5	4	AAAAAChzMbMQCWACCLa416dfSextb0F9cm9yY6oq5kJDDhlMAAAACgAAAAIAAAAMAAAAAAAAAAAAAAABAAAAAAAAAAMAAAABMjEAAAAAAADm456jSNPjVy+szYq00es5z2RPWUMNZR9AOJQYWKHoGwAAAAFVU0QAAAAAAObjnqNI0+NXL6zNirTR6znPZE9ZQw1lH0A4lBhYoegbAAAAAAAAAB4AAAABAAAAAQAAAAAAAAAAAAAAAAAAAAFDDhlMAAAAQIjEialVNGGUwzgDJxsd7v/qXSpfdZmr1p0UNuBldisTbHggHbU7Me5UhdSFeqGoZ6S6V2E6bitZx5PghVePSgc=	6OmGE6NSaxVIhv6C5PFMm/PXT/zNnbrAZvzk0aost3QAAAAAAAAACgAAAAAAAAABAAAAAAAAAAMAAAAAAAAAAAAAAAAAAAAAKHMxsxAJYAIItrjXp19J7G1vQX1yb3JjqirmQkMOGUwAAAAAAAAABAAAAAEyMQAAAAAAAObjnqNI0+NXL6zNirTR6znPZE9ZQw1lH0A4lBhYoegbAAAAAVVTRAAAAAAA5uOeo0jT41cvrM2KtNHrOc9kT1lDDWUfQDiUGFih6BsAAAAAAAAAHgAAAAEAAAABAAAAAAAAAAAAAAAA	AAAAAAAAAAEAAAABAAAAAAAAAAAoczGzEAlgAgi2uNenX0nsbW9BfXJvcmOqKuZCQw4ZTAAAAAJUC+OIAAAAAgAAAAwAAAALAAAAAAAAAAAAAAAAAQAAAAAAAAAAAAAAAAAAAQAAAAIAAAAAAAAAAgAAAAAoczGzEAlgAgi2uNenX0nsbW9BfXJvcmOqKuZCQw4ZTAAAAAAAAAAEAAAAATIxAAAAAAAA5uOeo0jT41cvrM2KtNHrOc9kT1lDDWUfQDiUGFih6BsAAAABVVNEAAAAAADm456jSNPjVy+szYq00es5z2RPWUMNZR9AOJQYWKHoGwAAAAAAAAAeAAAAAQAAAAEAAAAAAAAAAAAAAAEAAAAAAAAAAChzMbMQCWACCLa416dfSextb0F9cm9yY6oq5kJDDhlMAAAAAlQL44gAAAACAAAADAAAAAwAAAAAAAAAAAAAAAABAAAAAAAAAAAAAAA=
0d668d88f0c9f98d9b2d73843fddaad483a4c9a98e0995ee3e7173f4ff766cec	5	5	AAAAAChzMbMQCWACCLa416dfSextb0F9cm9yY6oq5kJDDhlMAAAACgAAAAIAAAANAAAAAAAAAAAAAAABAAAAAAAAAAMAAAABMjIAAAAAAADm456jSNPjVy+szYq00es5z2RPWUMNZR9AOJQYWKHoGwAAAAEyMQAAAAAAAObjnqNI0+NXL6zNirTR6znPZE9ZQw1lH0A4lBhYoegbAAAAAAAAAB4AAAABAAAAAQAAAAAAAAAAAAAAAAAAAAFDDhlMAAAAQD6y0gjdNWExoSHfL2jTKdnujYYri+RQubwdav9dh2bEOizKmE6O13nX+Et+zrP0xEhx4enXMAWRWDoLwNq9VQM=	DWaNiPDJ+Y2bLXOEP92q1IOkyamOCZXuPnFz9P92bOwAAAAAAAAACgAAAAAAAAABAAAAAAAAAAMAAAAAAAAAAAAAAAAAAAAAKHMxsxAJYAIItrjXp19J7G1vQX1yb3JjqirmQkMOGUwAAAAAAAAABQAAAAEyMgAAAAAAAObjnqNI0+NXL6zNirTR6znPZE9ZQw1lH0A4lBhYoegbAAAAATIxAAAAAAAA5uOeo0jT41cvrM2KtNHrOc9kT1lDDWUfQDiUGFih6BsAAAAAAAAAHgAAAAEAAAABAAAAAAAAAAAAAAAA	AAAAAAAAAAEAAAABAAAAAAAAAAAoczGzEAlgAgi2uNenX0nsbW9BfXJvcmOqKuZCQw4ZTAAAAAJUC+N+AAAAAgAAAA0AAAAMAAAAAAAAAAAAAAAAAQAAAAAAAAAAAAAAAAAAAQAAAAIAAAAAAAAAAgAAAAAoczGzEAlgAgi2uNenX0nsbW9BfXJvcmOqKuZCQw4ZTAAAAAAAAAAFAAAAATIyAAAAAAAA5uOeo0jT41cvrM2KtNHrOc9kT1lDDWUfQDiUGFih6BsAAAABMjEAAAAAAADm456jSNPjVy+szYq00es5z2RPWUMNZR9AOJQYWKHoGwAAAAAAAAAeAAAAAQAAAAEAAAAAAAAAAAAAAAEAAAAAAAAAAChzMbMQCWACCLa416dfSextb0F9cm9yY6oq5kJDDhlMAAAAAlQL434AAAACAAAADQAAAA0AAAAAAAAAAAAAAAABAAAAAAAAAAAAAAA=
f19028f38612e9980041acf465998e3d6b371dfc7621bf1eccfd2ab6e4f50d5f	5	6	AAAAAChzMbMQCWACCLa416dfSextb0F9cm9yY6oq5kJDDhlMAAAACgAAAAIAAAAOAAAAAAAAAAAAAAABAAAAAAAAAAMAAAABRVVSAAAAAADm456jSNPjVy+szYq00es5z2RPWUMNZR9AOJQYWKHoGwAAAAEyMgAAAAAAAObjnqNI0+NXL6zNirTR6znPZE9ZQw1lH0A4lBhYoegbAAAAAAAAAB4AAAABAAAAAQAAAAAAAAAAAAAAAAAAAAFDDhlMAAAAQGuJZGjHhSCBGlh0qNWvZl52mpu7a8IjfaJ2b9kae7vzucMlozpagwwKV2SFF0UbCtdfnp+shkmlu2SDsdkSswc=	8ZAo84YS6ZgAQaz0ZZmOPWs3Hfx2Ib8ezP0qtuT1DV8AAAAAAAAACgAAAAAAAAABAAAAAAAAAAMAAAAAAAAAAAAAAAAAAAAAKHMxsxAJYAIItrjXp19J7G1vQX1yb3JjqirmQkMOGUwAAAAAAAAABgAAAAFFVVIAAAAAAObjnqNI0+NXL6zNirTR6znPZE9ZQw1lH0A4lBhYoegbAAAAATIyAAAAAAAA5uOeo0jT41cvrM2KtNHrOc9kT1lDDWUfQDiUGFih6BsAAAAAAAAAHgAAAAEAAAABAAAAAAAAAAAAAAAA	AAAAAAAAAAEAAAABAAAAAAAAAAAoczGzEAlgAgi2uNenX0nsbW9BfXJvcmOqKuZCQw4ZTAAAAAJUC+N0AAAAAgAAAA4AAAANAAAAAAAAAAAAAAAAAQAAAAAAAAAAAAAAAAAAAQAAAAIAAAAAAAAAAgAAAAAoczGzEAlgAgi2uNenX0nsbW9BfXJvcmOqKuZCQw4ZTAAAAAAAAAAGAAAAAUVVUgAAAAAA5uOeo0jT41cvrM2KtNHrOc9kT1lDDWUfQDiUGFih6BsAAAABMjIAAAAAAADm456jSNPjVy+szYq00es5z2RPWUMNZR9AOJQYWKHoGwAAAAAAAAAeAAAAAQAAAAEAAAAAAAAAAAAAAAEAAAAAAAAAAChzMbMQCWACCLa416dfSextb0F9cm9yY6oq5kJDDhlMAAAAAlQL43QAAAACAAAADgAAAA4AAAAAAAAAAAAAAAABAAAAAAAAAAAAAAA=
7636606df12e3adc732ef44b850de542568e1813ac72dc759a4b2e5a53acfd3a	5	7	AAAAAChzMbMQCWACCLa416dfSextb0F9cm9yY6oq5kJDDhlMAAAACgAAAAIAAAAPAAAAAAAAAAAAAAABAAAAAAAAAAMAAAABMzEAAAAAAADm456jSNPjVy+szYq00es5z2RPWUMNZR9AOJQYWKHoGwAAAAFVU0QAAAAAAObjnqNI0+NXL6zNirTR6znPZE9ZQw1lH0A4lBhYoegbAAAAAAAAACgAAAABAAAAAQAAAAAAAAAAAAAAAAAAAAFDDhlMAAAAQEBIgfRsM6cvCCID+YkRdTTmnBHR6Vm7h3eiU++vX8CwXOPseniKBc6mQobVLsB1wGweGBCBL4fNgDVXv3hZBwA=	djZgbfEuOtxzLvRLhQ3lQlaOGBOsctx1mksuWlOs/ToAAAAAAAAACgAAAAAAAAABAAAAAAAAAAMAAAAAAAAAAAAAAAAAAAAAKHMxsxAJYAIItrjXp19J7G1vQX1yb3JjqirmQkMOGUwAAAAAAAAABwAAAAEzMQAAAAAAAObjnqNI0+NXL6zNirTR6znPZE9ZQw1lH0A4lBhYoegbAAAAAVVTRAAAAAAA5uOeo0jT41cvrM2KtNHrOc9kT1lDDWUfQDiUGFih6BsAAAAAAAAAKAAAAAEAAAABAAAAAAAAAAAAAAAA	AAAAAAAAAAEAAAABAAAAAAAAAAAoczGzEAlgAgi2uNenX0nsbW9BfXJvcmOqKuZCQw4ZTAAAAAJUC+NqAAAAAgAAAA8AAAAOAAAAAAAAAAAAAAAAAQAAAAAAAAAAAAAAAAAAAQAAAAIAAAAAAAAAAgAAAAAoczGzEAlgAgi2uNenX0nsbW9BfXJvcmOqKuZCQw4ZTAAAAAAAAAAHAAAAATMxAAAAAAAA5uOeo0jT41cvrM2KtNHrOc9kT1lDDWUfQDiUGFih6BsAAAABVVNEAAAAAADm456jSNPjVy+szYq00es5z2RPWUMNZR9AOJQYWKHoGwAAAAAAAAAoAAAAAQAAAAEAAAAAAAAAAAAAAAEAAAAAAAAAAChzMbMQCWACCLa416dfSextb0F9cm9yY6oq5kJDDhlMAAAAAlQL42oAAAACAAAADwAAAA8AAAAAAAAAAAAAAAABAAAAAAAAAAAAAAA=
847ee65e93be682f185a2a26f073a37d2477a45687e36d4c76f9fe1f5da1de31	5	8	AAAAAChzMbMQCWACCLa416dfSextb0F9cm9yY6oq5kJDDhlMAAAACgAAAAIAAAAQAAAAAAAAAAAAAAABAAAAAAAAAAMAAAABMzIAAAAAAADm456jSNPjVy+szYq00es5z2RPWUMNZR9AOJQYWKHoGwAAAAEzMQAAAAAAAObjnqNI0+NXL6zNirTR6znPZE9ZQw1lH0A4lBhYoegbAAAAAAAAACgAAAABAAAAAQAAAAAAAAAAAAAAAAAAAAFDDhlMAAAAQClb21mmXkkdqji3u5AAIzygyq/U2zUBFNPwSKDqjPkTtv39J72ZkWgG4kXwDy84VdToGOrAFy6jAG9MiCc+mAY=	hH7mXpO+aC8YWiom8HOjfSR3pFaH421Mdvn+H12h3jEAAAAAAAAACgAAAAAAAAABAAAAAAAAAAMAAAAAAAAAAAAAAAAAAAAAKHMxsxAJYAIItrjXp19J7G1vQX1yb3JjqirmQkMOGUwAAAAAAAAACAAAAAEzMgAAAAAAAObjnqNI0+NXL6zNirTR6znPZE9ZQw1lH0A4lBhYoegbAAAAATMxAAAAAAAA5uOeo0jT41cvrM2KtNHrOc9kT1lDDWUfQDiUGFih6BsAAAAAAAAAKAAAAAEAAAABAAAAAAAAAAAAAAAA	AAAAAAAAAAEAAAABAAAAAAAAAAAoczGzEAlgAgi2uNenX0nsbW9BfXJvcmOqKuZCQw4ZTAAAAAJUC+NgAAAAAgAAABAAAAAPAAAAAAAAAAAAAAAAAQAAAAAAAAAAAAAAAAAAAQAAAAIAAAAAAAAAAgAAAAAoczGzEAlgAgi2uNenX0nsbW9BfXJvcmOqKuZCQw4ZTAAAAAAAAAAIAAAAATMyAAAAAAAA5uOeo0jT41cvrM2KtNHrOc9kT1lDDWUfQDiUGFih6BsAAAABMzEAAAAAAADm456jSNPjVy+szYq00es5z2RPWUMNZR9AOJQYWKHoGwAAAAAAAAAoAAAAAQAAAAEAAAAAAAAAAAAAAAEAAAAAAAAAAChzMbMQCWACCLa416dfSextb0F9cm9yY6oq5kJDDhlMAAAAAlQL42AAAAACAAAAEAAAABAAAAAAAAAAAAAAAAABAAAAAAAAAAAAAAA=
fd37172e06b2c7e75fb32774f643ca66d5c31433455908c40322a22d29ea6bb6	5	9	AAAAAChzMbMQCWACCLa416dfSextb0F9cm9yY6oq5kJDDhlMAAAACgAAAAIAAAARAAAAAAAAAAAAAAABAAAAAAAAAAMAAAABMzMAAAAAAADm456jSNPjVy+szYq00es5z2RPWUMNZR9AOJQYWKHoGwAAAAEzMgAAAAAAAObjnqNI0+NXL6zNirTR6znPZE9ZQw1lH0A4lBhYoegbAAAAAAAAACgAAAABAAAAAQAAAAAAAAAAAAAAAAAAAAFDDhlMAAAAQH0wsT59SXmiFatFpoZ5v9MApWBKt5ElkdhYWAJd0IryJ31dPpjXoUqTVzdCDwXqyYvO5fZbJ+i6YMR9kkAr0Ac=	/TcXLgayx+dfsyd09kPKZtXDFDNFWQjEAyKiLSnqa7YAAAAAAAAACgAAAAAAAAABAAAAAAAAAAMAAAAAAAAAAAAAAAAAAAAAKHMxsxAJYAIItrjXp19J7G1vQX1yb3JjqirmQkMOGUwAAAAAAAAACQAAAAEzMwAAAAAAAObjnqNI0+NXL6zNirTR6znPZE9ZQw1lH0A4lBhYoegbAAAAATMyAAAAAAAA5uOeo0jT41cvrM2KtNHrOc9kT1lDDWUfQDiUGFih6BsAAAAAAAAAKAAAAAEAAAABAAAAAAAAAAAAAAAA	AAAAAAAAAAEAAAABAAAAAAAAAAAoczGzEAlgAgi2uNenX0nsbW9BfXJvcmOqKuZCQw4ZTAAAAAJUC+NWAAAAAgAAABEAAAAQAAAAAAAAAAAAAAAAAQAAAAAAAAAAAAAAAAAAAQAAAAIAAAAAAAAAAgAAAAAoczGzEAlgAgi2uNenX0nsbW9BfXJvcmOqKuZCQw4ZTAAAAAAAAAAJAAAAATMzAAAAAAAA5uOeo0jT41cvrM2KtNHrOc9kT1lDDWUfQDiUGFih6BsAAAABMzIAAAAAAADm456jSNPjVy+szYq00es5z2RPWUMNZR9AOJQYWKHoGwAAAAAAAAAoAAAAAQAAAAEAAAAAAAAAAAAAAAEAAAAAAAAAAChzMbMQCWACCLa416dfSextb0F9cm9yY6oq5kJDDhlMAAAAAlQL41YAAAACAAAAEQAAABEAAAAAAAAAAAAAAAABAAAAAAAAAAAAAAA=
a2574ad52e33404659b39ef068091c8a838c6a384cb1e1244fc502b818809f97	5	10	AAAAAChzMbMQCWACCLa416dfSextb0F9cm9yY6oq5kJDDhlMAAAACgAAAAIAAAASAAAAAAAAAAAAAAABAAAAAAAAAAMAAAABRVVSAAAAAADm456jSNPjVy+szYq00es5z2RPWUMNZR9AOJQYWKHoGwAAAAEzMwAAAAAAAObjnqNI0+NXL6zNirTR6znPZE9ZQw1lH0A4lBhYoegbAAAAAAAAACgAAAABAAAAAQAAAAAAAAAAAAAAAAAAAAFDDhlMAAAAQLgX9vc+Xy7Sz4tx2mN3VqnUbF7mmNZRYArywhHmkrz5QLlH5RZxfys0ali5TA8SoqCbYCDTJaeoHRR7VCCt9As=	oldK1S4zQEZZs57waAkcioOMajhMseEkT8UCuBiAn5cAAAAAAAAACgAAAAAAAAABAAAAAAAAAAMAAAAAAAAAAAAAAAAAAAAAKHMxsxAJYAIItrjXp19J7G1vQX1yb3JjqirmQkMOGUwAAAAAAAAACgAAAAFFVVIAAAAAAObjnqNI0+NXL6zNirTR6znPZE9ZQw1lH0A4lBhYoegbAAAAATMzAAAAAAAA5uOeo0jT41cvrM2KtNHrOc9kT1lDDWUfQDiUGFih6BsAAAAAAAAAKAAAAAEAAAABAAAAAAAAAAAAAAAA	AAAAAAAAAAEAAAABAAAAAAAAAAAoczGzEAlgAgi2uNenX0nsbW9BfXJvcmOqKuZCQw4ZTAAAAAJUC+NMAAAAAgAAABIAAAARAAAAAAAAAAAAAAAAAQAAAAAAAAAAAAAAAAAAAQAAAAIAAAAAAAAAAgAAAAAoczGzEAlgAgi2uNenX0nsbW9BfXJvcmOqKuZCQw4ZTAAAAAAAAAAKAAAAAUVVUgAAAAAA5uOeo0jT41cvrM2KtNHrOc9kT1lDDWUfQDiUGFih6BsAAAABMzMAAAAAAADm456jSNPjVy+szYq00es5z2RPWUMNZR9AOJQYWKHoGwAAAAAAAAAoAAAAAQAAAAEAAAAAAAAAAAAAAAEAAAAAAAAAAChzMbMQCWACCLa416dfSextb0F9cm9yY6oq5kJDDhlMAAAAAlQL40wAAAACAAAAEgAAABIAAAAAAAAAAAAAAAABAAAAAAAAAAAAAAA=
\.


--
-- Name: accounts_pkey; Type: CONSTRAINT; Schema: public; Owner: -; Tablespace: 
--

ALTER TABLE ONLY accounts
    ADD CONSTRAINT accounts_pkey PRIMARY KEY (accountid);


--
-- Name: ledgerheaders_ledgerseq_key; Type: CONSTRAINT; Schema: public; Owner: -; Tablespace: 
--

ALTER TABLE ONLY ledgerheaders
    ADD CONSTRAINT ledgerheaders_ledgerseq_key UNIQUE (ledgerseq);


--
-- Name: ledgerheaders_pkey; Type: CONSTRAINT; Schema: public; Owner: -; Tablespace: 
--

ALTER TABLE ONLY ledgerheaders
    ADD CONSTRAINT ledgerheaders_pkey PRIMARY KEY (ledgerhash);


--
-- Name: offers_pkey; Type: CONSTRAINT; Schema: public; Owner: -; Tablespace: 
--

ALTER TABLE ONLY offers
    ADD CONSTRAINT offers_pkey PRIMARY KEY (offerid);


--
-- Name: peers_pkey; Type: CONSTRAINT; Schema: public; Owner: -; Tablespace: 
--

ALTER TABLE ONLY peers
    ADD CONSTRAINT peers_pkey PRIMARY KEY (ip, port);


--
-- Name: signers_pkey; Type: CONSTRAINT; Schema: public; Owner: -; Tablespace: 
--

ALTER TABLE ONLY signers
    ADD CONSTRAINT signers_pkey PRIMARY KEY (accountid, publickey);


--
-- Name: storestate_pkey; Type: CONSTRAINT; Schema: public; Owner: -; Tablespace: 
--

ALTER TABLE ONLY storestate
    ADD CONSTRAINT storestate_pkey PRIMARY KEY (statename);


--
-- Name: trustlines_pkey; Type: CONSTRAINT; Schema: public; Owner: -; Tablespace: 
--

ALTER TABLE ONLY trustlines
    ADD CONSTRAINT trustlines_pkey PRIMARY KEY (accountid, issuer, assetcode);


--
-- Name: txhistory_ledgerseq_txindex_key; Type: CONSTRAINT; Schema: public; Owner: -; Tablespace: 
--

ALTER TABLE ONLY txhistory
    ADD CONSTRAINT txhistory_ledgerseq_txindex_key UNIQUE (ledgerseq, txindex);


--
-- Name: txhistory_pkey; Type: CONSTRAINT; Schema: public; Owner: -; Tablespace: 
--

ALTER TABLE ONLY txhistory
    ADD CONSTRAINT txhistory_pkey PRIMARY KEY (txid, ledgerseq);


--
-- Name: accountbalances; Type: INDEX; Schema: public; Owner: -; Tablespace: 
--

CREATE INDEX accountbalances ON accounts USING btree (balance) WHERE (balance >= 1000000000);


--
-- Name: accountlines; Type: INDEX; Schema: public; Owner: -; Tablespace: 
--

CREATE INDEX accountlines ON trustlines USING btree (accountid);


--
-- Name: buyingissuerindex; Type: INDEX; Schema: public; Owner: -; Tablespace: 
--

CREATE INDEX buyingissuerindex ON offers USING btree (buyingissuer);


--
-- Name: ledgersbyseq; Type: INDEX; Schema: public; Owner: -; Tablespace: 
--

CREATE INDEX ledgersbyseq ON ledgerheaders USING btree (ledgerseq);


--
-- Name: priceindex; Type: INDEX; Schema: public; Owner: -; Tablespace: 
--

CREATE INDEX priceindex ON offers USING btree (price);


--
-- Name: sellingissuerindex; Type: INDEX; Schema: public; Owner: -; Tablespace: 
--

CREATE INDEX sellingissuerindex ON offers USING btree (sellingissuer);


--
-- Name: signersaccount; Type: INDEX; Schema: public; Owner: -; Tablespace: 
--

CREATE INDEX signersaccount ON signers USING btree (accountid);


--
-- PostgreSQL database dump complete
--

