--
-- PostgreSQL database dump
--

SET statement_timeout = 0;
SET lock_timeout = 0;
SET client_encoding = 'UTF8';
SET standard_conforming_strings = on;
SET check_function_bodies = false;
SET client_min_messages = warning;

SET search_path = public, pg_catalog;

DROP INDEX public.signersaccount;
DROP INDEX public.sellingissuerindex;
DROP INDEX public.priceindex;
DROP INDEX public.ledgersbyseq;
DROP INDEX public.buyingissuerindex;
DROP INDEX public.accountlines;
DROP INDEX public.accountbalances;
ALTER TABLE ONLY public.txhistory DROP CONSTRAINT txhistory_pkey;
ALTER TABLE ONLY public.txhistory DROP CONSTRAINT txhistory_ledgerseq_txindex_key;
ALTER TABLE ONLY public.trustlines DROP CONSTRAINT trustlines_pkey;
ALTER TABLE ONLY public.storestate DROP CONSTRAINT storestate_pkey;
ALTER TABLE ONLY public.signers DROP CONSTRAINT signers_pkey;
ALTER TABLE ONLY public.peers DROP CONSTRAINT peers_pkey;
ALTER TABLE ONLY public.offers DROP CONSTRAINT offers_pkey;
ALTER TABLE ONLY public.ledgerheaders DROP CONSTRAINT ledgerheaders_pkey;
ALTER TABLE ONLY public.ledgerheaders DROP CONSTRAINT ledgerheaders_ledgerseq_key;
ALTER TABLE ONLY public.accounts DROP CONSTRAINT accounts_pkey;
DROP TABLE public.txhistory;
DROP TABLE public.trustlines;
DROP TABLE public.storestate;
DROP TABLE public.signers;
DROP TABLE public.peers;
DROP TABLE public.offers;
DROP TABLE public.ledgerheaders;
DROP TABLE public.accounts;
DROP EXTENSION plpgsql;
DROP SCHEMA public;
--
-- Name: public; Type: SCHEMA; Schema: -; Owner: -
--

CREATE SCHEMA public;


--
-- Name: SCHEMA public; Type: COMMENT; Schema: -; Owner: -
--

COMMENT ON SCHEMA public IS 'standard public schema';


--
-- Name: plpgsql; Type: EXTENSION; Schema: -; Owner: -
--

CREATE EXTENSION IF NOT EXISTS plpgsql WITH SCHEMA pg_catalog;


--
-- Name: EXTENSION plpgsql; Type: COMMENT; Schema: -; Owner: -
--

COMMENT ON EXTENSION plpgsql IS 'PL/pgSQL procedural language';


SET search_path = public, pg_catalog;

SET default_tablespace = '';

SET default_with_oids = false;

--
-- Name: accounts; Type: TABLE; Schema: public; Owner: -; Tablespace: 
--

CREATE TABLE accounts (
    accountid character varying(56) NOT NULL,
    balance bigint NOT NULL,
    seqnum bigint NOT NULL,
    numsubentries integer NOT NULL,
    inflationdest character varying(56),
    homedomain character varying(32),
    thresholds text,
    flags integer NOT NULL,
    lastmodified integer NOT NULL,
    CONSTRAINT accounts_balance_check CHECK ((balance >= 0)),
    CONSTRAINT accounts_numsubentries_check CHECK ((numsubentries >= 0))
);


--
-- Name: ledgerheaders; Type: TABLE; Schema: public; Owner: -; Tablespace: 
--

CREATE TABLE ledgerheaders (
    ledgerhash character(64) NOT NULL,
    prevhash character(64) NOT NULL,
    bucketlisthash character(64) NOT NULL,
    ledgerseq integer,
    closetime bigint NOT NULL,
    data text NOT NULL,
    CONSTRAINT ledgerheaders_closetime_check CHECK ((closetime >= 0)),
    CONSTRAINT ledgerheaders_ledgerseq_check CHECK ((ledgerseq >= 0))
);


--
-- Name: offers; Type: TABLE; Schema: public; Owner: -; Tablespace: 
--

CREATE TABLE offers (
    sellerid character varying(56) NOT NULL,
    offerid bigint NOT NULL,
    sellingassettype integer,
    sellingassetcode character varying(12),
    sellingissuer character varying(56),
    buyingassettype integer,
    buyingassetcode character varying(12),
    buyingissuer character varying(56),
    amount bigint NOT NULL,
    pricen integer NOT NULL,
    priced integer NOT NULL,
    price bigint NOT NULL,
    flags integer NOT NULL,
    lastmodified integer NOT NULL,
    CONSTRAINT offers_amount_check CHECK ((amount >= 0)),
    CONSTRAINT offers_offerid_check CHECK ((offerid >= 0))
);


--
-- Name: peers; Type: TABLE; Schema: public; Owner: -; Tablespace: 
--

CREATE TABLE peers (
    ip character varying(15) NOT NULL,
    port integer DEFAULT 0 NOT NULL,
    nextattempt timestamp without time zone NOT NULL,
    numfailures integer DEFAULT 0 NOT NULL,
    rank integer DEFAULT 0 NOT NULL,
    CONSTRAINT peers_numfailures_check CHECK ((numfailures >= 0)),
    CONSTRAINT peers_port_check CHECK (((port > 0) AND (port <= 65535))),
    CONSTRAINT peers_rank_check CHECK ((rank >= 0))
);


--
-- Name: signers; Type: TABLE; Schema: public; Owner: -; Tablespace: 
--

CREATE TABLE signers (
    accountid character varying(56) NOT NULL,
    publickey character varying(56) NOT NULL,
    weight integer NOT NULL
);


--
-- Name: storestate; Type: TABLE; Schema: public; Owner: -; Tablespace: 
--

CREATE TABLE storestate (
    statename character(32) NOT NULL,
    state text
);


--
-- Name: trustlines; Type: TABLE; Schema: public; Owner: -; Tablespace: 
--

CREATE TABLE trustlines (
    accountid character varying(56) NOT NULL,
    assettype integer NOT NULL,
    issuer character varying(56) NOT NULL,
    assetcode character varying(12) NOT NULL,
    tlimit bigint DEFAULT 0 NOT NULL,
    balance bigint DEFAULT 0 NOT NULL,
    flags integer NOT NULL,
    lastmodified integer NOT NULL,
    CONSTRAINT trustlines_balance_check CHECK ((balance >= 0)),
    CONSTRAINT trustlines_tlimit_check CHECK ((tlimit >= 0))
);


--
-- Name: txhistory; Type: TABLE; Schema: public; Owner: -; Tablespace: 
--

CREATE TABLE txhistory (
    txid character(64) NOT NULL,
    ledgerseq integer NOT NULL,
    txindex integer NOT NULL,
    txbody text NOT NULL,
    txresult text NOT NULL,
    txmeta text NOT NULL,
    CONSTRAINT txhistory_ledgerseq_check CHECK ((ledgerseq >= 0))
);


--
-- Data for Name: accounts; Type: TABLE DATA; Schema: public; Owner: -
--

COPY accounts (accountid, balance, seqnum, numsubentries, inflationdest, homedomain, thresholds, flags, lastmodified) FROM stdin;
GBRPYHIL2CI3FNQ4BXLFMNDLFJUNPU2HY3ZMFSHONUCEOASW7QC7OX2H	99999959999999960	4	0	\N		AQAAAA==	0	2
GCBY42P5TMXNZJBXOO56VYMAVODELZVESJDZJPEHLXXJSR4PL5KYHCJJ	9999999990	8589934593	1	\N		AQAAAA==	0	3
GDXOER7K4GJGN43SMFCAOBJJ23EJNZQ3FHSDO5S2DJIXSGPAQUI2O53R	9999999990	8589934593	1	\N		AQAAAA==	0	3
GCHV6DLECKQ4CTAFGIT32ZLUVCJDG726NNVDNMASJDVFWNHUPA2DQKXL	9999999920	8589934600	0	\N		AQAAAA==	0	4
GDTXUKYJWAIEM3ZQONT7WBYKPMVJKPRZHZL7PKI2SZRLTF7HZ3T3VDZZ	9999999820	8589934610	18	\N		AQAAAA==	0	5
\.


--
-- Data for Name: ledgerheaders; Type: TABLE DATA; Schema: public; Owner: -
--

COPY ledgerheaders (ledgerhash, prevhash, bucketlisthash, ledgerseq, closetime, data) FROM stdin;
5ade5048fb66795219cbb45a55bf5e2710f739610d10e6875bf7f85d85900669	0000000000000000000000000000000000000000000000000000000000000000	759f642a94be58e4118ef79bd7f343832a82db2fc4f98f41ee7d22b61df716ed	1	0	AAAAAAAAAAAAAAAAAAAAAAAAAAAAAAAAAAAAAAAAAAAAAAAAAAAAAAAAAAAAAAAAAAAAAAAAAAAAAAAAAAAAAAAAAAAAAAAAAAAAAAAAAAAAAAAAAAAAAAAAAAAAAAAAAAAAAAAAAAAAAAAAAAAAAAAAAAB1n2QqlL5Y5BGO95vX80ODKoLbL8T5j0HufSK2HfcW7QAAAAEBY0V4XYoAAAAAAAAAAAAAAAAAAAAAAAAAAAAAAAAACgCYloAAAAAAAAAAAAAAAAAAAAAAAAAAAAAAAAAAAAAAAAAAAAAAAAAAAAAAAAAAAAAAAAAAAAAAAAAAAAAAAAAAAAAAAAAAAAAAAAAAAAAAAAAAAAAAAAAAAAAAAAAAAAAAAAAAAAAAAAAAAAAAAAAAAAAAAAAAAAAAAAAAAAAAAAAAAAAAAAA=
655047b41f38b5a7c3b24a9c236920c664c3caf32f77732a74e98b207b533fb7	5ade5048fb66795219cbb45a55bf5e2710f739610d10e6875bf7f85d85900669	bed3c5986f92d0d4862b5db8c081693081db19e11c87c9b533b62d42a0c46d2e	2	1441907523	AAAAAVreUEj7ZnlSGcu0WlW/XicQ9zlhDRDmh1v3+F2FkAZprurcbRvq/p2yDc1oC2gLw/r7F//CnOxd+cG/FnoyekMAAAAAVfHDQwAAAAEAAAAIAAAAAQAAAAEAAAAAlbd1UrUS4QsgwK/T1rpBD8MV97CqubMsTj7TiivUKuq+08WYb5LQ1IYrXbjAgWkwgdsZ4RyHybUzti1CoMRtLgAAAAIBY0V4XYoAAAAAAAAAAAAoAAAAAAAAAAAAAAAAAAAACgCYloAAAAAAAAAAAAAAAAAAAAAAAAAAAAAAAAAAAAAAAAAAAAAAAAAAAAAAAAAAAAAAAAAAAAAAAAAAAAAAAAAAAAAAAAAAAAAAAAAAAAAAAAAAAAAAAAAAAAAAAAAAAAAAAAAAAAAAAAAAAAAAAAAAAAAAAAAAAAAAAAAAAAAAAAAAAAAAAAA=
f13789678eb8f29d0219dedeed6a91c0727285bb6c00834c99310a697fdb8764	655047b41f38b5a7c3b24a9c236920c664c3caf32f77732a74e98b207b533fb7	a508e1b7abeaf0357dabff2fd5758998cffb29d61309bdada679f388aca0d678	3	1441907524	AAAAAWVQR7QfOLWnw7JKnCNpIMZkw8rzL3dzKnTpiyB7Uz+3rk9siBS4OeHkqu1SBgfLm6jPESn6wh1HrN9kidwtS+QAAAAAVfHDRAAAAAAAAAAATdJqNqi6K6cOOCn6G4lUJs8Ve4+D8+UTQD7ovW+a4vylCOG3q+rwNX2r/y/VdYmYz/sp1hMJva2mefOIrKDWeAAAAAMBY0V4XYoAAAAAAAAAAACMAAAAAAAAAAAAAAAAAAAACgCYloAAAAAAAAAAAAAAAAAAAAAAAAAAAAAAAAAAAAAAAAAAAAAAAAAAAAAAAAAAAAAAAAAAAAAAAAAAAAAAAAAAAAAAAAAAAAAAAAAAAAAAAAAAAAAAAAAAAAAAAAAAAAAAAAAAAAAAAAAAAAAAAAAAAAAAAAAAAAAAAAAAAAAAAAAAAAAAAAA=
d740bf59181fb4fdfb9f799b02741758f2e10387d572a100a959b545fa840fb9	f13789678eb8f29d0219dedeed6a91c0727285bb6c00834c99310a697fdb8764	6bdf907e2399095020b23d634760001a833b05b3dd880bac8771412287b734f2	4	1441907525	AAAAAfE3iWeOuPKdAhne3u1qkcBycoW7bACDTJkxCml/24dk+qymNwHuwwPI7YN4oM4INUaOFkpVZVhtCRa3sVNJEE8AAAAAVfHDRQAAAAAAAAAA5V5mzDu4cE6Kewcp0jLnEYv3tl1MlmVmPA3IUsX7JrJr35B+I5kJUCCyPWNHYAAagzsFs92IC6yHcUEih7c08gAAAAQBY0V4XYoAAAAAAAAAAADcAAAAAAAAAAAAAAAAAAAACgCYloAAAAAAAAAAAAAAAAAAAAAAAAAAAAAAAAAAAAAAAAAAAAAAAAAAAAAAAAAAAAAAAAAAAAAAAAAAAAAAAAAAAAAAAAAAAAAAAAAAAAAAAAAAAAAAAAAAAAAAAAAAAAAAAAAAAAAAAAAAAAAAAAAAAAAAAAAAAAAAAAAAAAAAAAAAAAAAAAA=
71a009c51aaaadb141c6d53ac55a3512add4a95f434c6c4fe83392688f9d4eec	d740bf59181fb4fdfb9f799b02741758f2e10387d572a100a959b545fa840fb9	0df868e17864b5110eaa859b3fb1847256e994d7e92697345e9ec6fa85c3fbd2	5	1441907526	AAAAAddAv1kYH7T9+595mwJ0F1jy4QOH1XKhAKlZtUX6hA+5Rw/rOqskotIH2z36iINGQvAUVUtgyAqc1fRxCObBhX0AAAAAVfHDRgAAAAAAAAAALM3yAheoW8krGo8ePhvZzP+RBnHHcd6OBply/bOqyR0N+GjheGS1EQ6qhZs/sYRyVumU1+kmlzRensb6hcP70gAAAAUBY0V4XYoAAAAAAAAAAAFAAAAAAAAAAAAAAAAKAAAACgCYloAAAAAAAAAAAAAAAAAAAAAAAAAAAAAAAAAAAAAAAAAAAAAAAAAAAAAAAAAAAAAAAAAAAAAAAAAAAAAAAAAAAAAAAAAAAAAAAAAAAAAAAAAAAAAAAAAAAAAAAAAAAAAAAAAAAAAAAAAAAAAAAAAAAAAAAAAAAAAAAAAAAAAAAAAAAAAAAAA=
\.


--
-- Data for Name: offers; Type: TABLE DATA; Schema: public; Owner: -
--

COPY offers (sellerid, offerid, sellingassettype, sellingassetcode, sellingissuer, buyingassettype, buyingassetcode, buyingissuer, amount, pricen, priced, price, flags, lastmodified) FROM stdin;
GDTXUKYJWAIEM3ZQONT7WBYKPMVJKPRZHZL7PKI2SZRLTF7HZ3T3VDZZ	1	1	EUR	GCHV6DLECKQ4CTAFGIT32ZLUVCJDG726NNVDNMASJDVFWNHUPA2DQKXL	1	USD	GCHV6DLECKQ4CTAFGIT32ZLUVCJDG726NNVDNMASJDVFWNHUPA2DQKXL	10	1	1	10000000	0	5
GDTXUKYJWAIEM3ZQONT7WBYKPMVJKPRZHZL7PKI2SZRLTF7HZ3T3VDZZ	2	1	1	GCHV6DLECKQ4CTAFGIT32ZLUVCJDG726NNVDNMASJDVFWNHUPA2DQKXL	1	USD	GCHV6DLECKQ4CTAFGIT32ZLUVCJDG726NNVDNMASJDVFWNHUPA2DQKXL	20	1	1	10000000	0	5
GDTXUKYJWAIEM3ZQONT7WBYKPMVJKPRZHZL7PKI2SZRLTF7HZ3T3VDZZ	3	1	EUR	GCHV6DLECKQ4CTAFGIT32ZLUVCJDG726NNVDNMASJDVFWNHUPA2DQKXL	1	1	GCHV6DLECKQ4CTAFGIT32ZLUVCJDG726NNVDNMASJDVFWNHUPA2DQKXL	20	1	1	10000000	0	5
GDTXUKYJWAIEM3ZQONT7WBYKPMVJKPRZHZL7PKI2SZRLTF7HZ3T3VDZZ	4	1	21	GCHV6DLECKQ4CTAFGIT32ZLUVCJDG726NNVDNMASJDVFWNHUPA2DQKXL	1	USD	GCHV6DLECKQ4CTAFGIT32ZLUVCJDG726NNVDNMASJDVFWNHUPA2DQKXL	30	1	1	10000000	0	5
GDTXUKYJWAIEM3ZQONT7WBYKPMVJKPRZHZL7PKI2SZRLTF7HZ3T3VDZZ	5	1	22	GCHV6DLECKQ4CTAFGIT32ZLUVCJDG726NNVDNMASJDVFWNHUPA2DQKXL	1	21	GCHV6DLECKQ4CTAFGIT32ZLUVCJDG726NNVDNMASJDVFWNHUPA2DQKXL	30	1	1	10000000	0	5
GDTXUKYJWAIEM3ZQONT7WBYKPMVJKPRZHZL7PKI2SZRLTF7HZ3T3VDZZ	6	1	EUR	GCHV6DLECKQ4CTAFGIT32ZLUVCJDG726NNVDNMASJDVFWNHUPA2DQKXL	1	22	GCHV6DLECKQ4CTAFGIT32ZLUVCJDG726NNVDNMASJDVFWNHUPA2DQKXL	30	1	1	10000000	0	5
GDTXUKYJWAIEM3ZQONT7WBYKPMVJKPRZHZL7PKI2SZRLTF7HZ3T3VDZZ	7	1	31	GCHV6DLECKQ4CTAFGIT32ZLUVCJDG726NNVDNMASJDVFWNHUPA2DQKXL	1	USD	GCHV6DLECKQ4CTAFGIT32ZLUVCJDG726NNVDNMASJDVFWNHUPA2DQKXL	40	1	1	10000000	0	5
GDTXUKYJWAIEM3ZQONT7WBYKPMVJKPRZHZL7PKI2SZRLTF7HZ3T3VDZZ	8	1	32	GCHV6DLECKQ4CTAFGIT32ZLUVCJDG726NNVDNMASJDVFWNHUPA2DQKXL	1	31	GCHV6DLECKQ4CTAFGIT32ZLUVCJDG726NNVDNMASJDVFWNHUPA2DQKXL	40	1	1	10000000	0	5
GDTXUKYJWAIEM3ZQONT7WBYKPMVJKPRZHZL7PKI2SZRLTF7HZ3T3VDZZ	9	1	33	GCHV6DLECKQ4CTAFGIT32ZLUVCJDG726NNVDNMASJDVFWNHUPA2DQKXL	1	32	GCHV6DLECKQ4CTAFGIT32ZLUVCJDG726NNVDNMASJDVFWNHUPA2DQKXL	40	1	1	10000000	0	5
GDTXUKYJWAIEM3ZQONT7WBYKPMVJKPRZHZL7PKI2SZRLTF7HZ3T3VDZZ	10	1	EUR	GCHV6DLECKQ4CTAFGIT32ZLUVCJDG726NNVDNMASJDVFWNHUPA2DQKXL	1	33	GCHV6DLECKQ4CTAFGIT32ZLUVCJDG726NNVDNMASJDVFWNHUPA2DQKXL	40	1	1	10000000	0	5
\.


--
-- Data for Name: peers; Type: TABLE DATA; Schema: public; Owner: -
--

COPY peers (ip, port, nextattempt, numfailures, rank) FROM stdin;
\.


--
-- Data for Name: signers; Type: TABLE DATA; Schema: public; Owner: -
--

COPY signers (accountid, publickey, weight) FROM stdin;
\.


--
-- Data for Name: storestate; Type: TABLE DATA; Schema: public; Owner: -
--

COPY storestate (statename, state) FROM stdin;
databaseinitialized             	true
forcescponnextlaunch            	false
lastclosedledger                	71a009c51aaaadb141c6d53ac55a3512add4a95f434c6c4fe83392688f9d4eec
historyarchivestate             	{\n    "version": 1,\n    "server": "343b61d",\n    "currentLedger": 5,\n    "currentBuckets": [\n        {\n            "curr": "f9a5bf1a01bab0341b555993186c0d3cee1a2b884e8d0db021d3bb63d51eec2c",\n            "next": {\n                "state": 0\n            },\n            "snap": "be313755e0a53cfcb8e9340bf5fcde43391741f84b2b9849503530ee73b49932"\n        },\n        {\n            "curr": "936f3d81329f7c1a77aa8408d6ef5f6de032a4c866e799e4755ec0e752c8f768",\n            "next": {\n                "state": 1,\n                "output": "be313755e0a53cfcb8e9340bf5fcde43391741f84b2b9849503530ee73b49932"\n            },\n            "snap": "0000000000000000000000000000000000000000000000000000000000000000"\n        },\n        {\n            "curr": "0000000000000000000000000000000000000000000000000000000000000000",\n            "next": {\n                "state": 0\n            },\n            "snap": "0000000000000000000000000000000000000000000000000000000000000000"\n        },\n        {\n            "curr": "0000000000000000000000000000000000000000000000000000000000000000",\n            "next": {\n                "state": 0\n            },\n            "snap": "0000000000000000000000000000000000000000000000000000000000000000"\n        },\n        {\n            "curr": "0000000000000000000000000000000000000000000000000000000000000000",\n            "next": {\n                "state": 0\n            },\n            "snap": "0000000000000000000000000000000000000000000000000000000000000000"\n        },\n        {\n            "curr": "0000000000000000000000000000000000000000000000000000000000000000",\n            "next": {\n                "state": 0\n            },\n            "snap": "0000000000000000000000000000000000000000000000000000000000000000"\n        },\n        {\n            "curr": "0000000000000000000000000000000000000000000000000000000000000000",\n            "next": {\n                "state": 0\n            },\n            "snap": "0000000000000000000000000000000000000000000000000000000000000000"\n        },\n        {\n            "curr": "0000000000000000000000000000000000000000000000000000000000000000",\n            "next": {\n                "state": 0\n            },\n            "snap": "0000000000000000000000000000000000000000000000000000000000000000"\n        },\n        {\n            "curr": "0000000000000000000000000000000000000000000000000000000000000000",\n            "next": {\n                "state": 0\n            },\n            "snap": "0000000000000000000000000000000000000000000000000000000000000000"\n        },\n        {\n            "curr": "0000000000000000000000000000000000000000000000000000000000000000",\n            "next": {\n                "state": 0\n            },\n            "snap": "0000000000000000000000000000000000000000000000000000000000000000"\n        },\n        {\n            "curr": "0000000000000000000000000000000000000000000000000000000000000000",\n            "next": {\n                "state": 0\n            },\n            "snap": "0000000000000000000000000000000000000000000000000000000000000000"\n        }\n    ]\n}
\.


--
-- Data for Name: trustlines; Type: TABLE DATA; Schema: public; Owner: -
--

COPY trustlines (accountid, assettype, issuer, assetcode, tlimit, balance, flags, lastmodified) FROM stdin;
GCBY42P5TMXNZJBXOO56VYMAVODELZVESJDZJPEHLXXJSR4PL5KYHCJJ	1	GCHV6DLECKQ4CTAFGIT32ZLUVCJDG726NNVDNMASJDVFWNHUPA2DQKXL	EUR	9223372036854775807	0	1	3
GDTXUKYJWAIEM3ZQONT7WBYKPMVJKPRZHZL7PKI2SZRLTF7HZ3T3VDZZ	1	GCHV6DLECKQ4CTAFGIT32ZLUVCJDG726NNVDNMASJDVFWNHUPA2DQKXL	USD	9223372036854775807	0	1	3
GDXOER7K4GJGN43SMFCAOBJJ23EJNZQ3FHSDO5S2DJIXSGPAQUI2O53R	1	GCHV6DLECKQ4CTAFGIT32ZLUVCJDG726NNVDNMASJDVFWNHUPA2DQKXL	USD	9223372036854775807	5000	1	4
GDTXUKYJWAIEM3ZQONT7WBYKPMVJKPRZHZL7PKI2SZRLTF7HZ3T3VDZZ	1	GCHV6DLECKQ4CTAFGIT32ZLUVCJDG726NNVDNMASJDVFWNHUPA2DQKXL	EUR	9223372036854775807	5000	1	4
GDTXUKYJWAIEM3ZQONT7WBYKPMVJKPRZHZL7PKI2SZRLTF7HZ3T3VDZZ	1	GCHV6DLECKQ4CTAFGIT32ZLUVCJDG726NNVDNMASJDVFWNHUPA2DQKXL	1	9223372036854775807	5000	1	4
GDTXUKYJWAIEM3ZQONT7WBYKPMVJKPRZHZL7PKI2SZRLTF7HZ3T3VDZZ	1	GCHV6DLECKQ4CTAFGIT32ZLUVCJDG726NNVDNMASJDVFWNHUPA2DQKXL	21	9223372036854775807	5000	1	4
GDTXUKYJWAIEM3ZQONT7WBYKPMVJKPRZHZL7PKI2SZRLTF7HZ3T3VDZZ	1	GCHV6DLECKQ4CTAFGIT32ZLUVCJDG726NNVDNMASJDVFWNHUPA2DQKXL	22	9223372036854775807	5000	1	4
GDTXUKYJWAIEM3ZQONT7WBYKPMVJKPRZHZL7PKI2SZRLTF7HZ3T3VDZZ	1	GCHV6DLECKQ4CTAFGIT32ZLUVCJDG726NNVDNMASJDVFWNHUPA2DQKXL	31	9223372036854775807	5000	1	4
GDTXUKYJWAIEM3ZQONT7WBYKPMVJKPRZHZL7PKI2SZRLTF7HZ3T3VDZZ	1	GCHV6DLECKQ4CTAFGIT32ZLUVCJDG726NNVDNMASJDVFWNHUPA2DQKXL	32	9223372036854775807	5000	1	4
GDTXUKYJWAIEM3ZQONT7WBYKPMVJKPRZHZL7PKI2SZRLTF7HZ3T3VDZZ	1	GCHV6DLECKQ4CTAFGIT32ZLUVCJDG726NNVDNMASJDVFWNHUPA2DQKXL	33	9223372036854775807	5000	1	4
\.


--
-- Data for Name: txhistory; Type: TABLE DATA; Schema: public; Owner: -
--

COPY txhistory (txid, ledgerseq, txindex, txbody, txresult, txmeta) FROM stdin;
318be3423d91e3a472d960419bbf2ae3a56d3f0a1da300be6d0e527a8349df4c	2	1	AAAAAGL8HQvQkbK2HA3WVjRrKmjX00fG8sLI7m0ERwJW/AX3AAAACgAAAAAAAAABAAAAAAAAAAAAAAABAAAAAAAAAAAAAAAAj18NZBKhwUwFMie9ZXSokjN/XmtqNrASSOpbNPR4NDgAAAACVAvkAAAAAAAAAAABVvwF9wAAAEBk6wr7TFL/hBoEKs9om/p9sECM5sFXwAFuK+WWsNZiLguIcB4Tka3Camc08KbuWw7MVit2c9XsKZBqi05giewD	MYvjQj2R46Ry2WBBm78q46VtPwodowC+bQ5SeoNJ30wAAAAAAAAACgAAAAAAAAABAAAAAAAAAAAAAAAAAAAAAA==	AAAAAAAAAAEAAAABAAAAAgAAAAAAAAAAYvwdC9CRsrYcDdZWNGsqaNfTR8bywsjubQRHAlb8BfcBY0V4XYn/9gAAAAAAAAABAAAAAAAAAAAAAAAAAAAAAAEAAAAAAAAAAAAAAAAAAAAAAAABAAAAAgAAAAAAAAACAAAAAAAAAACPXw1kEqHBTAUyJ71ldKiSM39ea2o2sBJI6ls09Hg0OAAAAAJUC+QAAAAAAgAAAAAAAAAAAAAAAAAAAAAAAAAAAQAAAAAAAAAAAAAAAAAAAAAAAAEAAAACAAAAAAAAAABi/B0L0JGythwN1lY0aypo19NHxvLCyO5tBEcCVvwF9wFjRXYJfhv2AAAAAAAAAAEAAAAAAAAAAAAAAAAAAAAAAQAAAAAAAAAAAAAAAAAAAA==
795c8bdd35d1bb8c3ca2cfa3d4643a14de1a3fd956d5ac864a1c0c8f2b76a42d	2	2	AAAAAGL8HQvQkbK2HA3WVjRrKmjX00fG8sLI7m0ERwJW/AX3AAAACgAAAAAAAAACAAAAAAAAAAAAAAABAAAAAAAAAAAAAAAA7uJH6uGSZvNyYUQHBSnWyJbmGynkN3ZaGlF5GeCFEacAAAACVAvkAAAAAAAAAAABVvwF9wAAAECRAvHaERKbpeKUConfCTK7YQoodvvb4mEhVuG9wZMTQG9aIO+NknhKtayCtWkcy6c8HUR+b4/G+tRgzTwt6NII	eVyL3TXRu4w8os+j1GQ6FN4aP9lW1ayGShwMjyt2pC0AAAAAAAAACgAAAAAAAAABAAAAAAAAAAAAAAAAAAAAAA==	AAAAAAAAAAEAAAABAAAAAgAAAAAAAAAAYvwdC9CRsrYcDdZWNGsqaNfTR8bywsjubQRHAlb8BfcBY0V2CX4b7AAAAAAAAAACAAAAAAAAAAAAAAAAAAAAAAEAAAAAAAAAAAAAAAAAAAAAAAABAAAAAgAAAAAAAAACAAAAAAAAAADu4kfq4ZJm83JhRAcFKdbIluYbKeQ3dloaUXkZ4IURpwAAAAJUC+QAAAAAAgAAAAAAAAAAAAAAAAAAAAAAAAAAAQAAAAAAAAAAAAAAAAAAAAAAAAEAAAACAAAAAAAAAABi/B0L0JGythwN1lY0aypo19NHxvLCyO5tBEcCVvwF9wFjRXO1cjfsAAAAAAAAAAIAAAAAAAAAAAAAAAAAAAAAAQAAAAAAAAAAAAAAAAAAAA==
f79d76163e7a813b7c9848f9834e7b8b3fb71ae8fb023e01d9f00dbc658088a0	2	3	AAAAAGL8HQvQkbK2HA3WVjRrKmjX00fG8sLI7m0ERwJW/AX3AAAACgAAAAAAAAADAAAAAAAAAAAAAAABAAAAAAAAAAAAAAAAg45p/Zsu3KQ3c7vq4YCrhkXmpJJHlLyHXe6ZR49fVYMAAAACVAvkAAAAAAAAAAABVvwF9wAAAECQLeDY0FT7ZajJPNVhYA+7ckt7rlBjDLPDlwE4fighj+Wms56ig4Ht5uN3XBx18Qabj8Fhcz87n6KE9PCKOtMJ	9512Fj56gTt8mEj5g057iz+3Guj7Aj4B2fANvGWAiKAAAAAAAAAACgAAAAAAAAABAAAAAAAAAAAAAAAAAAAAAA==	AAAAAAAAAAEAAAABAAAAAgAAAAAAAAAAYvwdC9CRsrYcDdZWNGsqaNfTR8bywsjubQRHAlb8BfcBY0VztXI34gAAAAAAAAADAAAAAAAAAAAAAAAAAAAAAAEAAAAAAAAAAAAAAAAAAAAAAAABAAAAAgAAAAAAAAACAAAAAAAAAACDjmn9my7cpDdzu+rhgKuGReakkkeUvIdd7plHj19VgwAAAAJUC+QAAAAAAgAAAAAAAAAAAAAAAAAAAAAAAAAAAQAAAAAAAAAAAAAAAAAAAAAAAAEAAAACAAAAAAAAAABi/B0L0JGythwN1lY0aypo19NHxvLCyO5tBEcCVvwF9wFjRXFhZlPiAAAAAAAAAAMAAAAAAAAAAAAAAAAAAAAAAQAAAAAAAAAAAAAAAAAAAA==
a7c6c072d99a2338e5247efe30581ba3d6fe9ab5b3f2790acfa632093430e35e	2	4	AAAAAGL8HQvQkbK2HA3WVjRrKmjX00fG8sLI7m0ERwJW/AX3AAAACgAAAAAAAAAEAAAAAAAAAAAAAAABAAAAAAAAAAAAAAAA53orCbAQRm8wc2f7Bwp7KpU+OT5X96kalmK5l+fO57oAAAACVAvkAAAAAAAAAAABVvwF9wAAAECjbZDgHnj4sHW27nOFABeTrX+HDMSng60avLKk+TloXP9t3RoGfQX8uc03qbXnxjjrAGsyUF58qTjB+Y1N+ycM	p8bActmaIzjlJH7+MFgbo9b+mrWz8nkKz6YyCTQw414AAAAAAAAACgAAAAAAAAABAAAAAAAAAAAAAAAAAAAAAA==	AAAAAAAAAAEAAAABAAAAAgAAAAAAAAAAYvwdC9CRsrYcDdZWNGsqaNfTR8bywsjubQRHAlb8BfcBY0VxYWZT2AAAAAAAAAAEAAAAAAAAAAAAAAAAAAAAAAEAAAAAAAAAAAAAAAAAAAAAAAABAAAAAgAAAAAAAAACAAAAAAAAAADneisJsBBGbzBzZ/sHCnsqlT45Plf3qRqWYrmX587nugAAAAJUC+QAAAAAAgAAAAAAAAAAAAAAAAAAAAAAAAAAAQAAAAAAAAAAAAAAAAAAAAAAAAEAAAACAAAAAAAAAABi/B0L0JGythwN1lY0aypo19NHxvLCyO5tBEcCVvwF9wFjRW8NWm/YAAAAAAAAAAQAAAAAAAAAAAAAAAAAAAAAAQAAAAAAAAAAAAAAAAAAAA==
ffec4e10b7864cf8bf085f04bd408eff6e8c47c03757f021012ba5acf7591a27	3	1	AAAAAIOOaf2bLtykN3O76uGAq4ZF5qSSR5S8h13umUePX1WDAAAACgAAAAIAAAABAAAAAAAAAAAAAAABAAAAAAAAAAYAAAABRVVSAAAAAACPXw1kEqHBTAUyJ71ldKiSM39ea2o2sBJI6ls09Hg0OH//////////AAAAAAAAAAGPX1WDAAAAQASGUEZg/mh55xdn8HnOyDDAxU5EXKQdmVX8lPXAnoi448arebtJKGoVvYQPIYKxXT5h4g7Hy7xerflTX3lYKQk=	/+xOELeGTPi/CF8EvUCO/26MR8A3V/AhASulrPdZGicAAAAAAAAACgAAAAAAAAABAAAAAAAAAAYAAAAAAAAAAA==	AAAAAAAAAAEAAAABAAAAAwAAAAAAAAAAg45p/Zsu3KQ3c7vq4YCrhkXmpJJHlLyHXe6ZR49fVYMAAAACVAvj9gAAAAIAAAABAAAAAAAAAAAAAAAAAAAAAAEAAAAAAAAAAAAAAAAAAAAAAAABAAAAAgAAAAAAAAADAAAAAQAAAACDjmn9my7cpDdzu+rhgKuGReakkkeUvIdd7plHj19VgwAAAAFFVVIAAAAAAI9fDWQSocFMBTInvWV0qJIzf15rajawEkjqWzT0eDQ4AAAAAAAAAAB//////////wAAAAEAAAAAAAAAAAAAAAEAAAADAAAAAAAAAACDjmn9my7cpDdzu+rhgKuGReakkkeUvIdd7plHj19VgwAAAAJUC+P2AAAAAgAAAAEAAAABAAAAAAAAAAAAAAAAAQAAAAAAAAAAAAAAAAAAAA==
7a1a068ee9bb38ac94ee46ad4a152a7b0ce7bc397065739a4627fd44e71b5501	3	2	AAAAAOd6KwmwEEZvMHNn+wcKeyqVPjk+V/epGpZiuZfnzue6AAAACgAAAAIAAAABAAAAAAAAAAAAAAABAAAAAAAAAAYAAAABVVNEAAAAAACPXw1kEqHBTAUyJ71ldKiSM39ea2o2sBJI6ls09Hg0OH//////////AAAAAAAAAAHnzue6AAAAQPFTZe48nA1G6/dJ67tgp6pASOChY6axtuWe0L9XmgyzGSZ8MQ/yXxJVlBh0fhH/nlQVDye7Zh4/5DRTRua8qAw=	ehoGjum7OKyU7katShUqewznvDlwZXOaRif9ROcbVQEAAAAAAAAACgAAAAAAAAABAAAAAAAAAAYAAAAAAAAAAA==	AAAAAAAAAAEAAAABAAAAAwAAAAAAAAAA53orCbAQRm8wc2f7Bwp7KpU+OT5X96kalmK5l+fO57oAAAACVAvj9gAAAAIAAAABAAAAAAAAAAAAAAAAAAAAAAEAAAAAAAAAAAAAAAAAAAAAAAABAAAAAgAAAAAAAAADAAAAAQAAAADneisJsBBGbzBzZ/sHCnsqlT45Plf3qRqWYrmX587nugAAAAFVU0QAAAAAAI9fDWQSocFMBTInvWV0qJIzf15rajawEkjqWzT0eDQ4AAAAAAAAAAB//////////wAAAAEAAAAAAAAAAAAAAAEAAAADAAAAAAAAAADneisJsBBGbzBzZ/sHCnsqlT45Plf3qRqWYrmX587nugAAAAJUC+P2AAAAAgAAAAEAAAABAAAAAAAAAAAAAAAAAQAAAAAAAAAAAAAAAAAAAA==
0e9689584f08f2b3d09b9c13306b5b09d509f1e0a9f8e4a181fd634a78f43cf9	3	3	AAAAAO7iR+rhkmbzcmFEBwUp1siW5hsp5Dd2WhpReRnghRGnAAAACgAAAAIAAAABAAAAAAAAAAAAAAABAAAAAAAAAAYAAAABVVNEAAAAAACPXw1kEqHBTAUyJ71ldKiSM39ea2o2sBJI6ls09Hg0OH//////////AAAAAAAAAAHghRGnAAAAQDFhyQneuGenQNj1BqzInxxfNYWAuv7bWCuQ9EW0idc1W1Kjo9AYb3QpUFj8ayuFygw2mAkYL4d/WJs9Hin9aAU=	DpaJWE8I8rPQm5wTMGtbCdUJ8eCp+OShgf1jSnj0PPkAAAAAAAAACgAAAAAAAAABAAAAAAAAAAYAAAAAAAAAAA==	AAAAAAAAAAEAAAABAAAAAwAAAAAAAAAA7uJH6uGSZvNyYUQHBSnWyJbmGynkN3ZaGlF5GeCFEacAAAACVAvj9gAAAAIAAAABAAAAAAAAAAAAAAAAAAAAAAEAAAAAAAAAAAAAAAAAAAAAAAABAAAAAgAAAAAAAAADAAAAAQAAAADu4kfq4ZJm83JhRAcFKdbIluYbKeQ3dloaUXkZ4IURpwAAAAFVU0QAAAAAAI9fDWQSocFMBTInvWV0qJIzf15rajawEkjqWzT0eDQ4AAAAAAAAAAB//////////wAAAAEAAAAAAAAAAAAAAAEAAAADAAAAAAAAAADu4kfq4ZJm83JhRAcFKdbIluYbKeQ3dloaUXkZ4IURpwAAAAJUC+P2AAAAAgAAAAEAAAABAAAAAAAAAAAAAAAAAQAAAAAAAAAAAAAAAAAAAA==
369ff4479546ba5a845dec0313f3f94f71bbb04f54dbdd0d02aef81e4b1cdda0	3	4	AAAAAOd6KwmwEEZvMHNn+wcKeyqVPjk+V/epGpZiuZfnzue6AAAACgAAAAIAAAACAAAAAAAAAAAAAAABAAAAAAAAAAYAAAABRVVSAAAAAACPXw1kEqHBTAUyJ71ldKiSM39ea2o2sBJI6ls09Hg0OH//////////AAAAAAAAAAHnzue6AAAAQCPwliFJx3QHDkpwnVoMX1ssiajopcWtcp9ZVJ8+pkKLjGr4Jqa+AiR4LFAOV5Psy12u63jlVosGarvZ44CgTg4=	Np/0R5VGulqEXewDE/P5T3G7sE9U290NAq74Hksc3aAAAAAAAAAACgAAAAAAAAABAAAAAAAAAAYAAAAAAAAAAA==	AAAAAAAAAAEAAAABAAAAAwAAAAAAAAAA53orCbAQRm8wc2f7Bwp7KpU+OT5X96kalmK5l+fO57oAAAACVAvj7AAAAAIAAAACAAAAAQAAAAAAAAAAAAAAAAEAAAAAAAAAAAAAAAAAAAAAAAABAAAAAgAAAAAAAAADAAAAAQAAAADneisJsBBGbzBzZ/sHCnsqlT45Plf3qRqWYrmX587nugAAAAFFVVIAAAAAAI9fDWQSocFMBTInvWV0qJIzf15rajawEkjqWzT0eDQ4AAAAAAAAAAB//////////wAAAAEAAAAAAAAAAAAAAAEAAAADAAAAAAAAAADneisJsBBGbzBzZ/sHCnsqlT45Plf3qRqWYrmX587nugAAAAJUC+PsAAAAAgAAAAIAAAACAAAAAAAAAAAAAAAAAQAAAAAAAAAAAAAAAAAAAA==
e70967f03f45e1679b01cfdb0df5a9fa6d2747176ccc9b1bbda824741a20078e	3	5	AAAAAOd6KwmwEEZvMHNn+wcKeyqVPjk+V/epGpZiuZfnzue6AAAACgAAAAIAAAADAAAAAAAAAAAAAAABAAAAAAAAAAYAAAABMQAAAAAAAACPXw1kEqHBTAUyJ71ldKiSM39ea2o2sBJI6ls09Hg0OH//////////AAAAAAAAAAHnzue6AAAAQLCjiWzU2Drq6NbJR+wRMLus0mr3OmT7vSqwfL0B39H9/uS1jQTtqbDRYrDfSKHxdBCwHWFWX6YNLufqCC3cgAw=	5wln8D9F4WebAc/bDfWp+m0nRxdszJsbvagkdBogB44AAAAAAAAACgAAAAAAAAABAAAAAAAAAAYAAAAAAAAAAA==	AAAAAAAAAAEAAAABAAAAAwAAAAAAAAAA53orCbAQRm8wc2f7Bwp7KpU+OT5X96kalmK5l+fO57oAAAACVAvj4gAAAAIAAAADAAAAAgAAAAAAAAAAAAAAAAEAAAAAAAAAAAAAAAAAAAAAAAABAAAAAgAAAAAAAAADAAAAAQAAAADneisJsBBGbzBzZ/sHCnsqlT45Plf3qRqWYrmX587nugAAAAExAAAAAAAAAI9fDWQSocFMBTInvWV0qJIzf15rajawEkjqWzT0eDQ4AAAAAAAAAAB//////////wAAAAEAAAAAAAAAAAAAAAEAAAADAAAAAAAAAADneisJsBBGbzBzZ/sHCnsqlT45Plf3qRqWYrmX587nugAAAAJUC+PiAAAAAgAAAAMAAAADAAAAAAAAAAAAAAAAAQAAAAAAAAAAAAAAAAAAAA==
3122068b8d708aeca54c0a48ce843a791f0f596b06f1e3cdf9df72cdd0798675	3	6	AAAAAOd6KwmwEEZvMHNn+wcKeyqVPjk+V/epGpZiuZfnzue6AAAACgAAAAIAAAAEAAAAAAAAAAAAAAABAAAAAAAAAAYAAAABMjEAAAAAAACPXw1kEqHBTAUyJ71ldKiSM39ea2o2sBJI6ls09Hg0OH//////////AAAAAAAAAAHnzue6AAAAQMt5hYH935cAO1U+msXN6sIcUSeuiX2RXFvjJbdpW8cRj3He9fGfRm4tjrWw6KcOz31Fi5OYBeLjEtOWpZW1twM=	MSIGi41wiuylTApIzoQ6eR8PWWsG8ePN+d9yzdB5hnUAAAAAAAAACgAAAAAAAAABAAAAAAAAAAYAAAAAAAAAAA==	AAAAAAAAAAEAAAABAAAAAwAAAAAAAAAA53orCbAQRm8wc2f7Bwp7KpU+OT5X96kalmK5l+fO57oAAAACVAvj2AAAAAIAAAAEAAAAAwAAAAAAAAAAAAAAAAEAAAAAAAAAAAAAAAAAAAAAAAABAAAAAgAAAAAAAAADAAAAAQAAAADneisJsBBGbzBzZ/sHCnsqlT45Plf3qRqWYrmX587nugAAAAEyMQAAAAAAAI9fDWQSocFMBTInvWV0qJIzf15rajawEkjqWzT0eDQ4AAAAAAAAAAB//////////wAAAAEAAAAAAAAAAAAAAAEAAAADAAAAAAAAAADneisJsBBGbzBzZ/sHCnsqlT45Plf3qRqWYrmX587nugAAAAJUC+PYAAAAAgAAAAQAAAAEAAAAAAAAAAAAAAAAAQAAAAAAAAAAAAAAAAAAAA==
4503a3ac6a4b388495a1cea32729de22391c817f3759b8ea7445a726c3bf5909	3	7	AAAAAOd6KwmwEEZvMHNn+wcKeyqVPjk+V/epGpZiuZfnzue6AAAACgAAAAIAAAAFAAAAAAAAAAAAAAABAAAAAAAAAAYAAAABMjIAAAAAAACPXw1kEqHBTAUyJ71ldKiSM39ea2o2sBJI6ls09Hg0OH//////////AAAAAAAAAAHnzue6AAAAQFajWe17DesZnehNAG8KeXXuSjrBFuciC4zqtDXSErs+qvUk+B658IBORBXM47D/WwfSCcJFXuR4B9tONqTrjQE=	RQOjrGpLOISVoc6jJyneIjkcgX83WbjqdEWnJsO/WQkAAAAAAAAACgAAAAAAAAABAAAAAAAAAAYAAAAAAAAAAA==	AAAAAAAAAAEAAAABAAAAAwAAAAAAAAAA53orCbAQRm8wc2f7Bwp7KpU+OT5X96kalmK5l+fO57oAAAACVAvjzgAAAAIAAAAFAAAABAAAAAAAAAAAAAAAAAEAAAAAAAAAAAAAAAAAAAAAAAABAAAAAgAAAAAAAAADAAAAAQAAAADneisJsBBGbzBzZ/sHCnsqlT45Plf3qRqWYrmX587nugAAAAEyMgAAAAAAAI9fDWQSocFMBTInvWV0qJIzf15rajawEkjqWzT0eDQ4AAAAAAAAAAB//////////wAAAAEAAAAAAAAAAAAAAAEAAAADAAAAAAAAAADneisJsBBGbzBzZ/sHCnsqlT45Plf3qRqWYrmX587nugAAAAJUC+POAAAAAgAAAAUAAAAFAAAAAAAAAAAAAAAAAQAAAAAAAAAAAAAAAAAAAA==
4cde2dd7c02aca7755b64704d8978b4c951e3ee8d43615069a77dcb5a1813245	3	8	AAAAAOd6KwmwEEZvMHNn+wcKeyqVPjk+V/epGpZiuZfnzue6AAAACgAAAAIAAAAGAAAAAAAAAAAAAAABAAAAAAAAAAYAAAABMzEAAAAAAACPXw1kEqHBTAUyJ71ldKiSM39ea2o2sBJI6ls09Hg0OH//////////AAAAAAAAAAHnzue6AAAAQI2jqBX4bXk/EqXzTGUyJFVhx3xFj73sqlZEdTBHbfAXtiw7Q05tR4E+MsdWeQNJrja+xots152dbUKiO7NX8wc=	TN4t18AqyndVtkcE2JeLTJUePujUNhUGmnfctaGBMkUAAAAAAAAACgAAAAAAAAABAAAAAAAAAAYAAAAAAAAAAA==	AAAAAAAAAAEAAAABAAAAAwAAAAAAAAAA53orCbAQRm8wc2f7Bwp7KpU+OT5X96kalmK5l+fO57oAAAACVAvjxAAAAAIAAAAGAAAABQAAAAAAAAAAAAAAAAEAAAAAAAAAAAAAAAAAAAAAAAABAAAAAgAAAAAAAAADAAAAAQAAAADneisJsBBGbzBzZ/sHCnsqlT45Plf3qRqWYrmX587nugAAAAEzMQAAAAAAAI9fDWQSocFMBTInvWV0qJIzf15rajawEkjqWzT0eDQ4AAAAAAAAAAB//////////wAAAAEAAAAAAAAAAAAAAAEAAAADAAAAAAAAAADneisJsBBGbzBzZ/sHCnsqlT45Plf3qRqWYrmX587nugAAAAJUC+PEAAAAAgAAAAYAAAAGAAAAAAAAAAAAAAAAAQAAAAAAAAAAAAAAAAAAAA==
482ed1792cca848daf3c389592e16fe431a76618887fde390cd9aa081cc13859	3	9	AAAAAOd6KwmwEEZvMHNn+wcKeyqVPjk+V/epGpZiuZfnzue6AAAACgAAAAIAAAAHAAAAAAAAAAAAAAABAAAAAAAAAAYAAAABMzIAAAAAAACPXw1kEqHBTAUyJ71ldKiSM39ea2o2sBJI6ls09Hg0OH//////////AAAAAAAAAAHnzue6AAAAQI1nkd5r4UAKAvp8YtyMmtWZmwe3O7EFCynmYy4C45wOmEsi1tkg0+Eyn2HEodUJpWomM8zCn+cNP3T/M5w3/g4=	SC7ReSzKhI2vPDiVkuFv5DGnZhiIf945DNmqCBzBOFkAAAAAAAAACgAAAAAAAAABAAAAAAAAAAYAAAAAAAAAAA==	AAAAAAAAAAEAAAABAAAAAwAAAAAAAAAA53orCbAQRm8wc2f7Bwp7KpU+OT5X96kalmK5l+fO57oAAAACVAvjugAAAAIAAAAHAAAABgAAAAAAAAAAAAAAAAEAAAAAAAAAAAAAAAAAAAAAAAABAAAAAgAAAAAAAAADAAAAAQAAAADneisJsBBGbzBzZ/sHCnsqlT45Plf3qRqWYrmX587nugAAAAEzMgAAAAAAAI9fDWQSocFMBTInvWV0qJIzf15rajawEkjqWzT0eDQ4AAAAAAAAAAB//////////wAAAAEAAAAAAAAAAAAAAAEAAAADAAAAAAAAAADneisJsBBGbzBzZ/sHCnsqlT45Plf3qRqWYrmX587nugAAAAJUC+O6AAAAAgAAAAcAAAAHAAAAAAAAAAAAAAAAAQAAAAAAAAAAAAAAAAAAAA==
0c338553270e8a4f5a1ffcf4262f976a0e33733be7dc4ee466bbd1f7ab8ca2de	3	10	AAAAAOd6KwmwEEZvMHNn+wcKeyqVPjk+V/epGpZiuZfnzue6AAAACgAAAAIAAAAIAAAAAAAAAAAAAAABAAAAAAAAAAYAAAABMzMAAAAAAACPXw1kEqHBTAUyJ71ldKiSM39ea2o2sBJI6ls09Hg0OH//////////AAAAAAAAAAHnzue6AAAAQIEKVfgGM19stS4ic/Tpnvrjcgt29r6OuNfYgOkE2b/+jWQnwsrJ2XkhYoGxEhlVg+fDR43Cx3BrHfeyipwIeQ4=	DDOFUycOik9aH/z0Ji+Xag4zczvn3E7kZrvR96uMot4AAAAAAAAACgAAAAAAAAABAAAAAAAAAAYAAAAAAAAAAA==	AAAAAAAAAAEAAAABAAAAAwAAAAAAAAAA53orCbAQRm8wc2f7Bwp7KpU+OT5X96kalmK5l+fO57oAAAACVAvjsAAAAAIAAAAIAAAABwAAAAAAAAAAAAAAAAEAAAAAAAAAAAAAAAAAAAAAAAABAAAAAgAAAAAAAAADAAAAAQAAAADneisJsBBGbzBzZ/sHCnsqlT45Plf3qRqWYrmX587nugAAAAEzMwAAAAAAAI9fDWQSocFMBTInvWV0qJIzf15rajawEkjqWzT0eDQ4AAAAAAAAAAB//////////wAAAAEAAAAAAAAAAAAAAAEAAAADAAAAAAAAAADneisJsBBGbzBzZ/sHCnsqlT45Plf3qRqWYrmX587nugAAAAJUC+OwAAAAAgAAAAgAAAAIAAAAAAAAAAAAAAAAAQAAAAAAAAAAAAAAAAAAAA==
539254a53d737e6f60c4a7e9daa314248fe70bfc5ac00df80dbfc4b007dcdffb	4	1	AAAAAI9fDWQSocFMBTInvWV0qJIzf15rajawEkjqWzT0eDQ4AAAACgAAAAIAAAABAAAAAAAAAAAAAAABAAAAAAAAAAEAAAAA7uJH6uGSZvNyYUQHBSnWyJbmGynkN3ZaGlF5GeCFEacAAAABVVNEAAAAAACPXw1kEqHBTAUyJ71ldKiSM39ea2o2sBJI6ls09Hg0OAAAAAAAABOIAAAAAAAAAAH0eDQ4AAAAQH7QLdDmt5LYss6d7QL3Mz3/eUlmLekTg377HtNftGL+lY+u4/KkgdFPoziDm2msdxtADTtO/Rml01CFyCRNJgY=	U5JUpT1zfm9gxKfp2qMUJI/nC/xawA34Db/EsAfc3/sAAAAAAAAACgAAAAAAAAABAAAAAAAAAAEAAAAAAAAAAA==	AAAAAAAAAAEAAAABAAAABAAAAAAAAAAAj18NZBKhwUwFMie9ZXSokjN/XmtqNrASSOpbNPR4NDgAAAACVAvj9gAAAAIAAAABAAAAAAAAAAAAAAAAAAAAAAEAAAAAAAAAAAAAAAAAAAAAAAABAAAAAQAAAAEAAAAEAAAAAQAAAADu4kfq4ZJm83JhRAcFKdbIluYbKeQ3dloaUXkZ4IURpwAAAAFVU0QAAAAAAI9fDWQSocFMBTInvWV0qJIzf15rajawEkjqWzT0eDQ4AAAAAAAAE4h//////////wAAAAEAAAAAAAAAAA==
8d2bf205e47e9da261f3a936c52db3960ab2098ab83983f3837f51936bf8c79b	4	2	AAAAAI9fDWQSocFMBTInvWV0qJIzf15rajawEkjqWzT0eDQ4AAAACgAAAAIAAAACAAAAAAAAAAAAAAABAAAAAAAAAAEAAAAA53orCbAQRm8wc2f7Bwp7KpU+OT5X96kalmK5l+fO57oAAAABRVVSAAAAAACPXw1kEqHBTAUyJ71ldKiSM39ea2o2sBJI6ls09Hg0OAAAAAAAABOIAAAAAAAAAAH0eDQ4AAAAQHd5Ymvvr8Di3VdCHTWb7Iut0zzcvQA1eeYQjA9tkqeq2zdZV84Xk+hv2TPEmAW7AHX6FFW7Qf5keRW/m2M0qw4=	jSvyBeR+naJh86k2xS2zlgqyCYq4OYPzg39Rk2v4x5sAAAAAAAAACgAAAAAAAAABAAAAAAAAAAEAAAAAAAAAAA==	AAAAAAAAAAEAAAABAAAABAAAAAAAAAAAj18NZBKhwUwFMie9ZXSokjN/XmtqNrASSOpbNPR4NDgAAAACVAvj7AAAAAIAAAACAAAAAAAAAAAAAAAAAAAAAAEAAAAAAAAAAAAAAAAAAAAAAAABAAAAAQAAAAEAAAAEAAAAAQAAAADneisJsBBGbzBzZ/sHCnsqlT45Plf3qRqWYrmX587nugAAAAFFVVIAAAAAAI9fDWQSocFMBTInvWV0qJIzf15rajawEkjqWzT0eDQ4AAAAAAAAE4h//////////wAAAAEAAAAAAAAAAA==
2ada157d4e8e8245644d81b941929a1c3dfa6eb191e225428817746875384df7	4	3	AAAAAI9fDWQSocFMBTInvWV0qJIzf15rajawEkjqWzT0eDQ4AAAACgAAAAIAAAADAAAAAAAAAAAAAAABAAAAAAAAAAEAAAAA53orCbAQRm8wc2f7Bwp7KpU+OT5X96kalmK5l+fO57oAAAABMQAAAAAAAACPXw1kEqHBTAUyJ71ldKiSM39ea2o2sBJI6ls09Hg0OAAAAAAAABOIAAAAAAAAAAH0eDQ4AAAAQJeqTnXgBH0BIQWBbNQQZwgGeQ2vaw+G5/QCjQIkoJL4Ty7vrMxZJ9iuB+rmqOmbpmZ5f3b9dG/jQChcJtgaLgI=	KtoVfU6OgkVkTYG5QZKaHD36brGR4iVCiBd0aHU4TfcAAAAAAAAACgAAAAAAAAABAAAAAAAAAAEAAAAAAAAAAA==	AAAAAAAAAAEAAAABAAAABAAAAAAAAAAAj18NZBKhwUwFMie9ZXSokjN/XmtqNrASSOpbNPR4NDgAAAACVAvj4gAAAAIAAAADAAAAAAAAAAAAAAAAAAAAAAEAAAAAAAAAAAAAAAAAAAAAAAABAAAAAQAAAAEAAAAEAAAAAQAAAADneisJsBBGbzBzZ/sHCnsqlT45Plf3qRqWYrmX587nugAAAAExAAAAAAAAAI9fDWQSocFMBTInvWV0qJIzf15rajawEkjqWzT0eDQ4AAAAAAAAE4h//////////wAAAAEAAAAAAAAAAA==
8a2d01fe47474f97f038dca2fcacfe452193670c9670719cc279de578cd2210a	4	4	AAAAAI9fDWQSocFMBTInvWV0qJIzf15rajawEkjqWzT0eDQ4AAAACgAAAAIAAAAEAAAAAAAAAAAAAAABAAAAAAAAAAEAAAAA53orCbAQRm8wc2f7Bwp7KpU+OT5X96kalmK5l+fO57oAAAABMjEAAAAAAACPXw1kEqHBTAUyJ71ldKiSM39ea2o2sBJI6ls09Hg0OAAAAAAAABOIAAAAAAAAAAH0eDQ4AAAAQLb1ZUz50pFI6FCeuu3ODHQZ3/RwlUB1nANeaX2K+At/BdJzP3CuksIPBJBOhS/2xn2MOymg4fdI7s03p0mlzA8=	ii0B/kdHT5fwONyi/Kz+RSGTZwyWcHGcwnneV4zSIQoAAAAAAAAACgAAAAAAAAABAAAAAAAAAAEAAAAAAAAAAA==	AAAAAAAAAAEAAAABAAAABAAAAAAAAAAAj18NZBKhwUwFMie9ZXSokjN/XmtqNrASSOpbNPR4NDgAAAACVAvj2AAAAAIAAAAEAAAAAAAAAAAAAAAAAAAAAAEAAAAAAAAAAAAAAAAAAAAAAAABAAAAAQAAAAEAAAAEAAAAAQAAAADneisJsBBGbzBzZ/sHCnsqlT45Plf3qRqWYrmX587nugAAAAEyMQAAAAAAAI9fDWQSocFMBTInvWV0qJIzf15rajawEkjqWzT0eDQ4AAAAAAAAE4h//////////wAAAAEAAAAAAAAAAA==
eb891bf11b657cd552637f657601b0de88ff91079fb27624a6d28279272a0014	4	5	AAAAAI9fDWQSocFMBTInvWV0qJIzf15rajawEkjqWzT0eDQ4AAAACgAAAAIAAAAFAAAAAAAAAAAAAAABAAAAAAAAAAEAAAAA53orCbAQRm8wc2f7Bwp7KpU+OT5X96kalmK5l+fO57oAAAABMjIAAAAAAACPXw1kEqHBTAUyJ71ldKiSM39ea2o2sBJI6ls09Hg0OAAAAAAAABOIAAAAAAAAAAH0eDQ4AAAAQAjh1WRWTY/+5s1wpmTKBnaojaJyPfJuUH7bwEPW4avJZLQf+OMlxFepZnAbj+yQUxC6qwMIYVgiptbdK16sdg0=	64kb8RtlfNVSY39ldgGw3oj/kQefsnYkptKCeScqABQAAAAAAAAACgAAAAAAAAABAAAAAAAAAAEAAAAAAAAAAA==	AAAAAAAAAAEAAAABAAAABAAAAAAAAAAAj18NZBKhwUwFMie9ZXSokjN/XmtqNrASSOpbNPR4NDgAAAACVAvjzgAAAAIAAAAFAAAAAAAAAAAAAAAAAAAAAAEAAAAAAAAAAAAAAAAAAAAAAAABAAAAAQAAAAEAAAAEAAAAAQAAAADneisJsBBGbzBzZ/sHCnsqlT45Plf3qRqWYrmX587nugAAAAEyMgAAAAAAAI9fDWQSocFMBTInvWV0qJIzf15rajawEkjqWzT0eDQ4AAAAAAAAE4h//////////wAAAAEAAAAAAAAAAA==
c060dd4ea76ae4410c27d3c9dfbe590739592a85484005678f4ab29eb3117911	4	6	AAAAAI9fDWQSocFMBTInvWV0qJIzf15rajawEkjqWzT0eDQ4AAAACgAAAAIAAAAGAAAAAAAAAAAAAAABAAAAAAAAAAEAAAAA53orCbAQRm8wc2f7Bwp7KpU+OT5X96kalmK5l+fO57oAAAABMzEAAAAAAACPXw1kEqHBTAUyJ71ldKiSM39ea2o2sBJI6ls09Hg0OAAAAAAAABOIAAAAAAAAAAH0eDQ4AAAAQNP9IqToLzgcFLjuI9Ds/rZsObccdGR20KvIG4S1aVvrkDcwJRXtpyLbCJenlpNxb5yszbXN7i0Uuazg5in+jQg=	wGDdTqdq5EEMJ9PJ375ZBzlZKoVIQAVnj0qynrMReREAAAAAAAAACgAAAAAAAAABAAAAAAAAAAEAAAAAAAAAAA==	AAAAAAAAAAEAAAABAAAABAAAAAAAAAAAj18NZBKhwUwFMie9ZXSokjN/XmtqNrASSOpbNPR4NDgAAAACVAvjxAAAAAIAAAAGAAAAAAAAAAAAAAAAAAAAAAEAAAAAAAAAAAAAAAAAAAAAAAABAAAAAQAAAAEAAAAEAAAAAQAAAADneisJsBBGbzBzZ/sHCnsqlT45Plf3qRqWYrmX587nugAAAAEzMQAAAAAAAI9fDWQSocFMBTInvWV0qJIzf15rajawEkjqWzT0eDQ4AAAAAAAAE4h//////////wAAAAEAAAAAAAAAAA==
e7aad1fae18072c454101edf9a8d52a90043bc1507f8d97ee696cf7743bc46ab	4	7	AAAAAI9fDWQSocFMBTInvWV0qJIzf15rajawEkjqWzT0eDQ4AAAACgAAAAIAAAAHAAAAAAAAAAAAAAABAAAAAAAAAAEAAAAA53orCbAQRm8wc2f7Bwp7KpU+OT5X96kalmK5l+fO57oAAAABMzIAAAAAAACPXw1kEqHBTAUyJ71ldKiSM39ea2o2sBJI6ls09Hg0OAAAAAAAABOIAAAAAAAAAAH0eDQ4AAAAQLFD26eTK977yZPLlRxwh15/6LHcwT827WIhNpCEaHlp9WoyT5emLIekEaEP1DrSFnithMoJnHrGd2WTFq86wAE=	56rR+uGAcsRUEB7fmo1SqQBDvBUH+Nl+5pbPd0O8RqsAAAAAAAAACgAAAAAAAAABAAAAAAAAAAEAAAAAAAAAAA==	AAAAAAAAAAEAAAABAAAABAAAAAAAAAAAj18NZBKhwUwFMie9ZXSokjN/XmtqNrASSOpbNPR4NDgAAAACVAvjugAAAAIAAAAHAAAAAAAAAAAAAAAAAAAAAAEAAAAAAAAAAAAAAAAAAAAAAAABAAAAAQAAAAEAAAAEAAAAAQAAAADneisJsBBGbzBzZ/sHCnsqlT45Plf3qRqWYrmX587nugAAAAEzMgAAAAAAAI9fDWQSocFMBTInvWV0qJIzf15rajawEkjqWzT0eDQ4AAAAAAAAE4h//////////wAAAAEAAAAAAAAAAA==
63f57b63efd456d8110b0e356292742fd673802930335f4c880d64280eac15fb	4	8	AAAAAI9fDWQSocFMBTInvWV0qJIzf15rajawEkjqWzT0eDQ4AAAACgAAAAIAAAAIAAAAAAAAAAAAAAABAAAAAAAAAAEAAAAA53orCbAQRm8wc2f7Bwp7KpU+OT5X96kalmK5l+fO57oAAAABMzMAAAAAAACPXw1kEqHBTAUyJ71ldKiSM39ea2o2sBJI6ls09Hg0OAAAAAAAABOIAAAAAAAAAAH0eDQ4AAAAQL5MeMNi5bA8KboVHHPbHY2c7dhm41qryedmsJ7CM/BvXT45KxmGCa+f+DcVRipdEg8ahFM6znJnFZzTNc9jGwQ=	Y/V7Y+/UVtgRCw41YpJ0L9ZzgCkwM19MiA1kKA6sFfsAAAAAAAAACgAAAAAAAAABAAAAAAAAAAEAAAAAAAAAAA==	AAAAAAAAAAEAAAABAAAABAAAAAAAAAAAj18NZBKhwUwFMie9ZXSokjN/XmtqNrASSOpbNPR4NDgAAAACVAvjsAAAAAIAAAAIAAAAAAAAAAAAAAAAAAAAAAEAAAAAAAAAAAAAAAAAAAAAAAABAAAAAQAAAAEAAAAEAAAAAQAAAADneisJsBBGbzBzZ/sHCnsqlT45Plf3qRqWYrmX587nugAAAAEzMwAAAAAAAI9fDWQSocFMBTInvWV0qJIzf15rajawEkjqWzT0eDQ4AAAAAAAAE4h//////////wAAAAEAAAAAAAAAAA==
e86c685c7fa2e26453eafdcfc58511eb74dbae7adc4e20eabb3ac49e7cfc2d31	5	1	AAAAAOd6KwmwEEZvMHNn+wcKeyqVPjk+V/epGpZiuZfnzue6AAAACgAAAAIAAAAJAAAAAAAAAAAAAAABAAAAAAAAAAMAAAABRVVSAAAAAACPXw1kEqHBTAUyJ71ldKiSM39ea2o2sBJI6ls09Hg0OAAAAAFVU0QAAAAAAI9fDWQSocFMBTInvWV0qJIzf15rajawEkjqWzT0eDQ4AAAAAAAAAAoAAAABAAAAAQAAAAAAAAAAAAAAAAAAAAHnzue6AAAAQFi/bzA2us+AngSIg5UruKlDthFd5+TFrcTg2HpcA/GmPVc/DV9gBn5cWyr+IXrk3Zj5Z8tatgGbuJ0B3/Lquwk=	6GxoXH+i4mRT6v3PxYUR63TbrnrcTiDquzrEnnz8LTEAAAAAAAAACgAAAAAAAAABAAAAAAAAAAMAAAAAAAAAAAAAAAAAAAAA53orCbAQRm8wc2f7Bwp7KpU+OT5X96kalmK5l+fO57oAAAAAAAAAAQAAAAFFVVIAAAAAAI9fDWQSocFMBTInvWV0qJIzf15rajawEkjqWzT0eDQ4AAAAAVVTRAAAAAAAj18NZBKhwUwFMie9ZXSokjN/XmtqNrASSOpbNPR4NDgAAAAAAAAACgAAAAEAAAABAAAAAAAAAAAAAAAA	AAAAAAAAAAEAAAABAAAABQAAAAAAAAAA53orCbAQRm8wc2f7Bwp7KpU+OT5X96kalmK5l+fO57oAAAACVAvjpgAAAAIAAAAJAAAACAAAAAAAAAAAAAAAAAEAAAAAAAAAAAAAAAAAAAAAAAABAAAAAgAAAAAAAAAFAAAAAgAAAADneisJsBBGbzBzZ/sHCnsqlT45Plf3qRqWYrmX587nugAAAAAAAAABAAAAAUVVUgAAAAAAj18NZBKhwUwFMie9ZXSokjN/XmtqNrASSOpbNPR4NDgAAAABVVNEAAAAAACPXw1kEqHBTAUyJ71ldKiSM39ea2o2sBJI6ls09Hg0OAAAAAAAAAAKAAAAAQAAAAEAAAAAAAAAAAAAAAAAAAABAAAABQAAAAAAAAAA53orCbAQRm8wc2f7Bwp7KpU+OT5X96kalmK5l+fO57oAAAACVAvjpgAAAAIAAAAJAAAACQAAAAAAAAAAAAAAAAEAAAAAAAAAAAAAAAAAAAA=
093f069d3f782ab9162131442ac3ed80a4f4e86f7cdffc52d5e3ed5b2593a0eb	5	2	AAAAAOd6KwmwEEZvMHNn+wcKeyqVPjk+V/epGpZiuZfnzue6AAAACgAAAAIAAAAKAAAAAAAAAAAAAAABAAAAAAAAAAMAAAABMQAAAAAAAACPXw1kEqHBTAUyJ71ldKiSM39ea2o2sBJI6ls09Hg0OAAAAAFVU0QAAAAAAI9fDWQSocFMBTInvWV0qJIzf15rajawEkjqWzT0eDQ4AAAAAAAAABQAAAABAAAAAQAAAAAAAAAAAAAAAAAAAAHnzue6AAAAQIytsRII5syIN/Ym1XJY6X7RTHzI++efHCjeUve2H+e+9VGkcoF7E+SWNOg2ou5Tibp+B9oHzVN42ehuxq+hVQ4=	CT8GnT94KrkWITFEKsPtgKT06G983/xS1ePtWyWToOsAAAAAAAAACgAAAAAAAAABAAAAAAAAAAMAAAAAAAAAAAAAAAAAAAAA53orCbAQRm8wc2f7Bwp7KpU+OT5X96kalmK5l+fO57oAAAAAAAAAAgAAAAExAAAAAAAAAI9fDWQSocFMBTInvWV0qJIzf15rajawEkjqWzT0eDQ4AAAAAVVTRAAAAAAAj18NZBKhwUwFMie9ZXSokjN/XmtqNrASSOpbNPR4NDgAAAAAAAAAFAAAAAEAAAABAAAAAAAAAAAAAAAA	AAAAAAAAAAEAAAABAAAABQAAAAAAAAAA53orCbAQRm8wc2f7Bwp7KpU+OT5X96kalmK5l+fO57oAAAACVAvjnAAAAAIAAAAKAAAACQAAAAAAAAAAAAAAAAEAAAAAAAAAAAAAAAAAAAAAAAABAAAAAgAAAAAAAAAFAAAAAgAAAADneisJsBBGbzBzZ/sHCnsqlT45Plf3qRqWYrmX587nugAAAAAAAAACAAAAATEAAAAAAAAAj18NZBKhwUwFMie9ZXSokjN/XmtqNrASSOpbNPR4NDgAAAABVVNEAAAAAACPXw1kEqHBTAUyJ71ldKiSM39ea2o2sBJI6ls09Hg0OAAAAAAAAAAUAAAAAQAAAAEAAAAAAAAAAAAAAAAAAAABAAAABQAAAAAAAAAA53orCbAQRm8wc2f7Bwp7KpU+OT5X96kalmK5l+fO57oAAAACVAvjnAAAAAIAAAAKAAAACgAAAAAAAAAAAAAAAAEAAAAAAAAAAAAAAAAAAAA=
c4f2ca25189f5d9b3b810f5779cfae8db10dff000b92bf17491bcfccda90f05e	5	3	AAAAAOd6KwmwEEZvMHNn+wcKeyqVPjk+V/epGpZiuZfnzue6AAAACgAAAAIAAAALAAAAAAAAAAAAAAABAAAAAAAAAAMAAAABRVVSAAAAAACPXw1kEqHBTAUyJ71ldKiSM39ea2o2sBJI6ls09Hg0OAAAAAExAAAAAAAAAI9fDWQSocFMBTInvWV0qJIzf15rajawEkjqWzT0eDQ4AAAAAAAAABQAAAABAAAAAQAAAAAAAAAAAAAAAAAAAAHnzue6AAAAQLNrtGRtyLVOPtG8W/Qrga7bZPLjNjIaJRpNX1LSQB9VnN29FqOv2wczXzQv1klRWvishU2HIkYWUUWbOLsCaQU=	xPLKJRifXZs7gQ9Xec+ujbEN/wALkr8XSRvPzNqQ8F4AAAAAAAAACgAAAAAAAAABAAAAAAAAAAMAAAAAAAAAAAAAAAAAAAAA53orCbAQRm8wc2f7Bwp7KpU+OT5X96kalmK5l+fO57oAAAAAAAAAAwAAAAFFVVIAAAAAAI9fDWQSocFMBTInvWV0qJIzf15rajawEkjqWzT0eDQ4AAAAATEAAAAAAAAAj18NZBKhwUwFMie9ZXSokjN/XmtqNrASSOpbNPR4NDgAAAAAAAAAFAAAAAEAAAABAAAAAAAAAAAAAAAA	AAAAAAAAAAEAAAABAAAABQAAAAAAAAAA53orCbAQRm8wc2f7Bwp7KpU+OT5X96kalmK5l+fO57oAAAACVAvjkgAAAAIAAAALAAAACgAAAAAAAAAAAAAAAAEAAAAAAAAAAAAAAAAAAAAAAAABAAAAAgAAAAAAAAAFAAAAAgAAAADneisJsBBGbzBzZ/sHCnsqlT45Plf3qRqWYrmX587nugAAAAAAAAADAAAAAUVVUgAAAAAAj18NZBKhwUwFMie9ZXSokjN/XmtqNrASSOpbNPR4NDgAAAABMQAAAAAAAACPXw1kEqHBTAUyJ71ldKiSM39ea2o2sBJI6ls09Hg0OAAAAAAAAAAUAAAAAQAAAAEAAAAAAAAAAAAAAAAAAAABAAAABQAAAAAAAAAA53orCbAQRm8wc2f7Bwp7KpU+OT5X96kalmK5l+fO57oAAAACVAvjkgAAAAIAAAALAAAACwAAAAAAAAAAAAAAAAEAAAAAAAAAAAAAAAAAAAA=
e690afb6e555f9aa67921991c1ff32cd6999cc59b55099a5e73eab1e1dc1886d	5	4	AAAAAOd6KwmwEEZvMHNn+wcKeyqVPjk+V/epGpZiuZfnzue6AAAACgAAAAIAAAAMAAAAAAAAAAAAAAABAAAAAAAAAAMAAAABMjEAAAAAAACPXw1kEqHBTAUyJ71ldKiSM39ea2o2sBJI6ls09Hg0OAAAAAFVU0QAAAAAAI9fDWQSocFMBTInvWV0qJIzf15rajawEkjqWzT0eDQ4AAAAAAAAAB4AAAABAAAAAQAAAAAAAAAAAAAAAAAAAAHnzue6AAAAQFfL3/2Kvm/srcEwYUOxrXLJW0bFPMQyUU/5JF0al9QU/uxEDnxVPcKGeBHEA5d5kYgHUVu+4bLZdMMmdsna9wQ=	5pCvtuVV+apnkhmRwf8yzWmZzFm1UJml5z6rHh3BiG0AAAAAAAAACgAAAAAAAAABAAAAAAAAAAMAAAAAAAAAAAAAAAAAAAAA53orCbAQRm8wc2f7Bwp7KpU+OT5X96kalmK5l+fO57oAAAAAAAAABAAAAAEyMQAAAAAAAI9fDWQSocFMBTInvWV0qJIzf15rajawEkjqWzT0eDQ4AAAAAVVTRAAAAAAAj18NZBKhwUwFMie9ZXSokjN/XmtqNrASSOpbNPR4NDgAAAAAAAAAHgAAAAEAAAABAAAAAAAAAAAAAAAA	AAAAAAAAAAEAAAABAAAABQAAAAAAAAAA53orCbAQRm8wc2f7Bwp7KpU+OT5X96kalmK5l+fO57oAAAACVAvjiAAAAAIAAAAMAAAACwAAAAAAAAAAAAAAAAEAAAAAAAAAAAAAAAAAAAAAAAABAAAAAgAAAAAAAAAFAAAAAgAAAADneisJsBBGbzBzZ/sHCnsqlT45Plf3qRqWYrmX587nugAAAAAAAAAEAAAAATIxAAAAAAAAj18NZBKhwUwFMie9ZXSokjN/XmtqNrASSOpbNPR4NDgAAAABVVNEAAAAAACPXw1kEqHBTAUyJ71ldKiSM39ea2o2sBJI6ls09Hg0OAAAAAAAAAAeAAAAAQAAAAEAAAAAAAAAAAAAAAAAAAABAAAABQAAAAAAAAAA53orCbAQRm8wc2f7Bwp7KpU+OT5X96kalmK5l+fO57oAAAACVAvjiAAAAAIAAAAMAAAADAAAAAAAAAAAAAAAAAEAAAAAAAAAAAAAAAAAAAA=
c712fc2d9cfd91f3382a01a271b271df65244a7f253da39f2c5ade32e03835d2	5	5	AAAAAOd6KwmwEEZvMHNn+wcKeyqVPjk+V/epGpZiuZfnzue6AAAACgAAAAIAAAANAAAAAAAAAAAAAAABAAAAAAAAAAMAAAABMjIAAAAAAACPXw1kEqHBTAUyJ71ldKiSM39ea2o2sBJI6ls09Hg0OAAAAAEyMQAAAAAAAI9fDWQSocFMBTInvWV0qJIzf15rajawEkjqWzT0eDQ4AAAAAAAAAB4AAAABAAAAAQAAAAAAAAAAAAAAAAAAAAHnzue6AAAAQMHb7vPAGiYGB7jKAUiTWaBxOeU4KTdBRUexyuxL8sxGPhYjlQMqvY5l0ryTY1J/smr1iWg1Fl3MJLliIOwksgw=	xxL8LZz9kfM4KgGicbJx32UkSn8lPaOfLFreMuA4NdIAAAAAAAAACgAAAAAAAAABAAAAAAAAAAMAAAAAAAAAAAAAAAAAAAAA53orCbAQRm8wc2f7Bwp7KpU+OT5X96kalmK5l+fO57oAAAAAAAAABQAAAAEyMgAAAAAAAI9fDWQSocFMBTInvWV0qJIzf15rajawEkjqWzT0eDQ4AAAAATIxAAAAAAAAj18NZBKhwUwFMie9ZXSokjN/XmtqNrASSOpbNPR4NDgAAAAAAAAAHgAAAAEAAAABAAAAAAAAAAAAAAAA	AAAAAAAAAAEAAAABAAAABQAAAAAAAAAA53orCbAQRm8wc2f7Bwp7KpU+OT5X96kalmK5l+fO57oAAAACVAvjfgAAAAIAAAANAAAADAAAAAAAAAAAAAAAAAEAAAAAAAAAAAAAAAAAAAAAAAABAAAAAgAAAAAAAAAFAAAAAgAAAADneisJsBBGbzBzZ/sHCnsqlT45Plf3qRqWYrmX587nugAAAAAAAAAFAAAAATIyAAAAAAAAj18NZBKhwUwFMie9ZXSokjN/XmtqNrASSOpbNPR4NDgAAAABMjEAAAAAAACPXw1kEqHBTAUyJ71ldKiSM39ea2o2sBJI6ls09Hg0OAAAAAAAAAAeAAAAAQAAAAEAAAAAAAAAAAAAAAAAAAABAAAABQAAAAAAAAAA53orCbAQRm8wc2f7Bwp7KpU+OT5X96kalmK5l+fO57oAAAACVAvjfgAAAAIAAAANAAAADQAAAAAAAAAAAAAAAAEAAAAAAAAAAAAAAAAAAAA=
66dadf342450aa0deaad34b08c7b72cc003477118fcc28a82285ee82469ae3d7	5	6	AAAAAOd6KwmwEEZvMHNn+wcKeyqVPjk+V/epGpZiuZfnzue6AAAACgAAAAIAAAAOAAAAAAAAAAAAAAABAAAAAAAAAAMAAAABRVVSAAAAAACPXw1kEqHBTAUyJ71ldKiSM39ea2o2sBJI6ls09Hg0OAAAAAEyMgAAAAAAAI9fDWQSocFMBTInvWV0qJIzf15rajawEkjqWzT0eDQ4AAAAAAAAAB4AAAABAAAAAQAAAAAAAAAAAAAAAAAAAAHnzue6AAAAQMfCpIh8XzBdRj1fS6XPQRtP/YBYKdCX2mC2P/0PLwQyFEJgu0OcsJoZZTTexAIY8bspJZINivCXznGfqKrPBQg=	ZtrfNCRQqg3qrTSwjHtyzAA0dxGPzCioIoXugkaa49cAAAAAAAAACgAAAAAAAAABAAAAAAAAAAMAAAAAAAAAAAAAAAAAAAAA53orCbAQRm8wc2f7Bwp7KpU+OT5X96kalmK5l+fO57oAAAAAAAAABgAAAAFFVVIAAAAAAI9fDWQSocFMBTInvWV0qJIzf15rajawEkjqWzT0eDQ4AAAAATIyAAAAAAAAj18NZBKhwUwFMie9ZXSokjN/XmtqNrASSOpbNPR4NDgAAAAAAAAAHgAAAAEAAAABAAAAAAAAAAAAAAAA	AAAAAAAAAAEAAAABAAAABQAAAAAAAAAA53orCbAQRm8wc2f7Bwp7KpU+OT5X96kalmK5l+fO57oAAAACVAvjdAAAAAIAAAAOAAAADQAAAAAAAAAAAAAAAAEAAAAAAAAAAAAAAAAAAAAAAAABAAAAAgAAAAAAAAAFAAAAAgAAAADneisJsBBGbzBzZ/sHCnsqlT45Plf3qRqWYrmX587nugAAAAAAAAAGAAAAAUVVUgAAAAAAj18NZBKhwUwFMie9ZXSokjN/XmtqNrASSOpbNPR4NDgAAAABMjIAAAAAAACPXw1kEqHBTAUyJ71ldKiSM39ea2o2sBJI6ls09Hg0OAAAAAAAAAAeAAAAAQAAAAEAAAAAAAAAAAAAAAAAAAABAAAABQAAAAAAAAAA53orCbAQRm8wc2f7Bwp7KpU+OT5X96kalmK5l+fO57oAAAACVAvjdAAAAAIAAAAOAAAADgAAAAAAAAAAAAAAAAEAAAAAAAAAAAAAAAAAAAA=
888a2d2891df086f75b4d0dd0d7115542e41c84ae3cb53fb02587816528c2565	5	7	AAAAAOd6KwmwEEZvMHNn+wcKeyqVPjk+V/epGpZiuZfnzue6AAAACgAAAAIAAAAPAAAAAAAAAAAAAAABAAAAAAAAAAMAAAABMzEAAAAAAACPXw1kEqHBTAUyJ71ldKiSM39ea2o2sBJI6ls09Hg0OAAAAAFVU0QAAAAAAI9fDWQSocFMBTInvWV0qJIzf15rajawEkjqWzT0eDQ4AAAAAAAAACgAAAABAAAAAQAAAAAAAAAAAAAAAAAAAAHnzue6AAAAQMc4jCyuRg2jZ6iFBOillwe8A4jtIQ0MsPGCrWCTc1w0uZjlQGTKpMpnFojTLR7LnrYSLHfy9I3TVYdrb2WNbgE=	iIotKJHfCG91tNDdDXEVVC5ByErjy1P7Alh4FlKMJWUAAAAAAAAACgAAAAAAAAABAAAAAAAAAAMAAAAAAAAAAAAAAAAAAAAA53orCbAQRm8wc2f7Bwp7KpU+OT5X96kalmK5l+fO57oAAAAAAAAABwAAAAEzMQAAAAAAAI9fDWQSocFMBTInvWV0qJIzf15rajawEkjqWzT0eDQ4AAAAAVVTRAAAAAAAj18NZBKhwUwFMie9ZXSokjN/XmtqNrASSOpbNPR4NDgAAAAAAAAAKAAAAAEAAAABAAAAAAAAAAAAAAAA	AAAAAAAAAAEAAAABAAAABQAAAAAAAAAA53orCbAQRm8wc2f7Bwp7KpU+OT5X96kalmK5l+fO57oAAAACVAvjagAAAAIAAAAPAAAADgAAAAAAAAAAAAAAAAEAAAAAAAAAAAAAAAAAAAAAAAABAAAAAgAAAAAAAAAFAAAAAgAAAADneisJsBBGbzBzZ/sHCnsqlT45Plf3qRqWYrmX587nugAAAAAAAAAHAAAAATMxAAAAAAAAj18NZBKhwUwFMie9ZXSokjN/XmtqNrASSOpbNPR4NDgAAAABVVNEAAAAAACPXw1kEqHBTAUyJ71ldKiSM39ea2o2sBJI6ls09Hg0OAAAAAAAAAAoAAAAAQAAAAEAAAAAAAAAAAAAAAAAAAABAAAABQAAAAAAAAAA53orCbAQRm8wc2f7Bwp7KpU+OT5X96kalmK5l+fO57oAAAACVAvjagAAAAIAAAAPAAAADwAAAAAAAAAAAAAAAAEAAAAAAAAAAAAAAAAAAAA=
b33365e8d02688f2b2619dc28846eae74443f78e4b0be3dfe37ee92e1aba0ba8	5	8	AAAAAOd6KwmwEEZvMHNn+wcKeyqVPjk+V/epGpZiuZfnzue6AAAACgAAAAIAAAAQAAAAAAAAAAAAAAABAAAAAAAAAAMAAAABMzIAAAAAAACPXw1kEqHBTAUyJ71ldKiSM39ea2o2sBJI6ls09Hg0OAAAAAEzMQAAAAAAAI9fDWQSocFMBTInvWV0qJIzf15rajawEkjqWzT0eDQ4AAAAAAAAACgAAAABAAAAAQAAAAAAAAAAAAAAAAAAAAHnzue6AAAAQIGsU8DwSHc/sZUvFnXfkLNevAnngUp30xxxfblwBUU9uk60mt2poWRAUxtUTMR9WLjKEmAhVYi99AHJnHQhBQw=	szNl6NAmiPKyYZ3CiEbq50RD945LC+Pf437pLhq6C6gAAAAAAAAACgAAAAAAAAABAAAAAAAAAAMAAAAAAAAAAAAAAAAAAAAA53orCbAQRm8wc2f7Bwp7KpU+OT5X96kalmK5l+fO57oAAAAAAAAACAAAAAEzMgAAAAAAAI9fDWQSocFMBTInvWV0qJIzf15rajawEkjqWzT0eDQ4AAAAATMxAAAAAAAAj18NZBKhwUwFMie9ZXSokjN/XmtqNrASSOpbNPR4NDgAAAAAAAAAKAAAAAEAAAABAAAAAAAAAAAAAAAA	AAAAAAAAAAEAAAABAAAABQAAAAAAAAAA53orCbAQRm8wc2f7Bwp7KpU+OT5X96kalmK5l+fO57oAAAACVAvjYAAAAAIAAAAQAAAADwAAAAAAAAAAAAAAAAEAAAAAAAAAAAAAAAAAAAAAAAABAAAAAgAAAAAAAAAFAAAAAgAAAADneisJsBBGbzBzZ/sHCnsqlT45Plf3qRqWYrmX587nugAAAAAAAAAIAAAAATMyAAAAAAAAj18NZBKhwUwFMie9ZXSokjN/XmtqNrASSOpbNPR4NDgAAAABMzEAAAAAAACPXw1kEqHBTAUyJ71ldKiSM39ea2o2sBJI6ls09Hg0OAAAAAAAAAAoAAAAAQAAAAEAAAAAAAAAAAAAAAAAAAABAAAABQAAAAAAAAAA53orCbAQRm8wc2f7Bwp7KpU+OT5X96kalmK5l+fO57oAAAACVAvjYAAAAAIAAAAQAAAAEAAAAAAAAAAAAAAAAAEAAAAAAAAAAAAAAAAAAAA=
f9af428013fe9f91a3cea7bac70818148fda86760d19836937ab36a6a074402e	5	9	AAAAAOd6KwmwEEZvMHNn+wcKeyqVPjk+V/epGpZiuZfnzue6AAAACgAAAAIAAAARAAAAAAAAAAAAAAABAAAAAAAAAAMAAAABMzMAAAAAAACPXw1kEqHBTAUyJ71ldKiSM39ea2o2sBJI6ls09Hg0OAAAAAEzMgAAAAAAAI9fDWQSocFMBTInvWV0qJIzf15rajawEkjqWzT0eDQ4AAAAAAAAACgAAAABAAAAAQAAAAAAAAAAAAAAAAAAAAHnzue6AAAAQFK7o3Qar1TeH4E2mSyqF/VyuzSgW/UAaQbhY8SHyMCHU4PvfD5edKGKZG7eXQAW9YHiH3WPxe/9yjAclWj/CA8=	+a9CgBP+n5Gjzqe6xwgYFI/ahnYNGYNpN6s2pqB0QC4AAAAAAAAACgAAAAAAAAABAAAAAAAAAAMAAAAAAAAAAAAAAAAAAAAA53orCbAQRm8wc2f7Bwp7KpU+OT5X96kalmK5l+fO57oAAAAAAAAACQAAAAEzMwAAAAAAAI9fDWQSocFMBTInvWV0qJIzf15rajawEkjqWzT0eDQ4AAAAATMyAAAAAAAAj18NZBKhwUwFMie9ZXSokjN/XmtqNrASSOpbNPR4NDgAAAAAAAAAKAAAAAEAAAABAAAAAAAAAAAAAAAA	AAAAAAAAAAEAAAABAAAABQAAAAAAAAAA53orCbAQRm8wc2f7Bwp7KpU+OT5X96kalmK5l+fO57oAAAACVAvjVgAAAAIAAAARAAAAEAAAAAAAAAAAAAAAAAEAAAAAAAAAAAAAAAAAAAAAAAABAAAAAgAAAAAAAAAFAAAAAgAAAADneisJsBBGbzBzZ/sHCnsqlT45Plf3qRqWYrmX587nugAAAAAAAAAJAAAAATMzAAAAAAAAj18NZBKhwUwFMie9ZXSokjN/XmtqNrASSOpbNPR4NDgAAAABMzIAAAAAAACPXw1kEqHBTAUyJ71ldKiSM39ea2o2sBJI6ls09Hg0OAAAAAAAAAAoAAAAAQAAAAEAAAAAAAAAAAAAAAAAAAABAAAABQAAAAAAAAAA53orCbAQRm8wc2f7Bwp7KpU+OT5X96kalmK5l+fO57oAAAACVAvjVgAAAAIAAAARAAAAEQAAAAAAAAAAAAAAAAEAAAAAAAAAAAAAAAAAAAA=
e6e2757458f0baab277bb1f4e8f847a8ec137263a9be974b669f587f500b82ae	5	10	AAAAAOd6KwmwEEZvMHNn+wcKeyqVPjk+V/epGpZiuZfnzue6AAAACgAAAAIAAAASAAAAAAAAAAAAAAABAAAAAAAAAAMAAAABRVVSAAAAAACPXw1kEqHBTAUyJ71ldKiSM39ea2o2sBJI6ls09Hg0OAAAAAEzMwAAAAAAAI9fDWQSocFMBTInvWV0qJIzf15rajawEkjqWzT0eDQ4AAAAAAAAACgAAAABAAAAAQAAAAAAAAAAAAAAAAAAAAHnzue6AAAAQCAXBQOZptCoFOieu6UBheEtfKP8fFHU7B5fqIsJ8jKw99ipRmZsBSZgtEBTDUzCcxl6aSGjfjvtjKPFrtpPXwA=	5uJ1dFjwuqsne7H06PhHqOwTcmOpvpdLZp9Yf1ALgq4AAAAAAAAACgAAAAAAAAABAAAAAAAAAAMAAAAAAAAAAAAAAAAAAAAA53orCbAQRm8wc2f7Bwp7KpU+OT5X96kalmK5l+fO57oAAAAAAAAACgAAAAFFVVIAAAAAAI9fDWQSocFMBTInvWV0qJIzf15rajawEkjqWzT0eDQ4AAAAATMzAAAAAAAAj18NZBKhwUwFMie9ZXSokjN/XmtqNrASSOpbNPR4NDgAAAAAAAAAKAAAAAEAAAABAAAAAAAAAAAAAAAA	AAAAAAAAAAEAAAABAAAABQAAAAAAAAAA53orCbAQRm8wc2f7Bwp7KpU+OT5X96kalmK5l+fO57oAAAACVAvjTAAAAAIAAAASAAAAEQAAAAAAAAAAAAAAAAEAAAAAAAAAAAAAAAAAAAAAAAABAAAAAgAAAAAAAAAFAAAAAgAAAADneisJsBBGbzBzZ/sHCnsqlT45Plf3qRqWYrmX587nugAAAAAAAAAKAAAAAUVVUgAAAAAAj18NZBKhwUwFMie9ZXSokjN/XmtqNrASSOpbNPR4NDgAAAABMzMAAAAAAACPXw1kEqHBTAUyJ71ldKiSM39ea2o2sBJI6ls09Hg0OAAAAAAAAAAoAAAAAQAAAAEAAAAAAAAAAAAAAAAAAAABAAAABQAAAAAAAAAA53orCbAQRm8wc2f7Bwp7KpU+OT5X96kalmK5l+fO57oAAAACVAvjTAAAAAIAAAASAAAAEgAAAAAAAAAAAAAAAAEAAAAAAAAAAAAAAAAAAAA=
\.


--
-- Name: accounts_pkey; Type: CONSTRAINT; Schema: public; Owner: -; Tablespace: 
--

ALTER TABLE ONLY accounts
    ADD CONSTRAINT accounts_pkey PRIMARY KEY (accountid);


--
-- Name: ledgerheaders_ledgerseq_key; Type: CONSTRAINT; Schema: public; Owner: -; Tablespace: 
--

ALTER TABLE ONLY ledgerheaders
    ADD CONSTRAINT ledgerheaders_ledgerseq_key UNIQUE (ledgerseq);


--
-- Name: ledgerheaders_pkey; Type: CONSTRAINT; Schema: public; Owner: -; Tablespace: 
--

ALTER TABLE ONLY ledgerheaders
    ADD CONSTRAINT ledgerheaders_pkey PRIMARY KEY (ledgerhash);


--
-- Name: offers_pkey; Type: CONSTRAINT; Schema: public; Owner: -; Tablespace: 
--

ALTER TABLE ONLY offers
    ADD CONSTRAINT offers_pkey PRIMARY KEY (offerid);


--
-- Name: peers_pkey; Type: CONSTRAINT; Schema: public; Owner: -; Tablespace: 
--

ALTER TABLE ONLY peers
    ADD CONSTRAINT peers_pkey PRIMARY KEY (ip, port);


--
-- Name: signers_pkey; Type: CONSTRAINT; Schema: public; Owner: -; Tablespace: 
--

ALTER TABLE ONLY signers
    ADD CONSTRAINT signers_pkey PRIMARY KEY (accountid, publickey);


--
-- Name: storestate_pkey; Type: CONSTRAINT; Schema: public; Owner: -; Tablespace: 
--

ALTER TABLE ONLY storestate
    ADD CONSTRAINT storestate_pkey PRIMARY KEY (statename);


--
-- Name: trustlines_pkey; Type: CONSTRAINT; Schema: public; Owner: -; Tablespace: 
--

ALTER TABLE ONLY trustlines
    ADD CONSTRAINT trustlines_pkey PRIMARY KEY (accountid, issuer, assetcode);


--
-- Name: txhistory_ledgerseq_txindex_key; Type: CONSTRAINT; Schema: public; Owner: -; Tablespace: 
--

ALTER TABLE ONLY txhistory
    ADD CONSTRAINT txhistory_ledgerseq_txindex_key UNIQUE (ledgerseq, txindex);


--
-- Name: txhistory_pkey; Type: CONSTRAINT; Schema: public; Owner: -; Tablespace: 
--

ALTER TABLE ONLY txhistory
    ADD CONSTRAINT txhistory_pkey PRIMARY KEY (txid, ledgerseq);


--
-- Name: accountbalances; Type: INDEX; Schema: public; Owner: -; Tablespace: 
--

CREATE INDEX accountbalances ON accounts USING btree (balance) WHERE (balance >= 1000000000);


--
-- Name: accountlines; Type: INDEX; Schema: public; Owner: -; Tablespace: 
--

CREATE INDEX accountlines ON trustlines USING btree (accountid);


--
-- Name: buyingissuerindex; Type: INDEX; Schema: public; Owner: -; Tablespace: 
--

CREATE INDEX buyingissuerindex ON offers USING btree (buyingissuer);


--
-- Name: ledgersbyseq; Type: INDEX; Schema: public; Owner: -; Tablespace: 
--

CREATE INDEX ledgersbyseq ON ledgerheaders USING btree (ledgerseq);


--
-- Name: priceindex; Type: INDEX; Schema: public; Owner: -; Tablespace: 
--

CREATE INDEX priceindex ON offers USING btree (price);


--
-- Name: sellingissuerindex; Type: INDEX; Schema: public; Owner: -; Tablespace: 
--

CREATE INDEX sellingissuerindex ON offers USING btree (sellingissuer);


--
-- Name: signersaccount; Type: INDEX; Schema: public; Owner: -; Tablespace: 
--

CREATE INDEX signersaccount ON signers USING btree (accountid);


--
-- PostgreSQL database dump complete
--

