--
-- PostgreSQL database dump
--

SET statement_timeout = 0;
SET lock_timeout = 0;
SET client_encoding = 'UTF8';
SET standard_conforming_strings = on;
SET check_function_bodies = false;
SET client_min_messages = warning;

SET search_path = public, pg_catalog;

DROP INDEX public.signersaccount;
DROP INDEX public.sellingissuerindex;
DROP INDEX public.priceindex;
DROP INDEX public.ledgersbyseq;
DROP INDEX public.buyingissuerindex;
DROP INDEX public.accountlines;
DROP INDEX public.accountbalances;
ALTER TABLE ONLY public.txhistory DROP CONSTRAINT txhistory_pkey;
ALTER TABLE ONLY public.txhistory DROP CONSTRAINT txhistory_ledgerseq_txindex_key;
ALTER TABLE ONLY public.trustlines DROP CONSTRAINT trustlines_pkey;
ALTER TABLE ONLY public.storestate DROP CONSTRAINT storestate_pkey;
ALTER TABLE ONLY public.signers DROP CONSTRAINT signers_pkey;
ALTER TABLE ONLY public.peers DROP CONSTRAINT peers_pkey;
ALTER TABLE ONLY public.offers DROP CONSTRAINT offers_pkey;
ALTER TABLE ONLY public.ledgerheaders DROP CONSTRAINT ledgerheaders_pkey;
ALTER TABLE ONLY public.ledgerheaders DROP CONSTRAINT ledgerheaders_ledgerseq_key;
ALTER TABLE ONLY public.accounts DROP CONSTRAINT accounts_pkey;
DROP TABLE public.txhistory;
DROP TABLE public.trustlines;
DROP TABLE public.storestate;
DROP TABLE public.signers;
DROP TABLE public.peers;
DROP TABLE public.offers;
DROP TABLE public.ledgerheaders;
DROP TABLE public.accounts;
DROP EXTENSION plpgsql;
DROP SCHEMA public;
--
-- Name: public; Type: SCHEMA; Schema: -; Owner: -
--

CREATE SCHEMA public;


--
-- Name: SCHEMA public; Type: COMMENT; Schema: -; Owner: -
--

COMMENT ON SCHEMA public IS 'standard public schema';


--
-- Name: plpgsql; Type: EXTENSION; Schema: -; Owner: -
--

CREATE EXTENSION IF NOT EXISTS plpgsql WITH SCHEMA pg_catalog;


--
-- Name: EXTENSION plpgsql; Type: COMMENT; Schema: -; Owner: -
--

COMMENT ON EXTENSION plpgsql IS 'PL/pgSQL procedural language';


SET search_path = public, pg_catalog;

SET default_tablespace = '';

SET default_with_oids = false;

--
-- Name: accounts; Type: TABLE; Schema: public; Owner: -; Tablespace: 
--

CREATE TABLE accounts (
    accountid character varying(56) NOT NULL,
    balance bigint NOT NULL,
    seqnum bigint NOT NULL,
    numsubentries integer NOT NULL,
    inflationdest character varying(56),
    homedomain character varying(32),
    thresholds text,
    flags integer NOT NULL,
    lastmodified integer NOT NULL,
    CONSTRAINT accounts_balance_check CHECK ((balance >= 0)),
    CONSTRAINT accounts_numsubentries_check CHECK ((numsubentries >= 0))
);


--
-- Name: ledgerheaders; Type: TABLE; Schema: public; Owner: -; Tablespace: 
--

CREATE TABLE ledgerheaders (
    ledgerhash character(64) NOT NULL,
    prevhash character(64) NOT NULL,
    bucketlisthash character(64) NOT NULL,
    ledgerseq integer,
    closetime bigint NOT NULL,
    data text NOT NULL,
    CONSTRAINT ledgerheaders_closetime_check CHECK ((closetime >= 0)),
    CONSTRAINT ledgerheaders_ledgerseq_check CHECK ((ledgerseq >= 0))
);


--
-- Name: offers; Type: TABLE; Schema: public; Owner: -; Tablespace: 
--

CREATE TABLE offers (
    sellerid character varying(56) NOT NULL,
    offerid bigint NOT NULL,
    sellingassettype integer,
    sellingassetcode character varying(12),
    sellingissuer character varying(56),
    buyingassettype integer,
    buyingassetcode character varying(12),
    buyingissuer character varying(56),
    amount bigint NOT NULL,
    pricen integer NOT NULL,
    priced integer NOT NULL,
    price bigint NOT NULL,
    flags integer NOT NULL,
    lastmodified integer NOT NULL,
    CONSTRAINT offers_amount_check CHECK ((amount >= 0)),
    CONSTRAINT offers_offerid_check CHECK ((offerid >= 0))
);


--
-- Name: peers; Type: TABLE; Schema: public; Owner: -; Tablespace: 
--

CREATE TABLE peers (
    ip character varying(15) NOT NULL,
    port integer DEFAULT 0 NOT NULL,
    nextattempt timestamp without time zone NOT NULL,
    numfailures integer DEFAULT 0 NOT NULL,
    rank integer DEFAULT 0 NOT NULL,
    CONSTRAINT peers_numfailures_check CHECK ((numfailures >= 0)),
    CONSTRAINT peers_port_check CHECK (((port > 0) AND (port <= 65535))),
    CONSTRAINT peers_rank_check CHECK ((rank >= 0))
);


--
-- Name: signers; Type: TABLE; Schema: public; Owner: -; Tablespace: 
--

CREATE TABLE signers (
    accountid character varying(56) NOT NULL,
    publickey character varying(56) NOT NULL,
    weight integer NOT NULL
);


--
-- Name: storestate; Type: TABLE; Schema: public; Owner: -; Tablespace: 
--

CREATE TABLE storestate (
    statename character(32) NOT NULL,
    state text
);


--
-- Name: trustlines; Type: TABLE; Schema: public; Owner: -; Tablespace: 
--

CREATE TABLE trustlines (
    accountid character varying(56) NOT NULL,
    assettype integer NOT NULL,
    issuer character varying(56) NOT NULL,
    assetcode character varying(12) NOT NULL,
    tlimit bigint DEFAULT 0 NOT NULL,
    balance bigint DEFAULT 0 NOT NULL,
    flags integer NOT NULL,
    lastmodified integer NOT NULL,
    CONSTRAINT trustlines_balance_check CHECK ((balance >= 0)),
    CONSTRAINT trustlines_tlimit_check CHECK ((tlimit >= 0))
);


--
-- Name: txhistory; Type: TABLE; Schema: public; Owner: -; Tablespace: 
--

CREATE TABLE txhistory (
    txid character(64) NOT NULL,
    ledgerseq integer NOT NULL,
    txindex integer NOT NULL,
    txbody text NOT NULL,
    txresult text NOT NULL,
    txmeta text NOT NULL,
    CONSTRAINT txhistory_ledgerseq_check CHECK ((ledgerseq >= 0))
);


--
-- Data for Name: accounts; Type: TABLE DATA; Schema: public; Owner: -
--

COPY accounts (accountid, balance, seqnum, numsubentries, inflationdest, homedomain, thresholds, flags, lastmodified) FROM stdin;
GBRPYHIL2CI3FNQ4BXLFMNDLFJUNPU2HY3ZMFSHONUCEOASW7QC7OX2H	99999959999999960	4	0	\N		AQAAAA==	0	2
GCICQXBJA7AI2NAPLMDKSH7BIQVR2OI4QTTVKI2ZN7JMTJIPKE5NLNUE	9999999990	8589934593	1	\N		AQAAAA==	0	3
GCSD36CHIY5TEQALG6RMPVGJFDQ2MDCUIZ4G2RHMXAVPJKDJ2TDZ4WIG	9999999990	8589934593	1	\N		AQAAAA==	0	3
GBDVV5CEFRIFMSAI2MTJCCG45HRITEGHIBGTUXWNHTCKKNOSUMPEDWMZ	9999999920	8589934600	0	\N		AQAAAA==	0	4
GDKCXSDRMAXLS7GWOZANEBEUGPRN7B7JQO2CFCB2OKIAY6KB5HCKMMBQ	9999999820	8589934610	18	\N		AQAAAA==	0	5
\.


--
-- Data for Name: ledgerheaders; Type: TABLE DATA; Schema: public; Owner: -
--

COPY ledgerheaders (ledgerhash, prevhash, bucketlisthash, ledgerseq, closetime, data) FROM stdin;
5ade5048fb66795219cbb45a55bf5e2710f739610d10e6875bf7f85d85900669	0000000000000000000000000000000000000000000000000000000000000000	759f642a94be58e4118ef79bd7f343832a82db2fc4f98f41ee7d22b61df716ed	1	0	AAAAAAAAAAAAAAAAAAAAAAAAAAAAAAAAAAAAAAAAAAAAAAAAAAAAAAAAAAAAAAAAAAAAAAAAAAAAAAAAAAAAAAAAAAAAAAAAAAAAAAAAAAAAAAAAAAAAAAAAAAAAAAAAAAAAAAAAAAAAAAAAAAAAAAAAAAB1n2QqlL5Y5BGO95vX80ODKoLbL8T5j0HufSK2HfcW7QAAAAEBY0V4XYoAAAAAAAAAAAAAAAAAAAAAAAAAAAAAAAAACgCYloAAAAAAAAAAAAAAAAAAAAAAAAAAAAAAAAAAAAAAAAAAAAAAAAAAAAAAAAAAAAAAAAAAAAAAAAAAAAAAAAAAAAAAAAAAAAAAAAAAAAAAAAAAAAAAAAAAAAAAAAAAAAAAAAAAAAAAAAAAAAAAAAAAAAAAAAAAAAAAAAAAAAAAAAAAAAAAAAA=
3a8fc29efdf731ea8f2ad16a9e8538d24ef2ca52478d7f591b78e8a1e3e97021	5ade5048fb66795219cbb45a55bf5e2710f739610d10e6875bf7f85d85900669	3267639ead4114ca424d9d1d1339ee0c0d7918f855061ba16145564690d5368e	2	1441737832	AAAAAVreUEj7ZnlSGcu0WlW/XicQ9zlhDRDmh1v3+F2FkAZpJjZhfpmabtEUEYS3lMsQNFE4GAzzd1rJWgUA6mMnaR0AAAAAVe8saAAAAAEAAAAIAAAAAQAAAAEAAAAACxzAVrs+zQGEstffjW13JhYY+1Zr8OZ1Zg43HcLx0bYyZ2OerUEUykJNnR0TOe4MDXkY+FUGG6FhRVZGkNU2jgAAAAIBY0V4XYoAAAAAAAAAAAAoAAAAAAAAAAAAAAAAAAAACgCYloAAAAAAAAAAAAAAAAAAAAAAAAAAAAAAAAAAAAAAAAAAAAAAAAAAAAAAAAAAAAAAAAAAAAAAAAAAAAAAAAAAAAAAAAAAAAAAAAAAAAAAAAAAAAAAAAAAAAAAAAAAAAAAAAAAAAAAAAAAAAAAAAAAAAAAAAAAAAAAAAAAAAAAAAAAAAAAAAA=
c55aa9b5c9a19cae1c736362a1a0a09ca03297a80fea9db986bcc3738d4f1be0	3a8fc29efdf731ea8f2ad16a9e8538d24ef2ca52478d7f591b78e8a1e3e97021	fd7586f94c0db80090b5fdaf095c4a0d187910d854471eb0831c47d3472e7c63	3	1441737833	AAAAATqPwp799zHqjyrRap6FONJO8spSR41/WRt46KHj6XAh720vtMd21JLyUr2FtKEa9WrZbbWU4el/9XNw8VfxCeUAAAAAVe8saQAAAAAAAAAA8se5KlfTtBYtQNOsQybPye8c/l2pcka4wPDu2dDqitP9dYb5TA24AJC1/a8JXEoNGHkQ2FRHHrCDHEfTRy58YwAAAAMBY0V4XYoAAAAAAAAAAACMAAAAAAAAAAAAAAAAAAAACgCYloAAAAAAAAAAAAAAAAAAAAAAAAAAAAAAAAAAAAAAAAAAAAAAAAAAAAAAAAAAAAAAAAAAAAAAAAAAAAAAAAAAAAAAAAAAAAAAAAAAAAAAAAAAAAAAAAAAAAAAAAAAAAAAAAAAAAAAAAAAAAAAAAAAAAAAAAAAAAAAAAAAAAAAAAAAAAAAAAA=
981ed27f36d2e7c9628c59d09ced07dd7e97ff793c71068e61afb479e169d310	c55aa9b5c9a19cae1c736362a1a0a09ca03297a80fea9db986bcc3738d4f1be0	83270070377d0fdc4c90ec44e40c864f96c1a68b224ec1556fb881e717b1d41e	4	1441737834	AAAAAcVaqbXJoZyuHHNjYqGgoJygMpeoD+qduYa8w3ONTxvg+Oy9a8mO2GFszUTFs8Cc8dY6PgVEIws2jDR28yCN+x0AAAAAVe8sagAAAAAAAAAA6qWv/5IWjMxT9p0W5ewScbvljhZrGQceYjuo6iY0GKaDJwBwN30P3EyQ7ETkDIZPlsGmiyJOwVVvuIHnF7HUHgAAAAQBY0V4XYoAAAAAAAAAAADcAAAAAAAAAAAAAAAAAAAACgCYloAAAAAAAAAAAAAAAAAAAAAAAAAAAAAAAAAAAAAAAAAAAAAAAAAAAAAAAAAAAAAAAAAAAAAAAAAAAAAAAAAAAAAAAAAAAAAAAAAAAAAAAAAAAAAAAAAAAAAAAAAAAAAAAAAAAAAAAAAAAAAAAAAAAAAAAAAAAAAAAAAAAAAAAAAAAAAAAAA=
ab10a6e8fe777ffe0205383a1853783802be197cdbc41fb875586aeae69df0ba	981ed27f36d2e7c9628c59d09ced07dd7e97ff793c71068e61afb479e169d310	107b26e293f6e19ab4d19234c33c4669567eb099b0770b6efec7d13c10a2ad18	5	1441737835	AAAAAZge0n820ufJYoxZ0JztB91+l/95PHEGjmGvtHnhadMQCcLBFuK/VKj+yckJy8mL0hhQEvLNEbCwNxN4ahCRMfIAAAAAVe8sawAAAAAAAAAAMh09YDqn32ipT8lXDJk11iMo0LddPt8C78mSELu9TmEQeybik/bhmrTRkjTDPEZpVn6wmbB3C27+x9E8EKKtGAAAAAUBY0V4XYoAAAAAAAAAAAFAAAAAAAAAAAAAAAAKAAAACgCYloAAAAAAAAAAAAAAAAAAAAAAAAAAAAAAAAAAAAAAAAAAAAAAAAAAAAAAAAAAAAAAAAAAAAAAAAAAAAAAAAAAAAAAAAAAAAAAAAAAAAAAAAAAAAAAAAAAAAAAAAAAAAAAAAAAAAAAAAAAAAAAAAAAAAAAAAAAAAAAAAAAAAAAAAAAAAAAAAA=
\.


--
-- Data for Name: offers; Type: TABLE DATA; Schema: public; Owner: -
--

COPY offers (sellerid, offerid, sellingassettype, sellingassetcode, sellingissuer, buyingassettype, buyingassetcode, buyingissuer, amount, pricen, priced, price, flags, lastmodified) FROM stdin;
GDKCXSDRMAXLS7GWOZANEBEUGPRN7B7JQO2CFCB2OKIAY6KB5HCKMMBQ	1	1	EUR	GBDVV5CEFRIFMSAI2MTJCCG45HRITEGHIBGTUXWNHTCKKNOSUMPEDWMZ	1	USD	GBDVV5CEFRIFMSAI2MTJCCG45HRITEGHIBGTUXWNHTCKKNOSUMPEDWMZ	10	1	1	10000000	0	5
GDKCXSDRMAXLS7GWOZANEBEUGPRN7B7JQO2CFCB2OKIAY6KB5HCKMMBQ	2	1	1	GBDVV5CEFRIFMSAI2MTJCCG45HRITEGHIBGTUXWNHTCKKNOSUMPEDWMZ	1	USD	GBDVV5CEFRIFMSAI2MTJCCG45HRITEGHIBGTUXWNHTCKKNOSUMPEDWMZ	20	1	1	10000000	0	5
GDKCXSDRMAXLS7GWOZANEBEUGPRN7B7JQO2CFCB2OKIAY6KB5HCKMMBQ	3	1	EUR	GBDVV5CEFRIFMSAI2MTJCCG45HRITEGHIBGTUXWNHTCKKNOSUMPEDWMZ	1	1	GBDVV5CEFRIFMSAI2MTJCCG45HRITEGHIBGTUXWNHTCKKNOSUMPEDWMZ	20	1	1	10000000	0	5
GDKCXSDRMAXLS7GWOZANEBEUGPRN7B7JQO2CFCB2OKIAY6KB5HCKMMBQ	4	1	21	GBDVV5CEFRIFMSAI2MTJCCG45HRITEGHIBGTUXWNHTCKKNOSUMPEDWMZ	1	USD	GBDVV5CEFRIFMSAI2MTJCCG45HRITEGHIBGTUXWNHTCKKNOSUMPEDWMZ	30	1	1	10000000	0	5
GDKCXSDRMAXLS7GWOZANEBEUGPRN7B7JQO2CFCB2OKIAY6KB5HCKMMBQ	5	1	22	GBDVV5CEFRIFMSAI2MTJCCG45HRITEGHIBGTUXWNHTCKKNOSUMPEDWMZ	1	21	GBDVV5CEFRIFMSAI2MTJCCG45HRITEGHIBGTUXWNHTCKKNOSUMPEDWMZ	30	1	1	10000000	0	5
GDKCXSDRMAXLS7GWOZANEBEUGPRN7B7JQO2CFCB2OKIAY6KB5HCKMMBQ	6	1	EUR	GBDVV5CEFRIFMSAI2MTJCCG45HRITEGHIBGTUXWNHTCKKNOSUMPEDWMZ	1	22	GBDVV5CEFRIFMSAI2MTJCCG45HRITEGHIBGTUXWNHTCKKNOSUMPEDWMZ	30	1	1	10000000	0	5
GDKCXSDRMAXLS7GWOZANEBEUGPRN7B7JQO2CFCB2OKIAY6KB5HCKMMBQ	7	1	31	GBDVV5CEFRIFMSAI2MTJCCG45HRITEGHIBGTUXWNHTCKKNOSUMPEDWMZ	1	USD	GBDVV5CEFRIFMSAI2MTJCCG45HRITEGHIBGTUXWNHTCKKNOSUMPEDWMZ	40	1	1	10000000	0	5
GDKCXSDRMAXLS7GWOZANEBEUGPRN7B7JQO2CFCB2OKIAY6KB5HCKMMBQ	8	1	32	GBDVV5CEFRIFMSAI2MTJCCG45HRITEGHIBGTUXWNHTCKKNOSUMPEDWMZ	1	31	GBDVV5CEFRIFMSAI2MTJCCG45HRITEGHIBGTUXWNHTCKKNOSUMPEDWMZ	40	1	1	10000000	0	5
GDKCXSDRMAXLS7GWOZANEBEUGPRN7B7JQO2CFCB2OKIAY6KB5HCKMMBQ	9	1	33	GBDVV5CEFRIFMSAI2MTJCCG45HRITEGHIBGTUXWNHTCKKNOSUMPEDWMZ	1	32	GBDVV5CEFRIFMSAI2MTJCCG45HRITEGHIBGTUXWNHTCKKNOSUMPEDWMZ	40	1	1	10000000	0	5
GDKCXSDRMAXLS7GWOZANEBEUGPRN7B7JQO2CFCB2OKIAY6KB5HCKMMBQ	10	1	EUR	GBDVV5CEFRIFMSAI2MTJCCG45HRITEGHIBGTUXWNHTCKKNOSUMPEDWMZ	1	33	GBDVV5CEFRIFMSAI2MTJCCG45HRITEGHIBGTUXWNHTCKKNOSUMPEDWMZ	40	1	1	10000000	0	5
\.


--
-- Data for Name: peers; Type: TABLE DATA; Schema: public; Owner: -
--

COPY peers (ip, port, nextattempt, numfailures, rank) FROM stdin;
\.


--
-- Data for Name: signers; Type: TABLE DATA; Schema: public; Owner: -
--

COPY signers (accountid, publickey, weight) FROM stdin;
\.


--
-- Data for Name: storestate; Type: TABLE DATA; Schema: public; Owner: -
--

COPY storestate (statename, state) FROM stdin;
databaseinitialized             	true
forcescponnextlaunch            	false
lastclosedledger                	ab10a6e8fe777ffe0205383a1853783802be197cdbc41fb875586aeae69df0ba
historyarchivestate             	{\n    "version": 1,\n    "server": "343b61d",\n    "currentLedger": 5,\n    "currentBuckets": [\n        {\n            "curr": "878a1b957d4a94f7cfb770fbd66667404f5637cb5774622c211dbf3794982eea",\n            "next": {\n                "state": 0\n            },\n            "snap": "fd092e34167d1573aa5ad7c3a55e029ec4d50f35e512690af00e592b47bd3968"\n        },\n        {\n            "curr": "936f3d81329f7c1a77aa8408d6ef5f6de032a4c866e799e4755ec0e752c8f768",\n            "next": {\n                "state": 1,\n                "output": "fd092e34167d1573aa5ad7c3a55e029ec4d50f35e512690af00e592b47bd3968"\n            },\n            "snap": "0000000000000000000000000000000000000000000000000000000000000000"\n        },\n        {\n            "curr": "0000000000000000000000000000000000000000000000000000000000000000",\n            "next": {\n                "state": 0\n            },\n            "snap": "0000000000000000000000000000000000000000000000000000000000000000"\n        },\n        {\n            "curr": "0000000000000000000000000000000000000000000000000000000000000000",\n            "next": {\n                "state": 0\n            },\n            "snap": "0000000000000000000000000000000000000000000000000000000000000000"\n        },\n        {\n            "curr": "0000000000000000000000000000000000000000000000000000000000000000",\n            "next": {\n                "state": 0\n            },\n            "snap": "0000000000000000000000000000000000000000000000000000000000000000"\n        },\n        {\n            "curr": "0000000000000000000000000000000000000000000000000000000000000000",\n            "next": {\n                "state": 0\n            },\n            "snap": "0000000000000000000000000000000000000000000000000000000000000000"\n        },\n        {\n            "curr": "0000000000000000000000000000000000000000000000000000000000000000",\n            "next": {\n                "state": 0\n            },\n            "snap": "0000000000000000000000000000000000000000000000000000000000000000"\n        },\n        {\n            "curr": "0000000000000000000000000000000000000000000000000000000000000000",\n            "next": {\n                "state": 0\n            },\n            "snap": "0000000000000000000000000000000000000000000000000000000000000000"\n        },\n        {\n            "curr": "0000000000000000000000000000000000000000000000000000000000000000",\n            "next": {\n                "state": 0\n            },\n            "snap": "0000000000000000000000000000000000000000000000000000000000000000"\n        },\n        {\n            "curr": "0000000000000000000000000000000000000000000000000000000000000000",\n            "next": {\n                "state": 0\n            },\n            "snap": "0000000000000000000000000000000000000000000000000000000000000000"\n        },\n        {\n            "curr": "0000000000000000000000000000000000000000000000000000000000000000",\n            "next": {\n                "state": 0\n            },\n            "snap": "0000000000000000000000000000000000000000000000000000000000000000"\n        }\n    ]\n}
\.


--
-- Data for Name: trustlines; Type: TABLE DATA; Schema: public; Owner: -
--

COPY trustlines (accountid, assettype, issuer, assetcode, tlimit, balance, flags, lastmodified) FROM stdin;
GDKCXSDRMAXLS7GWOZANEBEUGPRN7B7JQO2CFCB2OKIAY6KB5HCKMMBQ	1	GBDVV5CEFRIFMSAI2MTJCCG45HRITEGHIBGTUXWNHTCKKNOSUMPEDWMZ	USD	9223372036854775807	0	1	3
GCICQXBJA7AI2NAPLMDKSH7BIQVR2OI4QTTVKI2ZN7JMTJIPKE5NLNUE	1	GBDVV5CEFRIFMSAI2MTJCCG45HRITEGHIBGTUXWNHTCKKNOSUMPEDWMZ	EUR	9223372036854775807	0	1	3
GCSD36CHIY5TEQALG6RMPVGJFDQ2MDCUIZ4G2RHMXAVPJKDJ2TDZ4WIG	1	GBDVV5CEFRIFMSAI2MTJCCG45HRITEGHIBGTUXWNHTCKKNOSUMPEDWMZ	USD	9223372036854775807	5000	1	4
GDKCXSDRMAXLS7GWOZANEBEUGPRN7B7JQO2CFCB2OKIAY6KB5HCKMMBQ	1	GBDVV5CEFRIFMSAI2MTJCCG45HRITEGHIBGTUXWNHTCKKNOSUMPEDWMZ	EUR	9223372036854775807	5000	1	4
GDKCXSDRMAXLS7GWOZANEBEUGPRN7B7JQO2CFCB2OKIAY6KB5HCKMMBQ	1	GBDVV5CEFRIFMSAI2MTJCCG45HRITEGHIBGTUXWNHTCKKNOSUMPEDWMZ	1	9223372036854775807	5000	1	4
GDKCXSDRMAXLS7GWOZANEBEUGPRN7B7JQO2CFCB2OKIAY6KB5HCKMMBQ	1	GBDVV5CEFRIFMSAI2MTJCCG45HRITEGHIBGTUXWNHTCKKNOSUMPEDWMZ	21	9223372036854775807	5000	1	4
GDKCXSDRMAXLS7GWOZANEBEUGPRN7B7JQO2CFCB2OKIAY6KB5HCKMMBQ	1	GBDVV5CEFRIFMSAI2MTJCCG45HRITEGHIBGTUXWNHTCKKNOSUMPEDWMZ	22	9223372036854775807	5000	1	4
GDKCXSDRMAXLS7GWOZANEBEUGPRN7B7JQO2CFCB2OKIAY6KB5HCKMMBQ	1	GBDVV5CEFRIFMSAI2MTJCCG45HRITEGHIBGTUXWNHTCKKNOSUMPEDWMZ	31	9223372036854775807	5000	1	4
GDKCXSDRMAXLS7GWOZANEBEUGPRN7B7JQO2CFCB2OKIAY6KB5HCKMMBQ	1	GBDVV5CEFRIFMSAI2MTJCCG45HRITEGHIBGTUXWNHTCKKNOSUMPEDWMZ	32	9223372036854775807	5000	1	4
GDKCXSDRMAXLS7GWOZANEBEUGPRN7B7JQO2CFCB2OKIAY6KB5HCKMMBQ	1	GBDVV5CEFRIFMSAI2MTJCCG45HRITEGHIBGTUXWNHTCKKNOSUMPEDWMZ	33	9223372036854775807	5000	1	4
\.


--
-- Data for Name: txhistory; Type: TABLE DATA; Schema: public; Owner: -
--

COPY txhistory (txid, ledgerseq, txindex, txbody, txresult, txmeta) FROM stdin;
a4379f31c7c82cd3384fffdf8104cd4768c107c3765d572b629c2924f8626ed9	2	1	AAAAAGL8HQvQkbK2HA3WVjRrKmjX00fG8sLI7m0ERwJW/AX3AAAACgAAAAAAAAABAAAAAAAAAAAAAAABAAAAAAAAAAAAAAAAR1r0RCxQVkgI0yaRCNzp4omQx0BNOl7NPMSlNdKjHkEAAAACVAvkAAAAAAAAAAABVvwF9wAAAEA7MiLx6rHMH4IjWMyPUC//q6V8wQ8PVh28pSmjFuv8zb0/EQ2UitT02FnkuHkv15rfE7z9vIXQEWdRKiPT3hQN	pDefMcfILNM4T//fgQTNR2jBB8N2XVcrYpwpJPhibtkAAAAAAAAACgAAAAAAAAABAAAAAAAAAAAAAAAAAAAAAA==	AAAAAAAAAAEAAAABAAAAAgAAAAAAAAAAYvwdC9CRsrYcDdZWNGsqaNfTR8bywsjubQRHAlb8BfcBY0V4XYn/9gAAAAAAAAABAAAAAAAAAAAAAAAAAAAAAAEAAAAAAAAAAAAAAAAAAAAAAAABAAAAAgAAAAAAAAACAAAAAAAAAABHWvRELFBWSAjTJpEI3OniiZDHQE06Xs08xKU10qMeQQAAAAJUC+QAAAAAAgAAAAAAAAAAAAAAAAAAAAAAAAAAAQAAAAAAAAAAAAAAAAAAAAAAAAEAAAACAAAAAAAAAABi/B0L0JGythwN1lY0aypo19NHxvLCyO5tBEcCVvwF9wFjRXYJfhv2AAAAAAAAAAEAAAAAAAAAAAAAAAAAAAAAAQAAAAAAAAAAAAAAAAAAAA==
426f7051f39714b565550cc265ba39895938d91deb67cbe9561854281d0aacfd	2	2	AAAAAGL8HQvQkbK2HA3WVjRrKmjX00fG8sLI7m0ERwJW/AX3AAAACgAAAAAAAAACAAAAAAAAAAAAAAABAAAAAAAAAAAAAAAApD34R0Y7MkALN6LH1Mko4aYMVEZ4bUTsuCr0qGnUx54AAAACVAvkAAAAAAAAAAABVvwF9wAAAEByt2NZkgG1sLXmYjdN5xJEnbmxaa9QJYtLRAhfxStiApbxg2hRSnq9hQZLGh/rg9fqw3ughNsZfGasPddeWSYC	Qm9wUfOXFLVlVQzCZbo5iVk42R3rZ8vpVhhUKB0KrP0AAAAAAAAACgAAAAAAAAABAAAAAAAAAAAAAAAAAAAAAA==	AAAAAAAAAAEAAAABAAAAAgAAAAAAAAAAYvwdC9CRsrYcDdZWNGsqaNfTR8bywsjubQRHAlb8BfcBY0V2CX4b7AAAAAAAAAACAAAAAAAAAAAAAAAAAAAAAAEAAAAAAAAAAAAAAAAAAAAAAAABAAAAAgAAAAAAAAACAAAAAAAAAACkPfhHRjsyQAs3osfUySjhpgxURnhtROy4KvSoadTHngAAAAJUC+QAAAAAAgAAAAAAAAAAAAAAAAAAAAAAAAAAAQAAAAAAAAAAAAAAAAAAAAAAAAEAAAACAAAAAAAAAABi/B0L0JGythwN1lY0aypo19NHxvLCyO5tBEcCVvwF9wFjRXO1cjfsAAAAAAAAAAIAAAAAAAAAAAAAAAAAAAAAAQAAAAAAAAAAAAAAAAAAAA==
d03967ddf3eac4081c33f4e5b34ad213570db9be55c912565ddb30368f2f6b1b	2	3	AAAAAGL8HQvQkbK2HA3WVjRrKmjX00fG8sLI7m0ERwJW/AX3AAAACgAAAAAAAAADAAAAAAAAAAAAAAABAAAAAAAAAAAAAAAAkChcKQfAjTQPWwapH+FEKx05HITnVSNZb9LJpQ9ROtUAAAACVAvkAAAAAAAAAAABVvwF9wAAAEDEVeqEtDFl+V8X249zKehBHjEJ+iqYc3Ano0lRcTt77iCCzR3evBLbfmcy9yppLlc5iEDj08RmueaOlUwm9WgH	0Dln3fPqxAgcM/Tls0rSE1cNub5VyRJWXdswNo8vaxsAAAAAAAAACgAAAAAAAAABAAAAAAAAAAAAAAAAAAAAAA==	AAAAAAAAAAEAAAABAAAAAgAAAAAAAAAAYvwdC9CRsrYcDdZWNGsqaNfTR8bywsjubQRHAlb8BfcBY0VztXI34gAAAAAAAAADAAAAAAAAAAAAAAAAAAAAAAEAAAAAAAAAAAAAAAAAAAAAAAABAAAAAgAAAAAAAAACAAAAAAAAAACQKFwpB8CNNA9bBqkf4UQrHTkchOdVI1lv0smlD1E61QAAAAJUC+QAAAAAAgAAAAAAAAAAAAAAAAAAAAAAAAAAAQAAAAAAAAAAAAAAAAAAAAAAAAEAAAACAAAAAAAAAABi/B0L0JGythwN1lY0aypo19NHxvLCyO5tBEcCVvwF9wFjRXFhZlPiAAAAAAAAAAMAAAAAAAAAAAAAAAAAAAAAAQAAAAAAAAAAAAAAAAAAAA==
50ea9a35842fadc8ba8ddf775fc90b49431938d3cc1382dfa6f2991b19db8c9d	2	4	AAAAAGL8HQvQkbK2HA3WVjRrKmjX00fG8sLI7m0ERwJW/AX3AAAACgAAAAAAAAAEAAAAAAAAAAAAAAABAAAAAAAAAAAAAAAA1CvIcWAuuXzWdkDSBJQz4t+H6YO0Iog6cpAMeUHpxKYAAAACVAvkAAAAAAAAAAABVvwF9wAAAEBqPufwKBuCruOVWAXiGXYZiZiI2bjHS+hJf50yHdQfXe0A87+LRuWslr3nEC24QlQJk2CV13k6lyr7bwK5m1wG	UOqaNYQvrci6jd93X8kLSUMZONPME4LfpvKZGxnbjJ0AAAAAAAAACgAAAAAAAAABAAAAAAAAAAAAAAAAAAAAAA==	AAAAAAAAAAEAAAABAAAAAgAAAAAAAAAAYvwdC9CRsrYcDdZWNGsqaNfTR8bywsjubQRHAlb8BfcBY0VxYWZT2AAAAAAAAAAEAAAAAAAAAAAAAAAAAAAAAAEAAAAAAAAAAAAAAAAAAAAAAAABAAAAAgAAAAAAAAACAAAAAAAAAADUK8hxYC65fNZ2QNIElDPi34fpg7QiiDpykAx5QenEpgAAAAJUC+QAAAAAAgAAAAAAAAAAAAAAAAAAAAAAAAAAAQAAAAAAAAAAAAAAAAAAAAAAAAEAAAACAAAAAAAAAABi/B0L0JGythwN1lY0aypo19NHxvLCyO5tBEcCVvwF9wFjRW8NWm/YAAAAAAAAAAQAAAAAAAAAAAAAAAAAAAAAAQAAAAAAAAAAAAAAAAAAAA==
22790a07cc9113c1a7b867bfcffe609f60df90ee9ae26932db69a7a2d991f94a	3	1	AAAAANQryHFgLrl81nZA0gSUM+Lfh+mDtCKIOnKQDHlB6cSmAAAACgAAAAIAAAABAAAAAAAAAAAAAAABAAAAAAAAAAYAAAABVVNEAAAAAABHWvRELFBWSAjTJpEI3OniiZDHQE06Xs08xKU10qMeQX//////////AAAAAAAAAAFB6cSmAAAAQMfU7sQJ6E/hOTd257FVQj2HPghbUCm5kEvBGkefGAToMFub+evMHaPg79CJ3euRltlbuJLd7qV7EAu+9iyujwU=	InkKB8yRE8GnuGe/z/5gn2DfkO6a4mky22mnotmR+UoAAAAAAAAACgAAAAAAAAABAAAAAAAAAAYAAAAAAAAAAA==	AAAAAAAAAAEAAAABAAAAAwAAAAAAAAAA1CvIcWAuuXzWdkDSBJQz4t+H6YO0Iog6cpAMeUHpxKYAAAACVAvj9gAAAAIAAAABAAAAAAAAAAAAAAAAAAAAAAEAAAAAAAAAAAAAAAAAAAAAAAABAAAAAgAAAAAAAAADAAAAAQAAAADUK8hxYC65fNZ2QNIElDPi34fpg7QiiDpykAx5QenEpgAAAAFVU0QAAAAAAEda9EQsUFZICNMmkQjc6eKJkMdATTpezTzEpTXSox5BAAAAAAAAAAB//////////wAAAAEAAAAAAAAAAAAAAAEAAAADAAAAAAAAAADUK8hxYC65fNZ2QNIElDPi34fpg7QiiDpykAx5QenEpgAAAAJUC+P2AAAAAgAAAAEAAAABAAAAAAAAAAAAAAAAAQAAAAAAAAAAAAAAAAAAAA==
695ecf6d3853450518b8492c77059f7a5abd9f12c2d2bb0094ff8ab522eec0b6	3	2	AAAAAJAoXCkHwI00D1sGqR/hRCsdORyE51UjWW/SyaUPUTrVAAAACgAAAAIAAAABAAAAAAAAAAAAAAABAAAAAAAAAAYAAAABRVVSAAAAAABHWvRELFBWSAjTJpEI3OniiZDHQE06Xs08xKU10qMeQX//////////AAAAAAAAAAEPUTrVAAAAQLPFJZntIjrYLvYYeZcpZHEo97hu/oZlRUQOXflv+KqAmgsFijrCYM9mBRCrDWUW+H0qWJf72vJnG1ei4mEHsAs=	aV7PbThTRQUYuEksdwWfelq9nxLC0rsAlP+KtSLuwLYAAAAAAAAACgAAAAAAAAABAAAAAAAAAAYAAAAAAAAAAA==	AAAAAAAAAAEAAAABAAAAAwAAAAAAAAAAkChcKQfAjTQPWwapH+FEKx05HITnVSNZb9LJpQ9ROtUAAAACVAvj9gAAAAIAAAABAAAAAAAAAAAAAAAAAAAAAAEAAAAAAAAAAAAAAAAAAAAAAAABAAAAAgAAAAAAAAADAAAAAQAAAACQKFwpB8CNNA9bBqkf4UQrHTkchOdVI1lv0smlD1E61QAAAAFFVVIAAAAAAEda9EQsUFZICNMmkQjc6eKJkMdATTpezTzEpTXSox5BAAAAAAAAAAB//////////wAAAAEAAAAAAAAAAAAAAAEAAAADAAAAAAAAAACQKFwpB8CNNA9bBqkf4UQrHTkchOdVI1lv0smlD1E61QAAAAJUC+P2AAAAAgAAAAEAAAABAAAAAAAAAAAAAAAAAQAAAAAAAAAAAAAAAAAAAA==
3e8dda88787551e9043c71e1c7ce65077713d9fdf010dcf17de3534e6927a197	3	3	AAAAAKQ9+EdGOzJACzeix9TJKOGmDFRGeG1E7Lgq9Khp1MeeAAAACgAAAAIAAAABAAAAAAAAAAAAAAABAAAAAAAAAAYAAAABVVNEAAAAAABHWvRELFBWSAjTJpEI3OniiZDHQE06Xs08xKU10qMeQX//////////AAAAAAAAAAFp1MeeAAAAQCTA0x7GiJZHp8Lbl90Aj9ScSKQA9sll02FHn15OCwc7i1Zd6Ajd6SmcAUo36SOcTnkzdL8EeC/32jr209cvUgA=	Po3aiHh1UekEPHHhx85lB3cT2f3wENzxfeNTTmknoZcAAAAAAAAACgAAAAAAAAABAAAAAAAAAAYAAAAAAAAAAA==	AAAAAAAAAAEAAAABAAAAAwAAAAAAAAAApD34R0Y7MkALN6LH1Mko4aYMVEZ4bUTsuCr0qGnUx54AAAACVAvj9gAAAAIAAAABAAAAAAAAAAAAAAAAAAAAAAEAAAAAAAAAAAAAAAAAAAAAAAABAAAAAgAAAAAAAAADAAAAAQAAAACkPfhHRjsyQAs3osfUySjhpgxURnhtROy4KvSoadTHngAAAAFVU0QAAAAAAEda9EQsUFZICNMmkQjc6eKJkMdATTpezTzEpTXSox5BAAAAAAAAAAB//////////wAAAAEAAAAAAAAAAAAAAAEAAAADAAAAAAAAAACkPfhHRjsyQAs3osfUySjhpgxURnhtROy4KvSoadTHngAAAAJUC+P2AAAAAgAAAAEAAAABAAAAAAAAAAAAAAAAAQAAAAAAAAAAAAAAAAAAAA==
a65fdbdee04a27defb53c26c3599eb7f0905175f105c0d74cca008539e117f5c	3	4	AAAAANQryHFgLrl81nZA0gSUM+Lfh+mDtCKIOnKQDHlB6cSmAAAACgAAAAIAAAACAAAAAAAAAAAAAAABAAAAAAAAAAYAAAABRVVSAAAAAABHWvRELFBWSAjTJpEI3OniiZDHQE06Xs08xKU10qMeQX//////////AAAAAAAAAAFB6cSmAAAAQH0HexITzEhQJJccdGA7MYB0sm1nbYZK0aMFrc0lieaBKGGV2D0mE2wW8fqx4kWlTyj4nLfJ9goDCA8IqM7ncws=	pl/b3uBKJ977U8JsNZnrfwkFF18QXA10zKAIU54Rf1wAAAAAAAAACgAAAAAAAAABAAAAAAAAAAYAAAAAAAAAAA==	AAAAAAAAAAEAAAABAAAAAwAAAAAAAAAA1CvIcWAuuXzWdkDSBJQz4t+H6YO0Iog6cpAMeUHpxKYAAAACVAvj7AAAAAIAAAACAAAAAQAAAAAAAAAAAAAAAAEAAAAAAAAAAAAAAAAAAAAAAAABAAAAAgAAAAAAAAADAAAAAQAAAADUK8hxYC65fNZ2QNIElDPi34fpg7QiiDpykAx5QenEpgAAAAFFVVIAAAAAAEda9EQsUFZICNMmkQjc6eKJkMdATTpezTzEpTXSox5BAAAAAAAAAAB//////////wAAAAEAAAAAAAAAAAAAAAEAAAADAAAAAAAAAADUK8hxYC65fNZ2QNIElDPi34fpg7QiiDpykAx5QenEpgAAAAJUC+PsAAAAAgAAAAIAAAACAAAAAAAAAAAAAAAAAQAAAAAAAAAAAAAAAAAAAA==
a56d2f44681b78fdd40680db8a6c0cf263b5c4fcadaddf6f37fa15171bea1776	3	5	AAAAANQryHFgLrl81nZA0gSUM+Lfh+mDtCKIOnKQDHlB6cSmAAAACgAAAAIAAAADAAAAAAAAAAAAAAABAAAAAAAAAAYAAAABMQAAAAAAAABHWvRELFBWSAjTJpEI3OniiZDHQE06Xs08xKU10qMeQX//////////AAAAAAAAAAFB6cSmAAAAQAwJ36dLBC5nlKSfOCq8kHVwjF40lZGGcAAOXSe+C8F+tCB2VW+R6Z+mFpuFDb2I0fnbJ7a4ILob/3X/B1FHIgI=	pW0vRGgbeP3UBoDbimwM8mO1xPytrd9vN/oVFxvqF3YAAAAAAAAACgAAAAAAAAABAAAAAAAAAAYAAAAAAAAAAA==	AAAAAAAAAAEAAAABAAAAAwAAAAAAAAAA1CvIcWAuuXzWdkDSBJQz4t+H6YO0Iog6cpAMeUHpxKYAAAACVAvj4gAAAAIAAAADAAAAAgAAAAAAAAAAAAAAAAEAAAAAAAAAAAAAAAAAAAAAAAABAAAAAgAAAAAAAAADAAAAAQAAAADUK8hxYC65fNZ2QNIElDPi34fpg7QiiDpykAx5QenEpgAAAAExAAAAAAAAAEda9EQsUFZICNMmkQjc6eKJkMdATTpezTzEpTXSox5BAAAAAAAAAAB//////////wAAAAEAAAAAAAAAAAAAAAEAAAADAAAAAAAAAADUK8hxYC65fNZ2QNIElDPi34fpg7QiiDpykAx5QenEpgAAAAJUC+PiAAAAAgAAAAMAAAADAAAAAAAAAAAAAAAAAQAAAAAAAAAAAAAAAAAAAA==
b6e48468ef42cd9970372c470d501efcc20a47828f2d4737de793683250db0b4	3	6	AAAAANQryHFgLrl81nZA0gSUM+Lfh+mDtCKIOnKQDHlB6cSmAAAACgAAAAIAAAAEAAAAAAAAAAAAAAABAAAAAAAAAAYAAAABMjEAAAAAAABHWvRELFBWSAjTJpEI3OniiZDHQE06Xs08xKU10qMeQX//////////AAAAAAAAAAFB6cSmAAAAQDI3wDIedquLPtrr/5eMGmu80OiCwoMU2/pSsR8Ft9QxjmDxf35lMwPLFyFSz5+cd0TGdd7z0ZizKTUj9aWPkgM=	tuSEaO9CzZlwNyxHDVAe/MIKR4KPLUc33nk2gyUNsLQAAAAAAAAACgAAAAAAAAABAAAAAAAAAAYAAAAAAAAAAA==	AAAAAAAAAAEAAAABAAAAAwAAAAAAAAAA1CvIcWAuuXzWdkDSBJQz4t+H6YO0Iog6cpAMeUHpxKYAAAACVAvj2AAAAAIAAAAEAAAAAwAAAAAAAAAAAAAAAAEAAAAAAAAAAAAAAAAAAAAAAAABAAAAAgAAAAAAAAADAAAAAQAAAADUK8hxYC65fNZ2QNIElDPi34fpg7QiiDpykAx5QenEpgAAAAEyMQAAAAAAAEda9EQsUFZICNMmkQjc6eKJkMdATTpezTzEpTXSox5BAAAAAAAAAAB//////////wAAAAEAAAAAAAAAAAAAAAEAAAADAAAAAAAAAADUK8hxYC65fNZ2QNIElDPi34fpg7QiiDpykAx5QenEpgAAAAJUC+PYAAAAAgAAAAQAAAAEAAAAAAAAAAAAAAAAAQAAAAAAAAAAAAAAAAAAAA==
56d557c696bf3a5ae368b2f9e3376aa636eb21d6acedbf1fc94a39deb9a2d499	3	7	AAAAANQryHFgLrl81nZA0gSUM+Lfh+mDtCKIOnKQDHlB6cSmAAAACgAAAAIAAAAFAAAAAAAAAAAAAAABAAAAAAAAAAYAAAABMjIAAAAAAABHWvRELFBWSAjTJpEI3OniiZDHQE06Xs08xKU10qMeQX//////////AAAAAAAAAAFB6cSmAAAAQBfO5tPeNtNAhpNAnmOa0DKUj0+rf29G9Ao5VIRFUyfYeTz2tKGxs0PgGBzAnggR7W/mS+DiLfus3gpD6JLVuQo=	VtVXxpa/OlrjaLL54zdqpjbrIdas7b8fyUo53rmi1JkAAAAAAAAACgAAAAAAAAABAAAAAAAAAAYAAAAAAAAAAA==	AAAAAAAAAAEAAAABAAAAAwAAAAAAAAAA1CvIcWAuuXzWdkDSBJQz4t+H6YO0Iog6cpAMeUHpxKYAAAACVAvjzgAAAAIAAAAFAAAABAAAAAAAAAAAAAAAAAEAAAAAAAAAAAAAAAAAAAAAAAABAAAAAgAAAAAAAAADAAAAAQAAAADUK8hxYC65fNZ2QNIElDPi34fpg7QiiDpykAx5QenEpgAAAAEyMgAAAAAAAEda9EQsUFZICNMmkQjc6eKJkMdATTpezTzEpTXSox5BAAAAAAAAAAB//////////wAAAAEAAAAAAAAAAAAAAAEAAAADAAAAAAAAAADUK8hxYC65fNZ2QNIElDPi34fpg7QiiDpykAx5QenEpgAAAAJUC+POAAAAAgAAAAUAAAAFAAAAAAAAAAAAAAAAAQAAAAAAAAAAAAAAAAAAAA==
35db3996c7c25d3b862dcd82eb50970301fd5598eea104df92b54a96417b68d0	3	8	AAAAANQryHFgLrl81nZA0gSUM+Lfh+mDtCKIOnKQDHlB6cSmAAAACgAAAAIAAAAGAAAAAAAAAAAAAAABAAAAAAAAAAYAAAABMzEAAAAAAABHWvRELFBWSAjTJpEI3OniiZDHQE06Xs08xKU10qMeQX//////////AAAAAAAAAAFB6cSmAAAAQFKENV/GEXTj8vBDtIb2gG2jzBkkNWjH2pvAsBv+5upil5axmRfd50q1KFgKS5YNMthgYV7B8cE9IqpAhMAlSgo=	Nds5lsfCXTuGLc2C61CXAwH9VZjuoQTfkrVKlkF7aNAAAAAAAAAACgAAAAAAAAABAAAAAAAAAAYAAAAAAAAAAA==	AAAAAAAAAAEAAAABAAAAAwAAAAAAAAAA1CvIcWAuuXzWdkDSBJQz4t+H6YO0Iog6cpAMeUHpxKYAAAACVAvjxAAAAAIAAAAGAAAABQAAAAAAAAAAAAAAAAEAAAAAAAAAAAAAAAAAAAAAAAABAAAAAgAAAAAAAAADAAAAAQAAAADUK8hxYC65fNZ2QNIElDPi34fpg7QiiDpykAx5QenEpgAAAAEzMQAAAAAAAEda9EQsUFZICNMmkQjc6eKJkMdATTpezTzEpTXSox5BAAAAAAAAAAB//////////wAAAAEAAAAAAAAAAAAAAAEAAAADAAAAAAAAAADUK8hxYC65fNZ2QNIElDPi34fpg7QiiDpykAx5QenEpgAAAAJUC+PEAAAAAgAAAAYAAAAGAAAAAAAAAAAAAAAAAQAAAAAAAAAAAAAAAAAAAA==
2daee1bcd3b5314b7956b2ee8fb3f90aff38f92c161c592f8d12118af60d2e05	3	9	AAAAANQryHFgLrl81nZA0gSUM+Lfh+mDtCKIOnKQDHlB6cSmAAAACgAAAAIAAAAHAAAAAAAAAAAAAAABAAAAAAAAAAYAAAABMzIAAAAAAABHWvRELFBWSAjTJpEI3OniiZDHQE06Xs08xKU10qMeQX//////////AAAAAAAAAAFB6cSmAAAAQBIHw3rJVVD/HujJVz3u8xej+7z5N47eYu/Qp3Geoff6FQYnweam4NNwpxqB6mO5/Okh5tFtoOW9bRuS6olINQ8=	La7hvNO1MUt5VrLuj7P5Cv84+SwWHFkvjRIRivYNLgUAAAAAAAAACgAAAAAAAAABAAAAAAAAAAYAAAAAAAAAAA==	AAAAAAAAAAEAAAABAAAAAwAAAAAAAAAA1CvIcWAuuXzWdkDSBJQz4t+H6YO0Iog6cpAMeUHpxKYAAAACVAvjugAAAAIAAAAHAAAABgAAAAAAAAAAAAAAAAEAAAAAAAAAAAAAAAAAAAAAAAABAAAAAgAAAAAAAAADAAAAAQAAAADUK8hxYC65fNZ2QNIElDPi34fpg7QiiDpykAx5QenEpgAAAAEzMgAAAAAAAEda9EQsUFZICNMmkQjc6eKJkMdATTpezTzEpTXSox5BAAAAAAAAAAB//////////wAAAAEAAAAAAAAAAAAAAAEAAAADAAAAAAAAAADUK8hxYC65fNZ2QNIElDPi34fpg7QiiDpykAx5QenEpgAAAAJUC+O6AAAAAgAAAAcAAAAHAAAAAAAAAAAAAAAAAQAAAAAAAAAAAAAAAAAAAA==
5f1056b77a76ca913100aa294188334effa532039ff518e061cceb945a243887	3	10	AAAAANQryHFgLrl81nZA0gSUM+Lfh+mDtCKIOnKQDHlB6cSmAAAACgAAAAIAAAAIAAAAAAAAAAAAAAABAAAAAAAAAAYAAAABMzMAAAAAAABHWvRELFBWSAjTJpEI3OniiZDHQE06Xs08xKU10qMeQX//////////AAAAAAAAAAFB6cSmAAAAQMY1jMin2Yg4DhH3J4Qa/dYW/PCA3DYk00IbMqXA1WBjxZwa26mMEcm0yDmKCJuE8dA5KjmpbnHEgD8VzJ/6pgs=	XxBWt3p2ypExAKopQYgzTv+lMgOf9RjgYczrlFokOIcAAAAAAAAACgAAAAAAAAABAAAAAAAAAAYAAAAAAAAAAA==	AAAAAAAAAAEAAAABAAAAAwAAAAAAAAAA1CvIcWAuuXzWdkDSBJQz4t+H6YO0Iog6cpAMeUHpxKYAAAACVAvjsAAAAAIAAAAIAAAABwAAAAAAAAAAAAAAAAEAAAAAAAAAAAAAAAAAAAAAAAABAAAAAgAAAAAAAAADAAAAAQAAAADUK8hxYC65fNZ2QNIElDPi34fpg7QiiDpykAx5QenEpgAAAAEzMwAAAAAAAEda9EQsUFZICNMmkQjc6eKJkMdATTpezTzEpTXSox5BAAAAAAAAAAB//////////wAAAAEAAAAAAAAAAAAAAAEAAAADAAAAAAAAAADUK8hxYC65fNZ2QNIElDPi34fpg7QiiDpykAx5QenEpgAAAAJUC+OwAAAAAgAAAAgAAAAIAAAAAAAAAAAAAAAAAQAAAAAAAAAAAAAAAAAAAA==
4c475f88badf6cc8570429e78eba2b005ab70d961507ab06a2a73f5cd487abb6	4	1	AAAAAEda9EQsUFZICNMmkQjc6eKJkMdATTpezTzEpTXSox5BAAAACgAAAAIAAAABAAAAAAAAAAAAAAABAAAAAAAAAAEAAAAApD34R0Y7MkALN6LH1Mko4aYMVEZ4bUTsuCr0qGnUx54AAAABVVNEAAAAAABHWvRELFBWSAjTJpEI3OniiZDHQE06Xs08xKU10qMeQQAAAAAAABOIAAAAAAAAAAHSox5BAAAAQFAZ86OvFdEWRRSZ3m4lA0ZqpaSwMKFDGcIHX4zO2AqyXB41fP20f0YdVkJ/nX30c6ED+/J7TnRmexdg0uBVmgo=	TEdfiLrfbMhXBCnnjrorAFq3DZYVB6sGoqc/XNSHq7YAAAAAAAAACgAAAAAAAAABAAAAAAAAAAEAAAAAAAAAAA==	AAAAAAAAAAEAAAABAAAABAAAAAAAAAAAR1r0RCxQVkgI0yaRCNzp4omQx0BNOl7NPMSlNdKjHkEAAAACVAvj9gAAAAIAAAABAAAAAAAAAAAAAAAAAAAAAAEAAAAAAAAAAAAAAAAAAAAAAAABAAAAAQAAAAEAAAAEAAAAAQAAAACkPfhHRjsyQAs3osfUySjhpgxURnhtROy4KvSoadTHngAAAAFVU0QAAAAAAEda9EQsUFZICNMmkQjc6eKJkMdATTpezTzEpTXSox5BAAAAAAAAE4h//////////wAAAAEAAAAAAAAAAA==
5ebbf6d792f29f0da0562f1e55a85deb3156e4f54f81e545ae629653943ece16	4	2	AAAAAEda9EQsUFZICNMmkQjc6eKJkMdATTpezTzEpTXSox5BAAAACgAAAAIAAAACAAAAAAAAAAAAAAABAAAAAAAAAAEAAAAA1CvIcWAuuXzWdkDSBJQz4t+H6YO0Iog6cpAMeUHpxKYAAAABRVVSAAAAAABHWvRELFBWSAjTJpEI3OniiZDHQE06Xs08xKU10qMeQQAAAAAAABOIAAAAAAAAAAHSox5BAAAAQA4i7L5TSSQXfQo/2ao4x6Sstcom1Eb1viqvj/Hx2aeo/BrBcC/i4v0pn99qdmVv4hUsinkXAzxTTTsSr2rYJgA=	Xrv215Lynw2gVi8eVahd6zFW5PVPgeVFrmKWU5Q+zhYAAAAAAAAACgAAAAAAAAABAAAAAAAAAAEAAAAAAAAAAA==	AAAAAAAAAAEAAAABAAAABAAAAAAAAAAAR1r0RCxQVkgI0yaRCNzp4omQx0BNOl7NPMSlNdKjHkEAAAACVAvj7AAAAAIAAAACAAAAAAAAAAAAAAAAAAAAAAEAAAAAAAAAAAAAAAAAAAAAAAABAAAAAQAAAAEAAAAEAAAAAQAAAADUK8hxYC65fNZ2QNIElDPi34fpg7QiiDpykAx5QenEpgAAAAFFVVIAAAAAAEda9EQsUFZICNMmkQjc6eKJkMdATTpezTzEpTXSox5BAAAAAAAAE4h//////////wAAAAEAAAAAAAAAAA==
1fed565577637d4b7247c395ad7a9465b6a879c89e6399e7a6000f39ad176813	4	3	AAAAAEda9EQsUFZICNMmkQjc6eKJkMdATTpezTzEpTXSox5BAAAACgAAAAIAAAADAAAAAAAAAAAAAAABAAAAAAAAAAEAAAAA1CvIcWAuuXzWdkDSBJQz4t+H6YO0Iog6cpAMeUHpxKYAAAABMQAAAAAAAABHWvRELFBWSAjTJpEI3OniiZDHQE06Xs08xKU10qMeQQAAAAAAABOIAAAAAAAAAAHSox5BAAAAQENdF9zPtI6zzEjOOs5q00pVg4FPVGs0Acxnp2QFLDVDVgyWRvo/mWleiEpNjZ7FTDyLn/C6/K+c1Qr6KZWvqw8=	H+1WVXdjfUtyR8OVrXqUZbaoecieY5nnpgAPOa0XaBMAAAAAAAAACgAAAAAAAAABAAAAAAAAAAEAAAAAAAAAAA==	AAAAAAAAAAEAAAABAAAABAAAAAAAAAAAR1r0RCxQVkgI0yaRCNzp4omQx0BNOl7NPMSlNdKjHkEAAAACVAvj4gAAAAIAAAADAAAAAAAAAAAAAAAAAAAAAAEAAAAAAAAAAAAAAAAAAAAAAAABAAAAAQAAAAEAAAAEAAAAAQAAAADUK8hxYC65fNZ2QNIElDPi34fpg7QiiDpykAx5QenEpgAAAAExAAAAAAAAAEda9EQsUFZICNMmkQjc6eKJkMdATTpezTzEpTXSox5BAAAAAAAAE4h//////////wAAAAEAAAAAAAAAAA==
c2954f7c6665d15707095d93360183431940b637ec115bfd1dd5bbe7ac489a52	4	4	AAAAAEda9EQsUFZICNMmkQjc6eKJkMdATTpezTzEpTXSox5BAAAACgAAAAIAAAAEAAAAAAAAAAAAAAABAAAAAAAAAAEAAAAA1CvIcWAuuXzWdkDSBJQz4t+H6YO0Iog6cpAMeUHpxKYAAAABMjEAAAAAAABHWvRELFBWSAjTJpEI3OniiZDHQE06Xs08xKU10qMeQQAAAAAAABOIAAAAAAAAAAHSox5BAAAAQHSlP4tzKuS+6RWaYLXLQohzEfD2PqIsujaKv0sLWqmVlfrc3U/KpIxt2ZFtGa9y7mS6I0KXip2Lp6lyVe4uPQE=	wpVPfGZl0VcHCV2TNgGDQxlAtjfsEVv9HdW756xImlIAAAAAAAAACgAAAAAAAAABAAAAAAAAAAEAAAAAAAAAAA==	AAAAAAAAAAEAAAABAAAABAAAAAAAAAAAR1r0RCxQVkgI0yaRCNzp4omQx0BNOl7NPMSlNdKjHkEAAAACVAvj2AAAAAIAAAAEAAAAAAAAAAAAAAAAAAAAAAEAAAAAAAAAAAAAAAAAAAAAAAABAAAAAQAAAAEAAAAEAAAAAQAAAADUK8hxYC65fNZ2QNIElDPi34fpg7QiiDpykAx5QenEpgAAAAEyMQAAAAAAAEda9EQsUFZICNMmkQjc6eKJkMdATTpezTzEpTXSox5BAAAAAAAAE4h//////////wAAAAEAAAAAAAAAAA==
8b807bced69a42d43311dd717c6943f6e7222aeeb754e6e4b456b83e687f5972	4	5	AAAAAEda9EQsUFZICNMmkQjc6eKJkMdATTpezTzEpTXSox5BAAAACgAAAAIAAAAFAAAAAAAAAAAAAAABAAAAAAAAAAEAAAAA1CvIcWAuuXzWdkDSBJQz4t+H6YO0Iog6cpAMeUHpxKYAAAABMjIAAAAAAABHWvRELFBWSAjTJpEI3OniiZDHQE06Xs08xKU10qMeQQAAAAAAABOIAAAAAAAAAAHSox5BAAAAQBggYQ5QUJHmt1fFNGCm0LYuPjHgVAx5iO3DlTBq08rJ5Vi5Cb6DOcq3Ejy99YkAxkBStrMVJoDSYKAl/fDN1QU=	i4B7ztaaQtQzEd1xfGlD9uciKu63VObktFa4Pmh/WXIAAAAAAAAACgAAAAAAAAABAAAAAAAAAAEAAAAAAAAAAA==	AAAAAAAAAAEAAAABAAAABAAAAAAAAAAAR1r0RCxQVkgI0yaRCNzp4omQx0BNOl7NPMSlNdKjHkEAAAACVAvjzgAAAAIAAAAFAAAAAAAAAAAAAAAAAAAAAAEAAAAAAAAAAAAAAAAAAAAAAAABAAAAAQAAAAEAAAAEAAAAAQAAAADUK8hxYC65fNZ2QNIElDPi34fpg7QiiDpykAx5QenEpgAAAAEyMgAAAAAAAEda9EQsUFZICNMmkQjc6eKJkMdATTpezTzEpTXSox5BAAAAAAAAE4h//////////wAAAAEAAAAAAAAAAA==
e37ec6e8b2866e91abf7bce621220a59f8b6c50445ec466337f5951314036bd3	4	6	AAAAAEda9EQsUFZICNMmkQjc6eKJkMdATTpezTzEpTXSox5BAAAACgAAAAIAAAAGAAAAAAAAAAAAAAABAAAAAAAAAAEAAAAA1CvIcWAuuXzWdkDSBJQz4t+H6YO0Iog6cpAMeUHpxKYAAAABMzEAAAAAAABHWvRELFBWSAjTJpEI3OniiZDHQE06Xs08xKU10qMeQQAAAAAAABOIAAAAAAAAAAHSox5BAAAAQNKZXmvgs8ZHY6ugFya84HktLuBarVJHxO0P3w92KdR2gm5C4AHW8MvCiXZQg+LQJny3ShAia1n1yREl4uZdVwY=	437G6LKGbpGr97zmISIKWfi2xQRF7EZjN/WVExQDa9MAAAAAAAAACgAAAAAAAAABAAAAAAAAAAEAAAAAAAAAAA==	AAAAAAAAAAEAAAABAAAABAAAAAAAAAAAR1r0RCxQVkgI0yaRCNzp4omQx0BNOl7NPMSlNdKjHkEAAAACVAvjxAAAAAIAAAAGAAAAAAAAAAAAAAAAAAAAAAEAAAAAAAAAAAAAAAAAAAAAAAABAAAAAQAAAAEAAAAEAAAAAQAAAADUK8hxYC65fNZ2QNIElDPi34fpg7QiiDpykAx5QenEpgAAAAEzMQAAAAAAAEda9EQsUFZICNMmkQjc6eKJkMdATTpezTzEpTXSox5BAAAAAAAAE4h//////////wAAAAEAAAAAAAAAAA==
846c26e9855ae18aaa9272496d8386e45f5c92f490f712e28b00f7b50a081e51	4	7	AAAAAEda9EQsUFZICNMmkQjc6eKJkMdATTpezTzEpTXSox5BAAAACgAAAAIAAAAHAAAAAAAAAAAAAAABAAAAAAAAAAEAAAAA1CvIcWAuuXzWdkDSBJQz4t+H6YO0Iog6cpAMeUHpxKYAAAABMzIAAAAAAABHWvRELFBWSAjTJpEI3OniiZDHQE06Xs08xKU10qMeQQAAAAAAABOIAAAAAAAAAAHSox5BAAAAQB/Jn4pHjOsFo9b96JhHZ7sWAj+JJzCekStT8cuJS1inkOzkJvSsCfsx55F9lbueVB7pxF7L7XFqmPCdHL4jSwo=	hGwm6YVa4YqqknJJbYOG5F9ckvSQ9xLiiwD3tQoIHlEAAAAAAAAACgAAAAAAAAABAAAAAAAAAAEAAAAAAAAAAA==	AAAAAAAAAAEAAAABAAAABAAAAAAAAAAAR1r0RCxQVkgI0yaRCNzp4omQx0BNOl7NPMSlNdKjHkEAAAACVAvjugAAAAIAAAAHAAAAAAAAAAAAAAAAAAAAAAEAAAAAAAAAAAAAAAAAAAAAAAABAAAAAQAAAAEAAAAEAAAAAQAAAADUK8hxYC65fNZ2QNIElDPi34fpg7QiiDpykAx5QenEpgAAAAEzMgAAAAAAAEda9EQsUFZICNMmkQjc6eKJkMdATTpezTzEpTXSox5BAAAAAAAAE4h//////////wAAAAEAAAAAAAAAAA==
97936e405657a7a2d6a4f2c80e1f76b02bd930b572a77a5094c4d01ccad19950	4	8	AAAAAEda9EQsUFZICNMmkQjc6eKJkMdATTpezTzEpTXSox5BAAAACgAAAAIAAAAIAAAAAAAAAAAAAAABAAAAAAAAAAEAAAAA1CvIcWAuuXzWdkDSBJQz4t+H6YO0Iog6cpAMeUHpxKYAAAABMzMAAAAAAABHWvRELFBWSAjTJpEI3OniiZDHQE06Xs08xKU10qMeQQAAAAAAABOIAAAAAAAAAAHSox5BAAAAQCuHclG0GHQu1w7Eo0QPqw9SgCkiuJtt0hfbX3df4Cr1sPuziSN9oOX0qXxbl6SWUuPPGrvc0fSDG/ZfzG2BmQw=	l5NuQFZXp6LWpPLIDh92sCvZMLVyp3pQlMTQHMrRmVAAAAAAAAAACgAAAAAAAAABAAAAAAAAAAEAAAAAAAAAAA==	AAAAAAAAAAEAAAABAAAABAAAAAAAAAAAR1r0RCxQVkgI0yaRCNzp4omQx0BNOl7NPMSlNdKjHkEAAAACVAvjsAAAAAIAAAAIAAAAAAAAAAAAAAAAAAAAAAEAAAAAAAAAAAAAAAAAAAAAAAABAAAAAQAAAAEAAAAEAAAAAQAAAADUK8hxYC65fNZ2QNIElDPi34fpg7QiiDpykAx5QenEpgAAAAEzMwAAAAAAAEda9EQsUFZICNMmkQjc6eKJkMdATTpezTzEpTXSox5BAAAAAAAAE4h//////////wAAAAEAAAAAAAAAAA==
8e17da113fa9c83e6dbbf6e7d182f214dd4d678c5fc052a479cb82d410fa4723	5	1	AAAAANQryHFgLrl81nZA0gSUM+Lfh+mDtCKIOnKQDHlB6cSmAAAACgAAAAIAAAAJAAAAAAAAAAAAAAABAAAAAAAAAAMAAAABRVVSAAAAAABHWvRELFBWSAjTJpEI3OniiZDHQE06Xs08xKU10qMeQQAAAAFVU0QAAAAAAEda9EQsUFZICNMmkQjc6eKJkMdATTpezTzEpTXSox5BAAAAAAAAAAoAAAABAAAAAQAAAAAAAAAAAAAAAAAAAAFB6cSmAAAAQM0Imay2ydBOethEkP8sboOW0YnqpuPUN7R6adAdnf85xqjfARet995kc3cYnCvAXwAsfNdVXxyQBE41KbqwVwI=	jhfaET+pyD5tu/bn0YLyFN1NZ4xfwFKkecuC1BD6RyMAAAAAAAAACgAAAAAAAAABAAAAAAAAAAMAAAAAAAAAAAAAAAAAAAAA1CvIcWAuuXzWdkDSBJQz4t+H6YO0Iog6cpAMeUHpxKYAAAAAAAAAAQAAAAFFVVIAAAAAAEda9EQsUFZICNMmkQjc6eKJkMdATTpezTzEpTXSox5BAAAAAVVTRAAAAAAAR1r0RCxQVkgI0yaRCNzp4omQx0BNOl7NPMSlNdKjHkEAAAAAAAAACgAAAAEAAAABAAAAAAAAAAAAAAAA	AAAAAAAAAAEAAAABAAAABQAAAAAAAAAA1CvIcWAuuXzWdkDSBJQz4t+H6YO0Iog6cpAMeUHpxKYAAAACVAvjpgAAAAIAAAAJAAAACAAAAAAAAAAAAAAAAAEAAAAAAAAAAAAAAAAAAAAAAAABAAAAAgAAAAAAAAAFAAAAAgAAAADUK8hxYC65fNZ2QNIElDPi34fpg7QiiDpykAx5QenEpgAAAAAAAAABAAAAAUVVUgAAAAAAR1r0RCxQVkgI0yaRCNzp4omQx0BNOl7NPMSlNdKjHkEAAAABVVNEAAAAAABHWvRELFBWSAjTJpEI3OniiZDHQE06Xs08xKU10qMeQQAAAAAAAAAKAAAAAQAAAAEAAAAAAAAAAAAAAAAAAAABAAAABQAAAAAAAAAA1CvIcWAuuXzWdkDSBJQz4t+H6YO0Iog6cpAMeUHpxKYAAAACVAvjpgAAAAIAAAAJAAAACQAAAAAAAAAAAAAAAAEAAAAAAAAAAAAAAAAAAAA=
8fb89741cc8b386fabe4d3371e910b12d0a40f10e9ee5cf551a66b6358560065	5	2	AAAAANQryHFgLrl81nZA0gSUM+Lfh+mDtCKIOnKQDHlB6cSmAAAACgAAAAIAAAAKAAAAAAAAAAAAAAABAAAAAAAAAAMAAAABMQAAAAAAAABHWvRELFBWSAjTJpEI3OniiZDHQE06Xs08xKU10qMeQQAAAAFVU0QAAAAAAEda9EQsUFZICNMmkQjc6eKJkMdATTpezTzEpTXSox5BAAAAAAAAABQAAAABAAAAAQAAAAAAAAAAAAAAAAAAAAFB6cSmAAAAQE8ulRB6tY8lMb8aCKLzWzAbpjzRxv4iizvA/T/gXClmeWz3hZ7caI48R0T/GuywIMw375kFDjsT6oxzbDHF0wU=	j7iXQcyLOG+r5NM3HpELEtCkDxDp7lz1UaZrY1hWAGUAAAAAAAAACgAAAAAAAAABAAAAAAAAAAMAAAAAAAAAAAAAAAAAAAAA1CvIcWAuuXzWdkDSBJQz4t+H6YO0Iog6cpAMeUHpxKYAAAAAAAAAAgAAAAExAAAAAAAAAEda9EQsUFZICNMmkQjc6eKJkMdATTpezTzEpTXSox5BAAAAAVVTRAAAAAAAR1r0RCxQVkgI0yaRCNzp4omQx0BNOl7NPMSlNdKjHkEAAAAAAAAAFAAAAAEAAAABAAAAAAAAAAAAAAAA	AAAAAAAAAAEAAAABAAAABQAAAAAAAAAA1CvIcWAuuXzWdkDSBJQz4t+H6YO0Iog6cpAMeUHpxKYAAAACVAvjnAAAAAIAAAAKAAAACQAAAAAAAAAAAAAAAAEAAAAAAAAAAAAAAAAAAAAAAAABAAAAAgAAAAAAAAAFAAAAAgAAAADUK8hxYC65fNZ2QNIElDPi34fpg7QiiDpykAx5QenEpgAAAAAAAAACAAAAATEAAAAAAAAAR1r0RCxQVkgI0yaRCNzp4omQx0BNOl7NPMSlNdKjHkEAAAABVVNEAAAAAABHWvRELFBWSAjTJpEI3OniiZDHQE06Xs08xKU10qMeQQAAAAAAAAAUAAAAAQAAAAEAAAAAAAAAAAAAAAAAAAABAAAABQAAAAAAAAAA1CvIcWAuuXzWdkDSBJQz4t+H6YO0Iog6cpAMeUHpxKYAAAACVAvjnAAAAAIAAAAKAAAACgAAAAAAAAAAAAAAAAEAAAAAAAAAAAAAAAAAAAA=
6f93af473f8442589ccbc8a235da268154aea7b18f56195f21c8af9f4a454d45	5	3	AAAAANQryHFgLrl81nZA0gSUM+Lfh+mDtCKIOnKQDHlB6cSmAAAACgAAAAIAAAALAAAAAAAAAAAAAAABAAAAAAAAAAMAAAABRVVSAAAAAABHWvRELFBWSAjTJpEI3OniiZDHQE06Xs08xKU10qMeQQAAAAExAAAAAAAAAEda9EQsUFZICNMmkQjc6eKJkMdATTpezTzEpTXSox5BAAAAAAAAABQAAAABAAAAAQAAAAAAAAAAAAAAAAAAAAFB6cSmAAAAQJ8x77h9PzqDYXz57Zr1y8UvuSCLrP22MgPV1ho5DZxehmde7cZzoBuohFKw00FWG4NuoV0Gkle45miIvytTuwQ=	b5OvRz+EQlicy8iiNdomgVSup7GPVhlfIcivn0pFTUUAAAAAAAAACgAAAAAAAAABAAAAAAAAAAMAAAAAAAAAAAAAAAAAAAAA1CvIcWAuuXzWdkDSBJQz4t+H6YO0Iog6cpAMeUHpxKYAAAAAAAAAAwAAAAFFVVIAAAAAAEda9EQsUFZICNMmkQjc6eKJkMdATTpezTzEpTXSox5BAAAAATEAAAAAAAAAR1r0RCxQVkgI0yaRCNzp4omQx0BNOl7NPMSlNdKjHkEAAAAAAAAAFAAAAAEAAAABAAAAAAAAAAAAAAAA	AAAAAAAAAAEAAAABAAAABQAAAAAAAAAA1CvIcWAuuXzWdkDSBJQz4t+H6YO0Iog6cpAMeUHpxKYAAAACVAvjkgAAAAIAAAALAAAACgAAAAAAAAAAAAAAAAEAAAAAAAAAAAAAAAAAAAAAAAABAAAAAgAAAAAAAAAFAAAAAgAAAADUK8hxYC65fNZ2QNIElDPi34fpg7QiiDpykAx5QenEpgAAAAAAAAADAAAAAUVVUgAAAAAAR1r0RCxQVkgI0yaRCNzp4omQx0BNOl7NPMSlNdKjHkEAAAABMQAAAAAAAABHWvRELFBWSAjTJpEI3OniiZDHQE06Xs08xKU10qMeQQAAAAAAAAAUAAAAAQAAAAEAAAAAAAAAAAAAAAAAAAABAAAABQAAAAAAAAAA1CvIcWAuuXzWdkDSBJQz4t+H6YO0Iog6cpAMeUHpxKYAAAACVAvjkgAAAAIAAAALAAAACwAAAAAAAAAAAAAAAAEAAAAAAAAAAAAAAAAAAAA=
eeb0190a01286e591546b337481c66ef4b8cf52857b08782f6615a44c1ef1eb0	5	4	AAAAANQryHFgLrl81nZA0gSUM+Lfh+mDtCKIOnKQDHlB6cSmAAAACgAAAAIAAAAMAAAAAAAAAAAAAAABAAAAAAAAAAMAAAABMjEAAAAAAABHWvRELFBWSAjTJpEI3OniiZDHQE06Xs08xKU10qMeQQAAAAFVU0QAAAAAAEda9EQsUFZICNMmkQjc6eKJkMdATTpezTzEpTXSox5BAAAAAAAAAB4AAAABAAAAAQAAAAAAAAAAAAAAAAAAAAFB6cSmAAAAQF1rg527U8y747QMHGRPwU9CdbkG/VNzqRGI4xPBW172ipvw6bdqlL7gRdpB8+jCPtdbx43sSPRPOvZEwuFD2AM=	7rAZCgEoblkVRrM3SBxm70uM9ShXsIeC9mFaRMHvHrAAAAAAAAAACgAAAAAAAAABAAAAAAAAAAMAAAAAAAAAAAAAAAAAAAAA1CvIcWAuuXzWdkDSBJQz4t+H6YO0Iog6cpAMeUHpxKYAAAAAAAAABAAAAAEyMQAAAAAAAEda9EQsUFZICNMmkQjc6eKJkMdATTpezTzEpTXSox5BAAAAAVVTRAAAAAAAR1r0RCxQVkgI0yaRCNzp4omQx0BNOl7NPMSlNdKjHkEAAAAAAAAAHgAAAAEAAAABAAAAAAAAAAAAAAAA	AAAAAAAAAAEAAAABAAAABQAAAAAAAAAA1CvIcWAuuXzWdkDSBJQz4t+H6YO0Iog6cpAMeUHpxKYAAAACVAvjiAAAAAIAAAAMAAAACwAAAAAAAAAAAAAAAAEAAAAAAAAAAAAAAAAAAAAAAAABAAAAAgAAAAAAAAAFAAAAAgAAAADUK8hxYC65fNZ2QNIElDPi34fpg7QiiDpykAx5QenEpgAAAAAAAAAEAAAAATIxAAAAAAAAR1r0RCxQVkgI0yaRCNzp4omQx0BNOl7NPMSlNdKjHkEAAAABVVNEAAAAAABHWvRELFBWSAjTJpEI3OniiZDHQE06Xs08xKU10qMeQQAAAAAAAAAeAAAAAQAAAAEAAAAAAAAAAAAAAAAAAAABAAAABQAAAAAAAAAA1CvIcWAuuXzWdkDSBJQz4t+H6YO0Iog6cpAMeUHpxKYAAAACVAvjiAAAAAIAAAAMAAAADAAAAAAAAAAAAAAAAAEAAAAAAAAAAAAAAAAAAAA=
7f80b8308e36804b75a66333588223190bd0fcbf4f15c4d48bfcbc64bd59b2e4	5	5	AAAAANQryHFgLrl81nZA0gSUM+Lfh+mDtCKIOnKQDHlB6cSmAAAACgAAAAIAAAANAAAAAAAAAAAAAAABAAAAAAAAAAMAAAABMjIAAAAAAABHWvRELFBWSAjTJpEI3OniiZDHQE06Xs08xKU10qMeQQAAAAEyMQAAAAAAAEda9EQsUFZICNMmkQjc6eKJkMdATTpezTzEpTXSox5BAAAAAAAAAB4AAAABAAAAAQAAAAAAAAAAAAAAAAAAAAFB6cSmAAAAQFs7Na+YgwAmeBoyg+ICl+qYLIPnLKFuGA4M4+AKseO/e2MnKGwGnOPsp0bScER2TrvsHR7B5PiufQZNy+crkwQ=	f4C4MI42gEt1pmMzWIIjGQvQ/L9PFcTUi/y8ZL1ZsuQAAAAAAAAACgAAAAAAAAABAAAAAAAAAAMAAAAAAAAAAAAAAAAAAAAA1CvIcWAuuXzWdkDSBJQz4t+H6YO0Iog6cpAMeUHpxKYAAAAAAAAABQAAAAEyMgAAAAAAAEda9EQsUFZICNMmkQjc6eKJkMdATTpezTzEpTXSox5BAAAAATIxAAAAAAAAR1r0RCxQVkgI0yaRCNzp4omQx0BNOl7NPMSlNdKjHkEAAAAAAAAAHgAAAAEAAAABAAAAAAAAAAAAAAAA	AAAAAAAAAAEAAAABAAAABQAAAAAAAAAA1CvIcWAuuXzWdkDSBJQz4t+H6YO0Iog6cpAMeUHpxKYAAAACVAvjfgAAAAIAAAANAAAADAAAAAAAAAAAAAAAAAEAAAAAAAAAAAAAAAAAAAAAAAABAAAAAgAAAAAAAAAFAAAAAgAAAADUK8hxYC65fNZ2QNIElDPi34fpg7QiiDpykAx5QenEpgAAAAAAAAAFAAAAATIyAAAAAAAAR1r0RCxQVkgI0yaRCNzp4omQx0BNOl7NPMSlNdKjHkEAAAABMjEAAAAAAABHWvRELFBWSAjTJpEI3OniiZDHQE06Xs08xKU10qMeQQAAAAAAAAAeAAAAAQAAAAEAAAAAAAAAAAAAAAAAAAABAAAABQAAAAAAAAAA1CvIcWAuuXzWdkDSBJQz4t+H6YO0Iog6cpAMeUHpxKYAAAACVAvjfgAAAAIAAAANAAAADQAAAAAAAAAAAAAAAAEAAAAAAAAAAAAAAAAAAAA=
a274aa67cdfb5ce4559485228c5933c4d947bf7646c0a2797f24e85096d0c1c6	5	6	AAAAANQryHFgLrl81nZA0gSUM+Lfh+mDtCKIOnKQDHlB6cSmAAAACgAAAAIAAAAOAAAAAAAAAAAAAAABAAAAAAAAAAMAAAABRVVSAAAAAABHWvRELFBWSAjTJpEI3OniiZDHQE06Xs08xKU10qMeQQAAAAEyMgAAAAAAAEda9EQsUFZICNMmkQjc6eKJkMdATTpezTzEpTXSox5BAAAAAAAAAB4AAAABAAAAAQAAAAAAAAAAAAAAAAAAAAFB6cSmAAAAQAb0ac6tow23RssjPc9WfyU7k6ND3tSylaV8bgVZZjOjL1WaJ3Me6nSTcfu8HloaRsWXpNQCXuA7uTrOAD1dkQQ=	onSqZ837XORVlIUijFkzxNlHv3ZGwKJ5fyToUJbQwcYAAAAAAAAACgAAAAAAAAABAAAAAAAAAAMAAAAAAAAAAAAAAAAAAAAA1CvIcWAuuXzWdkDSBJQz4t+H6YO0Iog6cpAMeUHpxKYAAAAAAAAABgAAAAFFVVIAAAAAAEda9EQsUFZICNMmkQjc6eKJkMdATTpezTzEpTXSox5BAAAAATIyAAAAAAAAR1r0RCxQVkgI0yaRCNzp4omQx0BNOl7NPMSlNdKjHkEAAAAAAAAAHgAAAAEAAAABAAAAAAAAAAAAAAAA	AAAAAAAAAAEAAAABAAAABQAAAAAAAAAA1CvIcWAuuXzWdkDSBJQz4t+H6YO0Iog6cpAMeUHpxKYAAAACVAvjdAAAAAIAAAAOAAAADQAAAAAAAAAAAAAAAAEAAAAAAAAAAAAAAAAAAAAAAAABAAAAAgAAAAAAAAAFAAAAAgAAAADUK8hxYC65fNZ2QNIElDPi34fpg7QiiDpykAx5QenEpgAAAAAAAAAGAAAAAUVVUgAAAAAAR1r0RCxQVkgI0yaRCNzp4omQx0BNOl7NPMSlNdKjHkEAAAABMjIAAAAAAABHWvRELFBWSAjTJpEI3OniiZDHQE06Xs08xKU10qMeQQAAAAAAAAAeAAAAAQAAAAEAAAAAAAAAAAAAAAAAAAABAAAABQAAAAAAAAAA1CvIcWAuuXzWdkDSBJQz4t+H6YO0Iog6cpAMeUHpxKYAAAACVAvjdAAAAAIAAAAOAAAADgAAAAAAAAAAAAAAAAEAAAAAAAAAAAAAAAAAAAA=
51d436217404ec633e06af7b5c7098b77cd597fc3d9a3f34d65af68c5773fc02	5	7	AAAAANQryHFgLrl81nZA0gSUM+Lfh+mDtCKIOnKQDHlB6cSmAAAACgAAAAIAAAAPAAAAAAAAAAAAAAABAAAAAAAAAAMAAAABMzEAAAAAAABHWvRELFBWSAjTJpEI3OniiZDHQE06Xs08xKU10qMeQQAAAAFVU0QAAAAAAEda9EQsUFZICNMmkQjc6eKJkMdATTpezTzEpTXSox5BAAAAAAAAACgAAAABAAAAAQAAAAAAAAAAAAAAAAAAAAFB6cSmAAAAQCAl+o/n6E9WgIkGYnDRf+8LokmapH9DZ4lSmdH3NBsCvACQvI/gVohpyIm3tzZzt5z6VFVyHEw12BTchlUggg0=	UdQ2IXQE7GM+Bq97XHCYt3zVl/w9mj801lr2jFdz/AIAAAAAAAAACgAAAAAAAAABAAAAAAAAAAMAAAAAAAAAAAAAAAAAAAAA1CvIcWAuuXzWdkDSBJQz4t+H6YO0Iog6cpAMeUHpxKYAAAAAAAAABwAAAAEzMQAAAAAAAEda9EQsUFZICNMmkQjc6eKJkMdATTpezTzEpTXSox5BAAAAAVVTRAAAAAAAR1r0RCxQVkgI0yaRCNzp4omQx0BNOl7NPMSlNdKjHkEAAAAAAAAAKAAAAAEAAAABAAAAAAAAAAAAAAAA	AAAAAAAAAAEAAAABAAAABQAAAAAAAAAA1CvIcWAuuXzWdkDSBJQz4t+H6YO0Iog6cpAMeUHpxKYAAAACVAvjagAAAAIAAAAPAAAADgAAAAAAAAAAAAAAAAEAAAAAAAAAAAAAAAAAAAAAAAABAAAAAgAAAAAAAAAFAAAAAgAAAADUK8hxYC65fNZ2QNIElDPi34fpg7QiiDpykAx5QenEpgAAAAAAAAAHAAAAATMxAAAAAAAAR1r0RCxQVkgI0yaRCNzp4omQx0BNOl7NPMSlNdKjHkEAAAABVVNEAAAAAABHWvRELFBWSAjTJpEI3OniiZDHQE06Xs08xKU10qMeQQAAAAAAAAAoAAAAAQAAAAEAAAAAAAAAAAAAAAAAAAABAAAABQAAAAAAAAAA1CvIcWAuuXzWdkDSBJQz4t+H6YO0Iog6cpAMeUHpxKYAAAACVAvjagAAAAIAAAAPAAAADwAAAAAAAAAAAAAAAAEAAAAAAAAAAAAAAAAAAAA=
7e5f77e969c39c4a930663c8e2cebe0c66b7aed93d5b191ba65a3a3a159db9cb	5	8	AAAAANQryHFgLrl81nZA0gSUM+Lfh+mDtCKIOnKQDHlB6cSmAAAACgAAAAIAAAAQAAAAAAAAAAAAAAABAAAAAAAAAAMAAAABMzIAAAAAAABHWvRELFBWSAjTJpEI3OniiZDHQE06Xs08xKU10qMeQQAAAAEzMQAAAAAAAEda9EQsUFZICNMmkQjc6eKJkMdATTpezTzEpTXSox5BAAAAAAAAACgAAAABAAAAAQAAAAAAAAAAAAAAAAAAAAFB6cSmAAAAQNAAT1U5Yi4j2OUUIs9QlbJ9NXcPuUe9DOTz2PwS5RWs6EIa7NLO/bV638hc1gkNNTz2WpkM1k66/9Ry8ijmkAY=	fl936WnDnEqTBmPI4s6+DGa3rtk9Wxkbplo6OhWducsAAAAAAAAACgAAAAAAAAABAAAAAAAAAAMAAAAAAAAAAAAAAAAAAAAA1CvIcWAuuXzWdkDSBJQz4t+H6YO0Iog6cpAMeUHpxKYAAAAAAAAACAAAAAEzMgAAAAAAAEda9EQsUFZICNMmkQjc6eKJkMdATTpezTzEpTXSox5BAAAAATMxAAAAAAAAR1r0RCxQVkgI0yaRCNzp4omQx0BNOl7NPMSlNdKjHkEAAAAAAAAAKAAAAAEAAAABAAAAAAAAAAAAAAAA	AAAAAAAAAAEAAAABAAAABQAAAAAAAAAA1CvIcWAuuXzWdkDSBJQz4t+H6YO0Iog6cpAMeUHpxKYAAAACVAvjYAAAAAIAAAAQAAAADwAAAAAAAAAAAAAAAAEAAAAAAAAAAAAAAAAAAAAAAAABAAAAAgAAAAAAAAAFAAAAAgAAAADUK8hxYC65fNZ2QNIElDPi34fpg7QiiDpykAx5QenEpgAAAAAAAAAIAAAAATMyAAAAAAAAR1r0RCxQVkgI0yaRCNzp4omQx0BNOl7NPMSlNdKjHkEAAAABMzEAAAAAAABHWvRELFBWSAjTJpEI3OniiZDHQE06Xs08xKU10qMeQQAAAAAAAAAoAAAAAQAAAAEAAAAAAAAAAAAAAAAAAAABAAAABQAAAAAAAAAA1CvIcWAuuXzWdkDSBJQz4t+H6YO0Iog6cpAMeUHpxKYAAAACVAvjYAAAAAIAAAAQAAAAEAAAAAAAAAAAAAAAAAEAAAAAAAAAAAAAAAAAAAA=
c1cdd5e2e5cc92c961a3d61fd4556f19906f751bb714c2a92788e928985404ff	5	9	AAAAANQryHFgLrl81nZA0gSUM+Lfh+mDtCKIOnKQDHlB6cSmAAAACgAAAAIAAAARAAAAAAAAAAAAAAABAAAAAAAAAAMAAAABMzMAAAAAAABHWvRELFBWSAjTJpEI3OniiZDHQE06Xs08xKU10qMeQQAAAAEzMgAAAAAAAEda9EQsUFZICNMmkQjc6eKJkMdATTpezTzEpTXSox5BAAAAAAAAACgAAAABAAAAAQAAAAAAAAAAAAAAAAAAAAFB6cSmAAAAQBAiki2WXod2LNNsqP0qul5hiQ7/irmC/QSRuLHh7aw24KRKn8MWswwXfHdPs7VKpoaLJvoKjutHy6DTpv5AaAg=	wc3V4uXMkslho9Yf1FVvGZBvdRu3FMKpJ4jpKJhUBP8AAAAAAAAACgAAAAAAAAABAAAAAAAAAAMAAAAAAAAAAAAAAAAAAAAA1CvIcWAuuXzWdkDSBJQz4t+H6YO0Iog6cpAMeUHpxKYAAAAAAAAACQAAAAEzMwAAAAAAAEda9EQsUFZICNMmkQjc6eKJkMdATTpezTzEpTXSox5BAAAAATMyAAAAAAAAR1r0RCxQVkgI0yaRCNzp4omQx0BNOl7NPMSlNdKjHkEAAAAAAAAAKAAAAAEAAAABAAAAAAAAAAAAAAAA	AAAAAAAAAAEAAAABAAAABQAAAAAAAAAA1CvIcWAuuXzWdkDSBJQz4t+H6YO0Iog6cpAMeUHpxKYAAAACVAvjVgAAAAIAAAARAAAAEAAAAAAAAAAAAAAAAAEAAAAAAAAAAAAAAAAAAAAAAAABAAAAAgAAAAAAAAAFAAAAAgAAAADUK8hxYC65fNZ2QNIElDPi34fpg7QiiDpykAx5QenEpgAAAAAAAAAJAAAAATMzAAAAAAAAR1r0RCxQVkgI0yaRCNzp4omQx0BNOl7NPMSlNdKjHkEAAAABMzIAAAAAAABHWvRELFBWSAjTJpEI3OniiZDHQE06Xs08xKU10qMeQQAAAAAAAAAoAAAAAQAAAAEAAAAAAAAAAAAAAAAAAAABAAAABQAAAAAAAAAA1CvIcWAuuXzWdkDSBJQz4t+H6YO0Iog6cpAMeUHpxKYAAAACVAvjVgAAAAIAAAARAAAAEQAAAAAAAAAAAAAAAAEAAAAAAAAAAAAAAAAAAAA=
fa8490d2bb65869239817c014f4d916270da24c27fc2e7c9d7c00fd5720a1d45	5	10	AAAAANQryHFgLrl81nZA0gSUM+Lfh+mDtCKIOnKQDHlB6cSmAAAACgAAAAIAAAASAAAAAAAAAAAAAAABAAAAAAAAAAMAAAABRVVSAAAAAABHWvRELFBWSAjTJpEI3OniiZDHQE06Xs08xKU10qMeQQAAAAEzMwAAAAAAAEda9EQsUFZICNMmkQjc6eKJkMdATTpezTzEpTXSox5BAAAAAAAAACgAAAABAAAAAQAAAAAAAAAAAAAAAAAAAAFB6cSmAAAAQJVfFNp9FCuWPyC7khjwrCD0hFJWSa3kl5ZcG4LUn1c1+LH++bOYqZwCs7qZ9uBQSfcJimyBObE+SOF3bigOvgo=	+oSQ0rtlhpI5gXwBT02RYnDaJMJ/wufJ18AP1XIKHUUAAAAAAAAACgAAAAAAAAABAAAAAAAAAAMAAAAAAAAAAAAAAAAAAAAA1CvIcWAuuXzWdkDSBJQz4t+H6YO0Iog6cpAMeUHpxKYAAAAAAAAACgAAAAFFVVIAAAAAAEda9EQsUFZICNMmkQjc6eKJkMdATTpezTzEpTXSox5BAAAAATMzAAAAAAAAR1r0RCxQVkgI0yaRCNzp4omQx0BNOl7NPMSlNdKjHkEAAAAAAAAAKAAAAAEAAAABAAAAAAAAAAAAAAAA	AAAAAAAAAAEAAAABAAAABQAAAAAAAAAA1CvIcWAuuXzWdkDSBJQz4t+H6YO0Iog6cpAMeUHpxKYAAAACVAvjTAAAAAIAAAASAAAAEQAAAAAAAAAAAAAAAAEAAAAAAAAAAAAAAAAAAAAAAAABAAAAAgAAAAAAAAAFAAAAAgAAAADUK8hxYC65fNZ2QNIElDPi34fpg7QiiDpykAx5QenEpgAAAAAAAAAKAAAAAUVVUgAAAAAAR1r0RCxQVkgI0yaRCNzp4omQx0BNOl7NPMSlNdKjHkEAAAABMzMAAAAAAABHWvRELFBWSAjTJpEI3OniiZDHQE06Xs08xKU10qMeQQAAAAAAAAAoAAAAAQAAAAEAAAAAAAAAAAAAAAAAAAABAAAABQAAAAAAAAAA1CvIcWAuuXzWdkDSBJQz4t+H6YO0Iog6cpAMeUHpxKYAAAACVAvjTAAAAAIAAAASAAAAEgAAAAAAAAAAAAAAAAEAAAAAAAAAAAAAAAAAAAA=
\.


--
-- Name: accounts_pkey; Type: CONSTRAINT; Schema: public; Owner: -; Tablespace: 
--

ALTER TABLE ONLY accounts
    ADD CONSTRAINT accounts_pkey PRIMARY KEY (accountid);


--
-- Name: ledgerheaders_ledgerseq_key; Type: CONSTRAINT; Schema: public; Owner: -; Tablespace: 
--

ALTER TABLE ONLY ledgerheaders
    ADD CONSTRAINT ledgerheaders_ledgerseq_key UNIQUE (ledgerseq);


--
-- Name: ledgerheaders_pkey; Type: CONSTRAINT; Schema: public; Owner: -; Tablespace: 
--

ALTER TABLE ONLY ledgerheaders
    ADD CONSTRAINT ledgerheaders_pkey PRIMARY KEY (ledgerhash);


--
-- Name: offers_pkey; Type: CONSTRAINT; Schema: public; Owner: -; Tablespace: 
--

ALTER TABLE ONLY offers
    ADD CONSTRAINT offers_pkey PRIMARY KEY (offerid);


--
-- Name: peers_pkey; Type: CONSTRAINT; Schema: public; Owner: -; Tablespace: 
--

ALTER TABLE ONLY peers
    ADD CONSTRAINT peers_pkey PRIMARY KEY (ip, port);


--
-- Name: signers_pkey; Type: CONSTRAINT; Schema: public; Owner: -; Tablespace: 
--

ALTER TABLE ONLY signers
    ADD CONSTRAINT signers_pkey PRIMARY KEY (accountid, publickey);


--
-- Name: storestate_pkey; Type: CONSTRAINT; Schema: public; Owner: -; Tablespace: 
--

ALTER TABLE ONLY storestate
    ADD CONSTRAINT storestate_pkey PRIMARY KEY (statename);


--
-- Name: trustlines_pkey; Type: CONSTRAINT; Schema: public; Owner: -; Tablespace: 
--

ALTER TABLE ONLY trustlines
    ADD CONSTRAINT trustlines_pkey PRIMARY KEY (accountid, issuer, assetcode);


--
-- Name: txhistory_ledgerseq_txindex_key; Type: CONSTRAINT; Schema: public; Owner: -; Tablespace: 
--

ALTER TABLE ONLY txhistory
    ADD CONSTRAINT txhistory_ledgerseq_txindex_key UNIQUE (ledgerseq, txindex);


--
-- Name: txhistory_pkey; Type: CONSTRAINT; Schema: public; Owner: -; Tablespace: 
--

ALTER TABLE ONLY txhistory
    ADD CONSTRAINT txhistory_pkey PRIMARY KEY (txid, ledgerseq);


--
-- Name: accountbalances; Type: INDEX; Schema: public; Owner: -; Tablespace: 
--

CREATE INDEX accountbalances ON accounts USING btree (balance) WHERE (balance >= 1000000000);


--
-- Name: accountlines; Type: INDEX; Schema: public; Owner: -; Tablespace: 
--

CREATE INDEX accountlines ON trustlines USING btree (accountid);


--
-- Name: buyingissuerindex; Type: INDEX; Schema: public; Owner: -; Tablespace: 
--

CREATE INDEX buyingissuerindex ON offers USING btree (buyingissuer);


--
-- Name: ledgersbyseq; Type: INDEX; Schema: public; Owner: -; Tablespace: 
--

CREATE INDEX ledgersbyseq ON ledgerheaders USING btree (ledgerseq);


--
-- Name: priceindex; Type: INDEX; Schema: public; Owner: -; Tablespace: 
--

CREATE INDEX priceindex ON offers USING btree (price);


--
-- Name: sellingissuerindex; Type: INDEX; Schema: public; Owner: -; Tablespace: 
--

CREATE INDEX sellingissuerindex ON offers USING btree (sellingissuer);


--
-- Name: signersaccount; Type: INDEX; Schema: public; Owner: -; Tablespace: 
--

CREATE INDEX signersaccount ON signers USING btree (accountid);


--
-- PostgreSQL database dump complete
--

