--
-- PostgreSQL database dump
--

SET statement_timeout = 0;
SET lock_timeout = 0;
SET client_encoding = 'UTF8';
SET standard_conforming_strings = on;
SET check_function_bodies = false;
SET client_min_messages = warning;

SET search_path = public, pg_catalog;

DROP INDEX public.signersaccount;
DROP INDEX public.priceindex;
DROP INDEX public.paysissuerindex;
DROP INDEX public.ledgersbyseq;
DROP INDEX public.getsissuerindex;
DROP INDEX public.accountlines;
DROP INDEX public.accountbalances;
ALTER TABLE ONLY public.txhistory DROP CONSTRAINT txhistory_pkey;
ALTER TABLE ONLY public.txhistory DROP CONSTRAINT txhistory_ledgerseq_txindex_key;
ALTER TABLE ONLY public.trustlines DROP CONSTRAINT trustlines_pkey;
ALTER TABLE ONLY public.storestate DROP CONSTRAINT storestate_pkey;
ALTER TABLE ONLY public.signers DROP CONSTRAINT signers_pkey;
ALTER TABLE ONLY public.peers DROP CONSTRAINT peers_pkey;
ALTER TABLE ONLY public.offers DROP CONSTRAINT offers_pkey;
ALTER TABLE ONLY public.ledgerheaders DROP CONSTRAINT ledgerheaders_pkey;
ALTER TABLE ONLY public.ledgerheaders DROP CONSTRAINT ledgerheaders_ledgerseq_key;
ALTER TABLE ONLY public.accounts DROP CONSTRAINT accounts_pkey;
DROP TABLE public.txhistory;
DROP TABLE public.trustlines;
DROP TABLE public.storestate;
DROP TABLE public.signers;
DROP TABLE public.peers;
DROP TABLE public.offers;
DROP TABLE public.ledgerheaders;
DROP TABLE public.accounts;
DROP EXTENSION plpgsql;
DROP SCHEMA public;
--
-- Name: public; Type: SCHEMA; Schema: -; Owner: -
--

CREATE SCHEMA public;


--
-- Name: SCHEMA public; Type: COMMENT; Schema: -; Owner: -
--

COMMENT ON SCHEMA public IS 'standard public schema';


--
-- Name: plpgsql; Type: EXTENSION; Schema: -; Owner: -
--

CREATE EXTENSION IF NOT EXISTS plpgsql WITH SCHEMA pg_catalog;


--
-- Name: EXTENSION plpgsql; Type: COMMENT; Schema: -; Owner: -
--

COMMENT ON EXTENSION plpgsql IS 'PL/pgSQL procedural language';


SET search_path = public, pg_catalog;

SET default_tablespace = '';

SET default_with_oids = false;

--
-- Name: accounts; Type: TABLE; Schema: public; Owner: -; Tablespace:
--

CREATE TABLE accounts (
    accountid character varying(51) NOT NULL,
    balance bigint NOT NULL,
    seqnum bigint NOT NULL,
    numsubentries integer NOT NULL,
    inflationdest character varying(51),
    homedomain character varying(32),
    thresholds text,
    flags integer NOT NULL,
    CONSTRAINT accounts_balance_check CHECK ((balance >= 0)),
    CONSTRAINT accounts_numsubentries_check CHECK ((numsubentries >= 0))
);


--
-- Name: ledgerheaders; Type: TABLE; Schema: public; Owner: -; Tablespace:
--

CREATE TABLE ledgerheaders (
    ledgerhash character(64) NOT NULL,
    prevhash character(64) NOT NULL,
    bucketlisthash character(64) NOT NULL,
    ledgerseq integer,
    closetime bigint NOT NULL,
    data text NOT NULL,
    CONSTRAINT ledgerheaders_closetime_check CHECK ((closetime >= 0)),
    CONSTRAINT ledgerheaders_ledgerseq_check CHECK ((ledgerseq >= 0))
);


--
-- Name: offers; Type: TABLE; Schema: public; Owner: -; Tablespace:
--

CREATE TABLE offers (
    accountid character varying(51) NOT NULL,
    offerid bigint NOT NULL,
    paysalphanumcurrency character varying(4),
    paysissuer character varying(51),
    getsalphanumcurrency character varying(4),
    getsissuer character varying(51),
    amount bigint NOT NULL,
    pricen integer NOT NULL,
    priced integer NOT NULL,
    price bigint NOT NULL,
    flags integer NOT NULL,
    CONSTRAINT offers_amount_check CHECK ((amount >= 0)),
    CONSTRAINT offers_offerid_check CHECK ((offerid >= 0))
);


--
-- Name: peers; Type: TABLE; Schema: public; Owner: -; Tablespace:
--

CREATE TABLE peers (
    ip character varying(15) NOT NULL,
    port integer DEFAULT 0 NOT NULL,
    nextattempt timestamp without time zone NOT NULL,
    numfailures integer DEFAULT 0 NOT NULL,
    rank integer DEFAULT 0 NOT NULL,
    CONSTRAINT peers_numfailures_check CHECK ((numfailures >= 0)),
    CONSTRAINT peers_port_check CHECK (((port > 0) AND (port <= 65535))),
    CONSTRAINT peers_rank_check CHECK ((rank >= 0))
);


--
-- Name: signers; Type: TABLE; Schema: public; Owner: -; Tablespace:
--

CREATE TABLE signers (
    accountid character varying(51) NOT NULL,
    publickey character varying(51) NOT NULL,
    weight integer NOT NULL
);


--
-- Name: storestate; Type: TABLE; Schema: public; Owner: -; Tablespace:
--

CREATE TABLE storestate (
    statename character(32) NOT NULL,
    state text
);


--
-- Name: trustlines; Type: TABLE; Schema: public; Owner: -; Tablespace:
--

CREATE TABLE trustlines (
    accountid character varying(51) NOT NULL,
    issuer character varying(51) NOT NULL,
    alphanumcurrency character varying(4) NOT NULL,
    tlimit bigint DEFAULT 0 NOT NULL,
    balance bigint DEFAULT 0 NOT NULL,
    flags integer NOT NULL,
    CONSTRAINT trustlines_balance_check CHECK ((balance >= 0)),
    CONSTRAINT trustlines_tlimit_check CHECK ((tlimit >= 0))
);


--
-- Name: txhistory; Type: TABLE; Schema: public; Owner: -; Tablespace:
--

CREATE TABLE txhistory (
    txid character(64) NOT NULL,
    ledgerseq integer NOT NULL,
    txindex integer NOT NULL,
    txbody text NOT NULL,
    txresult text NOT NULL,
    txmeta text NOT NULL,
    CONSTRAINT txhistory_ledgerseq_check CHECK ((ledgerseq >= 0))
);


--
-- Data for Name: accounts; Type: TABLE DATA; Schema: public; Owner: -
--

COPY accounts (accountid, balance, seqnum, numsubentries, inflationdest, homedomain, thresholds, flags) FROM stdin;
gspbxqXqEUZkiCCEFFCN9Vu4FLucdjLLdLcsV6E82Qc1T7ehsTC	99999995999999960	4	0	\N		01000000	0
gsJVy9Pm8GbJPghPt6py7n75ziCgMkKksKG8koC4PErnxrZCAWD	999999990	12884901889	0	\N		01000000	0
gsLqYLeDoW52LKGysw616jSihFhCrgs8ctyu6SzotVyjSLNFnf4	999999990	12884901889	0	\N		01000000	0
gsqsSaGtwiEV1KZ9fqVHKsgsVUrS7QGHdrC9umBQAyE5iK6zV8p	999999950	12884901893	5	\N		01000000	0
gLRUakEUayqXqCibqEEkMqwwK4vPdpsFD27NRB6Nqtp8f1Vz3h	999999960	12884901892	3	\N		01000000	0
\.


--
-- Data for Name: ledgerheaders; Type: TABLE DATA; Schema: public; Owner: -
--

COPY ledgerheaders (ledgerhash, prevhash, bucketlisthash, ledgerseq, closetime, data) FROM stdin;
a9d12414d405652b752ce4425d3d94e7996a07a52228a58d7bf3bd35dd50eb46	0000000000000000000000000000000000000000000000000000000000000000	e71064e28d0740ac27cf07b267200ea9b8916ad1242195c015fa3012086588d3	1	0	AAAAAAAAAAAAAAAAAAAAAAAAAAAAAAAAAAAAAAAAAAAAAAAAAAAAAAAAAAAAAAAAAAAAAAAAAAAAAAAAAAAAAAAAAAAAAAAAAAAAAAAAAAAAAAAAAAAAAAAAAAAAAAAA5xBk4o0HQKwnzweyZyAOqbiRatEkIZXAFfowEghliNMAAAABAAAAAAAAAAABY0V4XYoAAAAAAAAAAAAAAAAAAAAAAAAAAAAAAAAACgCYloAAAAAAAAAAAAAAAAAAAAAAAAAAAAAAAAAAAAAAAAAAAAAAAAAAAAAAAAAAAAAAAAAAAAAAAAAAAAAAAAAAAAAAAAAAAAAAAAAAAAAAAAAAAAAAAAAAAAAAAAAAAAAAAAAAAAAAAAAAAAAAAAAAAAAAAAAAAAAAAAAAAAAAAAAAAA==
8cf712ebcb4b225e510d561bf0e3d106b914538ebd02b39eaa19781546045a75	a9d12414d405652b752ce4425d3d94e7996a07a52228a58d7bf3bd35dd50eb46	24128cf784e4c94f58a5a72a5036a54e82b2e37c1b1b327bd8af8ab48684abf6	2	1433796430	qdEkFNQFZSt1LORCXT2U55lqB6UiKKWNe/O9Nd1Q60bWGQFaFjFEkPZuQGDTJ8o1Qnt8FuQMpJZu40ekvFPjPOOwxEKY/BwUmvv0yJlvuSQnrkHkZJuTTKSVmRt4UrhVJBKM94TkyU9YpacqUDalToKy43wbGzJ72K+KtIaEq/YAAAACAAAAAFV1/04BY0V4XYoAAAAAAAAAAAAAAAAAAAAAAAAAAAAAAAAACgCYloAAAAAAAAAAAAAAAAAAAAAAAAAAAAAAAAAAAAAAAAAAAAAAAAAAAAAAAAAAAAAAAAAAAAAAAAAAAAAAAAAAAAAAAAAAAAAAAAAAAAAAAAAAAAAAAAAAAAAAAAAAAAAAAAAAAAAAAAAAAAAAAAAAAAAAAAAAAAAAAAAAAAAAAAAAAA==
6cce810bd5efe5fd4feb5c9a469fca9b265f8a069a7163259427881cafd23b17	8cf712ebcb4b225e510d561bf0e3d106b914538ebd02b39eaa19781546045a75	a3f1a515b244124f465b48a705739253f32e112226e76c99ad7af52e5989e2bf	3	1433796431	jPcS68tLIl5RDVYb8OPRBrkUU469ArOeqhl4FUYEWnUKZ6dMEz+xWsT3gYzHJCZbX1AI1XMwaGDzfx2KFMiq2EAYoLEhiH9InRuG0VkcdOXwEsEYll9Uo76+tT2NNJ3Do/GlFbJEEk9GW0inBXOSU/MuESIm52yZrXr1LlmJ4r8AAAADAAAAAFV1/08BY0V4XYoAAAAAAAAAAAAoAAAAAAAAAAAAAAAAAAAACgCYloAAAAAAAAAAAAAAAAAAAAAAAAAAAAAAAAAAAAAAAAAAAAAAAAAAAAAAAAAAAAAAAAAAAAAAAAAAAAAAAAAAAAAAAAAAAAAAAAAAAAAAAAAAAAAAAAAAAAAAAAAAAAAAAAAAAAAAAAAAAAAAAAAAAAAAAAAAAAAAAAAAAAAAAAAAAA==
0574f929421e86c4ac90307d75f819a9d4e29fcdea5f760e406bf544a30c52bb	6cce810bd5efe5fd4feb5c9a469fca9b265f8a069a7163259427881cafd23b17	215b84add4d0421291c09f8ba237ae9d3f6fbe6b931728aee99b61cb933c3b58	4	1433796432	bM6BC9Xv5f1P61yaRp/KmyZfigaacWMllCeIHK/SOxcQYTbh5nVa8CQxrBvzt8ESVfCwWoqsxXieOs0gx/X789j4hQRAJIGTMMrmPXtKIQ3LfvilqsaaOss/lCkjHiqaIVuErdTQQhKRwJ+LojeunT9vvmuTFyiu6Zthy5M8O1gAAAAEAAAAAFV1/1ABY0V4XYoAAAAAAAAAAABQAAAAAAAAAAAAAAAAAAAACgCYloAAAAAAAAAAAAAAAAAAAAAAAAAAAAAAAAAAAAAAAAAAAAAAAAAAAAAAAAAAAAAAAAAAAAAAAAAAAAAAAAAAAAAAAAAAAAAAAAAAAAAAAAAAAAAAAAAAAAAAAAAAAAAAAAAAAAAAAAAAAAAAAAAAAAAAAAAAAAAAAAAAAAAAAAAAAA==
1e5bad4d6d92108d1c960a3e06a3438f37d839c6f45f329a278de33713b67c42	0574f929421e86c4ac90307d75f819a9d4e29fcdea5f760e406bf544a30c52bb	c7af97a6c6325f348d0d45812dd44f554d3ebecc06535c56556c0bb62f30fb61	5	1433796433	BXT5KUIehsSskDB9dfgZqdTin83qX3YOQGv1RKMMUrsPn/DO5Kz+WY/LH+pBK+16/j/rELj52ToIAyOFaDRPp6usrVnl9iSvjCnIKxBQCLYC1sYo+t/hrLhzamzE4zJPx6+XpsYyXzSNDUWBLdRPVU0+vswGU1xWVWwLti8w+2EAAAAFAAAAAFV1/1EBY0V4XYoAAAAAAAAAAABkAAAAAAAAAAAAAAAAAAAACgCYloAAAAAAAAAAAAAAAAAAAAAAAAAAAAAAAAAAAAAAAAAAAAAAAAAAAAAAAAAAAAAAAAAAAAAAAAAAAAAAAAAAAAAAAAAAAAAAAAAAAAAAAAAAAAAAAAAAAAAAAAAAAAAAAAAAAAAAAAAAAAAAAAAAAAAAAAAAAAAAAAAAAAAAAAAAAA==
beef8eb516f201fb14119fbe6b7ed2a261267b3bad3827447f282c043cbd1b27	1e5bad4d6d92108d1c960a3e06a3438f37d839c6f45f329a278de33713b67c42	5b84bae5b30962cddc35ea62901a2c8a26056f42cacc5efe586c4d029df6a5b9	6	1433796434	HlutTW2SEI0clgo+BqNDjzfYOcb0XzKaJ43jNxO2fEIDymuFWzwvlgLECCVb2LFusDrZNp5GZyPiP6aC62pszB7VVSwwxuQoqUuByLMnMhkaqlO8v+4ASlGuyC5pCXo3W4S65bMJYs3cNepikBosiiYFb0LKzF7+WGxNAp32pbkAAAAGAAAAAFV1/1IBY0V4XYoAAAAAAAAAAACCAAAAAAAAAAAAAAADAAAACgCYloAAAAAAAAAAAAAAAAAAAAAAAAAAAAAAAAAAAAAAAAAAAAAAAAAAAAAAAAAAAAAAAAAAAAAAAAAAAAAAAAAAAAAAAAAAAAAAAAAAAAAAAAAAAAAAAAAAAAAAAAAAAAAAAAAAAAAAAAAAAAAAAAAAAAAAAAAAAAAAAAAAAAAAAAAAAA==
3afe2b7042d77be3fc5e036b2996a4244fc086feb519c97d8f285aaed6aa3234	beef8eb516f201fb14119fbe6b7ed2a261267b3bad3827447f282c043cbd1b27	8f7cbdaaa82897fa6785f85aa65e25e171f3a2945bc1c1be289ca814c3c6819e	7	1433796435	vu+OtRbyAfsUEZ++a37SomEmezutOCdEfygsBDy9GyfVWt23HoITLBUVQ43lSKtqU6nHmUw/YX5mjaZiZFOeysgYTTT0j91XfE8ytdLatWGOdXOYVg6sqey1H/GGN/A+j3y9qqgol/pnhfhapl4l4XHzopRbwcG+KJyoFMPGgZ4AAAAHAAAAAFV1/1MBY0V4XYoAAAAAAAAAAACWAAAAAAAAAAAAAAAEAAAACgCYloAAAAAAAAAAAAAAAAAAAAAAAAAAAAAAAAAAAAAAAAAAAAAAAAAAAAAAAAAAAAAAAAAAAAAAAAAAAAAAAAAAAAAAAAAAAAAAAAAAAAAAAAAAAAAAAAAAAAAAAAAAAAAAAAAAAAAAAAAAAAAAAAAAAAAAAAAAAAAAAAAAAAAAAAAAAA==
\.


--
-- Data for Name: offers; Type: TABLE DATA; Schema: public; Owner: -
--

COPY offers (accountid, offerid, paysalphanumcurrency, paysissuer, getsalphanumcurrency, getsissuer, amount, pricen, priced, price, flags) FROM stdin;
gsqsSaGtwiEV1KZ9fqVHKsgsVUrS7QGHdrC9umBQAyE5iK6zV8p	2	USD	gsLqYLeDoW52LKGysw616jSihFhCrgs8ctyu6SzotVyjSLNFnf4	EUR	gsJVy9Pm8GbJPghPt6py7n75ziCgMkKksKG8koC4PErnxrZCAWD	1111111111	10	9	11111111	0
gsqsSaGtwiEV1KZ9fqVHKsgsVUrS7QGHdrC9umBQAyE5iK6zV8p	3	USD	gsLqYLeDoW52LKGysw616jSihFhCrgs8ctyu6SzotVyjSLNFnf4	EUR	gsJVy9Pm8GbJPghPt6py7n75ziCgMkKksKG8koC4PErnxrZCAWD	1250000000	5	4	12500000	0
gsqsSaGtwiEV1KZ9fqVHKsgsVUrS7QGHdrC9umBQAyE5iK6zV8p	1	USD	gsLqYLeDoW52LKGysw616jSihFhCrgs8ctyu6SzotVyjSLNFnf4	EUR	gsJVy9Pm8GbJPghPt6py7n75ziCgMkKksKG8koC4PErnxrZCAWD	500000000	1	1	10000000	0
gLRUakEUayqXqCibqEEkMqwwK4vPdpsFD27NRB6Nqtp8f1Vz3h	4	\N	\N	USD	gsLqYLeDoW52LKGysw616jSihFhCrgs8ctyu6SzotVyjSLNFnf4	500000000	1	1	10000000	0
\.


--
-- Data for Name: peers; Type: TABLE DATA; Schema: public; Owner: -
--

COPY peers (ip, port, nextattempt, numfailures, rank) FROM stdin;
\.


--
-- Data for Name: signers; Type: TABLE DATA; Schema: public; Owner: -
--

COPY signers (accountid, publickey, weight) FROM stdin;
\.


--
-- Data for Name: storestate; Type: TABLE DATA; Schema: public; Owner: -
--

COPY storestate (statename, state) FROM stdin;
databaseinitialized             	true
forcescponnextlaunch            	false
lastclosedledger                	3afe2b7042d77be3fc5e036b2996a4244fc086feb519c97d8f285aaed6aa3234
historyarchivestate             	{\n    "version": 0,\n    "currentLedger": 7,\n    "currentBuckets": [\n        {\n            "curr": "6c812420643b3e43fbb1b117e51b8be31f7e6434440eb76fb947a8a1fe51a2e4",\n            "next": {\n                "state": 0\n            },\n            "snap": "56ffa93e9578eebca7a8af6c6ef7203db8afc81bb7f2ee29e668a91f44ec0e04"\n        },\n        {\n            "curr": "a8e290e9113ac7d9cb44751e14805b07d7eb38396edf37648785e174cfbd6aed",\n            "next": {\n                "state": 1,\n                "output": "56ffa93e9578eebca7a8af6c6ef7203db8afc81bb7f2ee29e668a91f44ec0e04"\n            },\n            "snap": "0000000000000000000000000000000000000000000000000000000000000000"\n        },\n        {\n            "curr": "0000000000000000000000000000000000000000000000000000000000000000",\n            "next": {\n                "state": 0\n            },\n            "snap": "0000000000000000000000000000000000000000000000000000000000000000"\n        },\n        {\n            "curr": "0000000000000000000000000000000000000000000000000000000000000000",\n            "next": {\n                "state": 0\n            },\n            "snap": "0000000000000000000000000000000000000000000000000000000000000000"\n        },\n        {\n            "curr": "0000000000000000000000000000000000000000000000000000000000000000",\n            "next": {\n                "state": 0\n            },\n            "snap": "0000000000000000000000000000000000000000000000000000000000000000"\n        },\n        {\n            "curr": "0000000000000000000000000000000000000000000000000000000000000000",\n            "next": {\n                "state": 0\n            },\n            "snap": "0000000000000000000000000000000000000000000000000000000000000000"\n        },\n        {\n            "curr": "0000000000000000000000000000000000000000000000000000000000000000",\n            "next": {\n                "state": 0\n            },\n            "snap": "0000000000000000000000000000000000000000000000000000000000000000"\n        },\n        {\n            "curr": "0000000000000000000000000000000000000000000000000000000000000000",\n            "next": {\n                "state": 0\n            },\n            "snap": "0000000000000000000000000000000000000000000000000000000000000000"\n        },\n        {\n            "curr": "0000000000000000000000000000000000000000000000000000000000000000",\n            "next": {\n                "state": 0\n            },\n            "snap": "0000000000000000000000000000000000000000000000000000000000000000"\n        },\n        {\n            "curr": "0000000000000000000000000000000000000000000000000000000000000000",\n            "next": {\n                "state": 0\n            },\n            "snap": "0000000000000000000000000000000000000000000000000000000000000000"\n        },\n        {\n            "curr": "0000000000000000000000000000000000000000000000000000000000000000",\n            "next": {\n                "state": 0\n            },\n            "snap": "0000000000000000000000000000000000000000000000000000000000000000"\n        }\n    ]\n}
\.


--
-- Data for Name: trustlines; Type: TABLE DATA; Schema: public; Owner: -
--

COPY trustlines (accountid, issuer, alphanumcurrency, tlimit, balance, flags) FROM stdin;
gsqsSaGtwiEV1KZ9fqVHKsgsVUrS7QGHdrC9umBQAyE5iK6zV8p	gsLqYLeDoW52LKGysw616jSihFhCrgs8ctyu6SzotVyjSLNFnf4	USD	9223372036854775807	500000000	1
gsqsSaGtwiEV1KZ9fqVHKsgsVUrS7QGHdrC9umBQAyE5iK6zV8p	gsJVy9Pm8GbJPghPt6py7n75ziCgMkKksKG8koC4PErnxrZCAWD	EUR	9223372036854775807	4500000000	1
gLRUakEUayqXqCibqEEkMqwwK4vPdpsFD27NRB6Nqtp8f1Vz3h	gsJVy9Pm8GbJPghPt6py7n75ziCgMkKksKG8koC4PErnxrZCAWD	EUR	9223372036854775807	500000000	1
gLRUakEUayqXqCibqEEkMqwwK4vPdpsFD27NRB6Nqtp8f1Vz3h	gsLqYLeDoW52LKGysw616jSihFhCrgs8ctyu6SzotVyjSLNFnf4	USD	9223372036854775807	4500000000	1
\.


--
-- Data for Name: txhistory; Type: TABLE DATA; Schema: public; Owner: -
--

COPY txhistory (txid, ledgerseq, txindex, txbody, txresult, txmeta) FROM stdin;
4e8ed556069ac2ec831577e8776a9b8d8f0e07e06efea64e72d0d02296d85b6b	3	1	iZsoQO1WNsVt3F8Usjl1958bojiNJpTkxW7N3clg5e8AAAAKAAAAAAAAAAEAAAAAAAAAAAAAAAEAAAAAAAAAACwWwRa3fYcMjBp7FmW0rZHb15UiF2ghZPQ6HmfDKv/3AAAAADuaygAAAAABiZsoQFL7A15qvjg2QFNQU95WFEs56k5ytyX3GaCRyue62R5Wol8rfkB8FzBn10GW0F5p/WeXN3DWIm8A+6VImjvFaQA=	To7VVgaawuyDFXfod2qbjY8OB+Bu/qZOctDQIpbYW2sAAAAAAAAACgAAAAAAAAABAAAAAAAAAAAAAAAA	AAAAAgAAAAAAAAAALBbBFrd9hwyMGnsWZbStkdvXlSIXaCFk9DoeZ8Mq//cAAAAAO5rKAAAAAAMAAAAAAAAAAAAAAAAAAAAAAQAAAAAAAAAAAAAAAAAAAQAAAACJmyhA7VY2xW3cXxSyOXX3nxuiOI0mlOTFbs3dyWDl7wFjRXgh7zX2AAAAAAAAAAEAAAAAAAAAAAAAAAABAAAAAAAAAAAAAAA=
4680fccb623176dbf781d4443a356601f3dc526269b25a1983b95b10a4434351	3	2	iZsoQO1WNsVt3F8Usjl1958bojiNJpTkxW7N3clg5e8AAAAKAAAAAAAAAAIAAAAAAAAAAAAAAAEAAAAAAAAAAPC99xqqTU1f03JJ4ZHFTk32NerBgvIV+6f7kgtueUg9AAAAADuaygAAAAABiZsoQJfHhSXK65bLpfGmPhwTvTq9j36wR/3rDd07Fmo7OHMSQJVDxU2n9kPRmZgRX7pcO7PVIQfKCdPbGhmrwWAdbwI=	RoD8y2Ixdtv3gdREOjVmAfPcUmJpsloZg7lbEKRDQ1EAAAAAAAAACgAAAAAAAAABAAAAAAAAAAAAAAAA	AAAAAgAAAAAAAAAA8L33GqpNTV/TcknhkcVOTfY16sGC8hX7p/uSC255SD0AAAAAO5rKAAAAAAMAAAAAAAAAAAAAAAAAAAAAAQAAAAAAAAAAAAAAAAAAAQAAAACJmyhA7VY2xW3cXxSyOXX3nxuiOI0mlOTFbs3dyWDl7wFjRXfmVGvsAAAAAAAAAAIAAAAAAAAAAAAAAAABAAAAAAAAAAAAAAA=
d26b5f0a5e47c9a17283bffa276dc9e18b56c0773cc3eb3988d42b8867573d65	3	3	iZsoQO1WNsVt3F8Usjl1958bojiNJpTkxW7N3clg5e8AAAAKAAAAAAAAAAMAAAAAAAAAAAAAAAEAAAAAAAAAALC8+zb8wN6iAHgnbEnanLhk2i5FsC/M3oHAUYUQpC0vAAAAADuaygAAAAABiZsoQDY7K956MBSlNzJhLFvYwTHHBPjcmnXC2LAWS1Ork38UDCYCRdWTzxyPqQtmikpMO/0NP3vs5ejmSWXqz377OA4=	0mtfCl5HyaFyg7/6J23J4YtWwHc8w+s5iNQriGdXPWUAAAAAAAAACgAAAAAAAAABAAAAAAAAAAAAAAAA	AAAAAgAAAAAAAAAAsLz7NvzA3qIAeCdsSdqcuGTaLkWwL8zegcBRhRCkLS8AAAAAO5rKAAAAAAMAAAAAAAAAAAAAAAAAAAAAAQAAAAAAAAAAAAAAAAAAAQAAAACJmyhA7VY2xW3cXxSyOXX3nxuiOI0mlOTFbs3dyWDl7wFjRXequaHiAAAAAAAAAAMAAAAAAAAAAAAAAAABAAAAAAAAAAAAAAA=
f48d2e8971a920d9e0c177bf0b435456e99225c83c49dde71031eeb63e5979a7	3	4	iZsoQO1WNsVt3F8Usjl1958bojiNJpTkxW7N3clg5e8AAAAKAAAAAAAAAAQAAAAAAAAAAAAAAAEAAAAAAAAAAKtuRJMCNKI1qEA1dgOGLqAiIN6iJCgCykUuXIUxEkxXAAAAADuaygAAAAABiZsoQERxdCIGqSWAN+VG9odwjSMps1nL0GNlITZ0dW6sK2GbIKmM7JjyFxWa5AbOfefyXS3UkeIQ1a5lGh0Os4O+GgM=	9I0uiXGpINngwXe/C0NUVumSJcg8Sd3nEDHutj5ZeacAAAAAAAAACgAAAAAAAAABAAAAAAAAAAAAAAAA	AAAAAgAAAAAAAAAAq25EkwI0ojWoQDV2A4YuoCIg3qIkKALKRS5chTESTFcAAAAAO5rKAAAAAAMAAAAAAAAAAAAAAAAAAAAAAQAAAAAAAAAAAAAAAAAAAQAAAACJmyhA7VY2xW3cXxSyOXX3nxuiOI0mlOTFbs3dyWDl7wFjRXdvHtfYAAAAAAAAAAQAAAAAAAAAAAAAAAABAAAAAAAAAAAAAAA=
fbdd1ca00674166ef9a88e5220ab2d2059927228ca3936eea3d63c7c5c435b0e	4	1	LBbBFrd9hwyMGnsWZbStkdvXlSIXaCFk9DoeZ8Mq//cAAAAKAAAAAwAAAAEAAAAAAAAAAAAAAAEAAAAAAAAABgAAAAFVU0QAsLz7NvzA3qIAeCdsSdqcuGTaLkWwL8zegcBRhRCkLS9//////////wAAAAEsFsEW6Xgl+8D9f88+UZctC3cc9zZoGe2bpqd/QiRVNBymlLRmmuiEpzpWwbSubJ9JMdKqeCExtiwQX4eAirWIFqKfDw==	+90coAZ0Fm75qI5SIKstIFmScijKOTbuo9Y8fFxDWw4AAAAAAAAACgAAAAAAAAABAAAAAAAAAAYAAAAA	AAAAAgAAAAAAAAABLBbBFrd9hwyMGnsWZbStkdvXlSIXaCFk9DoeZ8Mq//cAAAABVVNEALC8+zb8wN6iAHgnbEnanLhk2i5FsC/M3oHAUYUQpC0vAAAAAAAAAAB//////////wAAAAEAAAABAAAAACwWwRa3fYcMjBp7FmW0rZHb15UiF2ghZPQ6HmfDKv/3AAAAADuayfYAAAADAAAAAQAAAAEAAAAAAAAAAAEAAAAAAAAAAAAAAA==
7997c2d758380ad4febfcdc204258e9acd9316ea9c233181b140d7daff710bb5	4	2	8L33GqpNTV/TcknhkcVOTfY16sGC8hX7p/uSC255SD0AAAAKAAAAAwAAAAEAAAAAAAAAAAAAAAEAAAAAAAAABgAAAAFVU0QAsLz7NvzA3qIAeCdsSdqcuGTaLkWwL8zegcBRhRCkLS9//////////wAAAAHwvfcaUQhLtaZbMntMAMxjt1B1i7zJaQ+5wNESZbJ2W8b20628u/OlWdQX4oTIb1jfQRkhXYfNft2Rvq1r43RCP1TPBg==	eZfC11g4CtT+v83CBCWOms2TFuqcIzGBsUDX2v9xC7UAAAAAAAAACgAAAAAAAAABAAAAAAAAAAYAAAAA	AAAAAgAAAAAAAAAB8L33GqpNTV/TcknhkcVOTfY16sGC8hX7p/uSC255SD0AAAABVVNEALC8+zb8wN6iAHgnbEnanLhk2i5FsC/M3oHAUYUQpC0vAAAAAAAAAAB//////////wAAAAEAAAABAAAAAPC99xqqTU1f03JJ4ZHFTk32NerBgvIV+6f7kgtueUg9AAAAADuayfYAAAADAAAAAQAAAAEAAAAAAAAAAAEAAAAAAAAAAAAAAA==
c48dbc6999f66156b8502bd289ed1d15ece508fec68e5aa6d0f08a7ba3fa957c	4	3	LBbBFrd9hwyMGnsWZbStkdvXlSIXaCFk9DoeZ8Mq//cAAAAKAAAAAwAAAAIAAAAAAAAAAAAAAAEAAAAAAAAABgAAAAFFVVIAq25EkwI0ojWoQDV2A4YuoCIg3qIkKALKRS5chTESTFd//////////wAAAAEsFsEW+s+DeXhTwvCGqMnb3NbgoDRE4X6GG2NY2S2dfr5iCDmuUDDd7RiOevKQO6FlVPGdKlzQQgUVYOigcT8dt+WCDA==	xI28aZn2YVa4UCvSie0dFezlCP7Gjlqm0PCKe6P6lXwAAAAAAAAACgAAAAAAAAABAAAAAAAAAAYAAAAA	AAAAAgAAAAAAAAABLBbBFrd9hwyMGnsWZbStkdvXlSIXaCFk9DoeZ8Mq//cAAAABRVVSAKtuRJMCNKI1qEA1dgOGLqAiIN6iJCgCykUuXIUxEkxXAAAAAAAAAAB//////////wAAAAEAAAABAAAAACwWwRa3fYcMjBp7FmW0rZHb15UiF2ghZPQ6HmfDKv/3AAAAADuayewAAAADAAAAAgAAAAIAAAAAAAAAAAEAAAAAAAAAAAAAAA==
5fb7987dfab7854e62cb211c46c72b630a3cba684bfd9d46fe431d8b263f6950	4	4	8L33GqpNTV/TcknhkcVOTfY16sGC8hX7p/uSC255SD0AAAAKAAAAAwAAAAIAAAAAAAAAAAAAAAEAAAAAAAAABgAAAAFFVVIAq25EkwI0ojWoQDV2A4YuoCIg3qIkKALKRS5chTESTFd//////////wAAAAHwvfcaSCUbqm2DwRhHv6z2S9O8E7DvrdRMO9QpDDOIVPuTQZDgWc0yHPy3NmMa9alxmcO5WeH5rkWl1Pv6I0nwzn7NAQ==	X7eYffq3hU5iyyEcRscrYwo8umhL/Z1G/kMdiyY/aVAAAAAAAAAACgAAAAAAAAABAAAAAAAAAAYAAAAA	AAAAAgAAAAAAAAAB8L33GqpNTV/TcknhkcVOTfY16sGC8hX7p/uSC255SD0AAAABRVVSAKtuRJMCNKI1qEA1dgOGLqAiIN6iJCgCykUuXIUxEkxXAAAAAAAAAAB//////////wAAAAEAAAABAAAAAPC99xqqTU1f03JJ4ZHFTk32NerBgvIV+6f7kgtueUg9AAAAADuayewAAAADAAAAAgAAAAIAAAAAAAAAAAEAAAAAAAAAAAAAAA==
08077bd9ae29d04dc783903bb21eb846bf1f22534a2422520f45235e393f51dd	5	1	q25EkwI0ojWoQDV2A4YuoCIg3qIkKALKRS5chTESTFcAAAAKAAAAAwAAAAEAAAAAAAAAAAAAAAEAAAAAAAAAAfC99xqqTU1f03JJ4ZHFTk32NerBgvIV+6f7kgtueUg9AAAAAUVVUgCrbkSTAjSiNahANXYDhi6gIiDeoiQoAspFLlyFMRJMVwAAAAEqBfIAAAAAAatuRJMnDdebSbFktntT4SdMb9iHsQb2stYMKTWuIX04Em+J7aQAZpKMYkFfpKGjU2Zwm3D8J/6r7x6Xiwz2WyV504UO	CAd72a4p0E3Hg5A7sh64Rr8fIlNKJCJSD0UjXjk/Ud0AAAAAAAAACgAAAAAAAAABAAAAAAAAAAEAAAAA	AAAAAgAAAAEAAAAAq25EkwI0ojWoQDV2A4YuoCIg3qIkKALKRS5chTESTFcAAAAAO5rJ9gAAAAMAAAABAAAAAAAAAAAAAAAAAQAAAAAAAAAAAAAAAAAAAQAAAAHwvfcaqk1NX9NySeGRxU5N9jXqwYLyFfun+5ILbnlIPQAAAAFFVVIAq25EkwI0ojWoQDV2A4YuoCIg3qIkKALKRS5chTESTFcAAAABKgXyAH//////////AAAAAQ==
e28f9cc29a6decf87c4a465d7374b3f7dcabf06493429cbc43d4346248c29059	5	2	sLz7NvzA3qIAeCdsSdqcuGTaLkWwL8zegcBRhRCkLS8AAAAKAAAAAwAAAAEAAAAAAAAAAAAAAAEAAAAAAAAAASwWwRa3fYcMjBp7FmW0rZHb15UiF2ghZPQ6HmfDKv/3AAAAAVVTRACwvPs2/MDeogB4J2xJ2py4ZNouRbAvzN6BwFGFEKQtLwAAAAEqBfIAAAAAAbC8+zZMo1kE+7W7uK+C5l2wlDAtksbC5m9gC3e0nwulFy+9VCy2FpI8Bym6xbpIuPkHyHwIBS3fXd1QkeJ6yxrHmcQN	4o+cwppt7Ph8SkZdc3Sz99yr8GSTQpy8Q9Q0YkjCkFkAAAAAAAAACgAAAAAAAAABAAAAAAAAAAEAAAAA	AAAAAgAAAAEAAAAAsLz7NvzA3qIAeCdsSdqcuGTaLkWwL8zegcBRhRCkLS8AAAAAO5rJ9gAAAAMAAAABAAAAAAAAAAAAAAAAAQAAAAAAAAAAAAAAAAAAAQAAAAEsFsEWt32HDIwaexZltK2R29eVIhdoIWT0Oh5nwyr/9wAAAAFVU0QAsLz7NvzA3qIAeCdsSdqcuGTaLkWwL8zegcBRhRCkLS8AAAABKgXyAH//////////AAAAAQ==
cf600078c815242a313c62ea26da3b4a275fa8202915dea8c245c298584115ae	6	1	8L33GqpNTV/TcknhkcVOTfY16sGC8hX7p/uSC255SD0AAAAKAAAAAwAAAAMAAAAAAAAAAAAAAAEAAAAAAAAAAwAAAAFFVVIAq25EkwI0ojWoQDV2A4YuoCIg3qIkKALKRS5chTESTFcAAAABVVNEALC8+zb8wN6iAHgnbEnanLhk2i5FsC/M3oHAUYUQpC0vAAAAADuaygAAAAABAAAAAQAAAAAAAAAAAAAAAfC99xo3X/IqO9vSH/Th44gDM8sk+4IoRbOGdrXYKHdw+pSiJp1I006Wy9P5nXBsdnvmOnrji3ZNd3CsPTZIwvgq45AL	z2AAeMgVJCoxPGLqJto7SidfqCApFd6owkXCmFhBFa4AAAAAAAAACgAAAAAAAAABAAAAAAAAAAMAAAAAAAAAAAAAAADwvfcaqk1NX9NySeGRxU5N9jXqwYLyFfun+5ILbnlIPQAAAAAAAAABAAAAAUVVUgCrbkSTAjSiNahANXYDhi6gIiDeoiQoAspFLlyFMRJMVwAAAAFVU0QAsLz7NvzA3qIAeCdsSdqcuGTaLkWwL8zegcBRhRCkLS8AAAAAO5rKAAAAAAEAAAABAAAAAA==	AAAAAgAAAAAAAAAC8L33GqpNTV/TcknhkcVOTfY16sGC8hX7p/uSC255SD0AAAAAAAAAAQAAAAFFVVIAq25EkwI0ojWoQDV2A4YuoCIg3qIkKALKRS5chTESTFcAAAABVVNEALC8+zb8wN6iAHgnbEnanLhk2i5FsC/M3oHAUYUQpC0vAAAAADuaygAAAAABAAAAAQAAAAAAAAABAAAAAPC99xqqTU1f03JJ4ZHFTk32NerBgvIV+6f7kgtueUg9AAAAADuayeIAAAADAAAAAwAAAAMAAAAAAAAAAAEAAAAAAAAAAAAAAA==
acd9f62c539706caafcc5b46e1211c72c31f6c402ec36142d7906e808eaa710d	6	2	8L33GqpNTV/TcknhkcVOTfY16sGC8hX7p/uSC255SD0AAAAKAAAAAwAAAAQAAAAAAAAAAAAAAAEAAAAAAAAAAwAAAAFFVVIAq25EkwI0ojWoQDV2A4YuoCIg3qIkKALKRS5chTESTFcAAAABVVNEALC8+zb8wN6iAHgnbEnanLhk2i5FsC/M3oHAUYUQpC0vAAAAAEI6NccAAAAKAAAACQAAAAAAAAAAAAAAAfC99xrkg3NMEmPmhNuruPVZzEhxmte+qg27JPnsjOeNXuygOP2NdZHyFDuMPTktdjSG+j5psn3tHndDg3AKXkMXlW0P	rNn2LFOXBsqvzFtG4SEccsMfbEAuw2FC15BugI6qcQ0AAAAAAAAACgAAAAAAAAABAAAAAAAAAAMAAAAAAAAAAAAAAADwvfcaqk1NX9NySeGRxU5N9jXqwYLyFfun+5ILbnlIPQAAAAAAAAACAAAAAUVVUgCrbkSTAjSiNahANXYDhi6gIiDeoiQoAspFLlyFMRJMVwAAAAFVU0QAsLz7NvzA3qIAeCdsSdqcuGTaLkWwL8zegcBRhRCkLS8AAAAAQjo1xwAAAAoAAAAJAAAAAA==	AAAAAgAAAAAAAAAC8L33GqpNTV/TcknhkcVOTfY16sGC8hX7p/uSC255SD0AAAAAAAAAAgAAAAFFVVIAq25EkwI0ojWoQDV2A4YuoCIg3qIkKALKRS5chTESTFcAAAABVVNEALC8+zb8wN6iAHgnbEnanLhk2i5FsC/M3oHAUYUQpC0vAAAAAEI6NccAAAAKAAAACQAAAAAAAAABAAAAAPC99xqqTU1f03JJ4ZHFTk32NerBgvIV+6f7kgtueUg9AAAAADuaydgAAAADAAAABAAAAAQAAAAAAAAAAAEAAAAAAAAAAAAAAA==
39463521299afd48a7684bf6f8c79e84443eef20f099e64e7c1c350a7adc55fa	6	3	8L33GqpNTV/TcknhkcVOTfY16sGC8hX7p/uSC255SD0AAAAKAAAAAwAAAAUAAAAAAAAAAAAAAAEAAAAAAAAAAwAAAAFFVVIAq25EkwI0ojWoQDV2A4YuoCIg3qIkKALKRS5chTESTFcAAAABVVNEALC8+zb8wN6iAHgnbEnanLhk2i5FsC/M3oHAUYUQpC0vAAAAAEqBfIAAAAAFAAAABAAAAAAAAAAAAAAAAfC99xp1WC/O95D7rxoNQ6eyBNYT86hC8RdXIfjO5P6JCmZ7Pv7LpLdDSqhCRp4Zdq3LmpGq3WMX/xCdZdiNH5y4uUgC	OUY1ISma/UinaEv2+MeehEQ+7yDwmeZOfBw1CnrcVfoAAAAAAAAACgAAAAAAAAABAAAAAAAAAAMAAAAAAAAAAAAAAADwvfcaqk1NX9NySeGRxU5N9jXqwYLyFfun+5ILbnlIPQAAAAAAAAADAAAAAUVVUgCrbkSTAjSiNahANXYDhi6gIiDeoiQoAspFLlyFMRJMVwAAAAFVU0QAsLz7NvzA3qIAeCdsSdqcuGTaLkWwL8zegcBRhRCkLS8AAAAASoF8gAAAAAUAAAAEAAAAAA==	AAAAAgAAAAAAAAAC8L33GqpNTV/TcknhkcVOTfY16sGC8hX7p/uSC255SD0AAAAAAAAAAwAAAAFFVVIAq25EkwI0ojWoQDV2A4YuoCIg3qIkKALKRS5chTESTFcAAAABVVNEALC8+zb8wN6iAHgnbEnanLhk2i5FsC/M3oHAUYUQpC0vAAAAAEqBfIAAAAAFAAAABAAAAAAAAAABAAAAAPC99xqqTU1f03JJ4ZHFTk32NerBgvIV+6f7kgtueUg9AAAAADuayc4AAAADAAAABQAAAAUAAAAAAAAAAAEAAAAAAAAAAAAAAA==
64f301f5619cd98010ce9a07ca1c23099dd1a0d0679413636bea81ebcafcf0d8	7	1	LBbBFrd9hwyMGnsWZbStkdvXlSIXaCFk9DoeZ8Mq//cAAAAKAAAAAwAAAAMAAAAAAAAAAAAAAAEAAAAAAAAAAwAAAAFVU0QAsLz7NvzA3qIAeCdsSdqcuGTaLkWwL8zegcBRhRCkLS8AAAABRVVSAKtuRJMCNKI1qEA1dgOGLqAiIN6iJCgCykUuXIUxEkxXAAAAAB3NZQAAAAABAAAAAQAAAAAAAAAAAAAAASwWwRa8Q6T//yYeaLTWzAwuskfjvSR+cm2/PyjtGGNwYt+ehGKD6O8d+bgSOxjrqmv+cfQ4k6mlFAjG37GFAtwco0UP	ZPMB9WGc2YAQzpoHyhwjCZ3RoNBnlBNja+qB68r88NgAAAAAAAAACgAAAAAAAAABAAAAAAAAAAMAAAAAAAAAAfC99xqqTU1f03JJ4ZHFTk32NerBgvIV+6f7kgtueUg9AAAAAAAAAAEAAAABRVVSAKtuRJMCNKI1qEA1dgOGLqAiIN6iJCgCykUuXIUxEkxXAAAAAB3NZQAAAAAC	AAAABgAAAAEAAAAALBbBFrd9hwyMGnsWZbStkdvXlSIXaCFk9DoeZ8Mq//cAAAAAO5rJ4gAAAAMAAAADAAAAAgAAAAAAAAAAAQAAAAAAAAAAAAAAAAAAAQAAAAEsFsEWt32HDIwaexZltK2R29eVIhdoIWT0Oh5nwyr/9wAAAAFFVVIAq25EkwI0ojWoQDV2A4YuoCIg3qIkKALKRS5chTESTFcAAAAAHc1lAH//////////AAAAAQAAAAEAAAABLBbBFrd9hwyMGnsWZbStkdvXlSIXaCFk9DoeZ8Mq//cAAAABVVNEALC8+zb8wN6iAHgnbEnanLhk2i5FsC/M3oHAUYUQpC0vAAAAAQw4jQB//////////wAAAAEAAAABAAAAAfC99xqqTU1f03JJ4ZHFTk32NerBgvIV+6f7kgtueUg9AAAAAUVVUgCrbkSTAjSiNahANXYDhi6gIiDeoiQoAspFLlyFMRJMVwAAAAEMOI0Af/////////8AAAABAAAAAQAAAAHwvfcaqk1NX9NySeGRxU5N9jXqwYLyFfun+5ILbnlIPQAAAAFVU0QAsLz7NvzA3qIAeCdsSdqcuGTaLkWwL8zegcBRhRCkLS8AAAAAHc1lAH//////////AAAAAQAAAAEAAAAC8L33GqpNTV/TcknhkcVOTfY16sGC8hX7p/uSC255SD0AAAAAAAAAAQAAAAFFVVIAq25EkwI0ojWoQDV2A4YuoCIg3qIkKALKRS5chTESTFcAAAABVVNEALC8+zb8wN6iAHgnbEnanLhk2i5FsC/M3oHAUYUQpC0vAAAAAB3NZQAAAAABAAAAAQAAAAA=
a4ecaa95c88a13ca337bd0df48e9949fa79d0cff24b2f5f3250b127a9235ee35	7	2	LBbBFrd9hwyMGnsWZbStkdvXlSIXaCFk9DoeZ8Mq//cAAAAKAAAAAwAAAAQAAAAAAAAAAAAAAAEAAAAAAAAAAwAAAAFVU0QAsLz7NvzA3qIAeCdsSdqcuGTaLkWwL8zegcBRhRCkLS8AAAAAAAAAAB3NZQAAAAABAAAAAQAAAAAAAAAAAAAAASwWwRYUECRMm8ST/auGMffB1UIvoH8QIVIoSZlDFlAwj7hbVGtQDgZU7Z+t/dJyrPJEqtseBSjOzJVfOfpRKH7X5h8H	pOyqlciKE8oze9DfSOmUn6edDP8ksvXzJQsSepI17jUAAAAAAAAACgAAAAAAAAABAAAAAAAAAAMAAAAAAAAAAAAAAAAsFsEWt32HDIwaexZltK2R29eVIhdoIWT0Oh5nwyr/9wAAAAAAAAAEAAAAAVVTRACwvPs2/MDeogB4J2xJ2py4ZNouRbAvzN6BwFGFEKQtLwAAAAAAAAAAHc1lAAAAAAEAAAABAAAAAA==	AAAAAgAAAAAAAAACLBbBFrd9hwyMGnsWZbStkdvXlSIXaCFk9DoeZ8Mq//cAAAAAAAAABAAAAAFVU0QAsLz7NvzA3qIAeCdsSdqcuGTaLkWwL8zegcBRhRCkLS8AAAAAAAAAAB3NZQAAAAABAAAAAQAAAAAAAAABAAAAACwWwRa3fYcMjBp7FmW0rZHb15UiF2ghZPQ6HmfDKv/3AAAAADuaydgAAAADAAAABAAAAAMAAAAAAAAAAAEAAAAAAAAAAAAAAA==
\.


--
-- Name: accounts_pkey; Type: CONSTRAINT; Schema: public; Owner: -; Tablespace:
--

ALTER TABLE ONLY accounts
    ADD CONSTRAINT accounts_pkey PRIMARY KEY (accountid);


--
-- Name: ledgerheaders_ledgerseq_key; Type: CONSTRAINT; Schema: public; Owner: -; Tablespace:
--

ALTER TABLE ONLY ledgerheaders
    ADD CONSTRAINT ledgerheaders_ledgerseq_key UNIQUE (ledgerseq);


--
-- Name: ledgerheaders_pkey; Type: CONSTRAINT; Schema: public; Owner: -; Tablespace:
--

ALTER TABLE ONLY ledgerheaders
    ADD CONSTRAINT ledgerheaders_pkey PRIMARY KEY (ledgerhash);


--
-- Name: offers_pkey; Type: CONSTRAINT; Schema: public; Owner: -; Tablespace:
--

ALTER TABLE ONLY offers
    ADD CONSTRAINT offers_pkey PRIMARY KEY (offerid);


--
-- Name: peers_pkey; Type: CONSTRAINT; Schema: public; Owner: -; Tablespace:
--

ALTER TABLE ONLY peers
    ADD CONSTRAINT peers_pkey PRIMARY KEY (ip, port);


--
-- Name: signers_pkey; Type: CONSTRAINT; Schema: public; Owner: -; Tablespace:
--

ALTER TABLE ONLY signers
    ADD CONSTRAINT signers_pkey PRIMARY KEY (accountid, publickey);


--
-- Name: storestate_pkey; Type: CONSTRAINT; Schema: public; Owner: -; Tablespace:
--

ALTER TABLE ONLY storestate
    ADD CONSTRAINT storestate_pkey PRIMARY KEY (statename);


--
-- Name: trustlines_pkey; Type: CONSTRAINT; Schema: public; Owner: -; Tablespace:
--

ALTER TABLE ONLY trustlines
    ADD CONSTRAINT trustlines_pkey PRIMARY KEY (accountid, issuer, alphanumcurrency);


--
-- Name: txhistory_ledgerseq_txindex_key; Type: CONSTRAINT; Schema: public; Owner: -; Tablespace:
--

ALTER TABLE ONLY txhistory
    ADD CONSTRAINT txhistory_ledgerseq_txindex_key UNIQUE (ledgerseq, txindex);


--
-- Name: txhistory_pkey; Type: CONSTRAINT; Schema: public; Owner: -; Tablespace:
--

ALTER TABLE ONLY txhistory
    ADD CONSTRAINT txhistory_pkey PRIMARY KEY (txid, ledgerseq);


--
-- Name: accountbalances; Type: INDEX; Schema: public; Owner: -; Tablespace:
--

CREATE INDEX accountbalances ON accounts USING btree (balance);


--
-- Name: accountlines; Type: INDEX; Schema: public; Owner: -; Tablespace:
--

CREATE INDEX accountlines ON trustlines USING btree (accountid);


--
-- Name: getsissuerindex; Type: INDEX; Schema: public; Owner: -; Tablespace:
--

CREATE INDEX getsissuerindex ON offers USING btree (getsissuer);


--
-- Name: ledgersbyseq; Type: INDEX; Schema: public; Owner: -; Tablespace:
--

CREATE INDEX ledgersbyseq ON ledgerheaders USING btree (ledgerseq);


--
-- Name: paysissuerindex; Type: INDEX; Schema: public; Owner: -; Tablespace:
--

CREATE INDEX paysissuerindex ON offers USING btree (paysissuer);


--
-- Name: priceindex; Type: INDEX; Schema: public; Owner: -; Tablespace:
--

CREATE INDEX priceindex ON offers USING btree (price);


--
-- Name: signersaccount; Type: INDEX; Schema: public; Owner: -; Tablespace:
--

CREATE INDEX signersaccount ON signers USING btree (accountid);




--
-- PostgreSQL database dump complete
--
