--
-- PostgreSQL database dump
--

SET statement_timeout = 0;
SET lock_timeout = 0;
SET client_encoding = 'UTF8';
SET standard_conforming_strings = on;
SET check_function_bodies = false;
SET client_min_messages = warning;

SET search_path = public, pg_catalog;

DROP INDEX public.signersaccount;
DROP INDEX public.sellingissuerindex;
DROP INDEX public.priceindex;
DROP INDEX public.ledgersbyseq;
DROP INDEX public.buyingissuerindex;
DROP INDEX public.accountlines;
DROP INDEX public.accountbalances;
ALTER TABLE ONLY public.txhistory DROP CONSTRAINT txhistory_pkey;
ALTER TABLE ONLY public.txhistory DROP CONSTRAINT txhistory_ledgerseq_txindex_key;
ALTER TABLE ONLY public.trustlines DROP CONSTRAINT trustlines_pkey;
ALTER TABLE ONLY public.storestate DROP CONSTRAINT storestate_pkey;
ALTER TABLE ONLY public.signers DROP CONSTRAINT signers_pkey;
ALTER TABLE ONLY public.peers DROP CONSTRAINT peers_pkey;
ALTER TABLE ONLY public.offers DROP CONSTRAINT offers_pkey;
ALTER TABLE ONLY public.ledgerheaders DROP CONSTRAINT ledgerheaders_pkey;
ALTER TABLE ONLY public.ledgerheaders DROP CONSTRAINT ledgerheaders_ledgerseq_key;
ALTER TABLE ONLY public.accounts DROP CONSTRAINT accounts_pkey;
DROP TABLE public.txhistory;
DROP TABLE public.trustlines;
DROP TABLE public.storestate;
DROP TABLE public.signers;
DROP TABLE public.peers;
DROP TABLE public.offers;
DROP TABLE public.ledgerheaders;
DROP TABLE public.accounts;
DROP EXTENSION plpgsql;
DROP SCHEMA public;
--
-- Name: public; Type: SCHEMA; Schema: -; Owner: -
--

CREATE SCHEMA public;


--
-- Name: SCHEMA public; Type: COMMENT; Schema: -; Owner: -
--

COMMENT ON SCHEMA public IS 'standard public schema';


--
-- Name: plpgsql; Type: EXTENSION; Schema: -; Owner: -
--

CREATE EXTENSION IF NOT EXISTS plpgsql WITH SCHEMA pg_catalog;


--
-- Name: EXTENSION plpgsql; Type: COMMENT; Schema: -; Owner: -
--

COMMENT ON EXTENSION plpgsql IS 'PL/pgSQL procedural language';


SET search_path = public, pg_catalog;

SET default_tablespace = '';

SET default_with_oids = false;

--
-- Name: accounts; Type: TABLE; Schema: public; Owner: -; Tablespace: 
--

CREATE TABLE accounts (
    accountid character varying(56) NOT NULL,
    balance bigint NOT NULL,
    seqnum bigint NOT NULL,
    numsubentries integer NOT NULL,
    inflationdest character varying(56),
    homedomain character varying(32),
    thresholds text,
    flags integer NOT NULL,
    CONSTRAINT accounts_balance_check CHECK ((balance >= 0)),
    CONSTRAINT accounts_numsubentries_check CHECK ((numsubentries >= 0))
);


--
-- Name: ledgerheaders; Type: TABLE; Schema: public; Owner: -; Tablespace: 
--

CREATE TABLE ledgerheaders (
    ledgerhash character(64) NOT NULL,
    prevhash character(64) NOT NULL,
    bucketlisthash character(64) NOT NULL,
    ledgerseq integer,
    closetime bigint NOT NULL,
    data text NOT NULL,
    CONSTRAINT ledgerheaders_closetime_check CHECK ((closetime >= 0)),
    CONSTRAINT ledgerheaders_ledgerseq_check CHECK ((ledgerseq >= 0))
);


--
-- Name: offers; Type: TABLE; Schema: public; Owner: -; Tablespace: 
--

CREATE TABLE offers (
    sellerid character varying(56) NOT NULL,
    offerid bigint NOT NULL,
    sellingassettype integer,
    sellingassetcode character varying(12),
    sellingissuer character varying(56),
    buyingassettype integer,
    buyingassetcode character varying(12),
    buyingissuer character varying(56),
    amount bigint NOT NULL,
    pricen integer NOT NULL,
    priced integer NOT NULL,
    price bigint NOT NULL,
    flags integer NOT NULL,
    CONSTRAINT offers_amount_check CHECK ((amount >= 0)),
    CONSTRAINT offers_offerid_check CHECK ((offerid >= 0))
);


--
-- Name: peers; Type: TABLE; Schema: public; Owner: -; Tablespace: 
--

CREATE TABLE peers (
    ip character varying(15) NOT NULL,
    port integer DEFAULT 0 NOT NULL,
    nextattempt timestamp without time zone NOT NULL,
    numfailures integer DEFAULT 0 NOT NULL,
    rank integer DEFAULT 0 NOT NULL,
    CONSTRAINT peers_numfailures_check CHECK ((numfailures >= 0)),
    CONSTRAINT peers_port_check CHECK (((port > 0) AND (port <= 65535))),
    CONSTRAINT peers_rank_check CHECK ((rank >= 0))
);


--
-- Name: signers; Type: TABLE; Schema: public; Owner: -; Tablespace: 
--

CREATE TABLE signers (
    accountid character varying(56) NOT NULL,
    publickey character varying(56) NOT NULL,
    weight integer NOT NULL
);


--
-- Name: storestate; Type: TABLE; Schema: public; Owner: -; Tablespace: 
--

CREATE TABLE storestate (
    statename character(32) NOT NULL,
    state text
);


--
-- Name: trustlines; Type: TABLE; Schema: public; Owner: -; Tablespace: 
--

CREATE TABLE trustlines (
    accountid character varying(56) NOT NULL,
    assettype integer NOT NULL,
    issuer character varying(56) NOT NULL,
    assetcode character varying(12) NOT NULL,
    tlimit bigint DEFAULT 0 NOT NULL,
    balance bigint DEFAULT 0 NOT NULL,
    flags integer NOT NULL,
    CONSTRAINT trustlines_balance_check CHECK ((balance >= 0)),
    CONSTRAINT trustlines_tlimit_check CHECK ((tlimit >= 0))
);


--
-- Name: txhistory; Type: TABLE; Schema: public; Owner: -; Tablespace: 
--

CREATE TABLE txhistory (
    txid character(64) NOT NULL,
    ledgerseq integer NOT NULL,
    txindex integer NOT NULL,
    txbody text NOT NULL,
    txresult text NOT NULL,
    txmeta text NOT NULL,
    CONSTRAINT txhistory_ledgerseq_check CHECK ((ledgerseq >= 0))
);


--
-- Data for Name: accounts; Type: TABLE DATA; Schema: public; Owner: -
--

COPY accounts (accountid, balance, seqnum, numsubentries, inflationdest, homedomain, thresholds, flags) FROM stdin;
GCEZWKCA5VLDNRLN3RPRJMRZOX3Z6G5CHCGSNFHEYVXM3XOJMDS674JZ	99999995999999960	4	0	\N		AQAAAA==	0
GBIIWRZZXZMDXW6EI3BAJL3NJJZ5S3WC7JP54KTTXECJUW2A2CXVJWYR	999999990	8589934593	0	\N		AQAAAA==	0
GDVLTJYLKNN3P7FR3Q7XS7FTENPYOSMIOLF53K3XWIMQ2OVDSOB5JVRP	999999990	8589934593	0	\N		AQAAAA==	0
GBNXHMMLLNKCFOJ3TVLBU3COMFKQBYGHLW7ZJOMB4KRXNTHM5WT46CKW	999999950	8589934597	5	\N		AQAAAA==	0
GABVO53X7WYKSAUIZX2KWGHN74A3UYEA2GILC7QIHE4O7FCSWYD4B6ZT	999999960	8589934596	3	\N		AQAAAA==	0
\.


--
-- Data for Name: ledgerheaders; Type: TABLE DATA; Schema: public; Owner: -
--

COPY ledgerheaders (ledgerhash, prevhash, bucketlisthash, ledgerseq, closetime, data) FROM stdin;
e8e10918f9c000c73119abe54cf089f59f9015cc93c49ccf00b5e8b9afb6e6b1	0000000000000000000000000000000000000000000000000000000000000000	366ab1da319554c51293d7cbf7893a2373dbb0adb73bc8f86d4842995a948be6	1	0	AAAAAAAAAAAAAAAAAAAAAAAAAAAAAAAAAAAAAAAAAAAAAAAAAAAAAAAAAAAAAAAAAAAAAAAAAAAAAAAAAAAAAAAAAAAAAAAAAAAAAAAAAAAAAAAAAAAAAAAAAAAAAAAAAAAAAAAAAAAAAAAAAAAAAAAAAAA2arHaMZVUxRKT18v3iTojc9uwrbc7yPhtSEKZWpSL5gAAAAEBY0V4XYoAAAAAAAAAAAAAAAAAAAAAAAAAAAAAAAAACgCYloAAAAAAAAAAAAAAAAAAAAAAAAAAAAAAAAAAAAAAAAAAAAAAAAAAAAAAAAAAAAAAAAAAAAAAAAAAAAAAAAAAAAAAAAAAAAAAAAAAAAAAAAAAAAAAAAAAAAAAAAAAAAAAAAAAAAAAAAAAAAAAAAAAAAAAAAAAAAAAAAAAAAAAAAAAAAAAAAA=
457bfa568e7788d29a2116ac1d7f93e46233325931f8aab3615b53d437ac16bd	e8e10918f9c000c73119abe54cf089f59f9015cc93c49ccf00b5e8b9afb6e6b1	38edd7b79cdbf27b042cbcffc82da867bf02bae7b8eaea5c2f2f1299b3d03e5c	2	1440520471	AAAAAejhCRj5wADHMRmr5UzwifWfkBXMk8SczwC16LmvtuaxzKtBl8JsC8PBauEkISjyGEBMxtP4/YwcXku627Gi2dgAAAAAVdyZFwAAAAEAAAAIAAAAAQAAAAEAAAAAaA9FcZbiOQA7tEARtmn0mE4a6U1ojcCh5b/SO7xTcZ047de3nNvyewQsvP/ILahnvwK657jq6lwvLxKZs9A+XAAAAAIBY0V4XYoAAAAAAAAAAAAoAAAAAAAAAAAAAAAAAAAACgCYloAAAAAAAAAAAAAAAAAAAAAAAAAAAAAAAAAAAAAAAAAAAAAAAAAAAAAAAAAAAAAAAAAAAAAAAAAAAAAAAAAAAAAAAAAAAAAAAAAAAAAAAAAAAAAAAAAAAAAAAAAAAAAAAAAAAAAAAAAAAAAAAAAAAAAAAAAAAAAAAAAAAAAAAAAAAAAAAAA=
7691aff805660f73207a3af34ea36299c23d2fa520927193390807c300f95246	457bfa568e7788d29a2116ac1d7f93e46233325931f8aab3615b53d437ac16bd	c7553a0cc55af300f24ac4626b2919355467cf79056825225ab8aeefdb8656f8	3	1440520472	AAAAAUV7+laOd4jSmiEWrB1/k+RiMzJZMfiqs2FbU9Q3rBa9rCM/DeSoGch1Xmjh+qFdQj9jw+3A32uVHgu/uChffDwAAAAAVdyZGAAAAAAAAAAAHEVxGSfMh/sUaQCl/f/qYIMqHTKE2POvzcp1JbQqI2THVToMxVrzAPJKxGJrKRk1VGfPeQVoJSJauK7v24ZW+AAAAAMBY0V4XYoAAAAAAAAAAABQAAAAAAAAAAAAAAAAAAAACgCYloAAAAAAAAAAAAAAAAAAAAAAAAAAAAAAAAAAAAAAAAAAAAAAAAAAAAAAAAAAAAAAAAAAAAAAAAAAAAAAAAAAAAAAAAAAAAAAAAAAAAAAAAAAAAAAAAAAAAAAAAAAAAAAAAAAAAAAAAAAAAAAAAAAAAAAAAAAAAAAAAAAAAAAAAAAAAAAAAA=
01d96e58651d194231db4c1eb8f4f61d1f8af5a6ffd74770d6134ded7b6bc5ed	7691aff805660f73207a3af34ea36299c23d2fa520927193390807c300f95246	fb01932329e2cad54733c9a226e58e628feaf7474d9e58157a8630f7e78f7154	4	1440520473	AAAAAXaRr/gFZg9zIHo6806jYpnCPS+lIJJxkzkIB8MA+VJGn3cM5YaqWb4MBvLfrrWGmjWTBieYXYINE0DGhD9c0dYAAAAAVdyZGQAAAAAAAAAAH+3a0ykcc64GYmag0FeltyRwXH7gbaxV9AyokH0bv677AZMjKeLK1UczyaIm5Y5ij+r3R02eWBV6hjD3549xVAAAAAQBY0V4XYoAAAAAAAAAAABkAAAAAAAAAAAAAAAAAAAACgCYloAAAAAAAAAAAAAAAAAAAAAAAAAAAAAAAAAAAAAAAAAAAAAAAAAAAAAAAAAAAAAAAAAAAAAAAAAAAAAAAAAAAAAAAAAAAAAAAAAAAAAAAAAAAAAAAAAAAAAAAAAAAAAAAAAAAAAAAAAAAAAAAAAAAAAAAAAAAAAAAAAAAAAAAAAAAAAAAAA=
ef8aab7779ea788c2335bdd08ffbf0edc548413596e594b3d7551e1c4dbb532e	01d96e58651d194231db4c1eb8f4f61d1f8af5a6ffd74770d6134ded7b6bc5ed	8da19436feedb5b29c7a68ba846d110f70b4a0cf625b01cdcbab55e4e6290e2f	5	1440520474	AAAAAQHZblhlHRlCMdtMHrj09h0fivWm/9dHcNYTTe17a8XtebjjZHknnpVzwet7mSIw/5UnEqsH1s6NWw/G8s23w6kAAAAAVdyZGgAAAAAAAAAAS7obdTMYcK/DYC+QGHhQmEQ28SiDTyQyw/YlWcdWaLCNoZQ2/u21spx6aLqEbREPcLSgz2JbAc3Lq1Xk5ikOLwAAAAUBY0V4XYoAAAAAAAAAAACCAAAAAAAAAAAAAAADAAAACgCYloAAAAAAAAAAAAAAAAAAAAAAAAAAAAAAAAAAAAAAAAAAAAAAAAAAAAAAAAAAAAAAAAAAAAAAAAAAAAAAAAAAAAAAAAAAAAAAAAAAAAAAAAAAAAAAAAAAAAAAAAAAAAAAAAAAAAAAAAAAAAAAAAAAAAAAAAAAAAAAAAAAAAAAAAAAAAAAAAA=
48b68b7b95b53605f34b57aac1a333481572643a694781858c1bad0d88669538	ef8aab7779ea788c2335bdd08ffbf0edc548413596e594b3d7551e1c4dbb532e	f74d2053c75edf6355c4bb6be54e726906ef9985d7555d48a3a1d707b6b17feb	6	1440520475	AAAAAe+Kq3d56niMIzW90I/78O3FSEE1luWUs9dVHhxNu1Mum27hU7j90pqZHDMauxCy01Q78FnQnVz+sjAJiiP+kSUAAAAAVdyZGwAAAAAAAAAAePk2r8dIaE0X9Zg3ErOD4qMySV2G7Gv2USz64P6dQuH3TSBTx17fY1XEu2vlTnJpBu+ZhddVXUijodcHtrF/6wAAAAYBY0V4XYoAAAAAAAAAAACWAAAAAAAAAAAAAAAEAAAACgCYloAAAAAAAAAAAAAAAAAAAAAAAAAAAAAAAAAAAAAAAAAAAAAAAAAAAAAAAAAAAAAAAAAAAAAAAAAAAAAAAAAAAAAAAAAAAAAAAAAAAAAAAAAAAAAAAAAAAAAAAAAAAAAAAAAAAAAAAAAAAAAAAAAAAAAAAAAAAAAAAAAAAAAAAAAAAAAAAAA=
\.


--
-- Data for Name: offers; Type: TABLE DATA; Schema: public; Owner: -
--

COPY offers (sellerid, offerid, sellingassettype, sellingassetcode, sellingissuer, buyingassettype, buyingassetcode, buyingissuer, amount, pricen, priced, price, flags) FROM stdin;
GBNXHMMLLNKCFOJ3TVLBU3COMFKQBYGHLW7ZJOMB4KRXNTHM5WT46CKW	2	1	EUR	GDVLTJYLKNN3P7FR3Q7XS7FTENPYOSMIOLF53K3XWIMQ2OVDSOB5JVRP	1	USD	GBIIWRZZXZMDXW6EI3BAJL3NJJZ5S3WC7JP54KTTXECJUW2A2CXVJWYR	1111111111	10	9	11111111	0
GBNXHMMLLNKCFOJ3TVLBU3COMFKQBYGHLW7ZJOMB4KRXNTHM5WT46CKW	3	1	EUR	GDVLTJYLKNN3P7FR3Q7XS7FTENPYOSMIOLF53K3XWIMQ2OVDSOB5JVRP	1	USD	GBIIWRZZXZMDXW6EI3BAJL3NJJZ5S3WC7JP54KTTXECJUW2A2CXVJWYR	1250000000	5	4	12500000	0
GBNXHMMLLNKCFOJ3TVLBU3COMFKQBYGHLW7ZJOMB4KRXNTHM5WT46CKW	1	1	EUR	GDVLTJYLKNN3P7FR3Q7XS7FTENPYOSMIOLF53K3XWIMQ2OVDSOB5JVRP	1	USD	GBIIWRZZXZMDXW6EI3BAJL3NJJZ5S3WC7JP54KTTXECJUW2A2CXVJWYR	500000000	1	1	10000000	0
GABVO53X7WYKSAUIZX2KWGHN74A3UYEA2GILC7QIHE4O7FCSWYD4B6ZT	4	1	USD	GBIIWRZZXZMDXW6EI3BAJL3NJJZ5S3WC7JP54KTTXECJUW2A2CXVJWYR	0			500000000	1	1	10000000	0
\.


--
-- Data for Name: peers; Type: TABLE DATA; Schema: public; Owner: -
--

COPY peers (ip, port, nextattempt, numfailures, rank) FROM stdin;
\.


--
-- Data for Name: signers; Type: TABLE DATA; Schema: public; Owner: -
--

COPY signers (accountid, publickey, weight) FROM stdin;
\.


--
-- Data for Name: storestate; Type: TABLE DATA; Schema: public; Owner: -
--

COPY storestate (statename, state) FROM stdin;
databaseinitialized             	true
forcescponnextlaunch            	false
lastclosedledger                	48b68b7b95b53605f34b57aac1a333481572643a694781858c1bad0d88669538
historyarchivestate             	{\n    "version": 1,\n    "server": "72b501f-dirty",\n    "currentLedger": 6,\n    "currentBuckets": [\n        {\n            "curr": "30e5015c38709dd159506d369892ed5058716b5ca5c73ec73ea4afb6e29458c9",\n            "next": {\n                "state": 0\n            },\n            "snap": "c964f69446f4b7bbaade7acde5e081938b7176f9dc8b61e7a0efc545395230fe"\n        },\n        {\n            "curr": "68447a5c56e091830e634b1c6c6e28588274c61f4e04eda8d31b269e35952239",\n            "next": {\n                "state": 1,\n                "output": "c964f69446f4b7bbaade7acde5e081938b7176f9dc8b61e7a0efc545395230fe"\n            },\n            "snap": "0000000000000000000000000000000000000000000000000000000000000000"\n        },\n        {\n            "curr": "0000000000000000000000000000000000000000000000000000000000000000",\n            "next": {\n                "state": 0\n            },\n            "snap": "0000000000000000000000000000000000000000000000000000000000000000"\n        },\n        {\n            "curr": "0000000000000000000000000000000000000000000000000000000000000000",\n            "next": {\n                "state": 0\n            },\n            "snap": "0000000000000000000000000000000000000000000000000000000000000000"\n        },\n        {\n            "curr": "0000000000000000000000000000000000000000000000000000000000000000",\n            "next": {\n                "state": 0\n            },\n            "snap": "0000000000000000000000000000000000000000000000000000000000000000"\n        },\n        {\n            "curr": "0000000000000000000000000000000000000000000000000000000000000000",\n            "next": {\n                "state": 0\n            },\n            "snap": "0000000000000000000000000000000000000000000000000000000000000000"\n        },\n        {\n            "curr": "0000000000000000000000000000000000000000000000000000000000000000",\n            "next": {\n                "state": 0\n            },\n            "snap": "0000000000000000000000000000000000000000000000000000000000000000"\n        },\n        {\n            "curr": "0000000000000000000000000000000000000000000000000000000000000000",\n            "next": {\n                "state": 0\n            },\n            "snap": "0000000000000000000000000000000000000000000000000000000000000000"\n        },\n        {\n            "curr": "0000000000000000000000000000000000000000000000000000000000000000",\n            "next": {\n                "state": 0\n            },\n            "snap": "0000000000000000000000000000000000000000000000000000000000000000"\n        },\n        {\n            "curr": "0000000000000000000000000000000000000000000000000000000000000000",\n            "next": {\n                "state": 0\n            },\n            "snap": "0000000000000000000000000000000000000000000000000000000000000000"\n        },\n        {\n            "curr": "0000000000000000000000000000000000000000000000000000000000000000",\n            "next": {\n                "state": 0\n            },\n            "snap": "0000000000000000000000000000000000000000000000000000000000000000"\n        }\n    ]\n}
\.


--
-- Data for Name: trustlines; Type: TABLE DATA; Schema: public; Owner: -
--

COPY trustlines (accountid, assettype, issuer, assetcode, tlimit, balance, flags) FROM stdin;
GBNXHMMLLNKCFOJ3TVLBU3COMFKQBYGHLW7ZJOMB4KRXNTHM5WT46CKW	1	GBIIWRZZXZMDXW6EI3BAJL3NJJZ5S3WC7JP54KTTXECJUW2A2CXVJWYR	USD	9223372036854775807	500000000	1
GBNXHMMLLNKCFOJ3TVLBU3COMFKQBYGHLW7ZJOMB4KRXNTHM5WT46CKW	1	GDVLTJYLKNN3P7FR3Q7XS7FTENPYOSMIOLF53K3XWIMQ2OVDSOB5JVRP	EUR	9223372036854775807	4500000000	1
GABVO53X7WYKSAUIZX2KWGHN74A3UYEA2GILC7QIHE4O7FCSWYD4B6ZT	1	GDVLTJYLKNN3P7FR3Q7XS7FTENPYOSMIOLF53K3XWIMQ2OVDSOB5JVRP	EUR	9223372036854775807	500000000	1
GABVO53X7WYKSAUIZX2KWGHN74A3UYEA2GILC7QIHE4O7FCSWYD4B6ZT	1	GBIIWRZZXZMDXW6EI3BAJL3NJJZ5S3WC7JP54KTTXECJUW2A2CXVJWYR	USD	9223372036854775807	4500000000	1
\.


--
-- Data for Name: txhistory; Type: TABLE DATA; Schema: public; Owner: -
--

COPY txhistory (txid, ledgerseq, txindex, txbody, txresult, txmeta) FROM stdin;
f3469a483751e42e5b1a93659cefab9256f474b322a4da2863b01b8d1c6e7698	2	1	AAAAAImbKEDtVjbFbdxfFLI5dfefG6I4jSaU5MVuzd3JYOXvAAAACgAAAAAAAAABAAAAAAAAAAAAAAABAAAAAAAAAAAAAAAAA1d3d/2wqQKIzfSrGO3/AbpggNGQsX4IOTjvlFK2B8AAAAAAO5rKAAAAAAAAAAAByWDl7wAAAECRg0M2v0a/qq0uzBOLr15Uew3guhDep/ia9aYr/wOo5n9R8T5NG5oB94MANt3VzwNFEdChuRYmc2t9IDeAVF4B	80aaSDdR5C5bGpNlnO+rklb0dLMipNooY7AbjRxudpgAAAAAAAAACgAAAAAAAAABAAAAAAAAAAAAAAAAAAAAAA==	AAAAAAAAAAEAAAABAAAAAAAAAACJmyhA7VY2xW3cXxSyOXX3nxuiOI0mlOTFbs3dyWDl7wFjRXhdif/2AAAAAAAAAAEAAAAAAAAAAAAAAAAAAAAAAQAAAAAAAAAAAAAAAAAAAQAAAAIAAAAAAAAAAAAAAAADV3d3/bCpAojN9KsY7f8BumCA0ZCxfgg5OO+UUrYHwAAAAAA7msoAAAAAAgAAAAAAAAAAAAAAAAAAAAAAAAAAAQAAAAAAAAAAAAAAAAAAAQAAAAAAAAAAiZsoQO1WNsVt3F8Usjl1958bojiNJpTkxW7N3clg5e8BY0V4Ie819gAAAAAAAAABAAAAAAAAAAAAAAAAAAAAAAEAAAAAAAAAAAAAAA==
fcc73b0399fcb7bbe5bc8551fd5da9ac4d5ac66a032ca45d59b11cbf885e190d	2	2	AAAAAImbKEDtVjbFbdxfFLI5dfefG6I4jSaU5MVuzd3JYOXvAAAACgAAAAAAAAACAAAAAAAAAAAAAAABAAAAAAAAAAAAAAAAW3Oxi1tUIrk7nVYabE5hVQDgx12/lLmB4qN2zOztp88AAAAAO5rKAAAAAAAAAAAByWDl7wAAAEBB3wtDIQtBghfiU9tNLG0E2oShDa0icrDEUzIGEeH3ivWNS72ay0nrEQWX/LqynbUNBUmM0/camr7PZqrNg8oC	/Mc7A5n8t7vlvIVR/V2prE1axmoDLKRdWbEcv4heGQ0AAAAAAAAACgAAAAAAAAABAAAAAAAAAAAAAAAAAAAAAA==	AAAAAAAAAAEAAAABAAAAAAAAAACJmyhA7VY2xW3cXxSyOXX3nxuiOI0mlOTFbs3dyWDl7wFjRXgh7zXsAAAAAAAAAAIAAAAAAAAAAAAAAAAAAAAAAQAAAAAAAAAAAAAAAAAAAQAAAAIAAAAAAAAAAAAAAABbc7GLW1QiuTudVhpsTmFVAODHXb+UuYHio3bM7O2nzwAAAAA7msoAAAAAAgAAAAAAAAAAAAAAAAAAAAAAAAAAAQAAAAAAAAAAAAAAAAAAAQAAAAAAAAAAiZsoQO1WNsVt3F8Usjl1958bojiNJpTkxW7N3clg5e8BY0V35lRr7AAAAAAAAAACAAAAAAAAAAAAAAAAAAAAAAEAAAAAAAAAAAAAAA==
014caa4ee8469d810c2e19c9ba56cfe16f832c601fc70b85d01e0c5606e11386	2	3	AAAAAImbKEDtVjbFbdxfFLI5dfefG6I4jSaU5MVuzd3JYOXvAAAACgAAAAAAAAADAAAAAAAAAAAAAAABAAAAAAAAAAAAAAAAUItHOb5YO9vERsIEr21Kc9luwvpf3ipzuQSaW0DQr1QAAAAAO5rKAAAAAAAAAAAByWDl7wAAAEDal8lhnfivJghNIbN5xyJvq6plrERMhcxwgXtReSAdV0omsGOL/2QjIm+nTE8UYpCLYYePuIt7S3iN1+ajuTEM	AUyqTuhGnYEMLhnJulbP4W+DLGAfxwuF0B4MVgbhE4YAAAAAAAAACgAAAAAAAAABAAAAAAAAAAAAAAAAAAAAAA==	AAAAAAAAAAEAAAABAAAAAAAAAACJmyhA7VY2xW3cXxSyOXX3nxuiOI0mlOTFbs3dyWDl7wFjRXfmVGviAAAAAAAAAAMAAAAAAAAAAAAAAAAAAAAAAQAAAAAAAAAAAAAAAAAAAQAAAAIAAAAAAAAAAAAAAABQi0c5vlg728RGwgSvbUpz2W7C+l/eKnO5BJpbQNCvVAAAAAA7msoAAAAAAgAAAAAAAAAAAAAAAAAAAAAAAAAAAQAAAAAAAAAAAAAAAAAAAQAAAAAAAAAAiZsoQO1WNsVt3F8Usjl1958bojiNJpTkxW7N3clg5e8BY0V3qrmh4gAAAAAAAAADAAAAAAAAAAAAAAAAAAAAAAEAAAAAAAAAAAAAAA==
ac9f6527b3e4ee620d20d8291f3d27fae9d09eb8ac324019253c972b23642014	2	4	AAAAAImbKEDtVjbFbdxfFLI5dfefG6I4jSaU5MVuzd3JYOXvAAAACgAAAAAAAAAEAAAAAAAAAAAAAAABAAAAAAAAAAAAAAAA6rmnC1Nbt/yx3D95fLMjX4dJiHLL3at3shkNOqOTg9QAAAAAO5rKAAAAAAAAAAAByWDl7wAAAEBx/RW/WfXdjby/ROHEoTYKBPdlu+lQewXvK1538jsc96wyf+tij1np4Gj8RgCymw38G4oHCPsCfhy/YnKJiscB	rJ9lJ7Pk7mININgpHz0n+unQnrisMkAZJTyXKyNkIBQAAAAAAAAACgAAAAAAAAABAAAAAAAAAAAAAAAAAAAAAA==	AAAAAAAAAAEAAAABAAAAAAAAAACJmyhA7VY2xW3cXxSyOXX3nxuiOI0mlOTFbs3dyWDl7wFjRXequaHYAAAAAAAAAAQAAAAAAAAAAAAAAAAAAAAAAQAAAAAAAAAAAAAAAAAAAQAAAAIAAAAAAAAAAAAAAADquacLU1u3/LHcP3l8syNfh0mIcsvdq3eyGQ06o5OD1AAAAAA7msoAAAAAAgAAAAAAAAAAAAAAAAAAAAAAAAAAAQAAAAAAAAAAAAAAAAAAAQAAAAAAAAAAiZsoQO1WNsVt3F8Usjl1958bojiNJpTkxW7N3clg5e8BY0V3bx7X2AAAAAAAAAAEAAAAAAAAAAAAAAAAAAAAAAEAAAAAAAAAAAAAAA==
64c3d437bdf916f6d1f003cfdec04d019d197f9496aaafad235fcc5d2c9c3f20	3	1	AAAAAANXd3f9sKkCiM30qxjt/wG6YIDRkLF+CDk475RStgfAAAAACgAAAAIAAAABAAAAAAAAAAAAAAABAAAAAAAAAAYAAAABVVNEAAAAAABQi0c5vlg728RGwgSvbUpz2W7C+l/eKnO5BJpbQNCvVH//////////AAAAAAAAAAFStgfAAAAAQLwYTyDwWyvThcSS0XQIYlgI6z2sCFxUgH6DHXqtLzuyfEv91lUGlVPAs0TJfQG2V92/2HLgQJePZLbU1K08RwQ=	ZMPUN735FvbR8APP3sBNAZ0Zf5SWqq+tI1/MXSycPyAAAAAAAAAACgAAAAAAAAABAAAAAAAAAAYAAAAAAAAAAA==	AAAAAAAAAAEAAAABAAAAAAAAAAADV3d3/bCpAojN9KsY7f8BumCA0ZCxfgg5OO+UUrYHwAAAAAA7msn2AAAAAgAAAAEAAAAAAAAAAAAAAAAAAAAAAQAAAAAAAAAAAAAAAAAAAQAAAAIAAAAAAAAAAQAAAAADV3d3/bCpAojN9KsY7f8BumCA0ZCxfgg5OO+UUrYHwAAAAAFVU0QAAAAAAFCLRzm+WDvbxEbCBK9tSnPZbsL6X94qc7kEmltA0K9UAAAAAAAAAAB//////////wAAAAEAAAAAAAAAAQAAAAAAAAAAA1d3d/2wqQKIzfSrGO3/AbpggNGQsX4IOTjvlFK2B8AAAAAAO5rJ9gAAAAIAAAABAAAAAQAAAAAAAAAAAAAAAAEAAAAAAAAAAAAAAA==
0433eb68d0714405e5f7e6678b661777586d806566c70de64e5a52195ebb5c84	3	2	AAAAAFtzsYtbVCK5O51WGmxOYVUA4Mddv5S5geKjdszs7afPAAAACgAAAAIAAAABAAAAAAAAAAAAAAABAAAAAAAAAAYAAAABVVNEAAAAAABQi0c5vlg728RGwgSvbUpz2W7C+l/eKnO5BJpbQNCvVH//////////AAAAAAAAAAHs7afPAAAAQLX3U1rcj7MRWBB+zIJwB67nptM81Uj3mbULudZWHPPTclnbnP01LdKwpHwEP5MY2tJ5Nf7KcFcsSNrQSWS1mAA=	BDPraNBxRAXl9+Zni2YXd1htgGVmxw3mTlpSGV67XIQAAAAAAAAACgAAAAAAAAABAAAAAAAAAAYAAAAAAAAAAA==	AAAAAAAAAAEAAAABAAAAAAAAAABbc7GLW1QiuTudVhpsTmFVAODHXb+UuYHio3bM7O2nzwAAAAA7msn2AAAAAgAAAAEAAAAAAAAAAAAAAAAAAAAAAQAAAAAAAAAAAAAAAAAAAQAAAAIAAAAAAAAAAQAAAABbc7GLW1QiuTudVhpsTmFVAODHXb+UuYHio3bM7O2nzwAAAAFVU0QAAAAAAFCLRzm+WDvbxEbCBK9tSnPZbsL6X94qc7kEmltA0K9UAAAAAAAAAAB//////////wAAAAEAAAAAAAAAAQAAAAAAAAAAW3Oxi1tUIrk7nVYabE5hVQDgx12/lLmB4qN2zOztp88AAAAAO5rJ9gAAAAIAAAABAAAAAQAAAAAAAAAAAAAAAAEAAAAAAAAAAAAAAA==
2a673a92d4a35680307e6ce83aa8830aa4e0fb5a7d1579d16f2289ca51cef06a	3	3	AAAAAANXd3f9sKkCiM30qxjt/wG6YIDRkLF+CDk475RStgfAAAAACgAAAAIAAAACAAAAAAAAAAAAAAABAAAAAAAAAAYAAAABRVVSAAAAAADquacLU1u3/LHcP3l8syNfh0mIcsvdq3eyGQ06o5OD1H//////////AAAAAAAAAAFStgfAAAAAQOUEgMXyVLTYTBvYm9/2TfGWa3iQ+BOdlw55Lwj+8MJNhTs/A26KrOO5M+PN165ZpvwmIx54/T0VuPkQ87mlBgM=	Kmc6ktSjVoAwfmzoOqiDCqTg+1p9FXnRbyKJylHO8GoAAAAAAAAACgAAAAAAAAABAAAAAAAAAAYAAAAAAAAAAA==	AAAAAAAAAAEAAAABAAAAAAAAAAADV3d3/bCpAojN9KsY7f8BumCA0ZCxfgg5OO+UUrYHwAAAAAA7msnsAAAAAgAAAAIAAAABAAAAAAAAAAAAAAAAAQAAAAAAAAAAAAAAAAAAAQAAAAIAAAAAAAAAAQAAAAADV3d3/bCpAojN9KsY7f8BumCA0ZCxfgg5OO+UUrYHwAAAAAFFVVIAAAAAAOq5pwtTW7f8sdw/eXyzI1+HSYhyy92rd7IZDTqjk4PUAAAAAAAAAAB//////////wAAAAEAAAAAAAAAAQAAAAAAAAAAA1d3d/2wqQKIzfSrGO3/AbpggNGQsX4IOTjvlFK2B8AAAAAAO5rJ7AAAAAIAAAACAAAAAgAAAAAAAAAAAAAAAAEAAAAAAAAAAAAAAA==
e81c5edf97394341030fa130a1facb856866672de4570fb13b566328fcd934a1	3	4	AAAAAFtzsYtbVCK5O51WGmxOYVUA4Mddv5S5geKjdszs7afPAAAACgAAAAIAAAACAAAAAAAAAAAAAAABAAAAAAAAAAYAAAABRVVSAAAAAADquacLU1u3/LHcP3l8syNfh0mIcsvdq3eyGQ06o5OD1H//////////AAAAAAAAAAHs7afPAAAAQFd2ifiLCyqoL16CU01xbOv9IuU5poXASPfNUfKYsaNpa+HZ+g0QhiHMs2HmYA8z1IDVYOkxhGIU1ukcJt2SHAo=	6Bxe35c5Q0EDD6EwofrLhWhmZy3kVw+xO1ZjKPzZNKEAAAAAAAAACgAAAAAAAAABAAAAAAAAAAYAAAAAAAAAAA==	AAAAAAAAAAEAAAABAAAAAAAAAABbc7GLW1QiuTudVhpsTmFVAODHXb+UuYHio3bM7O2nzwAAAAA7msnsAAAAAgAAAAIAAAABAAAAAAAAAAAAAAAAAQAAAAAAAAAAAAAAAAAAAQAAAAIAAAAAAAAAAQAAAABbc7GLW1QiuTudVhpsTmFVAODHXb+UuYHio3bM7O2nzwAAAAFFVVIAAAAAAOq5pwtTW7f8sdw/eXyzI1+HSYhyy92rd7IZDTqjk4PUAAAAAAAAAAB//////////wAAAAEAAAAAAAAAAQAAAAAAAAAAW3Oxi1tUIrk7nVYabE5hVQDgx12/lLmB4qN2zOztp88AAAAAO5rJ7AAAAAIAAAACAAAAAgAAAAAAAAAAAAAAAAEAAAAAAAAAAAAAAA==
4b805cdc1fe99eba9c1524ba64276db54014c757c893a3c34688cdcd27d8e22f	4	1	AAAAAFCLRzm+WDvbxEbCBK9tSnPZbsL6X94qc7kEmltA0K9UAAAACgAAAAIAAAABAAAAAAAAAAAAAAABAAAAAAAAAAEAAAAAA1d3d/2wqQKIzfSrGO3/AbpggNGQsX4IOTjvlFK2B8AAAAABVVNEAAAAAABQi0c5vlg728RGwgSvbUpz2W7C+l/eKnO5BJpbQNCvVAAAAAEqBfIAAAAAAAAAAAFA0K9UAAAAQOCvqyHUv4/pSTcFAPlrYJ2sdbqdkYd84vNYPW5p6PO5G53dfqbBlG09x2BpxWfUaTnTDF6abVLlaW3i0Tn+eAI=	S4Bc3B/pnrqcFSS6ZCdttUAUx1fIk6PDRojNzSfY4i8AAAAAAAAACgAAAAAAAAABAAAAAAAAAAEAAAAAAAAAAA==	AAAAAAAAAAEAAAABAAAAAAAAAABQi0c5vlg728RGwgSvbUpz2W7C+l/eKnO5BJpbQNCvVAAAAAA7msn2AAAAAgAAAAEAAAAAAAAAAAAAAAAAAAAAAQAAAAAAAAAAAAAAAAAAAQAAAAEAAAABAAAAAQAAAAADV3d3/bCpAojN9KsY7f8BumCA0ZCxfgg5OO+UUrYHwAAAAAFVU0QAAAAAAFCLRzm+WDvbxEbCBK9tSnPZbsL6X94qc7kEmltA0K9UAAAAASoF8gB//////////wAAAAEAAAAA
bdd0d152902a08a3bd3cfbe3d3c56df5881343f8aa44cef6bcfa39a263ced2ec	4	2	AAAAAOq5pwtTW7f8sdw/eXyzI1+HSYhyy92rd7IZDTqjk4PUAAAACgAAAAIAAAABAAAAAAAAAAAAAAABAAAAAAAAAAEAAAAAW3Oxi1tUIrk7nVYabE5hVQDgx12/lLmB4qN2zOztp88AAAABRVVSAAAAAADquacLU1u3/LHcP3l8syNfh0mIcsvdq3eyGQ06o5OD1AAAAAEqBfIAAAAAAAAAAAGjk4PUAAAAQIbutnEqYGPmE0zeLP3hQWR+FB3fsj/yMtHQBArXTdCgwVfoKrN72vn/fAOW4p0vz0Eyl5Mua2+9rKATkU89/gI=	vdDRUpAqCKO9PPvj08Vt9YgTQ/iqRM72vPo5omPO0uwAAAAAAAAACgAAAAAAAAABAAAAAAAAAAEAAAAAAAAAAA==	AAAAAAAAAAEAAAABAAAAAAAAAADquacLU1u3/LHcP3l8syNfh0mIcsvdq3eyGQ06o5OD1AAAAAA7msn2AAAAAgAAAAEAAAAAAAAAAAAAAAAAAAAAAQAAAAAAAAAAAAAAAAAAAQAAAAEAAAABAAAAAQAAAABbc7GLW1QiuTudVhpsTmFVAODHXb+UuYHio3bM7O2nzwAAAAFFVVIAAAAAAOq5pwtTW7f8sdw/eXyzI1+HSYhyy92rd7IZDTqjk4PUAAAAASoF8gB//////////wAAAAEAAAAA
5c9c3e10cdbf03084677e1d63b31ca577df3d7c2f37d563155ac0ce6d3a1a557	5	1	AAAAAFtzsYtbVCK5O51WGmxOYVUA4Mddv5S5geKjdszs7afPAAAACgAAAAIAAAADAAAAAAAAAAAAAAABAAAAAAAAAAMAAAABRVVSAAAAAADquacLU1u3/LHcP3l8syNfh0mIcsvdq3eyGQ06o5OD1AAAAAFVU0QAAAAAAFCLRzm+WDvbxEbCBK9tSnPZbsL6X94qc7kEmltA0K9UAAAAADuaygAAAAABAAAAAQAAAAAAAAAAAAAAAAAAAAHs7afPAAAAQLEDZgL1Z+NY07HJqw+TR6+y0iDS/P76YcmlfwbeKfYzzewjKY55dFsWJ7jNi9qkZRsXl2ZW88GiAq+vYe5rbQ8=	XJw+EM2/AwhGd+HWOzHKV33z18LzfVYxVawM5tOhpVcAAAAAAAAACgAAAAAAAAABAAAAAAAAAAMAAAAAAAAAAAAAAAAAAAAAW3Oxi1tUIrk7nVYabE5hVQDgx12/lLmB4qN2zOztp88AAAAAAAAAAQAAAAFFVVIAAAAAAOq5pwtTW7f8sdw/eXyzI1+HSYhyy92rd7IZDTqjk4PUAAAAAVVTRAAAAAAAUItHOb5YO9vERsIEr21Kc9luwvpf3ipzuQSaW0DQr1QAAAAAO5rKAAAAAAEAAAABAAAAAAAAAAAAAAAA	AAAAAAAAAAEAAAABAAAAAAAAAABbc7GLW1QiuTudVhpsTmFVAODHXb+UuYHio3bM7O2nzwAAAAA7msniAAAAAgAAAAMAAAACAAAAAAAAAAAAAAAAAQAAAAAAAAAAAAAAAAAAAQAAAAIAAAAAAAAAAgAAAABbc7GLW1QiuTudVhpsTmFVAODHXb+UuYHio3bM7O2nzwAAAAAAAAABAAAAAUVVUgAAAAAA6rmnC1Nbt/yx3D95fLMjX4dJiHLL3at3shkNOqOTg9QAAAABVVNEAAAAAABQi0c5vlg728RGwgSvbUpz2W7C+l/eKnO5BJpbQNCvVAAAAAA7msoAAAAAAQAAAAEAAAAAAAAAAAAAAAEAAAAAAAAAAFtzsYtbVCK5O51WGmxOYVUA4Mddv5S5geKjdszs7afPAAAAADuayeIAAAACAAAAAwAAAAMAAAAAAAAAAAAAAAABAAAAAAAAAAAAAAA=
365e6a82a12fec14eee76e78295fcbd39b7c0a39ee6af74f8e2d0c21c5af90d4	5	2	AAAAAFtzsYtbVCK5O51WGmxOYVUA4Mddv5S5geKjdszs7afPAAAACgAAAAIAAAAEAAAAAAAAAAAAAAABAAAAAAAAAAMAAAABRVVSAAAAAADquacLU1u3/LHcP3l8syNfh0mIcsvdq3eyGQ06o5OD1AAAAAFVU0QAAAAAAFCLRzm+WDvbxEbCBK9tSnPZbsL6X94qc7kEmltA0K9UAAAAAEI6NccAAAAKAAAACQAAAAAAAAAAAAAAAAAAAAHs7afPAAAAQJdcuwPWwhO4dUVcovqE+6mxoKfSSWZo+MUKOqgP1FF752WeqWJgNvH9ya3Et4N06AS5t69wBApI5CXFQGgArQ8=	Nl5qgqEv7BTu5254KV/L05t8CjnuavdPji0MIcWvkNQAAAAAAAAACgAAAAAAAAABAAAAAAAAAAMAAAAAAAAAAAAAAAAAAAAAW3Oxi1tUIrk7nVYabE5hVQDgx12/lLmB4qN2zOztp88AAAAAAAAAAgAAAAFFVVIAAAAAAOq5pwtTW7f8sdw/eXyzI1+HSYhyy92rd7IZDTqjk4PUAAAAAVVTRAAAAAAAUItHOb5YO9vERsIEr21Kc9luwvpf3ipzuQSaW0DQr1QAAAAAQjo1xwAAAAoAAAAJAAAAAAAAAAAAAAAA	AAAAAAAAAAEAAAABAAAAAAAAAABbc7GLW1QiuTudVhpsTmFVAODHXb+UuYHio3bM7O2nzwAAAAA7msnYAAAAAgAAAAQAAAADAAAAAAAAAAAAAAAAAQAAAAAAAAAAAAAAAAAAAQAAAAIAAAAAAAAAAgAAAABbc7GLW1QiuTudVhpsTmFVAODHXb+UuYHio3bM7O2nzwAAAAAAAAACAAAAAUVVUgAAAAAA6rmnC1Nbt/yx3D95fLMjX4dJiHLL3at3shkNOqOTg9QAAAABVVNEAAAAAABQi0c5vlg728RGwgSvbUpz2W7C+l/eKnO5BJpbQNCvVAAAAABCOjXHAAAACgAAAAkAAAAAAAAAAAAAAAEAAAAAAAAAAFtzsYtbVCK5O51WGmxOYVUA4Mddv5S5geKjdszs7afPAAAAADuaydgAAAACAAAABAAAAAQAAAAAAAAAAAAAAAABAAAAAAAAAAAAAAA=
fa00586d11668f89292fa0ac63a84107adcaa6ad5d7626ddfbd282ebfeda2d61	5	3	AAAAAFtzsYtbVCK5O51WGmxOYVUA4Mddv5S5geKjdszs7afPAAAACgAAAAIAAAAFAAAAAAAAAAAAAAABAAAAAAAAAAMAAAABRVVSAAAAAADquacLU1u3/LHcP3l8syNfh0mIcsvdq3eyGQ06o5OD1AAAAAFVU0QAAAAAAFCLRzm+WDvbxEbCBK9tSnPZbsL6X94qc7kEmltA0K9UAAAAAEqBfIAAAAAFAAAABAAAAAAAAAAAAAAAAAAAAAHs7afPAAAAQNwnLxfAxDRBjX5N0BznYKgAnoViLY6IvGMO1Ph7im92dWsWRYZzz8bXrLMCc4zbshUaHhPOUT1pc8dSw+60Ggs=	+gBYbRFmj4kpL6CsY6hBB63Kpq1ddibd+9KC6/7aLWEAAAAAAAAACgAAAAAAAAABAAAAAAAAAAMAAAAAAAAAAAAAAAAAAAAAW3Oxi1tUIrk7nVYabE5hVQDgx12/lLmB4qN2zOztp88AAAAAAAAAAwAAAAFFVVIAAAAAAOq5pwtTW7f8sdw/eXyzI1+HSYhyy92rd7IZDTqjk4PUAAAAAVVTRAAAAAAAUItHOb5YO9vERsIEr21Kc9luwvpf3ipzuQSaW0DQr1QAAAAASoF8gAAAAAUAAAAEAAAAAAAAAAAAAAAA	AAAAAAAAAAEAAAABAAAAAAAAAABbc7GLW1QiuTudVhpsTmFVAODHXb+UuYHio3bM7O2nzwAAAAA7msnOAAAAAgAAAAUAAAAEAAAAAAAAAAAAAAAAAQAAAAAAAAAAAAAAAAAAAQAAAAIAAAAAAAAAAgAAAABbc7GLW1QiuTudVhpsTmFVAODHXb+UuYHio3bM7O2nzwAAAAAAAAADAAAAAUVVUgAAAAAA6rmnC1Nbt/yx3D95fLMjX4dJiHLL3at3shkNOqOTg9QAAAABVVNEAAAAAABQi0c5vlg728RGwgSvbUpz2W7C+l/eKnO5BJpbQNCvVAAAAABKgXyAAAAABQAAAAQAAAAAAAAAAAAAAAEAAAAAAAAAAFtzsYtbVCK5O51WGmxOYVUA4Mddv5S5geKjdszs7afPAAAAADuayc4AAAACAAAABQAAAAUAAAAAAAAAAAAAAAABAAAAAAAAAAAAAAA=
5b87c1dadedfc48b504716ff4af9028a45eb863409c02e28d6ee3f6289e4aea1	6	1	AAAAAANXd3f9sKkCiM30qxjt/wG6YIDRkLF+CDk475RStgfAAAAACgAAAAIAAAADAAAAAAAAAAAAAAABAAAAAAAAAAMAAAABVVNEAAAAAABQi0c5vlg728RGwgSvbUpz2W7C+l/eKnO5BJpbQNCvVAAAAAFFVVIAAAAAAOq5pwtTW7f8sdw/eXyzI1+HSYhyy92rd7IZDTqjk4PUAAAAAB3NZQAAAAABAAAAAQAAAAAAAAAAAAAAAAAAAAFStgfAAAAAQGhmOzH0aI4kFEkGZ3cc1Heq8CKbvZJdUZZXkYuCYJ238/ffb75H4cX6uZJ8ej0lDd7877MxLGK3IZyG6aZiVgw=	W4fB2t7fxItQRxb/SvkCikXrhjQJwC4o1u4/YonkrqEAAAAAAAAACgAAAAAAAAABAAAAAAAAAAMAAAAAAAAAAQAAAABbc7GLW1QiuTudVhpsTmFVAODHXb+UuYHio3bM7O2nzwAAAAAAAAABAAAAAUVVUgAAAAAA6rmnC1Nbt/yx3D95fLMjX4dJiHLL3at3shkNOqOTg9QAAAAAHc1lAAAAAAFVU0QAAAAAAFCLRzm+WDvbxEbCBK9tSnPZbsL6X94qc7kEmltA0K9UAAAAAB3NZQAAAAACAAAAAA==	AAAAAAAAAAEAAAABAAAAAAAAAAADV3d3/bCpAojN9KsY7f8BumCA0ZCxfgg5OO+UUrYHwAAAAAA7msniAAAAAgAAAAMAAAACAAAAAAAAAAAAAAAAAQAAAAAAAAAAAAAAAAAAAQAAAAUAAAABAAAAAQAAAAADV3d3/bCpAojN9KsY7f8BumCA0ZCxfgg5OO+UUrYHwAAAAAFFVVIAAAAAAOq5pwtTW7f8sdw/eXyzI1+HSYhyy92rd7IZDTqjk4PUAAAAAB3NZQB//////////wAAAAEAAAAAAAAAAQAAAAEAAAAAA1d3d/2wqQKIzfSrGO3/AbpggNGQsX4IOTjvlFK2B8AAAAABVVNEAAAAAABQi0c5vlg728RGwgSvbUpz2W7C+l/eKnO5BJpbQNCvVAAAAAEMOI0Af/////////8AAAABAAAAAAAAAAEAAAABAAAAAFtzsYtbVCK5O51WGmxOYVUA4Mddv5S5geKjdszs7afPAAAAAUVVUgAAAAAA6rmnC1Nbt/yx3D95fLMjX4dJiHLL3at3shkNOqOTg9QAAAABDDiNAH//////////AAAAAQAAAAAAAAABAAAAAQAAAABbc7GLW1QiuTudVhpsTmFVAODHXb+UuYHio3bM7O2nzwAAAAFVU0QAAAAAAFCLRzm+WDvbxEbCBK9tSnPZbsL6X94qc7kEmltA0K9UAAAAAB3NZQB//////////wAAAAEAAAAAAAAAAQAAAAIAAAAAW3Oxi1tUIrk7nVYabE5hVQDgx12/lLmB4qN2zOztp88AAAAAAAAAAQAAAAFFVVIAAAAAAOq5pwtTW7f8sdw/eXyzI1+HSYhyy92rd7IZDTqjk4PUAAAAAVVTRAAAAAAAUItHOb5YO9vERsIEr21Kc9luwvpf3ipzuQSaW0DQr1QAAAAAHc1lAAAAAAEAAAABAAAAAAAAAAA=
ac8f874dc5e397eeec96a072fb288e5160b001b66b5eb9c39a7c7c483a6dd4bc	6	2	AAAAAANXd3f9sKkCiM30qxjt/wG6YIDRkLF+CDk475RStgfAAAAACgAAAAIAAAAEAAAAAAAAAAAAAAABAAAAAAAAAAMAAAABVVNEAAAAAABQi0c5vlg728RGwgSvbUpz2W7C+l/eKnO5BJpbQNCvVAAAAAAAAAAAHc1lAAAAAAEAAAABAAAAAAAAAAAAAAAAAAAAAVK2B8AAAABAltTLJennEDPto1bcSoc8VUYvoVuiPEq1qRJiTe48n5x+PElWa6mo0Rbcr+3Vi3yWFmXHkNhbIYHJH+zeuhn1DQ==	rI+HTcXjl+7slqBy+yiOUWCwAbZrXrnDmnx8SDpt1LwAAAAAAAAACgAAAAAAAAABAAAAAAAAAAMAAAAAAAAAAAAAAAAAAAAAA1d3d/2wqQKIzfSrGO3/AbpggNGQsX4IOTjvlFK2B8AAAAAAAAAABAAAAAFVU0QAAAAAAFCLRzm+WDvbxEbCBK9tSnPZbsL6X94qc7kEmltA0K9UAAAAAAAAAAAdzWUAAAAAAQAAAAEAAAAAAAAAAAAAAAA=	AAAAAAAAAAEAAAABAAAAAAAAAAADV3d3/bCpAojN9KsY7f8BumCA0ZCxfgg5OO+UUrYHwAAAAAA7msnYAAAAAgAAAAQAAAACAAAAAAAAAAAAAAAAAQAAAAAAAAAAAAAAAAAAAQAAAAIAAAAAAAAAAgAAAAADV3d3/bCpAojN9KsY7f8BumCA0ZCxfgg5OO+UUrYHwAAAAAAAAAAEAAAAAVVTRAAAAAAAUItHOb5YO9vERsIEr21Kc9luwvpf3ipzuQSaW0DQr1QAAAAAAAAAAB3NZQAAAAABAAAAAQAAAAAAAAAAAAAAAQAAAAAAAAAAA1d3d/2wqQKIzfSrGO3/AbpggNGQsX4IOTjvlFK2B8AAAAAAO5rJ2AAAAAIAAAAEAAAAAwAAAAAAAAAAAAAAAAEAAAAAAAAAAAAAAA==
\.


--
-- Name: accounts_pkey; Type: CONSTRAINT; Schema: public; Owner: -; Tablespace: 
--

ALTER TABLE ONLY accounts
    ADD CONSTRAINT accounts_pkey PRIMARY KEY (accountid);


--
-- Name: ledgerheaders_ledgerseq_key; Type: CONSTRAINT; Schema: public; Owner: -; Tablespace: 
--

ALTER TABLE ONLY ledgerheaders
    ADD CONSTRAINT ledgerheaders_ledgerseq_key UNIQUE (ledgerseq);


--
-- Name: ledgerheaders_pkey; Type: CONSTRAINT; Schema: public; Owner: -; Tablespace: 
--

ALTER TABLE ONLY ledgerheaders
    ADD CONSTRAINT ledgerheaders_pkey PRIMARY KEY (ledgerhash);


--
-- Name: offers_pkey; Type: CONSTRAINT; Schema: public; Owner: -; Tablespace: 
--

ALTER TABLE ONLY offers
    ADD CONSTRAINT offers_pkey PRIMARY KEY (offerid);


--
-- Name: peers_pkey; Type: CONSTRAINT; Schema: public; Owner: -; Tablespace: 
--

ALTER TABLE ONLY peers
    ADD CONSTRAINT peers_pkey PRIMARY KEY (ip, port);


--
-- Name: signers_pkey; Type: CONSTRAINT; Schema: public; Owner: -; Tablespace: 
--

ALTER TABLE ONLY signers
    ADD CONSTRAINT signers_pkey PRIMARY KEY (accountid, publickey);


--
-- Name: storestate_pkey; Type: CONSTRAINT; Schema: public; Owner: -; Tablespace: 
--

ALTER TABLE ONLY storestate
    ADD CONSTRAINT storestate_pkey PRIMARY KEY (statename);


--
-- Name: trustlines_pkey; Type: CONSTRAINT; Schema: public; Owner: -; Tablespace: 
--

ALTER TABLE ONLY trustlines
    ADD CONSTRAINT trustlines_pkey PRIMARY KEY (accountid, issuer, assetcode);


--
-- Name: txhistory_ledgerseq_txindex_key; Type: CONSTRAINT; Schema: public; Owner: -; Tablespace: 
--

ALTER TABLE ONLY txhistory
    ADD CONSTRAINT txhistory_ledgerseq_txindex_key UNIQUE (ledgerseq, txindex);


--
-- Name: txhistory_pkey; Type: CONSTRAINT; Schema: public; Owner: -; Tablespace: 
--

ALTER TABLE ONLY txhistory
    ADD CONSTRAINT txhistory_pkey PRIMARY KEY (txid, ledgerseq);


--
-- Name: accountbalances; Type: INDEX; Schema: public; Owner: -; Tablespace: 
--

CREATE INDEX accountbalances ON accounts USING btree (balance) WHERE (balance >= 1000000000);


--
-- Name: accountlines; Type: INDEX; Schema: public; Owner: -; Tablespace: 
--

CREATE INDEX accountlines ON trustlines USING btree (accountid);


--
-- Name: buyingissuerindex; Type: INDEX; Schema: public; Owner: -; Tablespace: 
--

CREATE INDEX buyingissuerindex ON offers USING btree (buyingissuer);


--
-- Name: ledgersbyseq; Type: INDEX; Schema: public; Owner: -; Tablespace: 
--

CREATE INDEX ledgersbyseq ON ledgerheaders USING btree (ledgerseq);


--
-- Name: priceindex; Type: INDEX; Schema: public; Owner: -; Tablespace: 
--

CREATE INDEX priceindex ON offers USING btree (price);


--
-- Name: sellingissuerindex; Type: INDEX; Schema: public; Owner: -; Tablespace: 
--

CREATE INDEX sellingissuerindex ON offers USING btree (sellingissuer);


--
-- Name: signersaccount; Type: INDEX; Schema: public; Owner: -; Tablespace: 
--

CREATE INDEX signersaccount ON signers USING btree (accountid);


--
-- PostgreSQL database dump complete
--

