--
-- PostgreSQL database dump
--

SET statement_timeout = 0;
SET lock_timeout = 0;
SET client_encoding = 'UTF8';
SET standard_conforming_strings = on;
SET check_function_bodies = false;
SET client_min_messages = warning;

SET search_path = public, pg_catalog;

DROP INDEX public.signersaccount;
DROP INDEX public.sellingissuerindex;
DROP INDEX public.priceindex;
DROP INDEX public.ledgersbyseq;
DROP INDEX public.buyingissuerindex;
DROP INDEX public.accountlines;
DROP INDEX public.accountbalances;
ALTER TABLE ONLY public.txhistory DROP CONSTRAINT txhistory_pkey;
ALTER TABLE ONLY public.txhistory DROP CONSTRAINT txhistory_ledgerseq_txindex_key;
ALTER TABLE ONLY public.trustlines DROP CONSTRAINT trustlines_pkey;
ALTER TABLE ONLY public.storestate DROP CONSTRAINT storestate_pkey;
ALTER TABLE ONLY public.signers DROP CONSTRAINT signers_pkey;
ALTER TABLE ONLY public.peers DROP CONSTRAINT peers_pkey;
ALTER TABLE ONLY public.offers DROP CONSTRAINT offers_pkey;
ALTER TABLE ONLY public.ledgerheaders DROP CONSTRAINT ledgerheaders_pkey;
ALTER TABLE ONLY public.ledgerheaders DROP CONSTRAINT ledgerheaders_ledgerseq_key;
ALTER TABLE ONLY public.accounts DROP CONSTRAINT accounts_pkey;
DROP TABLE public.txhistory;
DROP TABLE public.trustlines;
DROP TABLE public.storestate;
DROP TABLE public.signers;
DROP TABLE public.peers;
DROP TABLE public.offers;
DROP TABLE public.ledgerheaders;
DROP TABLE public.accounts;
DROP EXTENSION plpgsql;
DROP SCHEMA public;
--
-- Name: public; Type: SCHEMA; Schema: -; Owner: -
--

CREATE SCHEMA public;


--
-- Name: SCHEMA public; Type: COMMENT; Schema: -; Owner: -
--

COMMENT ON SCHEMA public IS 'standard public schema';


--
-- Name: plpgsql; Type: EXTENSION; Schema: -; Owner: -
--

CREATE EXTENSION IF NOT EXISTS plpgsql WITH SCHEMA pg_catalog;


--
-- Name: EXTENSION plpgsql; Type: COMMENT; Schema: -; Owner: -
--

COMMENT ON EXTENSION plpgsql IS 'PL/pgSQL procedural language';


SET search_path = public, pg_catalog;

SET default_tablespace = '';

SET default_with_oids = false;

--
-- Name: accounts; Type: TABLE; Schema: public; Owner: -; Tablespace: 
--

CREATE TABLE accounts (
    accountid character varying(56) NOT NULL,
    balance bigint NOT NULL,
    seqnum bigint NOT NULL,
    numsubentries integer NOT NULL,
    inflationdest character varying(56),
    homedomain character varying(32),
    thresholds text,
    flags integer NOT NULL,
    CONSTRAINT accounts_balance_check CHECK ((balance >= 0)),
    CONSTRAINT accounts_numsubentries_check CHECK ((numsubentries >= 0))
);


--
-- Name: ledgerheaders; Type: TABLE; Schema: public; Owner: -; Tablespace: 
--

CREATE TABLE ledgerheaders (
    ledgerhash character(64) NOT NULL,
    prevhash character(64) NOT NULL,
    bucketlisthash character(64) NOT NULL,
    ledgerseq integer,
    closetime bigint NOT NULL,
    data text NOT NULL,
    CONSTRAINT ledgerheaders_closetime_check CHECK ((closetime >= 0)),
    CONSTRAINT ledgerheaders_ledgerseq_check CHECK ((ledgerseq >= 0))
);


--
-- Name: offers; Type: TABLE; Schema: public; Owner: -; Tablespace: 
--

CREATE TABLE offers (
    sellerid character varying(56) NOT NULL,
    offerid bigint NOT NULL,
    sellingassettype integer,
    sellingassetcode character varying(12),
    sellingissuer character varying(56),
    buyingassettype integer,
    buyingassetcode character varying(12),
    buyingissuer character varying(56),
    amount bigint NOT NULL,
    pricen integer NOT NULL,
    priced integer NOT NULL,
    price bigint NOT NULL,
    flags integer NOT NULL,
    CONSTRAINT offers_amount_check CHECK ((amount >= 0)),
    CONSTRAINT offers_offerid_check CHECK ((offerid >= 0))
);


--
-- Name: peers; Type: TABLE; Schema: public; Owner: -; Tablespace: 
--

CREATE TABLE peers (
    ip character varying(15) NOT NULL,
    port integer DEFAULT 0 NOT NULL,
    nextattempt timestamp without time zone NOT NULL,
    numfailures integer DEFAULT 0 NOT NULL,
    rank integer DEFAULT 0 NOT NULL,
    CONSTRAINT peers_numfailures_check CHECK ((numfailures >= 0)),
    CONSTRAINT peers_port_check CHECK (((port > 0) AND (port <= 65535))),
    CONSTRAINT peers_rank_check CHECK ((rank >= 0))
);


--
-- Name: signers; Type: TABLE; Schema: public; Owner: -; Tablespace: 
--

CREATE TABLE signers (
    accountid character varying(56) NOT NULL,
    publickey character varying(56) NOT NULL,
    weight integer NOT NULL
);


--
-- Name: storestate; Type: TABLE; Schema: public; Owner: -; Tablespace: 
--

CREATE TABLE storestate (
    statename character(32) NOT NULL,
    state text
);


--
-- Name: trustlines; Type: TABLE; Schema: public; Owner: -; Tablespace: 
--

CREATE TABLE trustlines (
    accountid character varying(56) NOT NULL,
    assettype integer NOT NULL,
    issuer character varying(56) NOT NULL,
    assetcode character varying(12) NOT NULL,
    tlimit bigint DEFAULT 0 NOT NULL,
    balance bigint DEFAULT 0 NOT NULL,
    flags integer NOT NULL,
    CONSTRAINT trustlines_balance_check CHECK ((balance >= 0)),
    CONSTRAINT trustlines_tlimit_check CHECK ((tlimit >= 0))
);


--
-- Name: txhistory; Type: TABLE; Schema: public; Owner: -; Tablespace: 
--

CREATE TABLE txhistory (
    txid character(64) NOT NULL,
    ledgerseq integer NOT NULL,
    txindex integer NOT NULL,
    txbody text NOT NULL,
    txresult text NOT NULL,
    txmeta text NOT NULL,
    CONSTRAINT txhistory_ledgerseq_check CHECK ((ledgerseq >= 0))
);


--
-- Data for Name: accounts; Type: TABLE DATA; Schema: public; Owner: -
--

COPY accounts (accountid, balance, seqnum, numsubentries, inflationdest, homedomain, thresholds, flags) FROM stdin;
GCEZWKCA5VLDNRLN3RPRJMRZOX3Z6G5CHCGSNFHEYVXM3XOJMDS674JZ	99999995999999960	4	0	\N		AQAAAA==	0
GADXUUK6CBVTZXJQV7HKIYSEQCRSAORJVLDYIOP2NHIW64SKCWIOLD4Y	999999990	8589934593	0	\N		AQAAAA==	0
GA7FXGG476ZROVS3CYVHTPUYYCHYV5UHBKD5WN62SQ2LYWPNUUTVTWFH	999999990	8589934593	0	\N		AQAAAA==	0
GA7ZILCPIJ654PFCNHXPXUX6G3XROZGQ72I6UFFUNY7OQI26YZJTTFAW	999999950	8589934597	5	\N		AQAAAA==	0
GAMYB4WCOG25M5NJDWZ74BGOXWM27G5R7MQY23OV6F2WIEEHTVP23QVU	999999960	8589934596	3	\N		AQAAAA==	0
\.


--
-- Data for Name: ledgerheaders; Type: TABLE DATA; Schema: public; Owner: -
--

COPY ledgerheaders (ledgerhash, prevhash, bucketlisthash, ledgerseq, closetime, data) FROM stdin;
e8e10918f9c000c73119abe54cf089f59f9015cc93c49ccf00b5e8b9afb6e6b1	0000000000000000000000000000000000000000000000000000000000000000	366ab1da319554c51293d7cbf7893a2373dbb0adb73bc8f86d4842995a948be6	1	0	AAAAAAAAAAAAAAAAAAAAAAAAAAAAAAAAAAAAAAAAAAAAAAAAAAAAAAAAAAAAAAAAAAAAAAAAAAAAAAAAAAAAAAAAAAAAAAAAAAAAAAAAAAAAAAAAAAAAAAAAAAAAAAAAAAAAAAAAAAAAAAAAAAAAAAAAAAA2arHaMZVUxRKT18v3iTojc9uwrbc7yPhtSEKZWpSL5gAAAAEBY0V4XYoAAAAAAAAAAAAAAAAAAAAAAAAAAAAAAAAACgCYloAAAAAAAAAAAAAAAAAAAAAAAAAAAAAAAAAAAAAAAAAAAAAAAAAAAAAAAAAAAAAAAAAAAAAAAAAAAAAAAAAAAAAAAAAAAAAAAAAAAAAAAAAAAAAAAAAAAAAAAAAAAAAAAAAAAAAAAAAAAAAAAAAAAAAAAAAAAAAAAAAAAAAAAAAAAAAAAAA=
0fa06e47edd13771469084807ed3dea414d34a04a68a963c9b48c54a35fbaceb	e8e10918f9c000c73119abe54cf089f59f9015cc93c49ccf00b5e8b9afb6e6b1	e9279d50452efb0fcce2ae19595e2e08cbca8a326a35145c1c47fc4c389cc022	2	1440440055	AAAAAejhCRj5wADHMRmr5UzwifWfkBXMk8SczwC16Lmvtuaxqti9Hq/Ac7frkhOaxtT1iQ5oBzW/ake9HvhrVtu0DyYAAAAAVdte9wAAAAEAAAAIAAAAAQAAAAEAAAAA25ZeT6a8p6bRN0h/s6gN1Pu34VH4G56DIcnKX3w6EYPpJ51QRS77D8zirhlZXi4Iy8qKMmo1FFwcR/xMOJzAIgAAAAIBY0V4XYoAAAAAAAAAAAAoAAAAAAAAAAAAAAAAAAAACgCYloAAAAAAAAAAAAAAAAAAAAAAAAAAAAAAAAAAAAAAAAAAAAAAAAAAAAAAAAAAAAAAAAAAAAAAAAAAAAAAAAAAAAAAAAAAAAAAAAAAAAAAAAAAAAAAAAAAAAAAAAAAAAAAAAAAAAAAAAAAAAAAAAAAAAAAAAAAAAAAAAAAAAAAAAAAAAAAAAA=
1458bc592cbff779e16cdbd12ab1e346135634da50404b8b58d4981dc1cecbec	0fa06e47edd13771469084807ed3dea414d34a04a68a963c9b48c54a35fbaceb	42fd4e55af92020c3eaf398a90d9ad5cfc3a1f2384301301f237d246188fef66	3	1440440056	AAAAAQ+gbkft0TdxRpCEgH7T3qQU00oEpoqWPJtIxUo1+6zryiG1bs6o/uClGtclLLecfKOuV+vj2CT4rOkrhD4NoIgAAAAAVdte+AAAAAAAAAAAajlk+aIqYnkon8aLMlINOXODqaMsD/p+U2q58DI95eNC/U5Vr5ICDD6vOYqQ2a1c/DofI4QwEwHyN9JGGI/vZgAAAAMBY0V4XYoAAAAAAAAAAABQAAAAAAAAAAAAAAAAAAAACgCYloAAAAAAAAAAAAAAAAAAAAAAAAAAAAAAAAAAAAAAAAAAAAAAAAAAAAAAAAAAAAAAAAAAAAAAAAAAAAAAAAAAAAAAAAAAAAAAAAAAAAAAAAAAAAAAAAAAAAAAAAAAAAAAAAAAAAAAAAAAAAAAAAAAAAAAAAAAAAAAAAAAAAAAAAAAAAAAAAA=
135245d81467cedb347f0aa506a6d63dcd878aed6fe83a4c34b987a4028e5314	1458bc592cbff779e16cdbd12ab1e346135634da50404b8b58d4981dc1cecbec	6611d8cf219fb490ec515c6137a9d8e3e870832e91f5bbff0c568fe00ec65d68	4	1440440057	AAAAARRYvFksv/d54Wzb0Sqx40YTVjTaUEBLi1jUmB3BzsvsQ8TPtSiEHl/fGi1LzTtahdsGL9I/qLzQTdz03K6SvVQAAAAAVdte+QAAAAAAAAAAM94YqOxtaGNtYkpH//uySS1bVbe/T8OgvpeZ16DeMFZmEdjPIZ+0kOxRXGE3qdjj6HCDLpH1u/8MVo/gDsZdaAAAAAQBY0V4XYoAAAAAAAAAAABkAAAAAAAAAAAAAAAAAAAACgCYloAAAAAAAAAAAAAAAAAAAAAAAAAAAAAAAAAAAAAAAAAAAAAAAAAAAAAAAAAAAAAAAAAAAAAAAAAAAAAAAAAAAAAAAAAAAAAAAAAAAAAAAAAAAAAAAAAAAAAAAAAAAAAAAAAAAAAAAAAAAAAAAAAAAAAAAAAAAAAAAAAAAAAAAAAAAAAAAAA=
2dcf650a3920390a037dfe76b7cd19ceb13c8871cbab55436cf87d1aed22afd9	135245d81467cedb347f0aa506a6d63dcd878aed6fe83a4c34b987a4028e5314	7aef227b834278e401672dc30fb818a446b5a2efab3e66d38ca2670a8ddc885c	5	1440440058	AAAAARNSRdgUZ87bNH8KpQam1j3Nh4rtb+g6TDS5h6QCjlMUdmolr1ALILpi5l5VckjZSV3ZalDtyq1tuDV3uCX/y6QAAAAAVdte+gAAAAAAAAAA0CasYExnN1WRV+Wn1QCyk2V3bUcYWqWsY8TrXjpyYJR67yJ7g0J45AFnLcMPuBikRrWi76s+ZtOMomcKjdyIXAAAAAUBY0V4XYoAAAAAAAAAAACCAAAAAAAAAAAAAAADAAAACgCYloAAAAAAAAAAAAAAAAAAAAAAAAAAAAAAAAAAAAAAAAAAAAAAAAAAAAAAAAAAAAAAAAAAAAAAAAAAAAAAAAAAAAAAAAAAAAAAAAAAAAAAAAAAAAAAAAAAAAAAAAAAAAAAAAAAAAAAAAAAAAAAAAAAAAAAAAAAAAAAAAAAAAAAAAAAAAAAAAA=
716e5ff9f654b338f68c4f279423cebe5728b6f87f951874958521dd5d95bd45	2dcf650a3920390a037dfe76b7cd19ceb13c8871cbab55436cf87d1aed22afd9	08500a768fbb254712b38815624321309e57d0eabeaea4b08c75bc98321c7b0d	6	1440440059	AAAAAS3PZQo5IDkKA33+drfNGc6xPIhxy6tVQ2z4fRrtIq/ZOJIm+h2n9FRy+Lg8e9A67/AeqwJL8dWf9tVYQ/Y8fP0AAAAAVdte+wAAAAAAAAAABqMRsrn0kAodrZlao9SQgTyQvEjm61n+3021EEj0KLoIUAp2j7slRxKziBViQyEwnlfQ6r6upLCMdbyYMhx7DQAAAAYBY0V4XYoAAAAAAAAAAACWAAAAAAAAAAAAAAAEAAAACgCYloAAAAAAAAAAAAAAAAAAAAAAAAAAAAAAAAAAAAAAAAAAAAAAAAAAAAAAAAAAAAAAAAAAAAAAAAAAAAAAAAAAAAAAAAAAAAAAAAAAAAAAAAAAAAAAAAAAAAAAAAAAAAAAAAAAAAAAAAAAAAAAAAAAAAAAAAAAAAAAAAAAAAAAAAAAAAAAAAA=
\.


--
-- Data for Name: offers; Type: TABLE DATA; Schema: public; Owner: -
--

COPY offers (sellerid, offerid, sellingassettype, sellingassetcode, sellingissuer, buyingassettype, buyingassetcode, buyingissuer, amount, pricen, priced, price, flags) FROM stdin;
GA7ZILCPIJ654PFCNHXPXUX6G3XROZGQ72I6UFFUNY7OQI26YZJTTFAW	2	1	EUR	GA7FXGG476ZROVS3CYVHTPUYYCHYV5UHBKD5WN62SQ2LYWPNUUTVTWFH	1	USD	GADXUUK6CBVTZXJQV7HKIYSEQCRSAORJVLDYIOP2NHIW64SKCWIOLD4Y	1111111111	10	9	11111111	0
GA7ZILCPIJ654PFCNHXPXUX6G3XROZGQ72I6UFFUNY7OQI26YZJTTFAW	3	1	EUR	GA7FXGG476ZROVS3CYVHTPUYYCHYV5UHBKD5WN62SQ2LYWPNUUTVTWFH	1	USD	GADXUUK6CBVTZXJQV7HKIYSEQCRSAORJVLDYIOP2NHIW64SKCWIOLD4Y	1250000000	5	4	12500000	0
GA7ZILCPIJ654PFCNHXPXUX6G3XROZGQ72I6UFFUNY7OQI26YZJTTFAW	1	1	EUR	GA7FXGG476ZROVS3CYVHTPUYYCHYV5UHBKD5WN62SQ2LYWPNUUTVTWFH	1	USD	GADXUUK6CBVTZXJQV7HKIYSEQCRSAORJVLDYIOP2NHIW64SKCWIOLD4Y	500000000	1	1	10000000	0
GAMYB4WCOG25M5NJDWZ74BGOXWM27G5R7MQY23OV6F2WIEEHTVP23QVU	4	1	USD	GADXUUK6CBVTZXJQV7HKIYSEQCRSAORJVLDYIOP2NHIW64SKCWIOLD4Y	0			500000000	1	1	10000000	0
\.


--
-- Data for Name: peers; Type: TABLE DATA; Schema: public; Owner: -
--

COPY peers (ip, port, nextattempt, numfailures, rank) FROM stdin;
\.


--
-- Data for Name: signers; Type: TABLE DATA; Schema: public; Owner: -
--

COPY signers (accountid, publickey, weight) FROM stdin;
\.


--
-- Data for Name: storestate; Type: TABLE DATA; Schema: public; Owner: -
--

COPY storestate (statename, state) FROM stdin;
databaseinitialized             	true
forcescponnextlaunch            	false
lastclosedledger                	716e5ff9f654b338f68c4f279423cebe5728b6f87f951874958521dd5d95bd45
historyarchivestate             	{\n    "version": 1,\n    "server": "72b501f-dirty",\n    "currentLedger": 6,\n    "currentBuckets": [\n        {\n            "curr": "effb57df4577e29e9e8bd6987df81693e01b6fc38a803de0c76b238fc97003b5",\n            "next": {\n                "state": 0\n            },\n            "snap": "ffb60bae30c1cf6fdea60b4ea1b9a25b078be54d3077016c8791d3a0a21b5bc3"\n        },\n        {\n            "curr": "2663a6c4d6b47e982dad800e24de71319985740dc6a5db9cddeafa58db470aea",\n            "next": {\n                "state": 1,\n                "output": "ffb60bae30c1cf6fdea60b4ea1b9a25b078be54d3077016c8791d3a0a21b5bc3"\n            },\n            "snap": "0000000000000000000000000000000000000000000000000000000000000000"\n        },\n        {\n            "curr": "0000000000000000000000000000000000000000000000000000000000000000",\n            "next": {\n                "state": 0\n            },\n            "snap": "0000000000000000000000000000000000000000000000000000000000000000"\n        },\n        {\n            "curr": "0000000000000000000000000000000000000000000000000000000000000000",\n            "next": {\n                "state": 0\n            },\n            "snap": "0000000000000000000000000000000000000000000000000000000000000000"\n        },\n        {\n            "curr": "0000000000000000000000000000000000000000000000000000000000000000",\n            "next": {\n                "state": 0\n            },\n            "snap": "0000000000000000000000000000000000000000000000000000000000000000"\n        },\n        {\n            "curr": "0000000000000000000000000000000000000000000000000000000000000000",\n            "next": {\n                "state": 0\n            },\n            "snap": "0000000000000000000000000000000000000000000000000000000000000000"\n        },\n        {\n            "curr": "0000000000000000000000000000000000000000000000000000000000000000",\n            "next": {\n                "state": 0\n            },\n            "snap": "0000000000000000000000000000000000000000000000000000000000000000"\n        },\n        {\n            "curr": "0000000000000000000000000000000000000000000000000000000000000000",\n            "next": {\n                "state": 0\n            },\n            "snap": "0000000000000000000000000000000000000000000000000000000000000000"\n        },\n        {\n            "curr": "0000000000000000000000000000000000000000000000000000000000000000",\n            "next": {\n                "state": 0\n            },\n            "snap": "0000000000000000000000000000000000000000000000000000000000000000"\n        },\n        {\n            "curr": "0000000000000000000000000000000000000000000000000000000000000000",\n            "next": {\n                "state": 0\n            },\n            "snap": "0000000000000000000000000000000000000000000000000000000000000000"\n        },\n        {\n            "curr": "0000000000000000000000000000000000000000000000000000000000000000",\n            "next": {\n                "state": 0\n            },\n            "snap": "0000000000000000000000000000000000000000000000000000000000000000"\n        }\n    ]\n}
\.


--
-- Data for Name: trustlines; Type: TABLE DATA; Schema: public; Owner: -
--

COPY trustlines (accountid, assettype, issuer, assetcode, tlimit, balance, flags) FROM stdin;
GA7ZILCPIJ654PFCNHXPXUX6G3XROZGQ72I6UFFUNY7OQI26YZJTTFAW	1	GADXUUK6CBVTZXJQV7HKIYSEQCRSAORJVLDYIOP2NHIW64SKCWIOLD4Y	USD	9223372036854775807	500000000	1
GA7ZILCPIJ654PFCNHXPXUX6G3XROZGQ72I6UFFUNY7OQI26YZJTTFAW	1	GA7FXGG476ZROVS3CYVHTPUYYCHYV5UHBKD5WN62SQ2LYWPNUUTVTWFH	EUR	9223372036854775807	4500000000	1
GAMYB4WCOG25M5NJDWZ74BGOXWM27G5R7MQY23OV6F2WIEEHTVP23QVU	1	GA7FXGG476ZROVS3CYVHTPUYYCHYV5UHBKD5WN62SQ2LYWPNUUTVTWFH	EUR	9223372036854775807	500000000	1
GAMYB4WCOG25M5NJDWZ74BGOXWM27G5R7MQY23OV6F2WIEEHTVP23QVU	1	GADXUUK6CBVTZXJQV7HKIYSEQCRSAORJVLDYIOP2NHIW64SKCWIOLD4Y	USD	9223372036854775807	4500000000	1
\.


--
-- Data for Name: txhistory; Type: TABLE DATA; Schema: public; Owner: -
--

COPY txhistory (txid, ledgerseq, txindex, txbody, txresult, txmeta) FROM stdin;
5e444399b2a43856acd9dfa7cfad64d20dadb08b7f806b23de2e60179497290e	2	1	AAAAAImbKEDtVjbFbdxfFLI5dfefG6I4jSaU5MVuzd3JYOXvAAAACgAAAAAAAAABAAAAAAAAAAAAAAABAAAAAAAAAAAAAAAAGYDywnG11nWpHbP+BM69ma+bsfshjW3V8XVkEIedX60AAAAAO5rKAAAAAAAAAAAByWDl7wAAAEBCqwYPP+PZsaUMIqDNjnN9+p80UmxgyotdCxIBlGT1nh2Rttx6DVga7X88z7EFEBIWfbSZgrsYDbUUULosspsA	XkRDmbKkOFas2d+nz61k0g2tsIt/gGsj3i5gF5SXKQ4AAAAAAAAACgAAAAAAAAABAAAAAAAAAAAAAAAAAAAAAA==	AAAAAAAAAAEAAAABAAAAAAAAAACJmyhA7VY2xW3cXxSyOXX3nxuiOI0mlOTFbs3dyWDl7wFjRXhdif/2AAAAAAAAAAEAAAAAAAAAAAAAAAAAAAAAAQAAAAAAAAAAAAAAAAAAAQAAAAIAAAAAAAAAAAAAAAAZgPLCcbXWdakds/4Ezr2Zr5ux+yGNbdXxdWQQh51frQAAAAA7msoAAAAAAgAAAAAAAAAAAAAAAAAAAAAAAAAAAQAAAAAAAAAAAAAAAAAAAQAAAAAAAAAAiZsoQO1WNsVt3F8Usjl1958bojiNJpTkxW7N3clg5e8BY0V4Ie819gAAAAAAAAABAAAAAAAAAAAAAAAAAAAAAAEAAAAAAAAAAAAAAA==
9b15d8c1fca92307ac89c92620fe84398bfe6979537cba3f25ed9931c6cf4c0e	2	2	AAAAAImbKEDtVjbFbdxfFLI5dfefG6I4jSaU5MVuzd3JYOXvAAAACgAAAAAAAAACAAAAAAAAAAAAAAABAAAAAAAAAAAAAAAAP5QsT0J93jyiae770v427xdk0P6R6hS0bj7oI17GUzkAAAAAO5rKAAAAAAAAAAAByWDl7wAAAEBbGBk1LhP5bZDg66hzrzDpgOGDO6FgdGSnOgScedGfE2zr51fp4aQD/qgF7ypY3DUlBWzEwJqemnFnYB3/2EwB	mxXYwfypIwesickmIP6EOYv+aXlTfLo/Je2ZMcbPTA4AAAAAAAAACgAAAAAAAAABAAAAAAAAAAAAAAAAAAAAAA==	AAAAAAAAAAEAAAABAAAAAAAAAACJmyhA7VY2xW3cXxSyOXX3nxuiOI0mlOTFbs3dyWDl7wFjRXgh7zXsAAAAAAAAAAIAAAAAAAAAAAAAAAAAAAAAAQAAAAAAAAAAAAAAAAAAAQAAAAIAAAAAAAAAAAAAAAA/lCxPQn3ePKJp7vvS/jbvF2TQ/pHqFLRuPugjXsZTOQAAAAA7msoAAAAAAgAAAAAAAAAAAAAAAAAAAAAAAAAAAQAAAAAAAAAAAAAAAAAAAQAAAAAAAAAAiZsoQO1WNsVt3F8Usjl1958bojiNJpTkxW7N3clg5e8BY0V35lRr7AAAAAAAAAACAAAAAAAAAAAAAAAAAAAAAAEAAAAAAAAAAAAAAA==
4ce83ec538d29cc04737004dd83a16bb98252e6b9e40796a82eefa06ef6e14aa	2	3	AAAAAImbKEDtVjbFbdxfFLI5dfefG6I4jSaU5MVuzd3JYOXvAAAACgAAAAAAAAADAAAAAAAAAAAAAAABAAAAAAAAAAAAAAAAB3pRXhBrPN0wr86kYkSAoyA6KarHhDn6adFvckoVkOUAAAAAO5rKAAAAAAAAAAAByWDl7wAAAECJGzZTjq2rkeRsuGTqd5LG44rpH6cQM3b5KKZe5FP/ViKZZk9G6IL8YUhoLaHonmzWgvjpNhhiCulo5wiUUCIB	TOg+xTjSnMBHNwBN2DoWu5glLmueQHlqgu76Bu9uFKoAAAAAAAAACgAAAAAAAAABAAAAAAAAAAAAAAAAAAAAAA==	AAAAAAAAAAEAAAABAAAAAAAAAACJmyhA7VY2xW3cXxSyOXX3nxuiOI0mlOTFbs3dyWDl7wFjRXfmVGviAAAAAAAAAAMAAAAAAAAAAAAAAAAAAAAAAQAAAAAAAAAAAAAAAAAAAQAAAAIAAAAAAAAAAAAAAAAHelFeEGs83TCvzqRiRICjIDopqseEOfpp0W9yShWQ5QAAAAA7msoAAAAAAgAAAAAAAAAAAAAAAAAAAAAAAAAAAQAAAAAAAAAAAAAAAAAAAQAAAAAAAAAAiZsoQO1WNsVt3F8Usjl1958bojiNJpTkxW7N3clg5e8BY0V3qrmh4gAAAAAAAAADAAAAAAAAAAAAAAAAAAAAAAEAAAAAAAAAAAAAAA==
35635178af35407a8ecb405af94fc00e660912023785a88f28004147bcaf3e2c	2	4	AAAAAImbKEDtVjbFbdxfFLI5dfefG6I4jSaU5MVuzd3JYOXvAAAACgAAAAAAAAAEAAAAAAAAAAAAAAABAAAAAAAAAAAAAAAAPluY3P+zF1ZbFip5vpjAj4r2hwqH2zfalDS8We2lJ1kAAAAAO5rKAAAAAAAAAAAByWDl7wAAAEBalOwLvZKzvLbaytplJjdZumH3lD5pIjtBYNxDkwJuqMR/YMVENVCpcUyd5Ir4g8RMF8qFh9eQ92u1EU07so8E	NWNReK81QHqOy0Ba+U/ADmYJEgI3haiPKABBR7yvPiwAAAAAAAAACgAAAAAAAAABAAAAAAAAAAAAAAAAAAAAAA==	AAAAAAAAAAEAAAABAAAAAAAAAACJmyhA7VY2xW3cXxSyOXX3nxuiOI0mlOTFbs3dyWDl7wFjRXequaHYAAAAAAAAAAQAAAAAAAAAAAAAAAAAAAAAAQAAAAAAAAAAAAAAAAAAAQAAAAIAAAAAAAAAAAAAAAA+W5jc/7MXVlsWKnm+mMCPivaHCofbN9qUNLxZ7aUnWQAAAAA7msoAAAAAAgAAAAAAAAAAAAAAAAAAAAAAAAAAAQAAAAAAAAAAAAAAAAAAAQAAAAAAAAAAiZsoQO1WNsVt3F8Usjl1958bojiNJpTkxW7N3clg5e8BY0V3bx7X2AAAAAAAAAAEAAAAAAAAAAAAAAAAAAAAAAEAAAAAAAAAAAAAAA==
622ba36bdd05bdc230bece6bc8eff9aa534041fb64f3121e6618b8c1e2663355	3	1	AAAAABmA8sJxtdZ1qR2z/gTOvZmvm7H7IY1t1fF1ZBCHnV+tAAAACgAAAAIAAAABAAAAAAAAAAAAAAABAAAAAAAAAAYAAAABVVNEAAAAAAAHelFeEGs83TCvzqRiRICjIDopqseEOfpp0W9yShWQ5X//////////AAAAAAAAAAGHnV+tAAAAQFb4S2eIF5pryCHv+greg9q6E6pJjA50SUImOMNlBmU/eNumiMWgP1q9PphTPNb0aw7WXUJtNDA7dRcUY1Jv8wI=	Yiuja90FvcIwvs5ryO/5qlNAQftk8xIeZhi4weJmM1UAAAAAAAAACgAAAAAAAAABAAAAAAAAAAYAAAAAAAAAAA==	AAAAAAAAAAEAAAABAAAAAAAAAAAZgPLCcbXWdakds/4Ezr2Zr5ux+yGNbdXxdWQQh51frQAAAAA7msn2AAAAAgAAAAEAAAAAAAAAAAAAAAAAAAAAAQAAAAAAAAAAAAAAAAAAAQAAAAIAAAAAAAAAAQAAAAAZgPLCcbXWdakds/4Ezr2Zr5ux+yGNbdXxdWQQh51frQAAAAFVU0QAAAAAAAd6UV4QazzdMK/OpGJEgKMgOimqx4Q5+mnRb3JKFZDlAAAAAAAAAAB//////////wAAAAEAAAAAAAAAAQAAAAAAAAAAGYDywnG11nWpHbP+BM69ma+bsfshjW3V8XVkEIedX60AAAAAO5rJ9gAAAAIAAAABAAAAAQAAAAAAAAAAAAAAAAEAAAAAAAAAAAAAAA==
c27947d5d59d12b100b6788457f127f3a8fcdf896ad07b4c3b7cbdd289d55c88	3	2	AAAAAD+ULE9Cfd48omnu+9L+Nu8XZND+keoUtG4+6CNexlM5AAAACgAAAAIAAAABAAAAAAAAAAAAAAABAAAAAAAAAAYAAAABVVNEAAAAAAAHelFeEGs83TCvzqRiRICjIDopqseEOfpp0W9yShWQ5X//////////AAAAAAAAAAFexlM5AAAAQKHtZEmqLGamD9GpLAE4dSa4yeXWKBwi/elDqVN6c76dYKGy+y05aL4DjDYCDCPSyVMYY5ELmGWqinG86avZLg0=	wnlH1dWdErEAtniEV/En86j834lq0HtMO3y90onVXIgAAAAAAAAACgAAAAAAAAABAAAAAAAAAAYAAAAAAAAAAA==	AAAAAAAAAAEAAAABAAAAAAAAAAA/lCxPQn3ePKJp7vvS/jbvF2TQ/pHqFLRuPugjXsZTOQAAAAA7msn2AAAAAgAAAAEAAAAAAAAAAAAAAAAAAAAAAQAAAAAAAAAAAAAAAAAAAQAAAAIAAAAAAAAAAQAAAAA/lCxPQn3ePKJp7vvS/jbvF2TQ/pHqFLRuPugjXsZTOQAAAAFVU0QAAAAAAAd6UV4QazzdMK/OpGJEgKMgOimqx4Q5+mnRb3JKFZDlAAAAAAAAAAB//////////wAAAAEAAAAAAAAAAQAAAAAAAAAAP5QsT0J93jyiae770v427xdk0P6R6hS0bj7oI17GUzkAAAAAO5rJ9gAAAAIAAAABAAAAAQAAAAAAAAAAAAAAAAEAAAAAAAAAAAAAAA==
8ad0f539fea613f9b48c3c96c4da89bd4b5eb286b2a8932d88ddba0f95ab249f	3	3	AAAAABmA8sJxtdZ1qR2z/gTOvZmvm7H7IY1t1fF1ZBCHnV+tAAAACgAAAAIAAAACAAAAAAAAAAAAAAABAAAAAAAAAAYAAAABRVVSAAAAAAA+W5jc/7MXVlsWKnm+mMCPivaHCofbN9qUNLxZ7aUnWX//////////AAAAAAAAAAGHnV+tAAAAQFaGUJb3kyfxinp5NQknlmNquJghoasA8zaSXoz7RL41albjJmAldDxX4zSbp1Ry3T8sB9++Yn4tgdblMRtPXgY=	itD1Of6mE/m0jDyWxNqJvUtesoayqJMtiN26D5WrJJ8AAAAAAAAACgAAAAAAAAABAAAAAAAAAAYAAAAAAAAAAA==	AAAAAAAAAAEAAAABAAAAAAAAAAAZgPLCcbXWdakds/4Ezr2Zr5ux+yGNbdXxdWQQh51frQAAAAA7msnsAAAAAgAAAAIAAAABAAAAAAAAAAAAAAAAAQAAAAAAAAAAAAAAAAAAAQAAAAIAAAAAAAAAAQAAAAAZgPLCcbXWdakds/4Ezr2Zr5ux+yGNbdXxdWQQh51frQAAAAFFVVIAAAAAAD5bmNz/sxdWWxYqeb6YwI+K9ocKh9s32pQ0vFntpSdZAAAAAAAAAAB//////////wAAAAEAAAAAAAAAAQAAAAAAAAAAGYDywnG11nWpHbP+BM69ma+bsfshjW3V8XVkEIedX60AAAAAO5rJ7AAAAAIAAAACAAAAAgAAAAAAAAAAAAAAAAEAAAAAAAAAAAAAAA==
0f1b5b63c516c189c97e67ed9470a933e8011899bf6c89a9f1f17e39b7e37b99	3	4	AAAAAD+ULE9Cfd48omnu+9L+Nu8XZND+keoUtG4+6CNexlM5AAAACgAAAAIAAAACAAAAAAAAAAAAAAABAAAAAAAAAAYAAAABRVVSAAAAAAA+W5jc/7MXVlsWKnm+mMCPivaHCofbN9qUNLxZ7aUnWX//////////AAAAAAAAAAFexlM5AAAAQG9rCHTD9HlpYQS5XTGSv5pFp7A0JzqvjTFqSVcSFBdLypQ5Wp3WlxRaR5xK+MUZVDV/oW9zqbYlx6lT+XSS+A4=	DxtbY8UWwYnJfmftlHCpM+gBGJm/bImp8fF+Obfje5kAAAAAAAAACgAAAAAAAAABAAAAAAAAAAYAAAAAAAAAAA==	AAAAAAAAAAEAAAABAAAAAAAAAAA/lCxPQn3ePKJp7vvS/jbvF2TQ/pHqFLRuPugjXsZTOQAAAAA7msnsAAAAAgAAAAIAAAABAAAAAAAAAAAAAAAAAQAAAAAAAAAAAAAAAAAAAQAAAAIAAAAAAAAAAQAAAAA/lCxPQn3ePKJp7vvS/jbvF2TQ/pHqFLRuPugjXsZTOQAAAAFFVVIAAAAAAD5bmNz/sxdWWxYqeb6YwI+K9ocKh9s32pQ0vFntpSdZAAAAAAAAAAB//////////wAAAAEAAAAAAAAAAQAAAAAAAAAAP5QsT0J93jyiae770v427xdk0P6R6hS0bj7oI17GUzkAAAAAO5rJ7AAAAAIAAAACAAAAAgAAAAAAAAAAAAAAAAEAAAAAAAAAAAAAAA==
c3353614458a9803127d167741c7322df717f130a0bd42e8d18f2ac7f5d18268	4	1	AAAAAAd6UV4QazzdMK/OpGJEgKMgOimqx4Q5+mnRb3JKFZDlAAAACgAAAAIAAAABAAAAAAAAAAAAAAABAAAAAAAAAAEAAAAAGYDywnG11nWpHbP+BM69ma+bsfshjW3V8XVkEIedX60AAAABVVNEAAAAAAAHelFeEGs83TCvzqRiRICjIDopqseEOfpp0W9yShWQ5QAAAAEqBfIAAAAAAAAAAAFKFZDlAAAAQOxz2SQ0ybEvy9NUNrfXPE02Ufdtf62z+0nBB/3jBLcpcKBlpKEFkmdUXzZV5u/RfrlxiL5sBWACLwQGh5l6PQQ=	wzU2FEWKmAMSfRZ3QccyLfcX8TCgvULo0Y8qx/XRgmgAAAAAAAAACgAAAAAAAAABAAAAAAAAAAEAAAAAAAAAAA==	AAAAAAAAAAEAAAABAAAAAAAAAAAHelFeEGs83TCvzqRiRICjIDopqseEOfpp0W9yShWQ5QAAAAA7msn2AAAAAgAAAAEAAAAAAAAAAAAAAAAAAAAAAQAAAAAAAAAAAAAAAAAAAQAAAAEAAAABAAAAAQAAAAAZgPLCcbXWdakds/4Ezr2Zr5ux+yGNbdXxdWQQh51frQAAAAFVU0QAAAAAAAd6UV4QazzdMK/OpGJEgKMgOimqx4Q5+mnRb3JKFZDlAAAAASoF8gB//////////wAAAAEAAAAA
f566ad6926b308a55fbbc1262a7ec4025aab68a9cf1bdd93ca60504650234022	4	2	AAAAAD5bmNz/sxdWWxYqeb6YwI+K9ocKh9s32pQ0vFntpSdZAAAACgAAAAIAAAABAAAAAAAAAAAAAAABAAAAAAAAAAEAAAAAP5QsT0J93jyiae770v427xdk0P6R6hS0bj7oI17GUzkAAAABRVVSAAAAAAA+W5jc/7MXVlsWKnm+mMCPivaHCofbN9qUNLxZ7aUnWQAAAAEqBfIAAAAAAAAAAAHtpSdZAAAAQCW4FbgIlBBFiJX87JQKcsznrK7CHAv+wFgmyESwpUWcpooh8dzgILg34h/y1m1OcnQVek/0F3RuKqZyyXBEPw8=	9WataSazCKVfu8EmKn7EAlqraKnPG92TymBQRlAjQCIAAAAAAAAACgAAAAAAAAABAAAAAAAAAAEAAAAAAAAAAA==	AAAAAAAAAAEAAAABAAAAAAAAAAA+W5jc/7MXVlsWKnm+mMCPivaHCofbN9qUNLxZ7aUnWQAAAAA7msn2AAAAAgAAAAEAAAAAAAAAAAAAAAAAAAAAAQAAAAAAAAAAAAAAAAAAAQAAAAEAAAABAAAAAQAAAAA/lCxPQn3ePKJp7vvS/jbvF2TQ/pHqFLRuPugjXsZTOQAAAAFFVVIAAAAAAD5bmNz/sxdWWxYqeb6YwI+K9ocKh9s32pQ0vFntpSdZAAAAASoF8gB//////////wAAAAEAAAAA
3f203a89fcf3b2b80dc262823ac280b6c7168faf9a3a408f2cf783305d6b98ff	5	1	AAAAAD+ULE9Cfd48omnu+9L+Nu8XZND+keoUtG4+6CNexlM5AAAACgAAAAIAAAADAAAAAAAAAAAAAAABAAAAAAAAAAMAAAABRVVSAAAAAAA+W5jc/7MXVlsWKnm+mMCPivaHCofbN9qUNLxZ7aUnWQAAAAFVU0QAAAAAAAd6UV4QazzdMK/OpGJEgKMgOimqx4Q5+mnRb3JKFZDlAAAAADuaygAAAAABAAAAAQAAAAAAAAAAAAAAAAAAAAFexlM5AAAAQLVYo9PO8GG9QbcD/VUULtTwOZRHoTEgvNmXaIC2lBve9LJlNHpX1+AauagxN7n50hUxY4bD12fL8jwm5nSh1ws=	PyA6ifzzsrgNwmKCOsKAtscWj6+aOkCPLPeDMF1rmP8AAAAAAAAACgAAAAAAAAABAAAAAAAAAAMAAAAAAAAAAAAAAAAAAAAAP5QsT0J93jyiae770v427xdk0P6R6hS0bj7oI17GUzkAAAAAAAAAAQAAAAFFVVIAAAAAAD5bmNz/sxdWWxYqeb6YwI+K9ocKh9s32pQ0vFntpSdZAAAAAVVTRAAAAAAAB3pRXhBrPN0wr86kYkSAoyA6KarHhDn6adFvckoVkOUAAAAAO5rKAAAAAAEAAAABAAAAAAAAAAAAAAAA	AAAAAAAAAAEAAAABAAAAAAAAAAA/lCxPQn3ePKJp7vvS/jbvF2TQ/pHqFLRuPugjXsZTOQAAAAA7msniAAAAAgAAAAMAAAACAAAAAAAAAAAAAAAAAQAAAAAAAAAAAAAAAAAAAQAAAAIAAAAAAAAAAgAAAAA/lCxPQn3ePKJp7vvS/jbvF2TQ/pHqFLRuPugjXsZTOQAAAAAAAAABAAAAAUVVUgAAAAAAPluY3P+zF1ZbFip5vpjAj4r2hwqH2zfalDS8We2lJ1kAAAABVVNEAAAAAAAHelFeEGs83TCvzqRiRICjIDopqseEOfpp0W9yShWQ5QAAAAA7msoAAAAAAQAAAAEAAAAAAAAAAAAAAAEAAAAAAAAAAD+ULE9Cfd48omnu+9L+Nu8XZND+keoUtG4+6CNexlM5AAAAADuayeIAAAACAAAAAwAAAAMAAAAAAAAAAAAAAAABAAAAAAAAAAAAAAA=
42002b83bab3c1802b5c4f8c4829e7745ea88a02851bf947163e3afd6dbdb96d	5	2	AAAAAD+ULE9Cfd48omnu+9L+Nu8XZND+keoUtG4+6CNexlM5AAAACgAAAAIAAAAEAAAAAAAAAAAAAAABAAAAAAAAAAMAAAABRVVSAAAAAAA+W5jc/7MXVlsWKnm+mMCPivaHCofbN9qUNLxZ7aUnWQAAAAFVU0QAAAAAAAd6UV4QazzdMK/OpGJEgKMgOimqx4Q5+mnRb3JKFZDlAAAAAEI6NccAAAAKAAAACQAAAAAAAAAAAAAAAAAAAAFexlM5AAAAQFe2d95327iyk7zhZwKkaWm/sdcAIJKB1tfw+VCn8fKM64r1tpY7FjAoCVT7LFy6pSkBWDmi3CnVGNQ5B1r5wAo=	QgArg7qzwYArXE+MSCnndF6oigKFG/lHFj46/W29uW0AAAAAAAAACgAAAAAAAAABAAAAAAAAAAMAAAAAAAAAAAAAAAAAAAAAP5QsT0J93jyiae770v427xdk0P6R6hS0bj7oI17GUzkAAAAAAAAAAgAAAAFFVVIAAAAAAD5bmNz/sxdWWxYqeb6YwI+K9ocKh9s32pQ0vFntpSdZAAAAAVVTRAAAAAAAB3pRXhBrPN0wr86kYkSAoyA6KarHhDn6adFvckoVkOUAAAAAQjo1xwAAAAoAAAAJAAAAAAAAAAAAAAAA	AAAAAAAAAAEAAAABAAAAAAAAAAA/lCxPQn3ePKJp7vvS/jbvF2TQ/pHqFLRuPugjXsZTOQAAAAA7msnYAAAAAgAAAAQAAAADAAAAAAAAAAAAAAAAAQAAAAAAAAAAAAAAAAAAAQAAAAIAAAAAAAAAAgAAAAA/lCxPQn3ePKJp7vvS/jbvF2TQ/pHqFLRuPugjXsZTOQAAAAAAAAACAAAAAUVVUgAAAAAAPluY3P+zF1ZbFip5vpjAj4r2hwqH2zfalDS8We2lJ1kAAAABVVNEAAAAAAAHelFeEGs83TCvzqRiRICjIDopqseEOfpp0W9yShWQ5QAAAABCOjXHAAAACgAAAAkAAAAAAAAAAAAAAAEAAAAAAAAAAD+ULE9Cfd48omnu+9L+Nu8XZND+keoUtG4+6CNexlM5AAAAADuaydgAAAACAAAABAAAAAQAAAAAAAAAAAAAAAABAAAAAAAAAAAAAAA=
13cda2b4eeae79f84d5794fa5f8ed70abff900fb0764d8be76abc66ab584b561	5	3	AAAAAD+ULE9Cfd48omnu+9L+Nu8XZND+keoUtG4+6CNexlM5AAAACgAAAAIAAAAFAAAAAAAAAAAAAAABAAAAAAAAAAMAAAABRVVSAAAAAAA+W5jc/7MXVlsWKnm+mMCPivaHCofbN9qUNLxZ7aUnWQAAAAFVU0QAAAAAAAd6UV4QazzdMK/OpGJEgKMgOimqx4Q5+mnRb3JKFZDlAAAAAEqBfIAAAAAFAAAABAAAAAAAAAAAAAAAAAAAAAFexlM5AAAAQNtLP3Et8GBS30wTiP0S2+i7cYmyvh54ThXtSmlZ3goW5W0Twp7S5OoR9PAYkXu36oFjy1QavaoQxeI/ETBgRwA=	E82itO6uefhNV5T6X47XCr/5APsHZNi+dqvGarWEtWEAAAAAAAAACgAAAAAAAAABAAAAAAAAAAMAAAAAAAAAAAAAAAAAAAAAP5QsT0J93jyiae770v427xdk0P6R6hS0bj7oI17GUzkAAAAAAAAAAwAAAAFFVVIAAAAAAD5bmNz/sxdWWxYqeb6YwI+K9ocKh9s32pQ0vFntpSdZAAAAAVVTRAAAAAAAB3pRXhBrPN0wr86kYkSAoyA6KarHhDn6adFvckoVkOUAAAAASoF8gAAAAAUAAAAEAAAAAAAAAAAAAAAA	AAAAAAAAAAEAAAABAAAAAAAAAAA/lCxPQn3ePKJp7vvS/jbvF2TQ/pHqFLRuPugjXsZTOQAAAAA7msnOAAAAAgAAAAUAAAAEAAAAAAAAAAAAAAAAAQAAAAAAAAAAAAAAAAAAAQAAAAIAAAAAAAAAAgAAAAA/lCxPQn3ePKJp7vvS/jbvF2TQ/pHqFLRuPugjXsZTOQAAAAAAAAADAAAAAUVVUgAAAAAAPluY3P+zF1ZbFip5vpjAj4r2hwqH2zfalDS8We2lJ1kAAAABVVNEAAAAAAAHelFeEGs83TCvzqRiRICjIDopqseEOfpp0W9yShWQ5QAAAABKgXyAAAAABQAAAAQAAAAAAAAAAAAAAAEAAAAAAAAAAD+ULE9Cfd48omnu+9L+Nu8XZND+keoUtG4+6CNexlM5AAAAADuayc4AAAACAAAABQAAAAUAAAAAAAAAAAAAAAABAAAAAAAAAAAAAAA=
c38a377d8e6758b141b5c55c579a740591ade7c2ad30712406892b5cf6627500	6	1	AAAAABmA8sJxtdZ1qR2z/gTOvZmvm7H7IY1t1fF1ZBCHnV+tAAAACgAAAAIAAAADAAAAAAAAAAAAAAABAAAAAAAAAAMAAAABVVNEAAAAAAAHelFeEGs83TCvzqRiRICjIDopqseEOfpp0W9yShWQ5QAAAAFFVVIAAAAAAD5bmNz/sxdWWxYqeb6YwI+K9ocKh9s32pQ0vFntpSdZAAAAAB3NZQAAAAABAAAAAQAAAAAAAAAAAAAAAAAAAAGHnV+tAAAAQICX4FeES2LSGm6WLevUxFugAC7uAgl3OpTfxmbv3NmYojiOB0J60gLJqQBCkr2/0OLsIGX7Q2816OI0rUGGVQA=	w4o3fY5nWLFBtcVcV5p0BZGt58KtMHEkBokrXPZidQAAAAAAAAAACgAAAAAAAAABAAAAAAAAAAMAAAAAAAAAAQAAAAA/lCxPQn3ePKJp7vvS/jbvF2TQ/pHqFLRuPugjXsZTOQAAAAAAAAABAAAAAUVVUgAAAAAAPluY3P+zF1ZbFip5vpjAj4r2hwqH2zfalDS8We2lJ1kAAAAAHc1lAAAAAAFVU0QAAAAAAAd6UV4QazzdMK/OpGJEgKMgOimqx4Q5+mnRb3JKFZDlAAAAAB3NZQAAAAACAAAAAA==	AAAAAAAAAAEAAAABAAAAAAAAAAAZgPLCcbXWdakds/4Ezr2Zr5ux+yGNbdXxdWQQh51frQAAAAA7msniAAAAAgAAAAMAAAACAAAAAAAAAAAAAAAAAQAAAAAAAAAAAAAAAAAAAQAAAAUAAAABAAAAAQAAAAAZgPLCcbXWdakds/4Ezr2Zr5ux+yGNbdXxdWQQh51frQAAAAFFVVIAAAAAAD5bmNz/sxdWWxYqeb6YwI+K9ocKh9s32pQ0vFntpSdZAAAAAB3NZQB//////////wAAAAEAAAAAAAAAAQAAAAEAAAAAGYDywnG11nWpHbP+BM69ma+bsfshjW3V8XVkEIedX60AAAABVVNEAAAAAAAHelFeEGs83TCvzqRiRICjIDopqseEOfpp0W9yShWQ5QAAAAEMOI0Af/////////8AAAABAAAAAAAAAAEAAAABAAAAAD+ULE9Cfd48omnu+9L+Nu8XZND+keoUtG4+6CNexlM5AAAAAUVVUgAAAAAAPluY3P+zF1ZbFip5vpjAj4r2hwqH2zfalDS8We2lJ1kAAAABDDiNAH//////////AAAAAQAAAAAAAAABAAAAAQAAAAA/lCxPQn3ePKJp7vvS/jbvF2TQ/pHqFLRuPugjXsZTOQAAAAFVU0QAAAAAAAd6UV4QazzdMK/OpGJEgKMgOimqx4Q5+mnRb3JKFZDlAAAAAB3NZQB//////////wAAAAEAAAAAAAAAAQAAAAIAAAAAP5QsT0J93jyiae770v427xdk0P6R6hS0bj7oI17GUzkAAAAAAAAAAQAAAAFFVVIAAAAAAD5bmNz/sxdWWxYqeb6YwI+K9ocKh9s32pQ0vFntpSdZAAAAAVVTRAAAAAAAB3pRXhBrPN0wr86kYkSAoyA6KarHhDn6adFvckoVkOUAAAAAHc1lAAAAAAEAAAABAAAAAAAAAAA=
cf2ae664079123de09bb6e5126869435996570b60d5eb099b5329214b12f7349	6	2	AAAAABmA8sJxtdZ1qR2z/gTOvZmvm7H7IY1t1fF1ZBCHnV+tAAAACgAAAAIAAAAEAAAAAAAAAAAAAAABAAAAAAAAAAMAAAABVVNEAAAAAAAHelFeEGs83TCvzqRiRICjIDopqseEOfpp0W9yShWQ5QAAAAAAAAAAHc1lAAAAAAEAAAABAAAAAAAAAAAAAAAAAAAAAYedX60AAABAGNM4wpiEKQkxgw/Z/ApU81oigOtC1qSFb+t8FU+zzO/168JcywCSPz3CawVC4zZuSB61nTZJx2LM09EF0MqIAw==	zyrmZAeRI94Ju25RJoaUNZllcLYNXrCZtTKSFLEvc0kAAAAAAAAACgAAAAAAAAABAAAAAAAAAAMAAAAAAAAAAAAAAAAAAAAAGYDywnG11nWpHbP+BM69ma+bsfshjW3V8XVkEIedX60AAAAAAAAABAAAAAFVU0QAAAAAAAd6UV4QazzdMK/OpGJEgKMgOimqx4Q5+mnRb3JKFZDlAAAAAAAAAAAdzWUAAAAAAQAAAAEAAAAAAAAAAAAAAAA=	AAAAAAAAAAEAAAABAAAAAAAAAAAZgPLCcbXWdakds/4Ezr2Zr5ux+yGNbdXxdWQQh51frQAAAAA7msnYAAAAAgAAAAQAAAACAAAAAAAAAAAAAAAAAQAAAAAAAAAAAAAAAAAAAQAAAAIAAAAAAAAAAgAAAAAZgPLCcbXWdakds/4Ezr2Zr5ux+yGNbdXxdWQQh51frQAAAAAAAAAEAAAAAVVTRAAAAAAAB3pRXhBrPN0wr86kYkSAoyA6KarHhDn6adFvckoVkOUAAAAAAAAAAB3NZQAAAAABAAAAAQAAAAAAAAAAAAAAAQAAAAAAAAAAGYDywnG11nWpHbP+BM69ma+bsfshjW3V8XVkEIedX60AAAAAO5rJ2AAAAAIAAAAEAAAAAwAAAAAAAAAAAAAAAAEAAAAAAAAAAAAAAA==
\.


--
-- Name: accounts_pkey; Type: CONSTRAINT; Schema: public; Owner: -; Tablespace: 
--

ALTER TABLE ONLY accounts
    ADD CONSTRAINT accounts_pkey PRIMARY KEY (accountid);


--
-- Name: ledgerheaders_ledgerseq_key; Type: CONSTRAINT; Schema: public; Owner: -; Tablespace: 
--

ALTER TABLE ONLY ledgerheaders
    ADD CONSTRAINT ledgerheaders_ledgerseq_key UNIQUE (ledgerseq);


--
-- Name: ledgerheaders_pkey; Type: CONSTRAINT; Schema: public; Owner: -; Tablespace: 
--

ALTER TABLE ONLY ledgerheaders
    ADD CONSTRAINT ledgerheaders_pkey PRIMARY KEY (ledgerhash);


--
-- Name: offers_pkey; Type: CONSTRAINT; Schema: public; Owner: -; Tablespace: 
--

ALTER TABLE ONLY offers
    ADD CONSTRAINT offers_pkey PRIMARY KEY (offerid);


--
-- Name: peers_pkey; Type: CONSTRAINT; Schema: public; Owner: -; Tablespace: 
--

ALTER TABLE ONLY peers
    ADD CONSTRAINT peers_pkey PRIMARY KEY (ip, port);


--
-- Name: signers_pkey; Type: CONSTRAINT; Schema: public; Owner: -; Tablespace: 
--

ALTER TABLE ONLY signers
    ADD CONSTRAINT signers_pkey PRIMARY KEY (accountid, publickey);


--
-- Name: storestate_pkey; Type: CONSTRAINT; Schema: public; Owner: -; Tablespace: 
--

ALTER TABLE ONLY storestate
    ADD CONSTRAINT storestate_pkey PRIMARY KEY (statename);


--
-- Name: trustlines_pkey; Type: CONSTRAINT; Schema: public; Owner: -; Tablespace: 
--

ALTER TABLE ONLY trustlines
    ADD CONSTRAINT trustlines_pkey PRIMARY KEY (accountid, issuer, assetcode);


--
-- Name: txhistory_ledgerseq_txindex_key; Type: CONSTRAINT; Schema: public; Owner: -; Tablespace: 
--

ALTER TABLE ONLY txhistory
    ADD CONSTRAINT txhistory_ledgerseq_txindex_key UNIQUE (ledgerseq, txindex);


--
-- Name: txhistory_pkey; Type: CONSTRAINT; Schema: public; Owner: -; Tablespace: 
--

ALTER TABLE ONLY txhistory
    ADD CONSTRAINT txhistory_pkey PRIMARY KEY (txid, ledgerseq);


--
-- Name: accountbalances; Type: INDEX; Schema: public; Owner: -; Tablespace: 
--

CREATE INDEX accountbalances ON accounts USING btree (balance) WHERE (balance >= 1000000000);


--
-- Name: accountlines; Type: INDEX; Schema: public; Owner: -; Tablespace: 
--

CREATE INDEX accountlines ON trustlines USING btree (accountid);


--
-- Name: buyingissuerindex; Type: INDEX; Schema: public; Owner: -; Tablespace: 
--

CREATE INDEX buyingissuerindex ON offers USING btree (buyingissuer);


--
-- Name: ledgersbyseq; Type: INDEX; Schema: public; Owner: -; Tablespace: 
--

CREATE INDEX ledgersbyseq ON ledgerheaders USING btree (ledgerseq);


--
-- Name: priceindex; Type: INDEX; Schema: public; Owner: -; Tablespace: 
--

CREATE INDEX priceindex ON offers USING btree (price);


--
-- Name: sellingissuerindex; Type: INDEX; Schema: public; Owner: -; Tablespace: 
--

CREATE INDEX sellingissuerindex ON offers USING btree (sellingissuer);


--
-- Name: signersaccount; Type: INDEX; Schema: public; Owner: -; Tablespace: 
--

CREATE INDEX signersaccount ON signers USING btree (accountid);


--
-- PostgreSQL database dump complete
--

