--
-- PostgreSQL database dump
--

SET statement_timeout = 0;
SET lock_timeout = 0;
SET client_encoding = 'UTF8';
SET standard_conforming_strings = on;
SET check_function_bodies = false;
SET client_min_messages = warning;

SET search_path = public, pg_catalog;

DROP INDEX public.signersaccount;
DROP INDEX public.priceindex;
DROP INDEX public.paysissuerindex;
DROP INDEX public.ledgersbyseq;
DROP INDEX public.getsissuerindex;
DROP INDEX public.accountlines;
DROP INDEX public.accountbalances;
ALTER TABLE ONLY public.txhistory DROP CONSTRAINT txhistory_pkey;
ALTER TABLE ONLY public.txhistory DROP CONSTRAINT txhistory_ledgerseq_txindex_key;
ALTER TABLE ONLY public.trustlines DROP CONSTRAINT trustlines_pkey;
ALTER TABLE ONLY public.storestate DROP CONSTRAINT storestate_pkey;
ALTER TABLE ONLY public.signers DROP CONSTRAINT signers_pkey;
ALTER TABLE ONLY public.peers DROP CONSTRAINT peers_pkey;
ALTER TABLE ONLY public.offers DROP CONSTRAINT offers_pkey;
ALTER TABLE ONLY public.ledgerheaders DROP CONSTRAINT ledgerheaders_pkey;
ALTER TABLE ONLY public.ledgerheaders DROP CONSTRAINT ledgerheaders_ledgerseq_key;
ALTER TABLE ONLY public.accounts DROP CONSTRAINT accounts_pkey;
DROP TABLE public.txhistory;
DROP TABLE public.trustlines;
DROP TABLE public.storestate;
DROP TABLE public.signers;
DROP TABLE public.peers;
DROP TABLE public.offers;
DROP TABLE public.ledgerheaders;
DROP TABLE public.accounts;
DROP EXTENSION plpgsql;
DROP SCHEMA public;
--
-- Name: public; Type: SCHEMA; Schema: -; Owner: -
--

CREATE SCHEMA public;


--
-- Name: SCHEMA public; Type: COMMENT; Schema: -; Owner: -
--

COMMENT ON SCHEMA public IS 'standard public schema';


--
-- Name: plpgsql; Type: EXTENSION; Schema: -; Owner: -
--

CREATE EXTENSION IF NOT EXISTS plpgsql WITH SCHEMA pg_catalog;


--
-- Name: EXTENSION plpgsql; Type: COMMENT; Schema: -; Owner: -
--

COMMENT ON EXTENSION plpgsql IS 'PL/pgSQL procedural language';


SET search_path = public, pg_catalog;

SET default_tablespace = '';

SET default_with_oids = false;

--
-- Name: accounts; Type: TABLE; Schema: public; Owner: -; Tablespace: 
--

CREATE TABLE accounts (
    accountid character varying(51) NOT NULL,
    balance bigint NOT NULL,
    seqnum bigint NOT NULL,
    numsubentries integer NOT NULL,
    inflationdest character varying(51),
    homedomain character varying(32),
    thresholds text,
    flags integer NOT NULL,
    CONSTRAINT accounts_balance_check CHECK ((balance >= 0)),
    CONSTRAINT accounts_numsubentries_check CHECK ((numsubentries >= 0))
);


--
-- Name: ledgerheaders; Type: TABLE; Schema: public; Owner: -; Tablespace: 
--

CREATE TABLE ledgerheaders (
    ledgerhash character(64) NOT NULL,
    prevhash character(64) NOT NULL,
    bucketlisthash character(64) NOT NULL,
    ledgerseq integer,
    closetime bigint NOT NULL,
    data text NOT NULL,
    CONSTRAINT ledgerheaders_closetime_check CHECK ((closetime >= 0)),
    CONSTRAINT ledgerheaders_ledgerseq_check CHECK ((ledgerseq >= 0))
);


--
-- Name: offers; Type: TABLE; Schema: public; Owner: -; Tablespace: 
--

CREATE TABLE offers (
    accountid character varying(51) NOT NULL,
    offerid bigint NOT NULL,
    paysalphanumcurrency character varying(4),
    paysissuer character varying(51),
    getsalphanumcurrency character varying(4),
    getsissuer character varying(51),
    amount bigint NOT NULL,
    pricen integer NOT NULL,
    priced integer NOT NULL,
    price bigint NOT NULL,
    flags integer NOT NULL,
    CONSTRAINT offers_amount_check CHECK ((amount >= 0)),
    CONSTRAINT offers_offerid_check CHECK ((offerid >= 0))
);


--
-- Name: peers; Type: TABLE; Schema: public; Owner: -; Tablespace: 
--

CREATE TABLE peers (
    ip character varying(15) NOT NULL,
    port integer DEFAULT 0 NOT NULL,
    nextattempt timestamp without time zone NOT NULL,
    numfailures integer DEFAULT 0 NOT NULL,
    rank integer DEFAULT 0 NOT NULL,
    CONSTRAINT peers_numfailures_check CHECK ((numfailures >= 0)),
    CONSTRAINT peers_port_check CHECK (((port > 0) AND (port <= 65535))),
    CONSTRAINT peers_rank_check CHECK ((rank >= 0))
);


--
-- Name: signers; Type: TABLE; Schema: public; Owner: -; Tablespace: 
--

CREATE TABLE signers (
    accountid character varying(51) NOT NULL,
    publickey character varying(51) NOT NULL,
    weight integer NOT NULL
);


--
-- Name: storestate; Type: TABLE; Schema: public; Owner: -; Tablespace: 
--

CREATE TABLE storestate (
    statename character(32) NOT NULL,
    state text
);


--
-- Name: trustlines; Type: TABLE; Schema: public; Owner: -; Tablespace: 
--

CREATE TABLE trustlines (
    accountid character varying(51) NOT NULL,
    issuer character varying(51) NOT NULL,
    alphanumcurrency character varying(4) NOT NULL,
    tlimit bigint DEFAULT 0 NOT NULL,
    balance bigint DEFAULT 0 NOT NULL,
    flags integer NOT NULL,
    CONSTRAINT trustlines_balance_check CHECK ((balance >= 0)),
    CONSTRAINT trustlines_tlimit_check CHECK ((tlimit >= 0))
);


--
-- Name: txhistory; Type: TABLE; Schema: public; Owner: -; Tablespace: 
--

CREATE TABLE txhistory (
    txid character(64) NOT NULL,
    ledgerseq integer NOT NULL,
    txindex integer NOT NULL,
    txbody text NOT NULL,
    txresult text NOT NULL,
    txmeta text NOT NULL,
    CONSTRAINT txhistory_ledgerseq_check CHECK ((ledgerseq >= 0))
);


--
-- Data for Name: accounts; Type: TABLE DATA; Schema: public; Owner: -
--

COPY accounts (accountid, balance, seqnum, numsubentries, inflationdest, homedomain, thresholds, flags) FROM stdin;
gspbxqXqEUZkiCCEFFCN9Vu4FLucdjLLdLcsV6E82Qc1T7ehsTC	99999995999999960	4	0	\N		01000000	0
guQVuXAArvGzHurJvvsdc3CSgTnXMJ6DcqnbmLXywJMGgGrvNc	999999990	12884901889	0	\N		01000000	0
gM74v3srgRFsb8BQqpq6w99gZJ3oeTDaFSGJNPaLR2KwvkvVd8	999999990	12884901889	0	\N		01000000	0
gaxsaRawWD2ka1uBtpgGWz9GC8QcHWQksryKxzBgJsYLmdrLjz	999999950	12884901893	5	\N		01000000	0
gsuP9iwXwFGAhArH2U2izVt93DVqnLDCNV6S4oPVtvHQy84xjF5	999999960	12884901892	3	\N		01000000	0
\.


--
-- Data for Name: ledgerheaders; Type: TABLE DATA; Schema: public; Owner: -
--

COPY ledgerheaders (ledgerhash, prevhash, bucketlisthash, ledgerseq, closetime, data) FROM stdin;
a9d12414d405652b752ce4425d3d94e7996a07a52228a58d7bf3bd35dd50eb46	0000000000000000000000000000000000000000000000000000000000000000	e71064e28d0740ac27cf07b267200ea9b8916ad1242195c015fa3012086588d3	1	0	AAAAAAAAAAAAAAAAAAAAAAAAAAAAAAAAAAAAAAAAAAAAAAAAAAAAAAAAAAAAAAAAAAAAAAAAAAAAAAAAAAAAAAAAAAAAAAAAAAAAAAAAAAAAAAAAAAAAAAAAAAAAAAAA5xBk4o0HQKwnzweyZyAOqbiRatEkIZXAFfowEghliNMAAAABAAAAAAAAAAABY0V4XYoAAAAAAAAAAAAAAAAAAAAAAAAAAAAAAAAACgCYloAAAAAAAAAAAAAAAAAAAAAAAAAAAAAAAAAAAAAAAAAAAAAAAAAAAAAAAAAAAAAAAAAAAAAAAAAAAAAAAAAAAAAAAAAAAAAAAAAAAAAAAAAAAAAAAAAAAAAAAAAAAAAAAAAAAAAAAAAAAAAAAAAAAAAAAAAAAAAAAAAAAAAAAAAAAA==
157b0a06ff8db3edf26fe1c56768ecf1c9576670bb9fa88d74c5b9e4eea36aab	a9d12414d405652b752ce4425d3d94e7996a07a52228a58d7bf3bd35dd50eb46	24128cf784e4c94f58a5a72a5036a54e82b2e37c1b1b327bd8af8ab48684abf6	2	1435792832	qdEkFNQFZSt1LORCXT2U55lqB6UiKKWNe/O9Nd1Q60bWGQFaFjFEkPZuQGDTJ8o1Qnt8FuQMpJZu40ekvFPjPOOwxEKY/BwUmvv0yJlvuSQnrkHkZJuTTKSVmRt4UrhVJBKM94TkyU9YpacqUDalToKy43wbGzJ72K+KtIaEq/YAAAACAAAAAFWUdcABY0V4XYoAAAAAAAAAAAAAAAAAAAAAAAAAAAAAAAAACgCYloAAAAAAAAAAAAAAAAAAAAAAAAAAAAAAAAAAAAAAAAAAAAAAAAAAAAAAAAAAAAAAAAAAAAAAAAAAAAAAAAAAAAAAAAAAAAAAAAAAAAAAAAAAAAAAAAAAAAAAAAAAAAAAAAAAAAAAAAAAAAAAAAAAAAAAAAAAAAAAAAAAAAAAAAAAAA==
22f4d0850e9465042688e755c718fef9199c54d736fca941b6cd188d2d1bbbb3	157b0a06ff8db3edf26fe1c56768ecf1c9576670bb9fa88d74c5b9e4eea36aab	e307eea956de1b8fdfda8388379a99429bf82e47ffcb17748b384eb38be7534a	3	1435792833	FXsKBv+Ns+3yb+HFZ2js8clXZnC7n6iNdMW55O6jaqswaD+SvMoccXcTj54UkMrDTYmpRG3IXz22V9uPWUlTdM8uWXYul8FBns3ynGgLbk9YILD6zEutA1G1gUwFzzNC4wfuqVbeG4/f2oOIN5qZQpv4Lkf/yxd0izhOs4vnU0oAAAADAAAAAFWUdcEBY0V4XYoAAAAAAAAAAAAoAAAAAAAAAAAAAAAAAAAACgCYloAAAAAAAAAAAAAAAAAAAAAAAAAAAAAAAAAAAAAAAAAAAAAAAAAAAAAAAAAAAAAAAAAAAAAAAAAAAAAAAAAAAAAAAAAAAAAAAAAAAAAAAAAAAAAAAAAAAAAAAAAAAAAAAAAAAAAAAAAAAAAAAAAAAAAAAAAAAAAAAAAAAAAAAAAAAA==
2f2317cb35e042b573828ae4daf8553436892795ff0014a08eb6f82529642484	22f4d0850e9465042688e755c718fef9199c54d736fca941b6cd188d2d1bbbb3	02c5dcd836e89fdde8c233b9e2fe67b4199178ef393d89ec896134c0d5e1c5ad	4	1435792834	IvTQhQ6UZQQmiOdVxxj++RmcVNc2/KlBts0YjS0bu7PtIlQ+4wycMrq1f76PV8zDwrQ9neYk+AKOy2MHDBNu9/36Q9tuppOQyJ2y9/LA5TXH3OSriJPLdxuxuR5B0famAsXc2Dbon93owjO54v5ntBmReO85PYnsiWE0wNXhxa0AAAAEAAAAAFWUdcIBY0V4XYoAAAAAAAAAAABQAAAAAAAAAAAAAAAAAAAACgCYloAAAAAAAAAAAAAAAAAAAAAAAAAAAAAAAAAAAAAAAAAAAAAAAAAAAAAAAAAAAAAAAAAAAAAAAAAAAAAAAAAAAAAAAAAAAAAAAAAAAAAAAAAAAAAAAAAAAAAAAAAAAAAAAAAAAAAAAAAAAAAAAAAAAAAAAAAAAAAAAAAAAAAAAAAAAA==
bee1bf3b017887c3045a3e86e84902a1113201c7545da3aa3e467a2dc6f4f72d	2f2317cb35e042b573828ae4daf8553436892795ff0014a08eb6f82529642484	71736d923d74bf9da22ab7d96fd4d680d11be49f594552b248b9d29b94b1a34f	5	1435792835	LyMXyzXgQrVzgork2vhVNDaJJ5X/ABSgjrb4JSlkJIT6T/ubUz1t4ZY24gd2cifoObPy3jp5mgedbfjhdEn2KsIUbcYxlYUTMDlQjxuKcAaeC1VtUJUCB4hY8d/dzdEFcXNtkj10v52iKrfZb9TWgNEb5J9ZRVKySLnSm5Sxo08AAAAFAAAAAFWUdcMBY0V4XYoAAAAAAAAAAABkAAAAAAAAAAAAAAAAAAAACgCYloAAAAAAAAAAAAAAAAAAAAAAAAAAAAAAAAAAAAAAAAAAAAAAAAAAAAAAAAAAAAAAAAAAAAAAAAAAAAAAAAAAAAAAAAAAAAAAAAAAAAAAAAAAAAAAAAAAAAAAAAAAAAAAAAAAAAAAAAAAAAAAAAAAAAAAAAAAAAAAAAAAAAAAAAAAAA==
4c75184d950f6dbc16246434023da3a290bfa23177d3e8c5ffb96793751fc60e	bee1bf3b017887c3045a3e86e84902a1113201c7545da3aa3e467a2dc6f4f72d	7097abe1d9c85ffb085415a6f8029d36fc0727cc95f72c7eddc5f53f910883eb	6	1435792836	vuG/OwF4h8MEWj6G6EkCoREyAcdUXaOqPkZ6Lcb09y1j/YB3N2Akg2ypeBr2McuD/aP3GsowotrDB7VIhWAjiwk67kto33jar9PJUsRBSClPbLak4NEZw4Wdslx3LCPmcJer4dnIX/sIVBWm+AKdNvwHJ8yV9yx+3cX1P5EIg+sAAAAGAAAAAFWUdcQBY0V4XYoAAAAAAAAAAACCAAAAAAAAAAAAAAADAAAACgCYloAAAAAAAAAAAAAAAAAAAAAAAAAAAAAAAAAAAAAAAAAAAAAAAAAAAAAAAAAAAAAAAAAAAAAAAAAAAAAAAAAAAAAAAAAAAAAAAAAAAAAAAAAAAAAAAAAAAAAAAAAAAAAAAAAAAAAAAAAAAAAAAAAAAAAAAAAAAAAAAAAAAAAAAAAAAA==
f35d1fda0154393747d2480887c00238964c52c9a8a730f6ec703465f3489fac	4c75184d950f6dbc16246434023da3a290bfa23177d3e8c5ffb96793751fc60e	ad521246eb520d177033fd0fab403ceea95959b427c282401fc5a14e162f56e4	7	1435792837	THUYTZUPbbwWJGQ0Aj2jopC/ojF30+jF/7lnk3Ufxg6TLGlD0+DvMl/YzX9BKKHNZkM3HkVI8NwxLJUyn3Sg/t/5vt++leKY32dO05nj1GBihpKDgucWH8nt4fAs5B7wrVISRutSDRdwM/0Pq0A87qlZWbQnwoJAH8WhThYvVuQAAAAHAAAAAFWUdcUBY0V4XYoAAAAAAAAAAACWAAAAAAAAAAAAAAAEAAAACgCYloAAAAAAAAAAAAAAAAAAAAAAAAAAAAAAAAAAAAAAAAAAAAAAAAAAAAAAAAAAAAAAAAAAAAAAAAAAAAAAAAAAAAAAAAAAAAAAAAAAAAAAAAAAAAAAAAAAAAAAAAAAAAAAAAAAAAAAAAAAAAAAAAAAAAAAAAAAAAAAAAAAAAAAAAAAAA==
\.


--
-- Data for Name: offers; Type: TABLE DATA; Schema: public; Owner: -
--

COPY offers (accountid, offerid, paysalphanumcurrency, paysissuer, getsalphanumcurrency, getsissuer, amount, pricen, priced, price, flags) FROM stdin;
gaxsaRawWD2ka1uBtpgGWz9GC8QcHWQksryKxzBgJsYLmdrLjz	2	USD	guQVuXAArvGzHurJvvsdc3CSgTnXMJ6DcqnbmLXywJMGgGrvNc	EUR	gM74v3srgRFsb8BQqpq6w99gZJ3oeTDaFSGJNPaLR2KwvkvVd8	1111111111	10	9	11111111	0
gaxsaRawWD2ka1uBtpgGWz9GC8QcHWQksryKxzBgJsYLmdrLjz	3	USD	guQVuXAArvGzHurJvvsdc3CSgTnXMJ6DcqnbmLXywJMGgGrvNc	EUR	gM74v3srgRFsb8BQqpq6w99gZJ3oeTDaFSGJNPaLR2KwvkvVd8	1250000000	5	4	12500000	0
gaxsaRawWD2ka1uBtpgGWz9GC8QcHWQksryKxzBgJsYLmdrLjz	1	USD	guQVuXAArvGzHurJvvsdc3CSgTnXMJ6DcqnbmLXywJMGgGrvNc	EUR	gM74v3srgRFsb8BQqpq6w99gZJ3oeTDaFSGJNPaLR2KwvkvVd8	500000000	1	1	10000000	0
gsuP9iwXwFGAhArH2U2izVt93DVqnLDCNV6S4oPVtvHQy84xjF5	4	\N	\N	USD	guQVuXAArvGzHurJvvsdc3CSgTnXMJ6DcqnbmLXywJMGgGrvNc	500000000	1	1	10000000	0
\.


--
-- Data for Name: peers; Type: TABLE DATA; Schema: public; Owner: -
--

COPY peers (ip, port, nextattempt, numfailures, rank) FROM stdin;
\.


--
-- Data for Name: signers; Type: TABLE DATA; Schema: public; Owner: -
--

COPY signers (accountid, publickey, weight) FROM stdin;
\.


--
-- Data for Name: storestate; Type: TABLE DATA; Schema: public; Owner: -
--

COPY storestate (statename, state) FROM stdin;
databaseinitialized             	true
forcescponnextlaunch            	false
lastclosedledger                	f35d1fda0154393747d2480887c00238964c52c9a8a730f6ec703465f3489fac
historyarchivestate             	{\n    "version": 0,\n    "currentLedger": 7,\n    "currentBuckets": [\n        {\n            "curr": "fb756ed8a886a1be062ebb8a4eb58afe5a8cfed803a57bbd3b2fb81ca715935c",\n            "next": {\n                "state": 0\n            },\n            "snap": "b53270ad82c7b03c35822d5557327f4d4b217aa55b3d1e4a9468cb47196bd640"\n        },\n        {\n            "curr": "3799c05b9022b477f9ea38ef8afdba9e3764594c71952bf5b953b741f8ac7ac9",\n            "next": {\n                "state": 1,\n                "output": "b53270ad82c7b03c35822d5557327f4d4b217aa55b3d1e4a9468cb47196bd640"\n            },\n            "snap": "0000000000000000000000000000000000000000000000000000000000000000"\n        },\n        {\n            "curr": "0000000000000000000000000000000000000000000000000000000000000000",\n            "next": {\n                "state": 0\n            },\n            "snap": "0000000000000000000000000000000000000000000000000000000000000000"\n        },\n        {\n            "curr": "0000000000000000000000000000000000000000000000000000000000000000",\n            "next": {\n                "state": 0\n            },\n            "snap": "0000000000000000000000000000000000000000000000000000000000000000"\n        },\n        {\n            "curr": "0000000000000000000000000000000000000000000000000000000000000000",\n            "next": {\n                "state": 0\n            },\n            "snap": "0000000000000000000000000000000000000000000000000000000000000000"\n        },\n        {\n            "curr": "0000000000000000000000000000000000000000000000000000000000000000",\n            "next": {\n                "state": 0\n            },\n            "snap": "0000000000000000000000000000000000000000000000000000000000000000"\n        },\n        {\n            "curr": "0000000000000000000000000000000000000000000000000000000000000000",\n            "next": {\n                "state": 0\n            },\n            "snap": "0000000000000000000000000000000000000000000000000000000000000000"\n        },\n        {\n            "curr": "0000000000000000000000000000000000000000000000000000000000000000",\n            "next": {\n                "state": 0\n            },\n            "snap": "0000000000000000000000000000000000000000000000000000000000000000"\n        },\n        {\n            "curr": "0000000000000000000000000000000000000000000000000000000000000000",\n            "next": {\n                "state": 0\n            },\n            "snap": "0000000000000000000000000000000000000000000000000000000000000000"\n        },\n        {\n            "curr": "0000000000000000000000000000000000000000000000000000000000000000",\n            "next": {\n                "state": 0\n            },\n            "snap": "0000000000000000000000000000000000000000000000000000000000000000"\n        },\n        {\n            "curr": "0000000000000000000000000000000000000000000000000000000000000000",\n            "next": {\n                "state": 0\n            },\n            "snap": "0000000000000000000000000000000000000000000000000000000000000000"\n        }\n    ]\n}
\.


--
-- Data for Name: trustlines; Type: TABLE DATA; Schema: public; Owner: -
--

COPY trustlines (accountid, issuer, alphanumcurrency, tlimit, balance, flags) FROM stdin;
gaxsaRawWD2ka1uBtpgGWz9GC8QcHWQksryKxzBgJsYLmdrLjz	guQVuXAArvGzHurJvvsdc3CSgTnXMJ6DcqnbmLXywJMGgGrvNc	USD	9223372036854775807	500000000	1
gaxsaRawWD2ka1uBtpgGWz9GC8QcHWQksryKxzBgJsYLmdrLjz	gM74v3srgRFsb8BQqpq6w99gZJ3oeTDaFSGJNPaLR2KwvkvVd8	EUR	9223372036854775807	4500000000	1
gsuP9iwXwFGAhArH2U2izVt93DVqnLDCNV6S4oPVtvHQy84xjF5	gM74v3srgRFsb8BQqpq6w99gZJ3oeTDaFSGJNPaLR2KwvkvVd8	EUR	9223372036854775807	500000000	1
gsuP9iwXwFGAhArH2U2izVt93DVqnLDCNV6S4oPVtvHQy84xjF5	guQVuXAArvGzHurJvvsdc3CSgTnXMJ6DcqnbmLXywJMGgGrvNc	USD	9223372036854775807	4500000000	1
\.


--
-- Data for Name: txhistory; Type: TABLE DATA; Schema: public; Owner: -
--

COPY txhistory (txid, ledgerseq, txindex, txbody, txresult, txmeta) FROM stdin;
e0b50f2c637f5a8042ea52207eba411d639813653fa73b5a664bfa9e65d0f959	3	1	iZsoQO1WNsVt3F8Usjl1958bojiNJpTkxW7N3clg5e8AAAAKAAAAAAAAAAEAAAAAAAAAAAAAAAEAAAAAAAAAAPqivS3ERZ04MBZ7sxam4WocerBdbW2HpZKhu/uokkA7AAAAADuaygAAAAABiZsoQL/8fj/z5IJ1Xg4OO5bYsrV0FetxsvdRbPNKAcaXxPGlDJ8ktmg1AFgh8xP88FfUVH1+9nFV/4FZSEtwXMnqGA4=	4LUPLGN/WoBC6lIgfrpBHWOYE2U/pztaZkv6nmXQ+VkAAAAAAAAACgAAAAAAAAABAAAAAAAAAAAAAAAA	AAAAAgAAAAAAAAAA+qK9LcRFnTgwFnuzFqbhahx6sF1tbYelkqG7+6iSQDsAAAAAO5rKAAAAAAMAAAAAAAAAAAAAAAAAAAAAAQAAAAAAAAAAAAAAAAAAAQAAAACJmyhA7VY2xW3cXxSyOXX3nxuiOI0mlOTFbs3dyWDl7wFjRXgh7zX2AAAAAAAAAAEAAAAAAAAAAAAAAAABAAAAAAAAAAAAAAA=
3003fdb4e6d33d7d60446c742613fb421f3348b141f3417499d67f7bc320ffd3	3	2	iZsoQO1WNsVt3F8Usjl1958bojiNJpTkxW7N3clg5e8AAAAKAAAAAAAAAAIAAAAAAAAAAAAAAAEAAAAAAAAAAA2BzHTyDJ1rAdYCha4KXALdwHDhftUnRVcUp/1dDgS/AAAAADuaygAAAAABiZsoQM8PUsxgfX54DpKENAF/ooXkZa2eLh7wlGih2zYM/MWmYRVaqwyEuErYcdh8O+zGUDOyrG9a+JNw57OKdYbkIQc=	MAP9tObTPX1gRGx0JhP7Qh8zSLFB80F0mdZ/e8Mg/9MAAAAAAAAACgAAAAAAAAABAAAAAAAAAAAAAAAA	AAAAAgAAAAAAAAAADYHMdPIMnWsB1gKFrgpcAt3AcOF+1SdFVxSn/V0OBL8AAAAAO5rKAAAAAAMAAAAAAAAAAAAAAAAAAAAAAQAAAAAAAAAAAAAAAAAAAQAAAACJmyhA7VY2xW3cXxSyOXX3nxuiOI0mlOTFbs3dyWDl7wFjRXfmVGvsAAAAAAAAAAIAAAAAAAAAAAAAAAABAAAAAAAAAAAAAAA=
c89578ac4f4714bdddf70166d1a8eb24a61f19512a721e4c46ec434747fd408b	3	3	iZsoQO1WNsVt3F8Usjl1958bojiNJpTkxW7N3clg5e8AAAAKAAAAAAAAAAMAAAAAAAAAAAAAAAEAAAAAAAAAAHb+BsxdWeS+du38jrNtoznXpfNpRZouMOuNBzlGuDJVAAAAADuaygAAAAABiZsoQCHPFGYbwpsMt/+Lfag1zXzdMWCTWFH14Xyub5XwXTULdK+icLXIOCm5WHoOZaYwPu9MfJKYFy19lTMHzdGlngQ=	yJV4rE9HFL3d9wFm0ajrJKYfGVEqch5MRuxDR0f9QIsAAAAAAAAACgAAAAAAAAABAAAAAAAAAAAAAAAA	AAAAAgAAAAAAAAAAdv4GzF1Z5L527fyOs22jOdel82lFmi4w640HOUa4MlUAAAAAO5rKAAAAAAMAAAAAAAAAAAAAAAAAAAAAAQAAAAAAAAAAAAAAAAAAAQAAAACJmyhA7VY2xW3cXxSyOXX3nxuiOI0mlOTFbs3dyWDl7wFjRXequaHiAAAAAAAAAAMAAAAAAAAAAAAAAAABAAAAAAAAAAAAAAA=
2aac3384729a5d6c89ced7d05a25ee464046e25fa8011f4064c13ff7c5217135	3	4	iZsoQO1WNsVt3F8Usjl1958bojiNJpTkxW7N3clg5e8AAAAKAAAAAAAAAAQAAAAAAAAAAAAAAAEAAAAAAAAAAC57+ATfutphiViX9M0EtOrSHtA7EpkyDznViwka9kriAAAAADuaygAAAAABiZsoQMDwD6J8W4oFNcxB9bxLEfUgycku2xXcrTCrOBfJp/dhw20niQInlbWg463X9LFHuoxuY0Gbqvl0PE4muNkGDAE=	KqwzhHKaXWyJztfQWiXuRkBG4l+oAR9AZME/98UhcTUAAAAAAAAACgAAAAAAAAABAAAAAAAAAAAAAAAA	AAAAAgAAAAAAAAAALnv4BN+62mGJWJf0zQS06tIe0DsSmTIPOdWLCRr2SuIAAAAAO5rKAAAAAAMAAAAAAAAAAAAAAAAAAAAAAQAAAAAAAAAAAAAAAAAAAQAAAACJmyhA7VY2xW3cXxSyOXX3nxuiOI0mlOTFbs3dyWDl7wFjRXdvHtfYAAAAAAAAAAQAAAAAAAAAAAAAAAABAAAAAAAAAAAAAAA=
8a6c3b80797c22a4a20507a0d5cb3a22149ba8cce24f29afef7484e7803a37d4	4	1	+qK9LcRFnTgwFnuzFqbhahx6sF1tbYelkqG7+6iSQDsAAAAKAAAAAwAAAAEAAAAAAAAAAAAAAAEAAAAAAAAABgAAAAFVU0QAdv4GzF1Z5L527fyOs22jOdel82lFmi4w640HOUa4MlV//////////wAAAAH6or0tziTjhjTECFXUUc7C7Lfx0xVw6Xlg1nP5/VNZ8GRco6DXDUiu8FsQl+bmkvyLzq7uXRAbLkNXnxF5TSsCC+xRBQ==	imw7gHl8IqSiBQeg1cs6IhSbqMziTymv73SE54A6N9QAAAAAAAAACgAAAAAAAAABAAAAAAAAAAYAAAAA	AAAAAgAAAAAAAAAB+qK9LcRFnTgwFnuzFqbhahx6sF1tbYelkqG7+6iSQDsAAAABVVNEAHb+BsxdWeS+du38jrNtoznXpfNpRZouMOuNBzlGuDJVAAAAAAAAAAB//////////wAAAAEAAAABAAAAAPqivS3ERZ04MBZ7sxam4WocerBdbW2HpZKhu/uokkA7AAAAADuayfYAAAADAAAAAQAAAAEAAAAAAAAAAAEAAAAAAAAAAAAAAA==
81a7ec7a837c10874b9dbba3fb658b3dcd5cb49b4fa365cb3b7645f105fc485c	4	2	DYHMdPIMnWsB1gKFrgpcAt3AcOF+1SdFVxSn/V0OBL8AAAAKAAAAAwAAAAEAAAAAAAAAAAAAAAEAAAAAAAAABgAAAAFVU0QAdv4GzF1Z5L527fyOs22jOdel82lFmi4w640HOUa4MlV//////////wAAAAENgcx0j5WML8lyyNUy0TCTGxML+BtY+XAIuHWOlt8mDlkLAykq4DiZR5FptxUElNYRsnkFQ4GU2HPgSGx6Ftb8IraZDg==	gafseoN8EIdLnbuj+2WLPc1ctJtPo2XLO3ZF8QX8SFwAAAAAAAAACgAAAAAAAAABAAAAAAAAAAYAAAAA	AAAAAgAAAAAAAAABDYHMdPIMnWsB1gKFrgpcAt3AcOF+1SdFVxSn/V0OBL8AAAABVVNEAHb+BsxdWeS+du38jrNtoznXpfNpRZouMOuNBzlGuDJVAAAAAAAAAAB//////////wAAAAEAAAABAAAAAA2BzHTyDJ1rAdYCha4KXALdwHDhftUnRVcUp/1dDgS/AAAAADuayfYAAAADAAAAAQAAAAEAAAAAAAAAAAEAAAAAAAAAAAAAAA==
e69b094a0852f6415899b31b09ab176414be9b658b018f92459c4f44fe9041ec	4	3	+qK9LcRFnTgwFnuzFqbhahx6sF1tbYelkqG7+6iSQDsAAAAKAAAAAwAAAAIAAAAAAAAAAAAAAAEAAAAAAAAABgAAAAFFVVIALnv4BN+62mGJWJf0zQS06tIe0DsSmTIPOdWLCRr2SuJ//////////wAAAAH6or0tGRDWVUF4IXme4jOd8kA24OwpiI6/+sL28cIVaH6fgTcrNbOoOroRWL03JFr+Soz809AZt5p3zlDBcX9OJagAAQ==	5psJSghS9kFYmbMbCasXZBS+m2WLAY+SRZxPRP6QQewAAAAAAAAACgAAAAAAAAABAAAAAAAAAAYAAAAA	AAAAAgAAAAAAAAAB+qK9LcRFnTgwFnuzFqbhahx6sF1tbYelkqG7+6iSQDsAAAABRVVSAC57+ATfutphiViX9M0EtOrSHtA7EpkyDznViwka9kriAAAAAAAAAAB//////////wAAAAEAAAABAAAAAPqivS3ERZ04MBZ7sxam4WocerBdbW2HpZKhu/uokkA7AAAAADuayewAAAADAAAAAgAAAAIAAAAAAAAAAAEAAAAAAAAAAAAAAA==
0d91515524f1a7e701d1813f3ab058c9131a77c77b3a165e3ff08c6294f87a3a	4	4	DYHMdPIMnWsB1gKFrgpcAt3AcOF+1SdFVxSn/V0OBL8AAAAKAAAAAwAAAAIAAAAAAAAAAAAAAAEAAAAAAAAABgAAAAFFVVIALnv4BN+62mGJWJf0zQS06tIe0DsSmTIPOdWLCRr2SuJ//////////wAAAAENgcx0Utt2BRlEebcI0yQtOE569wUWiBGHY/B9266AVtLdEOVD3n2NRLjbDSY872w+nkV6Wrx9CJ1f/HpHpQ1rOAViAg==	DZFRVSTxp+cB0YE/OrBYyRMad8d7OhZeP/CMYpT4ejoAAAAAAAAACgAAAAAAAAABAAAAAAAAAAYAAAAA	AAAAAgAAAAAAAAABDYHMdPIMnWsB1gKFrgpcAt3AcOF+1SdFVxSn/V0OBL8AAAABRVVSAC57+ATfutphiViX9M0EtOrSHtA7EpkyDznViwka9kriAAAAAAAAAAB//////////wAAAAEAAAABAAAAAA2BzHTyDJ1rAdYCha4KXALdwHDhftUnRVcUp/1dDgS/AAAAADuayewAAAADAAAAAgAAAAIAAAAAAAAAAAEAAAAAAAAAAAAAAA==
59b5bcd7f0e1c6a2b9484d27977694eca575925d81e1962068b83689e15f5af2	5	1	dv4GzF1Z5L527fyOs22jOdel82lFmi4w640HOUa4MlUAAAAKAAAAAwAAAAEAAAAAAAAAAAAAAAEAAAAAAAAAAfqivS3ERZ04MBZ7sxam4WocerBdbW2HpZKhu/uokkA7AAAAAVVTRAB2/gbMXVnkvnbt/I6zbaM516XzaUWaLjDrjQc5RrgyVQAAAAEqBfIAAAAAAXb+Bsz0itDCxyaNMp1z3kJelZ2QSHsaxFoGjiIVsy/0DQ+VkS+HgYbb05FeTDLl0CUwtps2me/bh4LGhM+UQ0QfL1MD	WbW81/DhxqK5SE0nl3aU7KV1kl2B4ZYgaLg2ieFfWvIAAAAAAAAACgAAAAAAAAABAAAAAAAAAAEAAAAA	AAAAAgAAAAEAAAAAdv4GzF1Z5L527fyOs22jOdel82lFmi4w640HOUa4MlUAAAAAO5rJ9gAAAAMAAAABAAAAAAAAAAAAAAAAAQAAAAAAAAAAAAAAAAAAAQAAAAH6or0txEWdODAWe7MWpuFqHHqwXW1th6WSobv7qJJAOwAAAAFVU0QAdv4GzF1Z5L527fyOs22jOdel82lFmi4w640HOUa4MlUAAAABKgXyAH//////////AAAAAQ==
690fefb8f2f61f601d39a409ab1b535d2ef5570ed98b1087872e9ecfb3d7d469	5	2	Lnv4BN+62mGJWJf0zQS06tIe0DsSmTIPOdWLCRr2SuIAAAAKAAAAAwAAAAEAAAAAAAAAAAAAAAEAAAAAAAAAAQ2BzHTyDJ1rAdYCha4KXALdwHDhftUnRVcUp/1dDgS/AAAAAUVVUgAue/gE37raYYlYl/TNBLTq0h7QOxKZMg851YsJGvZK4gAAAAEqBfIAAAAAAS57+AQDkoZw8dRsRPcsYaBtUVXbqm0N+k673DheKd8aEVREmSCDUfs9I1BAPDDx40CBQB7ZiMjduC7b1Pk/Boregi8D	aQ/vuPL2H2AdOaQJqxtTXS71Vw7ZixCHhy6ez7PX1GkAAAAAAAAACgAAAAAAAAABAAAAAAAAAAEAAAAA	AAAAAgAAAAEAAAAALnv4BN+62mGJWJf0zQS06tIe0DsSmTIPOdWLCRr2SuIAAAAAO5rJ9gAAAAMAAAABAAAAAAAAAAAAAAAAAQAAAAAAAAAAAAAAAAAAAQAAAAENgcx08gydawHWAoWuClwC3cBw4X7VJ0VXFKf9XQ4EvwAAAAFFVVIALnv4BN+62mGJWJf0zQS06tIe0DsSmTIPOdWLCRr2SuIAAAABKgXyAH//////////AAAAAQ==
803ba9bcea8be1ac5303e210d5ae4f8af4b3b7bd1e602d0745b819c77221c569	6	1	DYHMdPIMnWsB1gKFrgpcAt3AcOF+1SdFVxSn/V0OBL8AAAAKAAAAAwAAAAMAAAAAAAAAAAAAAAEAAAAAAAAAAwAAAAFFVVIALnv4BN+62mGJWJf0zQS06tIe0DsSmTIPOdWLCRr2SuIAAAABVVNEAHb+BsxdWeS+du38jrNtoznXpfNpRZouMOuNBzlGuDJVAAAAADuaygAAAAABAAAAAQAAAAAAAAAAAAAAAQ2BzHS1U/DyHjauqzzZ7S2cdqHI/dK+Vyl+sEevI3T3yNynBOnXSaRZYrfWzwParWPjsbMtdCo3Lbo4geSko8c5oBAJ	gDupvOqL4axTA+IQ1a5PivSzt70eYC0HRbgZx3IhxWkAAAAAAAAACgAAAAAAAAABAAAAAAAAAAMAAAAAAAAAAAAAAAANgcx08gydawHWAoWuClwC3cBw4X7VJ0VXFKf9XQ4EvwAAAAAAAAABAAAAAUVVUgAue/gE37raYYlYl/TNBLTq0h7QOxKZMg851YsJGvZK4gAAAAFVU0QAdv4GzF1Z5L527fyOs22jOdel82lFmi4w640HOUa4MlUAAAAAO5rKAAAAAAEAAAABAAAAAA==	AAAAAgAAAAAAAAACDYHMdPIMnWsB1gKFrgpcAt3AcOF+1SdFVxSn/V0OBL8AAAAAAAAAAQAAAAFFVVIALnv4BN+62mGJWJf0zQS06tIe0DsSmTIPOdWLCRr2SuIAAAABVVNEAHb+BsxdWeS+du38jrNtoznXpfNpRZouMOuNBzlGuDJVAAAAADuaygAAAAABAAAAAQAAAAAAAAABAAAAAA2BzHTyDJ1rAdYCha4KXALdwHDhftUnRVcUp/1dDgS/AAAAADuayeIAAAADAAAAAwAAAAMAAAAAAAAAAAEAAAAAAAAAAAAAAA==
7d0e657af6b00c48e7901b9cee6a3ed4bafeafe7799e14895f5a1f702eccc729	6	2	DYHMdPIMnWsB1gKFrgpcAt3AcOF+1SdFVxSn/V0OBL8AAAAKAAAAAwAAAAQAAAAAAAAAAAAAAAEAAAAAAAAAAwAAAAFFVVIALnv4BN+62mGJWJf0zQS06tIe0DsSmTIPOdWLCRr2SuIAAAABVVNEAHb+BsxdWeS+du38jrNtoznXpfNpRZouMOuNBzlGuDJVAAAAAEI6NccAAAAKAAAACQAAAAAAAAAAAAAAAQ2BzHQWHKBsC1htfq0zOulpPR6NuEdQklQ8Qp8Y4T4RnBgGwVT0zdYjvCpjiWFUs0oHjKC2NcdBcQ7CMU+aOnjF2ikD	fQ5levawDEjnkBuc7mo+1Lr+r+d5nhSJX1ofcC7MxykAAAAAAAAACgAAAAAAAAABAAAAAAAAAAMAAAAAAAAAAAAAAAANgcx08gydawHWAoWuClwC3cBw4X7VJ0VXFKf9XQ4EvwAAAAAAAAACAAAAAUVVUgAue/gE37raYYlYl/TNBLTq0h7QOxKZMg851YsJGvZK4gAAAAFVU0QAdv4GzF1Z5L527fyOs22jOdel82lFmi4w640HOUa4MlUAAAAAQjo1xwAAAAoAAAAJAAAAAA==	AAAAAgAAAAAAAAACDYHMdPIMnWsB1gKFrgpcAt3AcOF+1SdFVxSn/V0OBL8AAAAAAAAAAgAAAAFFVVIALnv4BN+62mGJWJf0zQS06tIe0DsSmTIPOdWLCRr2SuIAAAABVVNEAHb+BsxdWeS+du38jrNtoznXpfNpRZouMOuNBzlGuDJVAAAAAEI6NccAAAAKAAAACQAAAAAAAAABAAAAAA2BzHTyDJ1rAdYCha4KXALdwHDhftUnRVcUp/1dDgS/AAAAADuaydgAAAADAAAABAAAAAQAAAAAAAAAAAEAAAAAAAAAAAAAAA==
406e1025072e445d21916dad3254d16644fa11661b986ecaa3534ba23580fbae	6	3	DYHMdPIMnWsB1gKFrgpcAt3AcOF+1SdFVxSn/V0OBL8AAAAKAAAAAwAAAAUAAAAAAAAAAAAAAAEAAAAAAAAAAwAAAAFFVVIALnv4BN+62mGJWJf0zQS06tIe0DsSmTIPOdWLCRr2SuIAAAABVVNEAHb+BsxdWeS+du38jrNtoznXpfNpRZouMOuNBzlGuDJVAAAAAEqBfIAAAAAFAAAABAAAAAAAAAAAAAAAAQ2BzHTyVQtisMDu8aSNmHNUR21YQLVHsbexIlxShNmM5ceB8zQPKHwHG/e0UZfIWFhO+zN7CwAtIKt/N8ETQdA+TKQO	QG4QJQcuRF0hkW2tMlTRZkT6EWYbmG7Ko1NLojWA+64AAAAAAAAACgAAAAAAAAABAAAAAAAAAAMAAAAAAAAAAAAAAAANgcx08gydawHWAoWuClwC3cBw4X7VJ0VXFKf9XQ4EvwAAAAAAAAADAAAAAUVVUgAue/gE37raYYlYl/TNBLTq0h7QOxKZMg851YsJGvZK4gAAAAFVU0QAdv4GzF1Z5L527fyOs22jOdel82lFmi4w640HOUa4MlUAAAAASoF8gAAAAAUAAAAEAAAAAA==	AAAAAgAAAAAAAAACDYHMdPIMnWsB1gKFrgpcAt3AcOF+1SdFVxSn/V0OBL8AAAAAAAAAAwAAAAFFVVIALnv4BN+62mGJWJf0zQS06tIe0DsSmTIPOdWLCRr2SuIAAAABVVNEAHb+BsxdWeS+du38jrNtoznXpfNpRZouMOuNBzlGuDJVAAAAAEqBfIAAAAAFAAAABAAAAAAAAAABAAAAAA2BzHTyDJ1rAdYCha4KXALdwHDhftUnRVcUp/1dDgS/AAAAADuayc4AAAADAAAABQAAAAUAAAAAAAAAAAEAAAAAAAAAAAAAAA==
8d14597334ac74213458fdd202209f851855ea4f1100def992a7fbc73f057d82	7	1	+qK9LcRFnTgwFnuzFqbhahx6sF1tbYelkqG7+6iSQDsAAAAKAAAAAwAAAAMAAAAAAAAAAAAAAAEAAAAAAAAAAwAAAAFVU0QAdv4GzF1Z5L527fyOs22jOdel82lFmi4w640HOUa4MlUAAAABRVVSAC57+ATfutphiViX9M0EtOrSHtA7EpkyDznViwka9kriAAAAAB3NZQAAAAABAAAAAQAAAAAAAAAAAAAAAfqivS1Gt8358Ktd+cCpR7Ju1gaCpafrMyEyFVjAUEih6MpayYVhRPCnHZhrg4iSxpOHRtRT3idK7TSosPQMGnN7EpQM	jRRZczSsdCE0WP3SAiCfhRhV6k8RAN75kqf7xz8FfYIAAAAAAAAACgAAAAAAAAABAAAAAAAAAAMAAAAAAAAAAQ2BzHTyDJ1rAdYCha4KXALdwHDhftUnRVcUp/1dDgS/AAAAAAAAAAEAAAABRVVSAC57+ATfutphiViX9M0EtOrSHtA7EpkyDznViwka9kriAAAAAB3NZQAAAAABVVNEAHb+BsxdWeS+du38jrNtoznXpfNpRZouMOuNBzlGuDJVAAAAAB3NZQAAAAAC	AAAABgAAAAEAAAAA+qK9LcRFnTgwFnuzFqbhahx6sF1tbYelkqG7+6iSQDsAAAAAO5rJ4gAAAAMAAAADAAAAAgAAAAAAAAAAAQAAAAAAAAAAAAAAAAAAAQAAAAENgcx08gydawHWAoWuClwC3cBw4X7VJ0VXFKf9XQ4EvwAAAAFFVVIALnv4BN+62mGJWJf0zQS06tIe0DsSmTIPOdWLCRr2SuIAAAABDDiNAH//////////AAAAAQAAAAEAAAABDYHMdPIMnWsB1gKFrgpcAt3AcOF+1SdFVxSn/V0OBL8AAAABVVNEAHb+BsxdWeS+du38jrNtoznXpfNpRZouMOuNBzlGuDJVAAAAAB3NZQB//////////wAAAAEAAAABAAAAAfqivS3ERZ04MBZ7sxam4WocerBdbW2HpZKhu/uokkA7AAAAAUVVUgAue/gE37raYYlYl/TNBLTq0h7QOxKZMg851YsJGvZK4gAAAAAdzWUAf/////////8AAAABAAAAAQAAAAH6or0txEWdODAWe7MWpuFqHHqwXW1th6WSobv7qJJAOwAAAAFVU0QAdv4GzF1Z5L527fyOs22jOdel82lFmi4w640HOUa4MlUAAAABDDiNAH//////////AAAAAQAAAAEAAAACDYHMdPIMnWsB1gKFrgpcAt3AcOF+1SdFVxSn/V0OBL8AAAAAAAAAAQAAAAFFVVIALnv4BN+62mGJWJf0zQS06tIe0DsSmTIPOdWLCRr2SuIAAAABVVNEAHb+BsxdWeS+du38jrNtoznXpfNpRZouMOuNBzlGuDJVAAAAAB3NZQAAAAABAAAAAQAAAAA=
c9f3bc75b4ae92825f9cfd901e8409c37d6770c0f49643fbbf95fd0f7186f1d9	7	2	+qK9LcRFnTgwFnuzFqbhahx6sF1tbYelkqG7+6iSQDsAAAAKAAAAAwAAAAQAAAAAAAAAAAAAAAEAAAAAAAAAAwAAAAFVU0QAdv4GzF1Z5L527fyOs22jOdel82lFmi4w640HOUa4MlUAAAAAAAAAAB3NZQAAAAABAAAAAQAAAAAAAAAAAAAAAfqivS1MZBx//3fdewY0NP1w5Ws7AuGOwU7DxmOIrajX9UJW+lI1ZQsdQGCImaoAwWvGM6RQnyDVhZ7hgJCWeLGo0lcD	yfO8dbSukoJfnP2QHoQJw31ncMD0lkP7v5X9D3GG8dkAAAAAAAAACgAAAAAAAAABAAAAAAAAAAMAAAAAAAAAAAAAAAD6or0txEWdODAWe7MWpuFqHHqwXW1th6WSobv7qJJAOwAAAAAAAAAEAAAAAVVTRAB2/gbMXVnkvnbt/I6zbaM516XzaUWaLjDrjQc5RrgyVQAAAAAAAAAAHc1lAAAAAAEAAAABAAAAAA==	AAAAAgAAAAAAAAAC+qK9LcRFnTgwFnuzFqbhahx6sF1tbYelkqG7+6iSQDsAAAAAAAAABAAAAAFVU0QAdv4GzF1Z5L527fyOs22jOdel82lFmi4w640HOUa4MlUAAAAAAAAAAB3NZQAAAAABAAAAAQAAAAAAAAABAAAAAPqivS3ERZ04MBZ7sxam4WocerBdbW2HpZKhu/uokkA7AAAAADuaydgAAAADAAAABAAAAAMAAAAAAAAAAAEAAAAAAAAAAAAAAA==
\.


--
-- Name: accounts_pkey; Type: CONSTRAINT; Schema: public; Owner: -; Tablespace: 
--

ALTER TABLE ONLY accounts
    ADD CONSTRAINT accounts_pkey PRIMARY KEY (accountid);


--
-- Name: ledgerheaders_ledgerseq_key; Type: CONSTRAINT; Schema: public; Owner: -; Tablespace: 
--

ALTER TABLE ONLY ledgerheaders
    ADD CONSTRAINT ledgerheaders_ledgerseq_key UNIQUE (ledgerseq);


--
-- Name: ledgerheaders_pkey; Type: CONSTRAINT; Schema: public; Owner: -; Tablespace: 
--

ALTER TABLE ONLY ledgerheaders
    ADD CONSTRAINT ledgerheaders_pkey PRIMARY KEY (ledgerhash);


--
-- Name: offers_pkey; Type: CONSTRAINT; Schema: public; Owner: -; Tablespace: 
--

ALTER TABLE ONLY offers
    ADD CONSTRAINT offers_pkey PRIMARY KEY (offerid);


--
-- Name: peers_pkey; Type: CONSTRAINT; Schema: public; Owner: -; Tablespace: 
--

ALTER TABLE ONLY peers
    ADD CONSTRAINT peers_pkey PRIMARY KEY (ip, port);


--
-- Name: signers_pkey; Type: CONSTRAINT; Schema: public; Owner: -; Tablespace: 
--

ALTER TABLE ONLY signers
    ADD CONSTRAINT signers_pkey PRIMARY KEY (accountid, publickey);


--
-- Name: storestate_pkey; Type: CONSTRAINT; Schema: public; Owner: -; Tablespace: 
--

ALTER TABLE ONLY storestate
    ADD CONSTRAINT storestate_pkey PRIMARY KEY (statename);


--
-- Name: trustlines_pkey; Type: CONSTRAINT; Schema: public; Owner: -; Tablespace: 
--

ALTER TABLE ONLY trustlines
    ADD CONSTRAINT trustlines_pkey PRIMARY KEY (accountid, issuer, alphanumcurrency);


--
-- Name: txhistory_ledgerseq_txindex_key; Type: CONSTRAINT; Schema: public; Owner: -; Tablespace: 
--

ALTER TABLE ONLY txhistory
    ADD CONSTRAINT txhistory_ledgerseq_txindex_key UNIQUE (ledgerseq, txindex);


--
-- Name: txhistory_pkey; Type: CONSTRAINT; Schema: public; Owner: -; Tablespace: 
--

ALTER TABLE ONLY txhistory
    ADD CONSTRAINT txhistory_pkey PRIMARY KEY (txid, ledgerseq);


--
-- Name: accountbalances; Type: INDEX; Schema: public; Owner: -; Tablespace: 
--

CREATE INDEX accountbalances ON accounts USING btree (balance);


--
-- Name: accountlines; Type: INDEX; Schema: public; Owner: -; Tablespace: 
--

CREATE INDEX accountlines ON trustlines USING btree (accountid);


--
-- Name: getsissuerindex; Type: INDEX; Schema: public; Owner: -; Tablespace: 
--

CREATE INDEX getsissuerindex ON offers USING btree (getsissuer);


--
-- Name: ledgersbyseq; Type: INDEX; Schema: public; Owner: -; Tablespace: 
--

CREATE INDEX ledgersbyseq ON ledgerheaders USING btree (ledgerseq);


--
-- Name: paysissuerindex; Type: INDEX; Schema: public; Owner: -; Tablespace: 
--

CREATE INDEX paysissuerindex ON offers USING btree (paysissuer);


--
-- Name: priceindex; Type: INDEX; Schema: public; Owner: -; Tablespace: 
--

CREATE INDEX priceindex ON offers USING btree (price);


--
-- Name: signersaccount; Type: INDEX; Schema: public; Owner: -; Tablespace: 
--

CREATE INDEX signersaccount ON signers USING btree (accountid);


--
-- PostgreSQL database dump complete
--

