--
-- PostgreSQL database dump
--

SET statement_timeout = 0;
SET lock_timeout = 0;
SET client_encoding = 'UTF8';
SET standard_conforming_strings = on;
SET check_function_bodies = false;
SET client_min_messages = warning;

SET search_path = public, pg_catalog;

DROP INDEX public.signersaccount;
DROP INDEX public.sellingissuerindex;
DROP INDEX public.priceindex;
DROP INDEX public.ledgersbyseq;
DROP INDEX public.buyingissuerindex;
DROP INDEX public.accountlines;
DROP INDEX public.accountbalances;
ALTER TABLE ONLY public.txhistory DROP CONSTRAINT txhistory_pkey;
ALTER TABLE ONLY public.txhistory DROP CONSTRAINT txhistory_ledgerseq_txindex_key;
ALTER TABLE ONLY public.trustlines DROP CONSTRAINT trustlines_pkey;
ALTER TABLE ONLY public.storestate DROP CONSTRAINT storestate_pkey;
ALTER TABLE ONLY public.signers DROP CONSTRAINT signers_pkey;
ALTER TABLE ONLY public.peers DROP CONSTRAINT peers_pkey;
ALTER TABLE ONLY public.offers DROP CONSTRAINT offers_pkey;
ALTER TABLE ONLY public.ledgerheaders DROP CONSTRAINT ledgerheaders_pkey;
ALTER TABLE ONLY public.ledgerheaders DROP CONSTRAINT ledgerheaders_ledgerseq_key;
ALTER TABLE ONLY public.accounts DROP CONSTRAINT accounts_pkey;
DROP TABLE public.txhistory;
DROP TABLE public.trustlines;
DROP TABLE public.storestate;
DROP TABLE public.signers;
DROP TABLE public.peers;
DROP TABLE public.offers;
DROP TABLE public.ledgerheaders;
DROP TABLE public.accounts;
DROP EXTENSION plpgsql;
DROP SCHEMA public;
--
-- Name: public; Type: SCHEMA; Schema: -; Owner: -
--

CREATE SCHEMA public;


--
-- Name: SCHEMA public; Type: COMMENT; Schema: -; Owner: -
--

COMMENT ON SCHEMA public IS 'standard public schema';


--
-- Name: plpgsql; Type: EXTENSION; Schema: -; Owner: -
--

CREATE EXTENSION IF NOT EXISTS plpgsql WITH SCHEMA pg_catalog;


--
-- Name: EXTENSION plpgsql; Type: COMMENT; Schema: -; Owner: -
--

COMMENT ON EXTENSION plpgsql IS 'PL/pgSQL procedural language';


SET search_path = public, pg_catalog;

SET default_tablespace = '';

SET default_with_oids = false;

--
-- Name: accounts; Type: TABLE; Schema: public; Owner: -; Tablespace: 
--

CREATE TABLE accounts (
    accountid character varying(56) NOT NULL,
    balance bigint NOT NULL,
    seqnum bigint NOT NULL,
    numsubentries integer NOT NULL,
    inflationdest character varying(56),
    homedomain character varying(32),
    thresholds text,
    flags integer NOT NULL,
    CONSTRAINT accounts_balance_check CHECK ((balance >= 0)),
    CONSTRAINT accounts_numsubentries_check CHECK ((numsubentries >= 0))
);


--
-- Name: ledgerheaders; Type: TABLE; Schema: public; Owner: -; Tablespace: 
--

CREATE TABLE ledgerheaders (
    ledgerhash character(64) NOT NULL,
    prevhash character(64) NOT NULL,
    bucketlisthash character(64) NOT NULL,
    ledgerseq integer,
    closetime bigint NOT NULL,
    data text NOT NULL,
    CONSTRAINT ledgerheaders_closetime_check CHECK ((closetime >= 0)),
    CONSTRAINT ledgerheaders_ledgerseq_check CHECK ((ledgerseq >= 0))
);


--
-- Name: offers; Type: TABLE; Schema: public; Owner: -; Tablespace: 
--

CREATE TABLE offers (
    sellerid character varying(56) NOT NULL,
    offerid bigint NOT NULL,
    sellingassettype integer,
    sellingassetcode character varying(12),
    sellingissuer character varying(56),
    buyingassettype integer,
    buyingassetcode character varying(12),
    buyingissuer character varying(56),
    amount bigint NOT NULL,
    pricen integer NOT NULL,
    priced integer NOT NULL,
    price bigint NOT NULL,
    flags integer NOT NULL,
    CONSTRAINT offers_amount_check CHECK ((amount >= 0)),
    CONSTRAINT offers_offerid_check CHECK ((offerid >= 0))
);


--
-- Name: peers; Type: TABLE; Schema: public; Owner: -; Tablespace: 
--

CREATE TABLE peers (
    ip character varying(15) NOT NULL,
    port integer DEFAULT 0 NOT NULL,
    nextattempt timestamp without time zone NOT NULL,
    numfailures integer DEFAULT 0 NOT NULL,
    rank integer DEFAULT 0 NOT NULL,
    CONSTRAINT peers_numfailures_check CHECK ((numfailures >= 0)),
    CONSTRAINT peers_port_check CHECK (((port > 0) AND (port <= 65535))),
    CONSTRAINT peers_rank_check CHECK ((rank >= 0))
);


--
-- Name: signers; Type: TABLE; Schema: public; Owner: -; Tablespace: 
--

CREATE TABLE signers (
    accountid character varying(56) NOT NULL,
    publickey character varying(56) NOT NULL,
    weight integer NOT NULL
);


--
-- Name: storestate; Type: TABLE; Schema: public; Owner: -; Tablespace: 
--

CREATE TABLE storestate (
    statename character(32) NOT NULL,
    state text
);


--
-- Name: trustlines; Type: TABLE; Schema: public; Owner: -; Tablespace: 
--

CREATE TABLE trustlines (
    accountid character varying(56) NOT NULL,
    assettype integer NOT NULL,
    issuer character varying(56) NOT NULL,
    assetcode character varying(12) NOT NULL,
    tlimit bigint DEFAULT 0 NOT NULL,
    balance bigint DEFAULT 0 NOT NULL,
    flags integer NOT NULL,
    CONSTRAINT trustlines_balance_check CHECK ((balance >= 0)),
    CONSTRAINT trustlines_tlimit_check CHECK ((tlimit >= 0))
);


--
-- Name: txhistory; Type: TABLE; Schema: public; Owner: -; Tablespace: 
--

CREATE TABLE txhistory (
    txid character(64) NOT NULL,
    ledgerseq integer NOT NULL,
    txindex integer NOT NULL,
    txbody text NOT NULL,
    txresult text NOT NULL,
    txmeta text NOT NULL,
    CONSTRAINT txhistory_ledgerseq_check CHECK ((ledgerseq >= 0))
);


--
-- Data for Name: accounts; Type: TABLE DATA; Schema: public; Owner: -
--

COPY accounts (accountid, balance, seqnum, numsubentries, inflationdest, homedomain, thresholds, flags) FROM stdin;
GCEZWKCA5VLDNRLN3RPRJMRZOX3Z6G5CHCGSNFHEYVXM3XOJMDS674JZ	99999995999999960	4	0	\N		AQAAAA==	0
GAWL2SYOSRZUPZ7IDBTVGK5NGHTPD53SV7ABF6SO27GUFRSUX2U5NTJE	999999990	8589934593	0	\N		AQAAAA==	0
GDPD6G5PQE4K54IBPNQHDH3YXTJV37E4QKP5LOEUK33KRA75TMPMBK3Y	999999990	8589934593	0	\N		AQAAAA==	0
GBZ7HXZJEJPJQ4E33RYZEJW6UHURU3O5TOR7FGM6NNUC763S5IVG4PXJ	999999950	8589934597	5	\N		AQAAAA==	0
GDROVMEX4WARVPHRU7AKZTIAP4E5CMFOKCKLFOSGVMBRSYFWD7EW7SBJ	999999960	8589934596	3	\N		AQAAAA==	0
\.


--
-- Data for Name: ledgerheaders; Type: TABLE DATA; Schema: public; Owner: -
--

COPY ledgerheaders (ledgerhash, prevhash, bucketlisthash, ledgerseq, closetime, data) FROM stdin;
e8e10918f9c000c73119abe54cf089f59f9015cc93c49ccf00b5e8b9afb6e6b1	0000000000000000000000000000000000000000000000000000000000000000	366ab1da319554c51293d7cbf7893a2373dbb0adb73bc8f86d4842995a948be6	1	0	AAAAAAAAAAAAAAAAAAAAAAAAAAAAAAAAAAAAAAAAAAAAAAAAAAAAAAAAAAAAAAAAAAAAAAAAAAAAAAAAAAAAAAAAAAAAAAAAAAAAAAAAAAAAAAAAAAAAAAAAAAAAAAAAAAAAAAAAAAAAAAAAAAAAAAAAAAA2arHaMZVUxRKT18v3iTojc9uwrbc7yPhtSEKZWpSL5gAAAAEBY0V4XYoAAAAAAAAAAAAAAAAAAAAAAAAAAAAAAAAACgCYloAAAAAAAAAAAAAAAAAAAAAAAAAAAAAAAAAAAAAAAAAAAAAAAAAAAAAAAAAAAAAAAAAAAAAAAAAAAAAAAAAAAAAAAAAAAAAAAAAAAAAAAAAAAAAAAAAAAAAAAAAAAAAAAAAAAAAAAAAAAAAAAAAAAAAAAAAAAAAAAAAAAAAAAAAAAAAAAAA=
58d6c7399c974311f111139120384969d7a5e19ddc3b69b0ab4025b9cc351d91	e8e10918f9c000c73119abe54cf089f59f9015cc93c49ccf00b5e8b9afb6e6b1	759a5bc3bc81e8d6049dc47b3b50dab96bef58cbecb374480a23976df02511cd	2	1437763161	AAAAAejhCRj5wADHMRmr5UzwifWfkBXMk8SczwC16LmvtuaxtjgLcYKX5ySL/Qq/WIeWcTHPhmWipueqDrLvbp2FEC8AAAAAVbKGWQAAAAEAAAAIAAAAAQAAAAEAAAAAS7hcI6pz7cUc+gcJxBhQ3Fs3r6srY4/CJwhOaZWH5Bh1mlvDvIHo1gSdxHs7UNq5a+9Yy+yzdEgKI5dt8CURzQAAAAIBY0V4XYoAAAAAAAAAAAAoAAAAAAAAAAAAAAAAAAAACgCYloAAAAAAAAAAAAAAAAAAAAAAAAAAAAAAAAAAAAAAAAAAAAAAAAAAAAAAAAAAAAAAAAAAAAAAAAAAAAAAAAAAAAAAAAAAAAAAAAAAAAAAAAAAAAAAAAAAAAAAAAAAAAAAAAAAAAAAAAAAAAAAAAAAAAAAAAAAAAAAAAAAAAAAAAAAAAAAAAA=
efd638262799551cc518af96bfd04f2ae9dd0f3fe3f0e80f69dadcdb2849ba38	58d6c7399c974311f111139120384969d7a5e19ddc3b69b0ab4025b9cc351d91	8137aff9130d1c13ae2ed9e023cde61c002b78fd067810ddfcb8612d2617f389	3	1437763162	AAAAAVjWxzmcl0MR8RETkSA4SWnXpeGd3DtpsKtAJbnMNR2RpB08TqeeKufwQ8iU3etMeflxRXEXLPRlsPruQnH5TZ8AAAAAVbKGWgAAAAAAAAAAxS407LSDNT5dg+3tUjmRk1HDe0mx/b+JuSOeuRGb92mBN6/5Ew0cE64u2eAjzeYcACt4/QZ4EN38uGEtJhfziQAAAAMBY0V4XYoAAAAAAAAAAABQAAAAAAAAAAAAAAAAAAAACgCYloAAAAAAAAAAAAAAAAAAAAAAAAAAAAAAAAAAAAAAAAAAAAAAAAAAAAAAAAAAAAAAAAAAAAAAAAAAAAAAAAAAAAAAAAAAAAAAAAAAAAAAAAAAAAAAAAAAAAAAAAAAAAAAAAAAAAAAAAAAAAAAAAAAAAAAAAAAAAAAAAAAAAAAAAAAAAAAAAA=
4dcd7ceceeb4abd234c5d449d0df6116725685b0fb90996c3365c98801accaf3	efd638262799551cc518af96bfd04f2ae9dd0f3fe3f0e80f69dadcdb2849ba38	7c45e010ea9819da41eb14732e711efb3eab45e6e9d7e632ea22f822b9ead2ce	4	1437763163	AAAAAe/WOCYnmVUcxRivlr/QTyrp3Q8/4/DoD2na3NsoSbo44/QNFGfrxZt3OogCrNLuyzXtcLXbunUEv0CGW+h7imwAAAAAVbKGWwAAAAAAAAAAEeKQ/hGmEL4BzfEwwtNOBJQbpaKmhZ7eSUYGM0pKJoJ8ReAQ6pgZ2kHrFHMucR77PqtF5unX5jLqIvgiuerSzgAAAAQBY0V4XYoAAAAAAAAAAABkAAAAAAAAAAAAAAAAAAAACgCYloAAAAAAAAAAAAAAAAAAAAAAAAAAAAAAAAAAAAAAAAAAAAAAAAAAAAAAAAAAAAAAAAAAAAAAAAAAAAAAAAAAAAAAAAAAAAAAAAAAAAAAAAAAAAAAAAAAAAAAAAAAAAAAAAAAAAAAAAAAAAAAAAAAAAAAAAAAAAAAAAAAAAAAAAAAAAAAAAA=
06cb2e88f6166b3a1ecd3faf60e63769da56d4d6b9c54ebb20a5b79a0fa6116b	4dcd7ceceeb4abd234c5d449d0df6116725685b0fb90996c3365c98801accaf3	36b5a425c9b92a3e0b7bb119077873b8ea428997208e8def95c2c4e041b4aa06	5	1437763164	AAAAAU3NfOzutKvSNMXUSdDfYRZyVoWw+5CZbDNlyYgBrMrzrzkcRx1bQ9L+yEFQxMdrMHW2i+dGUUWka/VZ9NE0c54AAAAAVbKGXAAAAAAAAAAAyWwndkaKLkC+aEyZqXe65VN0YaAPVLTDyk/GQkJ7rYw2taQlybkqPgt7sRkHeHO46kKJlyCOje+VwsTgQbSqBgAAAAUBY0V4XYoAAAAAAAAAAACCAAAAAAAAAAAAAAADAAAACgCYloAAAAAAAAAAAAAAAAAAAAAAAAAAAAAAAAAAAAAAAAAAAAAAAAAAAAAAAAAAAAAAAAAAAAAAAAAAAAAAAAAAAAAAAAAAAAAAAAAAAAAAAAAAAAAAAAAAAAAAAAAAAAAAAAAAAAAAAAAAAAAAAAAAAAAAAAAAAAAAAAAAAAAAAAAAAAAAAAA=
ba1cb2f82a232b0779288c0c02a5b148165b7fda0ede3ac098366b0c6e82123a	06cb2e88f6166b3a1ecd3faf60e63769da56d4d6b9c54ebb20a5b79a0fa6116b	469d4b5c7580329c33b57f69ffe77df1bc0c390a52f2f21a35ea3d320a51c855	6	1437763165	AAAAAQbLLoj2Fms6Hs0/r2DmN2naVtTWucVOuyClt5oPphFr38LBeY69mj2zbf6Ch3LthBlf5qEHoXCv0KetlxYjemQAAAAAVbKGXQAAAAAAAAAANw47U6JOWSXdYV6ZdCCKxFq3NzFjo9i7ELlCD3q8RnJGnUtcdYAynDO1f2n/533xvAw5ClLy8ho16j0yClHIVQAAAAYBY0V4XYoAAAAAAAAAAACWAAAAAAAAAAAAAAAEAAAACgCYloAAAAAAAAAAAAAAAAAAAAAAAAAAAAAAAAAAAAAAAAAAAAAAAAAAAAAAAAAAAAAAAAAAAAAAAAAAAAAAAAAAAAAAAAAAAAAAAAAAAAAAAAAAAAAAAAAAAAAAAAAAAAAAAAAAAAAAAAAAAAAAAAAAAAAAAAAAAAAAAAAAAAAAAAAAAAAAAAA=
\.


--
-- Data for Name: offers; Type: TABLE DATA; Schema: public; Owner: -
--

COPY offers (sellerid, offerid, sellingassettype, sellingassetcode, sellingissuer, buyingassettype, buyingassetcode, buyingissuer, amount, pricen, priced, price, flags) FROM stdin;
GBZ7HXZJEJPJQ4E33RYZEJW6UHURU3O5TOR7FGM6NNUC763S5IVG4PXJ	2	1	EUR	GDPD6G5PQE4K54IBPNQHDH3YXTJV37E4QKP5LOEUK33KRA75TMPMBK3Y	1	USD	GAWL2SYOSRZUPZ7IDBTVGK5NGHTPD53SV7ABF6SO27GUFRSUX2U5NTJE	1111111111	10	9	11111111	0
GBZ7HXZJEJPJQ4E33RYZEJW6UHURU3O5TOR7FGM6NNUC763S5IVG4PXJ	3	1	EUR	GDPD6G5PQE4K54IBPNQHDH3YXTJV37E4QKP5LOEUK33KRA75TMPMBK3Y	1	USD	GAWL2SYOSRZUPZ7IDBTVGK5NGHTPD53SV7ABF6SO27GUFRSUX2U5NTJE	1250000000	5	4	12500000	0
GBZ7HXZJEJPJQ4E33RYZEJW6UHURU3O5TOR7FGM6NNUC763S5IVG4PXJ	1	1	EUR	GDPD6G5PQE4K54IBPNQHDH3YXTJV37E4QKP5LOEUK33KRA75TMPMBK3Y	1	USD	GAWL2SYOSRZUPZ7IDBTVGK5NGHTPD53SV7ABF6SO27GUFRSUX2U5NTJE	500000000	1	1	10000000	0
GDROVMEX4WARVPHRU7AKZTIAP4E5CMFOKCKLFOSGVMBRSYFWD7EW7SBJ	4	1	USD	GAWL2SYOSRZUPZ7IDBTVGK5NGHTPD53SV7ABF6SO27GUFRSUX2U5NTJE	0			500000000	1	1	10000000	0
\.


--
-- Data for Name: peers; Type: TABLE DATA; Schema: public; Owner: -
--

COPY peers (ip, port, nextattempt, numfailures, rank) FROM stdin;
\.


--
-- Data for Name: signers; Type: TABLE DATA; Schema: public; Owner: -
--

COPY signers (accountid, publickey, weight) FROM stdin;
\.


--
-- Data for Name: storestate; Type: TABLE DATA; Schema: public; Owner: -
--

COPY storestate (statename, state) FROM stdin;
databaseinitialized             	true
forcescponnextlaunch            	false
lastclosedledger                	ba1cb2f82a232b0779288c0c02a5b148165b7fda0ede3ac098366b0c6e82123a
historyarchivestate             	{\n    "version": 0,\n    "currentLedger": 6,\n    "currentBuckets": [\n        {\n            "curr": "e49bbd8bdf2ea2dfba02c1f0f03b96ffee712117c4b4ca6e6b38c90f89899228",\n            "next": {\n                "state": 0\n            },\n            "snap": "bcc8c9d6dadf0d78a7e9a1e27574e009affee7d14d359fdb42e5af7231a06973"\n        },\n        {\n            "curr": "219e92f6d61ae182001a443b0658d5ce41deb0ffc3abcf7fe20320eea4c1a46b",\n            "next": {\n                "state": 1,\n                "output": "bcc8c9d6dadf0d78a7e9a1e27574e009affee7d14d359fdb42e5af7231a06973"\n            },\n            "snap": "0000000000000000000000000000000000000000000000000000000000000000"\n        },\n        {\n            "curr": "0000000000000000000000000000000000000000000000000000000000000000",\n            "next": {\n                "state": 0\n            },\n            "snap": "0000000000000000000000000000000000000000000000000000000000000000"\n        },\n        {\n            "curr": "0000000000000000000000000000000000000000000000000000000000000000",\n            "next": {\n                "state": 0\n            },\n            "snap": "0000000000000000000000000000000000000000000000000000000000000000"\n        },\n        {\n            "curr": "0000000000000000000000000000000000000000000000000000000000000000",\n            "next": {\n                "state": 0\n            },\n            "snap": "0000000000000000000000000000000000000000000000000000000000000000"\n        },\n        {\n            "curr": "0000000000000000000000000000000000000000000000000000000000000000",\n            "next": {\n                "state": 0\n            },\n            "snap": "0000000000000000000000000000000000000000000000000000000000000000"\n        },\n        {\n            "curr": "0000000000000000000000000000000000000000000000000000000000000000",\n            "next": {\n                "state": 0\n            },\n            "snap": "0000000000000000000000000000000000000000000000000000000000000000"\n        },\n        {\n            "curr": "0000000000000000000000000000000000000000000000000000000000000000",\n            "next": {\n                "state": 0\n            },\n            "snap": "0000000000000000000000000000000000000000000000000000000000000000"\n        },\n        {\n            "curr": "0000000000000000000000000000000000000000000000000000000000000000",\n            "next": {\n                "state": 0\n            },\n            "snap": "0000000000000000000000000000000000000000000000000000000000000000"\n        },\n        {\n            "curr": "0000000000000000000000000000000000000000000000000000000000000000",\n            "next": {\n                "state": 0\n            },\n            "snap": "0000000000000000000000000000000000000000000000000000000000000000"\n        },\n        {\n            "curr": "0000000000000000000000000000000000000000000000000000000000000000",\n            "next": {\n                "state": 0\n            },\n            "snap": "0000000000000000000000000000000000000000000000000000000000000000"\n        }\n    ]\n}
\.


--
-- Data for Name: trustlines; Type: TABLE DATA; Schema: public; Owner: -
--

COPY trustlines (accountid, assettype, issuer, assetcode, tlimit, balance, flags) FROM stdin;
GBZ7HXZJEJPJQ4E33RYZEJW6UHURU3O5TOR7FGM6NNUC763S5IVG4PXJ	1	GAWL2SYOSRZUPZ7IDBTVGK5NGHTPD53SV7ABF6SO27GUFRSUX2U5NTJE	USD	9223372036854775807	500000000	1
GBZ7HXZJEJPJQ4E33RYZEJW6UHURU3O5TOR7FGM6NNUC763S5IVG4PXJ	1	GDPD6G5PQE4K54IBPNQHDH3YXTJV37E4QKP5LOEUK33KRA75TMPMBK3Y	EUR	9223372036854775807	4500000000	1
GDROVMEX4WARVPHRU7AKZTIAP4E5CMFOKCKLFOSGVMBRSYFWD7EW7SBJ	1	GDPD6G5PQE4K54IBPNQHDH3YXTJV37E4QKP5LOEUK33KRA75TMPMBK3Y	EUR	9223372036854775807	500000000	1
GDROVMEX4WARVPHRU7AKZTIAP4E5CMFOKCKLFOSGVMBRSYFWD7EW7SBJ	1	GAWL2SYOSRZUPZ7IDBTVGK5NGHTPD53SV7ABF6SO27GUFRSUX2U5NTJE	USD	9223372036854775807	4500000000	1
\.


--
-- Data for Name: txhistory; Type: TABLE DATA; Schema: public; Owner: -
--

COPY txhistory (txid, ledgerseq, txindex, txbody, txresult, txmeta) FROM stdin;
715a1e4272b09b060dac43d59866c44594df24ff660513e35350e58bd52da476	2	1	AAAAAImbKEDtVjbFbdxfFLI5dfefG6I4jSaU5MVuzd3JYOXvAAAACgAAAAAAAAABAAAAAAAAAAAAAAABAAAAAAAAAAAAAAAA4uqwl+WBGrzxp8CszQB/CdEwrlCUsrpGqwMZYLYfyW8AAAAAO5rKAAAAAAAAAAAByWDl7wAAAEAZDvzuOU+t91pYGCdMhyRsBuNTn5fegkAJOdNV4GuXvnGw/oGcb3ofsYyFPl/NPwwbT6UOqXmVIfBns/pccJIH	cVoeQnKwmwYNrEPVmGbERZTfJP9mBRPjU1Dli9UtpHYAAAAAAAAACgAAAAAAAAABAAAAAAAAAAAAAAAAAAAAAA==	AAAAAAAAAAEAAAABAAAAAAAAAACJmyhA7VY2xW3cXxSyOXX3nxuiOI0mlOTFbs3dyWDl7wFjRXhdif/2AAAAAAAAAAEAAAAAAAAAAAAAAAAAAAAAAQAAAAAAAAAAAAAAAAAAAQAAAAIAAAAAAAAAAAAAAADi6rCX5YEavPGnwKzNAH8J0TCuUJSyukarAxlgth/JbwAAAAA7msoAAAAAAgAAAAAAAAAAAAAAAAAAAAAAAAAAAQAAAAAAAAAAAAAAAAAAAQAAAAAAAAAAiZsoQO1WNsVt3F8Usjl1958bojiNJpTkxW7N3clg5e8BY0V4Ie819gAAAAAAAAABAAAAAAAAAAAAAAAAAAAAAAEAAAAAAAAAAAAAAA==
02629530e08d219cfee35cae406baedf09dc438e345f2006eb893813baf8e349	2	2	AAAAAImbKEDtVjbFbdxfFLI5dfefG6I4jSaU5MVuzd3JYOXvAAAACgAAAAAAAAACAAAAAAAAAAAAAAABAAAAAAAAAAAAAAAAc/PfKSJemHCb3HGSJt6h6Rpt3Zuj8pmea2gv+3LqKm4AAAAAO5rKAAAAAAAAAAAByWDl7wAAAECiEdtf04qxfGl9RKhkKxZs1YI8kJ2ErDRP1cGrOi+P289vi+uA96pqvaPTnDSgKmAZXzhM13MRdXIMyCfV48UK	AmKVMOCNIZz+41yuQGuu3wncQ440XyAG64k4E7r440kAAAAAAAAACgAAAAAAAAABAAAAAAAAAAAAAAAAAAAAAA==	AAAAAAAAAAEAAAABAAAAAAAAAACJmyhA7VY2xW3cXxSyOXX3nxuiOI0mlOTFbs3dyWDl7wFjRXgh7zXsAAAAAAAAAAIAAAAAAAAAAAAAAAAAAAAAAQAAAAAAAAAAAAAAAAAAAQAAAAIAAAAAAAAAAAAAAABz898pIl6YcJvccZIm3qHpGm3dm6PymZ5raC/7cuoqbgAAAAA7msoAAAAAAgAAAAAAAAAAAAAAAAAAAAAAAAAAAQAAAAAAAAAAAAAAAAAAAQAAAAAAAAAAiZsoQO1WNsVt3F8Usjl1958bojiNJpTkxW7N3clg5e8BY0V35lRr7AAAAAAAAAACAAAAAAAAAAAAAAAAAAAAAAEAAAAAAAAAAAAAAA==
8112af325193a73f59a464f6d5dfa761ebe2c74d685c8e3ea54c67875457307f	2	3	AAAAAImbKEDtVjbFbdxfFLI5dfefG6I4jSaU5MVuzd3JYOXvAAAACgAAAAAAAAADAAAAAAAAAAAAAAABAAAAAAAAAAAAAAAALL1LDpRzR+foGGdTK60x5vH3cq/AEvpO181CxlS+qdYAAAAAO5rKAAAAAAAAAAAByWDl7wAAAECP/7QkW2t7E3aodJ7NUoFeXjwLuwLjXWBwsuMW1T1If8Irz/QZHEnuv016vy/QaADMzrC6w82vEZNtEabU+5wF	gRKvMlGTpz9ZpGT21d+nYevix01oXI4+pUxnh1RXMH8AAAAAAAAACgAAAAAAAAABAAAAAAAAAAAAAAAAAAAAAA==	AAAAAAAAAAEAAAABAAAAAAAAAACJmyhA7VY2xW3cXxSyOXX3nxuiOI0mlOTFbs3dyWDl7wFjRXfmVGviAAAAAAAAAAMAAAAAAAAAAAAAAAAAAAAAAQAAAAAAAAAAAAAAAAAAAQAAAAIAAAAAAAAAAAAAAAAsvUsOlHNH5+gYZ1MrrTHm8fdyr8AS+k7XzULGVL6p1gAAAAA7msoAAAAAAgAAAAAAAAAAAAAAAAAAAAAAAAAAAQAAAAAAAAAAAAAAAAAAAQAAAAAAAAAAiZsoQO1WNsVt3F8Usjl1958bojiNJpTkxW7N3clg5e8BY0V3qrmh4gAAAAAAAAADAAAAAAAAAAAAAAAAAAAAAAEAAAAAAAAAAAAAAA==
9d8e207b76664359e5d7485d943ed3280153eec4c6bdd3028d4e6814ba244a9a	2	4	AAAAAImbKEDtVjbFbdxfFLI5dfefG6I4jSaU5MVuzd3JYOXvAAAACgAAAAAAAAAEAAAAAAAAAAAAAAABAAAAAAAAAAAAAAAA3j8br4E4rvEBe2Bxn3i80138nIKf1biUVvaog/2bHsAAAAAAO5rKAAAAAAAAAAAByWDl7wAAAEBv74Wdhq3rmY32rl0+xPgioCi9iBAKo29LUlur8IVA5S6GTkSba2QR03ROqyWL1HJQ0FOQ6qiYLQ/jueXtAtwE	nY4ge3ZmQ1nl10hdlD7TKAFT7sTGvdMCjU5oFLokSpoAAAAAAAAACgAAAAAAAAABAAAAAAAAAAAAAAAAAAAAAA==	AAAAAAAAAAEAAAABAAAAAAAAAACJmyhA7VY2xW3cXxSyOXX3nxuiOI0mlOTFbs3dyWDl7wFjRXequaHYAAAAAAAAAAQAAAAAAAAAAAAAAAAAAAAAAQAAAAAAAAAAAAAAAAAAAQAAAAIAAAAAAAAAAAAAAADePxuvgTiu8QF7YHGfeLzTXfycgp/VuJRW9qiD/ZsewAAAAAA7msoAAAAAAgAAAAAAAAAAAAAAAAAAAAAAAAAAAQAAAAAAAAAAAAAAAAAAAQAAAAAAAAAAiZsoQO1WNsVt3F8Usjl1958bojiNJpTkxW7N3clg5e8BY0V3bx7X2AAAAAAAAAAEAAAAAAAAAAAAAAAAAAAAAAEAAAAAAAAAAAAAAA==
116963f43359f846ec6c43a32f3152b9c4121f786b082dca17601b66b95d12f7	3	1	AAAAAHPz3ykiXphwm9xxkibeoekabd2bo/KZnmtoL/ty6ipuAAAACgAAAAIAAAABAAAAAAAAAAAAAAABAAAAAAAAAAYAAAABVVNEAAAAAAAsvUsOlHNH5+gYZ1MrrTHm8fdyr8AS+k7XzULGVL6p1n//////////AAAAAAAAAAFy6ipuAAAAQMJDmY1Cyrk2i7v4rnLnlMGM2UmYY1/iUzDQBnEhOdDyp5buL/Mf5aYPjDe/N3D/ng3oI0ls8gfdqg1M6n2YLAM=	EWlj9DNZ+EbsbEOjLzFSucQSH3hrCC3KF2AbZrldEvcAAAAAAAAACgAAAAAAAAABAAAAAAAAAAYAAAAAAAAAAA==	AAAAAAAAAAEAAAABAAAAAAAAAABz898pIl6YcJvccZIm3qHpGm3dm6PymZ5raC/7cuoqbgAAAAA7msn2AAAAAgAAAAEAAAAAAAAAAAAAAAAAAAAAAQAAAAAAAAAAAAAAAAAAAQAAAAIAAAAAAAAAAQAAAABz898pIl6YcJvccZIm3qHpGm3dm6PymZ5raC/7cuoqbgAAAAFVU0QAAAAAACy9Sw6Uc0fn6BhnUyutMebx93KvwBL6TtfNQsZUvqnWAAAAAAAAAAB//////////wAAAAEAAAAAAAAAAQAAAAAAAAAAc/PfKSJemHCb3HGSJt6h6Rpt3Zuj8pmea2gv+3LqKm4AAAAAO5rJ9gAAAAIAAAABAAAAAQAAAAAAAAAAAAAAAAEAAAAAAAAAAAAAAA==
0b461e29d80dc058af51ed1fb140f7f1c650db73d23d3f205a2ee0cf00e511c8	3	2	AAAAAOLqsJflgRq88afArM0AfwnRMK5QlLK6RqsDGWC2H8lvAAAACgAAAAIAAAABAAAAAAAAAAAAAAABAAAAAAAAAAYAAAABVVNEAAAAAAAsvUsOlHNH5+gYZ1MrrTHm8fdyr8AS+k7XzULGVL6p1n//////////AAAAAAAAAAG2H8lvAAAAQA/+/PXSUIvAcAWZMizOnyBzXWCo6WVCSJjRcUeupskQUK6zv2gH+UtgcgfYsiDy9+2D++kCq0GZDjvgdkO3pgs=	C0YeKdgNwFivUe0fsUD38cZQ23PSPT8gWi7gzwDlEcgAAAAAAAAACgAAAAAAAAABAAAAAAAAAAYAAAAAAAAAAA==	AAAAAAAAAAEAAAABAAAAAAAAAADi6rCX5YEavPGnwKzNAH8J0TCuUJSyukarAxlgth/JbwAAAAA7msn2AAAAAgAAAAEAAAAAAAAAAAAAAAAAAAAAAQAAAAAAAAAAAAAAAAAAAQAAAAIAAAAAAAAAAQAAAADi6rCX5YEavPGnwKzNAH8J0TCuUJSyukarAxlgth/JbwAAAAFVU0QAAAAAACy9Sw6Uc0fn6BhnUyutMebx93KvwBL6TtfNQsZUvqnWAAAAAAAAAAB//////////wAAAAEAAAAAAAAAAQAAAAAAAAAA4uqwl+WBGrzxp8CszQB/CdEwrlCUsrpGqwMZYLYfyW8AAAAAO5rJ9gAAAAIAAAABAAAAAQAAAAAAAAAAAAAAAAEAAAAAAAAAAAAAAA==
d486a59f3be946abc0af292e26e0d442d9050b827245cefa8c06bde2a5d29875	3	3	AAAAAHPz3ykiXphwm9xxkibeoekabd2bo/KZnmtoL/ty6ipuAAAACgAAAAIAAAACAAAAAAAAAAAAAAABAAAAAAAAAAYAAAABRVVSAAAAAADePxuvgTiu8QF7YHGfeLzTXfycgp/VuJRW9qiD/ZsewH//////////AAAAAAAAAAFy6ipuAAAAQI+X1isNVLTiooFgAyoCL+NN1UcMwXSzfAbN1Z5EEa4mioIDBRLEYNb+SHG0lR/wRJulA3MDszpAqw+ES9tXwAw=	1IalnzvpRqvArykuJuDUQtkFC4JyRc76jAa94qXSmHUAAAAAAAAACgAAAAAAAAABAAAAAAAAAAYAAAAAAAAAAA==	AAAAAAAAAAEAAAABAAAAAAAAAABz898pIl6YcJvccZIm3qHpGm3dm6PymZ5raC/7cuoqbgAAAAA7msnsAAAAAgAAAAIAAAABAAAAAAAAAAAAAAAAAQAAAAAAAAAAAAAAAAAAAQAAAAIAAAAAAAAAAQAAAABz898pIl6YcJvccZIm3qHpGm3dm6PymZ5raC/7cuoqbgAAAAFFVVIAAAAAAN4/G6+BOK7xAXtgcZ94vNNd/JyCn9W4lFb2qIP9mx7AAAAAAAAAAAB//////////wAAAAEAAAAAAAAAAQAAAAAAAAAAc/PfKSJemHCb3HGSJt6h6Rpt3Zuj8pmea2gv+3LqKm4AAAAAO5rJ7AAAAAIAAAACAAAAAgAAAAAAAAAAAAAAAAEAAAAAAAAAAAAAAA==
37af3d917aeafd22d8c875a483b028116e560e80c8770b3bdced918a26ec3fa2	3	4	AAAAAOLqsJflgRq88afArM0AfwnRMK5QlLK6RqsDGWC2H8lvAAAACgAAAAIAAAACAAAAAAAAAAAAAAABAAAAAAAAAAYAAAABRVVSAAAAAADePxuvgTiu8QF7YHGfeLzTXfycgp/VuJRW9qiD/ZsewH//////////AAAAAAAAAAG2H8lvAAAAQJmmwiyI6aSo49i4lJap+VFogYiJDAHAcG0tYEzkVfL43FSXiJn01nVzXH77UGt6uNLkbkikilVqPKNXfb7l/QI=	N689kXrq/SLYyHWkg7AoEW5WDoDIdws73O2RiibsP6IAAAAAAAAACgAAAAAAAAABAAAAAAAAAAYAAAAAAAAAAA==	AAAAAAAAAAEAAAABAAAAAAAAAADi6rCX5YEavPGnwKzNAH8J0TCuUJSyukarAxlgth/JbwAAAAA7msnsAAAAAgAAAAIAAAABAAAAAAAAAAAAAAAAAQAAAAAAAAAAAAAAAAAAAQAAAAIAAAAAAAAAAQAAAADi6rCX5YEavPGnwKzNAH8J0TCuUJSyukarAxlgth/JbwAAAAFFVVIAAAAAAN4/G6+BOK7xAXtgcZ94vNNd/JyCn9W4lFb2qIP9mx7AAAAAAAAAAAB//////////wAAAAEAAAAAAAAAAQAAAAAAAAAA4uqwl+WBGrzxp8CszQB/CdEwrlCUsrpGqwMZYLYfyW8AAAAAO5rJ7AAAAAIAAAACAAAAAgAAAAAAAAAAAAAAAAEAAAAAAAAAAAAAAA==
255694b1598948645b1b3bb2279ee0fdac3ea05997fbf54620d00841695a41c6	4	1	AAAAACy9Sw6Uc0fn6BhnUyutMebx93KvwBL6TtfNQsZUvqnWAAAACgAAAAIAAAABAAAAAAAAAAAAAAABAAAAAAAAAAEAAAAA4uqwl+WBGrzxp8CszQB/CdEwrlCUsrpGqwMZYLYfyW8AAAABVVNEAAAAAAAsvUsOlHNH5+gYZ1MrrTHm8fdyr8AS+k7XzULGVL6p1gAAAAEqBfIAAAAAAAAAAAFUvqnWAAAAQCXE350mKNQFcZtECo/o48DagBl9Q2Z2g9m2ELQhUAdjNcttZYtv7IeImKyqMIgegMm67xDk5vdFSqY1hD0JvwQ=	JVaUsVmJSGRbGzuyJ57g/aw+oFmX+/VGINAIQWlaQcYAAAAAAAAACgAAAAAAAAABAAAAAAAAAAEAAAAAAAAAAA==	AAAAAAAAAAEAAAABAAAAAAAAAAAsvUsOlHNH5+gYZ1MrrTHm8fdyr8AS+k7XzULGVL6p1gAAAAA7msn2AAAAAgAAAAEAAAAAAAAAAAAAAAAAAAAAAQAAAAAAAAAAAAAAAAAAAQAAAAEAAAABAAAAAQAAAADi6rCX5YEavPGnwKzNAH8J0TCuUJSyukarAxlgth/JbwAAAAFVU0QAAAAAACy9Sw6Uc0fn6BhnUyutMebx93KvwBL6TtfNQsZUvqnWAAAAASoF8gB//////////wAAAAEAAAAA
a87bb6e0dc0d4b85c5143eb1bff3142989f7d2d33d3c73f72943da4eb8ad38de	4	2	AAAAAN4/G6+BOK7xAXtgcZ94vNNd/JyCn9W4lFb2qIP9mx7AAAAACgAAAAIAAAABAAAAAAAAAAAAAAABAAAAAAAAAAEAAAAAc/PfKSJemHCb3HGSJt6h6Rpt3Zuj8pmea2gv+3LqKm4AAAABRVVSAAAAAADePxuvgTiu8QF7YHGfeLzTXfycgp/VuJRW9qiD/ZsewAAAAAEqBfIAAAAAAAAAAAH9mx7AAAAAQOO0KNfwZ/Un+Rix97FeRfDuEH2xvhlz/Iu6mGitJSkdPIFhjQsi53OHTqPMuH+uW29RQKtFKPvZX9WkUd0goQk=	qHu24NwNS4XFFD6xv/MUKYn30tM9PHP3KUPaTritON4AAAAAAAAACgAAAAAAAAABAAAAAAAAAAEAAAAAAAAAAA==	AAAAAAAAAAEAAAABAAAAAAAAAADePxuvgTiu8QF7YHGfeLzTXfycgp/VuJRW9qiD/ZsewAAAAAA7msn2AAAAAgAAAAEAAAAAAAAAAAAAAAAAAAAAAQAAAAAAAAAAAAAAAAAAAQAAAAEAAAABAAAAAQAAAABz898pIl6YcJvccZIm3qHpGm3dm6PymZ5raC/7cuoqbgAAAAFFVVIAAAAAAN4/G6+BOK7xAXtgcZ94vNNd/JyCn9W4lFb2qIP9mx7AAAAAASoF8gB//////////wAAAAEAAAAA
92d0ce190413a77a47ac9ec5eb0b13adfc92af68cb18acba03e4f7f13001c44a	5	1	AAAAAHPz3ykiXphwm9xxkibeoekabd2bo/KZnmtoL/ty6ipuAAAACgAAAAIAAAADAAAAAAAAAAAAAAABAAAAAAAAAAMAAAABRVVSAAAAAADePxuvgTiu8QF7YHGfeLzTXfycgp/VuJRW9qiD/ZsewAAAAAFVU0QAAAAAACy9Sw6Uc0fn6BhnUyutMebx93KvwBL6TtfNQsZUvqnWAAAAADuaygAAAAABAAAAAQAAAAAAAAAAAAAAAAAAAAFy6ipuAAAAQJWIKGVqOY2CjjRLNKMoct+nS0qD7Kd9OueaCdqJ9S/c0l2hMceyBPRrXSDHaSDBXfLrVQL3K5kqfaHxKNMSeAo=	ktDOGQQTp3pHrJ7F6wsTrfySr2jLGKy6A+T38TABxEoAAAAAAAAACgAAAAAAAAABAAAAAAAAAAMAAAAAAAAAAAAAAAAAAAAAc/PfKSJemHCb3HGSJt6h6Rpt3Zuj8pmea2gv+3LqKm4AAAAAAAAAAQAAAAFFVVIAAAAAAN4/G6+BOK7xAXtgcZ94vNNd/JyCn9W4lFb2qIP9mx7AAAAAAVVTRAAAAAAALL1LDpRzR+foGGdTK60x5vH3cq/AEvpO181CxlS+qdYAAAAAO5rKAAAAAAEAAAABAAAAAAAAAAAAAAAA	AAAAAAAAAAEAAAABAAAAAAAAAABz898pIl6YcJvccZIm3qHpGm3dm6PymZ5raC/7cuoqbgAAAAA7msniAAAAAgAAAAMAAAACAAAAAAAAAAAAAAAAAQAAAAAAAAAAAAAAAAAAAQAAAAIAAAAAAAAAAgAAAABz898pIl6YcJvccZIm3qHpGm3dm6PymZ5raC/7cuoqbgAAAAAAAAABAAAAAUVVUgAAAAAA3j8br4E4rvEBe2Bxn3i80138nIKf1biUVvaog/2bHsAAAAABVVNEAAAAAAAsvUsOlHNH5+gYZ1MrrTHm8fdyr8AS+k7XzULGVL6p1gAAAAA7msoAAAAAAQAAAAEAAAAAAAAAAAAAAAEAAAAAAAAAAHPz3ykiXphwm9xxkibeoekabd2bo/KZnmtoL/ty6ipuAAAAADuayeIAAAACAAAAAwAAAAMAAAAAAAAAAAAAAAABAAAAAAAAAAAAAAA=
5415bed0ae5eb38fda546cfd84f93c4b8f1f77531f0e27c76d3756532f856705	5	2	AAAAAHPz3ykiXphwm9xxkibeoekabd2bo/KZnmtoL/ty6ipuAAAACgAAAAIAAAAEAAAAAAAAAAAAAAABAAAAAAAAAAMAAAABRVVSAAAAAADePxuvgTiu8QF7YHGfeLzTXfycgp/VuJRW9qiD/ZsewAAAAAFVU0QAAAAAACy9Sw6Uc0fn6BhnUyutMebx93KvwBL6TtfNQsZUvqnWAAAAAEI6NccAAAAKAAAACQAAAAAAAAAAAAAAAAAAAAFy6ipuAAAAQDNNHjxvlYmTSk0M3p78aU8CSLaGhBVD2q/KeARFV7d9iViRoDww1ZSu6xiB9ncwrZPBjCAjxyBm1uG1iDO3Eww=	VBW+0K5es4/aVGz9hPk8S48fd1MfDifHbTdWUy+FZwUAAAAAAAAACgAAAAAAAAABAAAAAAAAAAMAAAAAAAAAAAAAAAAAAAAAc/PfKSJemHCb3HGSJt6h6Rpt3Zuj8pmea2gv+3LqKm4AAAAAAAAAAgAAAAFFVVIAAAAAAN4/G6+BOK7xAXtgcZ94vNNd/JyCn9W4lFb2qIP9mx7AAAAAAVVTRAAAAAAALL1LDpRzR+foGGdTK60x5vH3cq/AEvpO181CxlS+qdYAAAAAQjo1xwAAAAoAAAAJAAAAAAAAAAAAAAAA	AAAAAAAAAAEAAAABAAAAAAAAAABz898pIl6YcJvccZIm3qHpGm3dm6PymZ5raC/7cuoqbgAAAAA7msnYAAAAAgAAAAQAAAADAAAAAAAAAAAAAAAAAQAAAAAAAAAAAAAAAAAAAQAAAAIAAAAAAAAAAgAAAABz898pIl6YcJvccZIm3qHpGm3dm6PymZ5raC/7cuoqbgAAAAAAAAACAAAAAUVVUgAAAAAA3j8br4E4rvEBe2Bxn3i80138nIKf1biUVvaog/2bHsAAAAABVVNEAAAAAAAsvUsOlHNH5+gYZ1MrrTHm8fdyr8AS+k7XzULGVL6p1gAAAABCOjXHAAAACgAAAAkAAAAAAAAAAAAAAAEAAAAAAAAAAHPz3ykiXphwm9xxkibeoekabd2bo/KZnmtoL/ty6ipuAAAAADuaydgAAAACAAAABAAAAAQAAAAAAAAAAAAAAAABAAAAAAAAAAAAAAA=
78f7a4809772964cab7093129ae09fe899e8d488edbb6140165cc0c9f8dbb1d8	5	3	AAAAAHPz3ykiXphwm9xxkibeoekabd2bo/KZnmtoL/ty6ipuAAAACgAAAAIAAAAFAAAAAAAAAAAAAAABAAAAAAAAAAMAAAABRVVSAAAAAADePxuvgTiu8QF7YHGfeLzTXfycgp/VuJRW9qiD/ZsewAAAAAFVU0QAAAAAACy9Sw6Uc0fn6BhnUyutMebx93KvwBL6TtfNQsZUvqnWAAAAAEqBfIAAAAAFAAAABAAAAAAAAAAAAAAAAAAAAAFy6ipuAAAAQO52LTd96ERoZ5xP+JJuWbug3fmL9owBcrCmVxexrp3lV2zdH82VlUyJBWszJ3muvJ0L0RLN2g6e7m9vgCxh3Qk=	ePekgJdylkyrcJMSmuCf6Jno1Ijtu2FAFlzAyfjbsdgAAAAAAAAACgAAAAAAAAABAAAAAAAAAAMAAAAAAAAAAAAAAAAAAAAAc/PfKSJemHCb3HGSJt6h6Rpt3Zuj8pmea2gv+3LqKm4AAAAAAAAAAwAAAAFFVVIAAAAAAN4/G6+BOK7xAXtgcZ94vNNd/JyCn9W4lFb2qIP9mx7AAAAAAVVTRAAAAAAALL1LDpRzR+foGGdTK60x5vH3cq/AEvpO181CxlS+qdYAAAAASoF8gAAAAAUAAAAEAAAAAAAAAAAAAAAA	AAAAAAAAAAEAAAABAAAAAAAAAABz898pIl6YcJvccZIm3qHpGm3dm6PymZ5raC/7cuoqbgAAAAA7msnOAAAAAgAAAAUAAAAEAAAAAAAAAAAAAAAAAQAAAAAAAAAAAAAAAAAAAQAAAAIAAAAAAAAAAgAAAABz898pIl6YcJvccZIm3qHpGm3dm6PymZ5raC/7cuoqbgAAAAAAAAADAAAAAUVVUgAAAAAA3j8br4E4rvEBe2Bxn3i80138nIKf1biUVvaog/2bHsAAAAABVVNEAAAAAAAsvUsOlHNH5+gYZ1MrrTHm8fdyr8AS+k7XzULGVL6p1gAAAABKgXyAAAAABQAAAAQAAAAAAAAAAAAAAAEAAAAAAAAAAHPz3ykiXphwm9xxkibeoekabd2bo/KZnmtoL/ty6ipuAAAAADuayc4AAAACAAAABQAAAAUAAAAAAAAAAAAAAAABAAAAAAAAAAAAAAA=
b49302986cc6bcd1404dca76bd040dc40e4ba31a99e0f10205a6c070b2527dd9	6	1	AAAAAOLqsJflgRq88afArM0AfwnRMK5QlLK6RqsDGWC2H8lvAAAACgAAAAIAAAADAAAAAAAAAAAAAAABAAAAAAAAAAMAAAABVVNEAAAAAAAsvUsOlHNH5+gYZ1MrrTHm8fdyr8AS+k7XzULGVL6p1gAAAAFFVVIAAAAAAN4/G6+BOK7xAXtgcZ94vNNd/JyCn9W4lFb2qIP9mx7AAAAAAB3NZQAAAAABAAAAAQAAAAAAAAAAAAAAAAAAAAG2H8lvAAAAQB7p/u/4Ds/f6WIDSRJOc83YSrJ5Ypb8ur8owbDMSx3oOcfN/0NiQB92pZ8cw6Tl9jpWmExAFF5BsaO5bp/bkgo=	tJMCmGzGvNFATcp2vQQNxA5LoxqZ4PECBabAcLJSfdkAAAAAAAAACgAAAAAAAAABAAAAAAAAAAMAAAAAAAAAAQAAAABz898pIl6YcJvccZIm3qHpGm3dm6PymZ5raC/7cuoqbgAAAAAAAAABAAAAAUVVUgAAAAAA3j8br4E4rvEBe2Bxn3i80138nIKf1biUVvaog/2bHsAAAAAAHc1lAAAAAAFVU0QAAAAAACy9Sw6Uc0fn6BhnUyutMebx93KvwBL6TtfNQsZUvqnWAAAAAB3NZQAAAAACAAAAAA==	AAAAAAAAAAEAAAABAAAAAAAAAADi6rCX5YEavPGnwKzNAH8J0TCuUJSyukarAxlgth/JbwAAAAA7msniAAAAAgAAAAMAAAACAAAAAAAAAAAAAAAAAQAAAAAAAAAAAAAAAAAAAQAAAAUAAAABAAAAAQAAAABz898pIl6YcJvccZIm3qHpGm3dm6PymZ5raC/7cuoqbgAAAAFFVVIAAAAAAN4/G6+BOK7xAXtgcZ94vNNd/JyCn9W4lFb2qIP9mx7AAAAAAQw4jQB//////////wAAAAEAAAAAAAAAAQAAAAEAAAAAc/PfKSJemHCb3HGSJt6h6Rpt3Zuj8pmea2gv+3LqKm4AAAABVVNEAAAAAAAsvUsOlHNH5+gYZ1MrrTHm8fdyr8AS+k7XzULGVL6p1gAAAAAdzWUAf/////////8AAAABAAAAAAAAAAEAAAABAAAAAOLqsJflgRq88afArM0AfwnRMK5QlLK6RqsDGWC2H8lvAAAAAUVVUgAAAAAA3j8br4E4rvEBe2Bxn3i80138nIKf1biUVvaog/2bHsAAAAAAHc1lAH//////////AAAAAQAAAAAAAAABAAAAAQAAAADi6rCX5YEavPGnwKzNAH8J0TCuUJSyukarAxlgth/JbwAAAAFVU0QAAAAAACy9Sw6Uc0fn6BhnUyutMebx93KvwBL6TtfNQsZUvqnWAAAAAQw4jQB//////////wAAAAEAAAAAAAAAAQAAAAIAAAAAc/PfKSJemHCb3HGSJt6h6Rpt3Zuj8pmea2gv+3LqKm4AAAAAAAAAAQAAAAFFVVIAAAAAAN4/G6+BOK7xAXtgcZ94vNNd/JyCn9W4lFb2qIP9mx7AAAAAAVVTRAAAAAAALL1LDpRzR+foGGdTK60x5vH3cq/AEvpO181CxlS+qdYAAAAAHc1lAAAAAAEAAAABAAAAAAAAAAA=
863c9664a756f946f883e322bcda266a93b64cea8c4660fa3ec7265ee5a757eb	6	2	AAAAAOLqsJflgRq88afArM0AfwnRMK5QlLK6RqsDGWC2H8lvAAAACgAAAAIAAAAEAAAAAAAAAAAAAAABAAAAAAAAAAMAAAABVVNEAAAAAAAsvUsOlHNH5+gYZ1MrrTHm8fdyr8AS+k7XzULGVL6p1gAAAAAAAAAAHc1lAAAAAAEAAAABAAAAAAAAAAAAAAAAAAAAAbYfyW8AAABApz1qOS+ChvKvhc0kQA79bnV7gHOmiFdnfnxGoNPEE9M/h8gykz9x4pDCi68edPoR6xBICK7lqF+gHOJRbdCyDQ==	hjyWZKdW+Ub4g+MivNomapO2TOqMRmD6PscmXuWnV+sAAAAAAAAACgAAAAAAAAABAAAAAAAAAAMAAAAAAAAAAAAAAAAAAAAA4uqwl+WBGrzxp8CszQB/CdEwrlCUsrpGqwMZYLYfyW8AAAAAAAAABAAAAAFVU0QAAAAAACy9Sw6Uc0fn6BhnUyutMebx93KvwBL6TtfNQsZUvqnWAAAAAAAAAAAdzWUAAAAAAQAAAAEAAAAAAAAAAAAAAAA=	AAAAAAAAAAEAAAABAAAAAAAAAADi6rCX5YEavPGnwKzNAH8J0TCuUJSyukarAxlgth/JbwAAAAA7msnYAAAAAgAAAAQAAAACAAAAAAAAAAAAAAAAAQAAAAAAAAAAAAAAAAAAAQAAAAIAAAAAAAAAAgAAAADi6rCX5YEavPGnwKzNAH8J0TCuUJSyukarAxlgth/JbwAAAAAAAAAEAAAAAVVTRAAAAAAALL1LDpRzR+foGGdTK60x5vH3cq/AEvpO181CxlS+qdYAAAAAAAAAAB3NZQAAAAABAAAAAQAAAAAAAAAAAAAAAQAAAAAAAAAA4uqwl+WBGrzxp8CszQB/CdEwrlCUsrpGqwMZYLYfyW8AAAAAO5rJ2AAAAAIAAAAEAAAAAwAAAAAAAAAAAAAAAAEAAAAAAAAAAAAAAA==
\.


--
-- Name: accounts_pkey; Type: CONSTRAINT; Schema: public; Owner: -; Tablespace: 
--

ALTER TABLE ONLY accounts
    ADD CONSTRAINT accounts_pkey PRIMARY KEY (accountid);


--
-- Name: ledgerheaders_ledgerseq_key; Type: CONSTRAINT; Schema: public; Owner: -; Tablespace: 
--

ALTER TABLE ONLY ledgerheaders
    ADD CONSTRAINT ledgerheaders_ledgerseq_key UNIQUE (ledgerseq);


--
-- Name: ledgerheaders_pkey; Type: CONSTRAINT; Schema: public; Owner: -; Tablespace: 
--

ALTER TABLE ONLY ledgerheaders
    ADD CONSTRAINT ledgerheaders_pkey PRIMARY KEY (ledgerhash);


--
-- Name: offers_pkey; Type: CONSTRAINT; Schema: public; Owner: -; Tablespace: 
--

ALTER TABLE ONLY offers
    ADD CONSTRAINT offers_pkey PRIMARY KEY (offerid);


--
-- Name: peers_pkey; Type: CONSTRAINT; Schema: public; Owner: -; Tablespace: 
--

ALTER TABLE ONLY peers
    ADD CONSTRAINT peers_pkey PRIMARY KEY (ip, port);


--
-- Name: signers_pkey; Type: CONSTRAINT; Schema: public; Owner: -; Tablespace: 
--

ALTER TABLE ONLY signers
    ADD CONSTRAINT signers_pkey PRIMARY KEY (accountid, publickey);


--
-- Name: storestate_pkey; Type: CONSTRAINT; Schema: public; Owner: -; Tablespace: 
--

ALTER TABLE ONLY storestate
    ADD CONSTRAINT storestate_pkey PRIMARY KEY (statename);


--
-- Name: trustlines_pkey; Type: CONSTRAINT; Schema: public; Owner: -; Tablespace: 
--

ALTER TABLE ONLY trustlines
    ADD CONSTRAINT trustlines_pkey PRIMARY KEY (accountid, issuer, assetcode);


--
-- Name: txhistory_ledgerseq_txindex_key; Type: CONSTRAINT; Schema: public; Owner: -; Tablespace: 
--

ALTER TABLE ONLY txhistory
    ADD CONSTRAINT txhistory_ledgerseq_txindex_key UNIQUE (ledgerseq, txindex);


--
-- Name: txhistory_pkey; Type: CONSTRAINT; Schema: public; Owner: -; Tablespace: 
--

ALTER TABLE ONLY txhistory
    ADD CONSTRAINT txhistory_pkey PRIMARY KEY (txid, ledgerseq);


--
-- Name: accountbalances; Type: INDEX; Schema: public; Owner: -; Tablespace: 
--

CREATE INDEX accountbalances ON accounts USING btree (balance);


--
-- Name: accountlines; Type: INDEX; Schema: public; Owner: -; Tablespace: 
--

CREATE INDEX accountlines ON trustlines USING btree (accountid);


--
-- Name: buyingissuerindex; Type: INDEX; Schema: public; Owner: -; Tablespace: 
--

CREATE INDEX buyingissuerindex ON offers USING btree (buyingissuer);


--
-- Name: ledgersbyseq; Type: INDEX; Schema: public; Owner: -; Tablespace: 
--

CREATE INDEX ledgersbyseq ON ledgerheaders USING btree (ledgerseq);


--
-- Name: priceindex; Type: INDEX; Schema: public; Owner: -; Tablespace: 
--

CREATE INDEX priceindex ON offers USING btree (price);


--
-- Name: sellingissuerindex; Type: INDEX; Schema: public; Owner: -; Tablespace: 
--

CREATE INDEX sellingissuerindex ON offers USING btree (sellingissuer);


--
-- Name: signersaccount; Type: INDEX; Schema: public; Owner: -; Tablespace: 
--

CREATE INDEX signersaccount ON signers USING btree (accountid);


--
-- PostgreSQL database dump complete
--

